2020-06-04 09:00:00,284.0,288.0,275.0,284.0,815023.73626371,228939595.88204804
2020-06-05 09:00:00,285.0,296.0,277.0,278.0,1968961.13704242,561224483.5921191
2020-06-06 09:00:00,280.0,290.0,276.0,285.0,526565.95232592,149232263.09066987
2020-06-07 09:00:00,286.0,291.0,268.0,281.0,662459.488562,185226566.351156
2020-06-08 09:00:00,282.0,291.0,280.0,285.0,376990.23645716,107014322.54159346
2020-06-09 09:00:00,285.0,287.0,278.0,283.0,337613.24865981,94739264.3346665
2020-06-10 09:00:00,283.0,289.0,273.0,286.0,418801.1342936,117879413.37375103
2020-06-11 09:00:00,286.0,304.0,262.0,279.0,3663696.72088992,1070486327.7376992
2020-06-12 09:00:00,280.0,316.0,274.0,301.0,1214371.19551276,358819718.80282557
2020-06-13 09:00:00,302.0,307.0,292.0,301.0,419914.2025822,125432156.73523533
2020-06-14 09:00:00,302.0,306.0,283.0,295.0,274166.95160913,80797054.37844805
2020-06-15 09:00:00,295.0,295.0,260.0,291.0,548595.47181469,151337661.72547576
2020-06-16 09:00:00,292.0,335.0,288.0,331.0,1468897.06088954,461391148.7628058
2020-06-17 09:00:00,332.0,358.0,318.0,343.0,945003.35100684,318038671.04802984
2020-06-18 09:00:00,344.0,515.0,341.0,362.0,41146502.04692017,17598454072.453453
2020-06-19 09:00:00,362.0,364.0,333.0,345.0,7479630.34875769,2579444471.0873055
2020-06-20 09:00:00,345.0,351.0,330.0,337.0,3081038.31759373,1046383778.7583058
2020-06-21 09:00:00,336.0,354.0,334.0,341.0,3724856.28293176,1289367353.975684
2020-06-22 09:00:00,340.0,378.0,336.0,360.0,2210017.14411489,781192227.074388
2020-06-23 09:00:00,362.0,377.0,353.0,360.0,1715515.19241771,627087673.5508606
2020-06-24 09:00:00,361.0,407.0,353.0,392.0,3504680.58587586,1308649854.054017
2020-06-25 09:00:00,391.0,391.0,348.0,362.0,2200648.65500307,798251425.0833805
2020-06-26 09:00:00,362.0,364.0,340.0,355.0,1231080.24352302,430320221.7887986
2020-06-27 09:00:00,355.0,370.0,319.0,335.0,1429638.68645545,493888605.7477041
2020-06-28 09:00:00,335.0,352.0,323.0,338.0,1127469.64586203,378814678.0403249
2020-06-29 09:00:00,338.0,342.0,322.0,337.0,645769.41811246,212457882.3527912
2020-06-30 09:00:00,336.0,338.0,321.0,323.0,390905.00511178,127229250.78285094
2020-07-01 09:00:00,323.0,323.0,301.0,311.0,1544684.57288773,477191559.51600856
2020-07-02 09:00:00,311.0,311.0,293.0,298.0,896818.31395921,270912846.5327273
2020-07-03 09:00:00,298.0,306.0,291.0,303.0,474075.36230888,140480222.6265046
2020-07-04 09:00:00,302.0,311.0,299.0,307.0,360002.67535655,109318760.68759894
2020-07-05 09:00:00,306.0,307.0,290.0,299.0,415858.83406919,123075750.34578751
2020-07-06 09:00:00,299.0,311.0,296.0,307.0,336028.80235251,102197095.37300313
2020-07-07 09:00:00,307.0,330.0,304.0,322.0,1376767.04594562,438820671.2598264
2020-07-08 09:00:00,325.0,340.0,314.0,336.0,1165637.6737331,383106099.62978953
2020-07-09 09:00:00,339.0,355.0,327.0,338.0,1111162.92559753,376866744.01506937
2020-07-10 09:00:00,339.0,355.0,322.0,355.0,426731.96237264,144684919.6539855
2020-07-11 09:00:00,355.0,369.0,345.0,364.0,611791.21922771,218303521.34891465
2020-07-12 09:00:00,365.0,367.0,347.0,357.0,410093.72809841,145527876.69119856
2020-07-13 09:00:00,358.0,367.0,347.0,353.0,1051167.73649656,375909239.29676723
2020-07-14 09:00:00,353.0,362.0,343.0,356.0,480681.09505596,168042160.61339632
2020-07-15 09:00:00,356.0,365.0,350.0,356.0,507880.94824243,180646594.34802848
2020-07-16 09:00:00,360.0,439.0,352.0,425.0,4307974.26321495,1720692451.0633168
2020-07-17 09:00:00,425.0,425.0,388.0,402.0,793727.54230369,319428905.04865634
2020-07-18 09:00:00,401.0,506.0,389.0,468.0,2425106.31685026,1111510720.8252356
2020-07-19 09:00:00,468.0,509.0,448.0,478.0,2479418.20995297,1191637264.214076
2020-07-20 09:00:00,480.0,594.0,477.0,540.0,8423940.19497891,4643039888.128273
2020-07-21 09:00:00,540.0,545.0,484.0,517.0,2574784.98468327,1307754790.951617
2020-07-22 09:00:00,518.0,557.0,507.0,537.0,706168.58964119,371718124.9060016
2020-07-23 09:00:00,535.0,565.0,519.0,519.0,836839.54131486,456061920.950919
2020-07-24 09:00:00,520.0,523.0,486.0,505.0,731290.30648589,368665194.9403739
2020-07-25 09:00:00,505.0,527.0,478.0,481.0,560787.9200939,282965948.7373759
2020-07-26 09:00:00,483.0,504.0,452.0,497.0,669426.63071776,315620743.5598099
2020-07-27 09:00:00,498.0,521.0,435.0,444.0,1352816.72197487,640993382.4733655
2020-07-28 09:00:00,440.0,489.0,436.0,466.0,1551805.52393383,719911217.1026143
2020-07-29 09:00:00,467.0,518.0,465.0,493.0,3059371.52301705,1517023434.6362276
2020-07-30 09:00:00,493.0,546.0,483.0,533.0,1002761.30524865,514244899.7052832
2020-07-31 09:00:00,534.0,565.0,502.0,506.0,738610.49927607,398221974.486633
2020-08-01 09:00:00,507.0,519.0,494.0,500.0,422035.12355857,212495607.4722001
2020-08-02 09:00:00,500.0,715.0,499.0,595.0,19435493.05818727,11359529591.176586
2020-08-03 09:00:00,595.0,742.0,560.0,696.0,19674918.33819483,13131331738.26634
2020-08-04 09:00:00,696.0,738.0,607.0,660.0,6706263.93868301,4553531519.114253
2020-08-05 09:00:00,660.0,661.0,599.0,613.0,1728690.72778008,1072841545.865586
2020-08-06 09:00:00,613.0,640.0,598.0,606.0,1050826.89729939,646650168.2989317
2020-08-07 09:00:00,605.0,621.0,596.0,604.0,847024.61368314,515415384.5475731
2020-08-08 09:00:00,604.0,629.0,595.0,620.0,1024565.86939945,626384314.0489697
2020-08-09 09:00:00,621.0,624.0,598.0,607.0,695082.09680338,420437180.4434534
2020-08-10 09:00:00,607.0,621.0,575.0,593.0,1758762.67598954,1049234926.140718
2020-08-11 09:00:00,590.0,600.0,556.0,573.0,1614073.33339632,931093530.3626946
2020-08-12 09:00:00,572.0,595.0,550.0,574.0,951162.17540907,542788779.8281716
2020-08-13 09:00:00,575.0,575.0,547.0,571.0,754391.03605963,423358681.25616646
2020-08-14 09:00:00,571.0,623.0,563.0,609.0,2674975.60350541,1612309521.9061985
2020-08-15 09:00:00,609.0,610.0,585.0,590.0,795707.55589351,473674930.59166664
2020-08-16 09:00:00,590.0,628.0,575.0,615.0,1448000.45694511,874430337.0496871
2020-08-17 09:00:00,614.0,645.0,609.0,633.0,1298866.58234172,814085561.5109618
2020-08-18 09:00:00,633.0,643.0,589.0,611.0,1169428.39243591,716384260.2383034
2020-08-19 09:00:00,614.0,617.0,556.0,570.0,1167862.1135589,675179343.2348682
2020-08-20 09:00:00,570.0,596.0,554.0,594.0,577773.58162109,331263753.7390274
2020-08-21 09:00:00,594.0,616.0,566.0,573.0,1345414.27993645,803022694.9360415
2020-08-22 09:00:00,573.0,615.0,551.0,600.0,1391158.12082813,811831775.048507
2020-08-23 09:00:00,600.0,610.0,573.0,593.0,713064.08606964,422941800.7431102
2020-08-24 09:00:00,592.0,636.0,581.0,632.0,846267.65770009,514146313.50587815
2020-08-25 09:00:00,632.0,633.0,557.0,570.0,1289061.08928982,778265255.4380007
2020-08-26 09:00:00,572.0,600.0,559.0,580.0,850459.6517713,490525387.49801224
2020-08-27 09:00:00,582.0,584.0,510.0,528.0,858007.36261515,465200854.1342862
2020-08-28 09:00:00,528.0,546.0,523.0,536.0,397834.06207735,212051431.54275474
2020-08-29 09:00:00,536.0,576.0,532.0,549.0,1403699.59362143,781549507.2411575
2020-08-30 09:00:00,551.0,567.0,539.0,550.0,955971.61166265,527638887.91105324
2020-08-31 09:00:00,549.0,555.0,534.0,540.0,487549.05502326,264248380.12960577
2020-09-01 09:00:00,538.0,540.0,516.0,519.0,576484.01766549,304747717.0139239
2020-09-02 09:00:00,519.0,531.0,470.0,483.0,1302663.50342256,660620411.5537736
2020-09-03 09:00:00,486.0,500.0,385.0,395.0,1134879.65469053,510349940.81176794
2020-09-04 09:00:00,392.0,417.0,373.0,412.0,605646.13626196,237610796.5820399
2020-09-05 09:00:00,412.0,419.0,362.0,381.0,465324.67776526,181818103.73838952
2020-09-06 09:00:00,385.0,432.0,351.0,385.0,662766.72291107,250723557.54818663
2020-09-07 09:00:00,387.0,397.0,354.0,372.0,317771.87017441,118465374.23524967
2020-09-08 09:00:00,372.0,384.0,363.0,372.0,290825.06160392,108887923.00862414
2020-09-09 09:00:00,372.0,438.0,363.0,413.0,315187.09280567,124917990.96355037
2020-09-10 09:00:00,408.0,437.0,406.0,431.0,384855.38178903,163272502.08056393
2020-09-11 09:00:00,431.0,436.0,409.0,416.0,216749.24385167,90230038.14003035
2020-09-12 09:00:00,416.0,525.0,414.0,476.0,9640548.69285999,4602646113.728962
2020-09-13 09:00:00,476.0,623.0,474.0,489.0,27671481.91662334,15477468819.438616
2020-09-14 09:00:00,487.0,487.0,435.0,470.0,2455207.96842368,1121874623.47336
2020-09-15 09:00:00,468.0,469.0,417.0,422.0,1729455.45990343,745258085.5434599
2020-09-16 09:00:00,423.0,447.0,394.0,403.0,2409300.31952852,998696658.6588753
2020-09-17 09:00:00,403.0,441.0,402.0,418.0,2544428.91469299,1070308833.7693632
2020-09-18 09:00:00,418.0,434.0,401.0,411.0,742396.25862195,311293628.54637915
2020-09-19 09:00:00,412.0,465.0,401.0,421.0,4743129.5186081,2052111034.5797822
2020-09-20 09:00:00,419.0,420.0,402.0,406.0,705059.84116891,288074026.96963495
2020-09-21 09:00:00,404.0,407.0,339.0,362.0,1007927.68620519,368554156.16104996
2020-09-22 09:00:00,362.0,367.0,328.0,354.0,394870.03138555,136425698.26170784
2020-09-23 09:00:00,354.0,359.0,321.0,328.0,401459.97709526,135765161.88646868
2020-09-24 09:00:00,327.0,348.0,317.0,347.0,444990.0964414,146462566.97285908
2020-09-25 09:00:00,346.0,362.0,330.0,349.0,466221.08064686,160345398.44604102
2020-09-26 09:00:00,350.0,366.0,350.0,352.0,527451.20476982,187823732.16389716
2020-09-27 09:00:00,352.0,361.0,336.0,353.0,939993.11564154,325755947.52034944
2020-09-28 09:00:00,353.0,362.0,342.0,346.0,347084.76168318,121671847.82841568
2020-09-29 09:00:00,344.0,355.0,340.0,351.0,486916.02059477,167930207.27616808
2020-09-30 09:00:00,353.0,360.0,344.0,356.0,463721.92364204,163594529.3562086
2020-10-01 09:00:00,356.0,362.0,330.0,337.0,593900.99012573,204954171.06969252
2020-10-02 09:00:00,339.0,340.0,310.0,322.0,380324.87652913,122255602.7059355
2020-10-03 09:00:00,322.0,325.0,317.0,323.0,95099.21758705,30535345.89200084
2020-10-04 09:00:00,323.0,327.0,315.0,327.0,91275.77418023,29108137.7751131
2020-10-05 09:00:00,327.0,328.0,318.0,328.0,134146.15859273,43303424.92314089
2020-10-06 09:00:00,328.0,330.0,311.0,313.0,205539.81484797,65521267.91898064
2020-10-07 09:00:00,314.0,316.0,308.0,310.0,167434.05514678,51926622.38207429
2020-10-08 09:00:00,312.0,328.0,308.0,321.0,434126.71280719,136634239.8018526
2020-10-09 09:00:00,322.0,402.0,316.0,371.0,2711982.9386723,972523009.2671868
2020-10-10 09:00:00,370.0,435.0,339.0,341.0,3652488.74844454,1397480095.330093
2020-10-11 09:00:00,341.0,500.0,341.0,373.0,16115208.14855404,6339822910.639142
2020-10-12 09:00:00,371.0,376.0,352.0,360.0,2175686.17669687,785213438.2799436
2020-10-13 09:00:00,362.0,416.0,353.0,356.0,3652380.92777057,1378727085.774077
2020-10-14 09:00:00,358.0,359.0,344.0,347.0,605504.93783948,211807162.82669637
2020-10-15 09:00:00,347.0,354.0,334.0,340.0,430294.88626492,146913163.31260484
2020-10-16 09:00:00,341.0,359.0,323.0,328.0,817340.64147286,281147301.67928064
2020-10-17 09:00:00,331.0,349.0,324.0,345.0,462966.63227331,156701465.88626117
2020-10-18 09:00:00,345.0,348.0,336.0,340.0,143369.06613592,48753498.14954627
2020-10-19 09:00:00,339.0,339.0,329.0,334.0,206667.6259004,68947374.29170325
2020-10-20 09:00:00,334.0,348.0,305.0,311.0,375446.33207817,120808871.81219456
2020-10-21 09:00:00,311.0,350.0,308.0,334.0,1349207.42074236,435201563.0867627
2020-10-22 09:00:00,334.0,350.0,331.0,341.0,328125.63040875,111957545.9479985
2020-10-23 09:00:00,341.0,406.0,334.0,376.0,6888290.18932347,2560333238.876085
2020-10-24 09:00:00,376.0,376.0,354.0,359.0,969380.58508896,351174925.6298912
2020-10-25 09:00:00,359.0,363.0,346.0,350.0,413406.16936066,145299482.15032473
2020-10-26 09:00:00,350.0,364.0,334.0,337.0,960509.75424372,335023953.4977482
2020-10-27 09:00:00,337.0,345.0,327.0,332.0,636306.65945225,211427840.66459736
2020-10-28 09:00:00,332.0,365.0,328.0,336.0,4477022.46079513,1564581628.5597076
2020-10-29 09:00:00,336.0,365.0,320.0,334.0,3758444.82458704,1290200227.7679114
2020-10-30 09:00:00,334.0,345.0,312.0,322.0,988558.89082526,326930615.484727
2020-10-31 09:00:00,322.0,330.0,317.0,321.0,130223.12855588,42065341.40222013
2020-11-01 09:00:00,321.0,324.0,315.0,321.0,124906.2936099,39777354.05429388
2020-11-02 09:00:00,322.0,335.0,308.0,329.0,577771.15644123,186752162.171758
2020-11-03 09:00:00,329.0,329.0,306.0,311.0,192751.49336883,60481980.63376156
2020-11-04 09:00:00,311.0,332.0,303.0,327.0,279430.52575523,88510964.68839353
2020-11-05 09:00:00,329.0,339.0,320.0,335.0,488834.06247971,161125152.5725962
2020-11-06 09:00:00,335.0,362.0,331.0,361.0,697985.45728335,241777622.9138868
2020-11-07 09:00:00,362.0,383.0,331.0,342.0,1489327.01864184,539277791.4077494
2020-11-08 09:00:00,345.0,440.0,341.0,375.0,21069576.83184278,8367662702.094301
2020-11-09 09:00:00,376.0,411.0,360.0,400.0,7869259.24791536,3030647055.5680056
2020-11-10 09:00:00,400.0,445.0,386.0,405.0,6152339.70513522,2588441184.527247
2020-11-11 09:00:00,407.0,423.0,385.0,393.0,2235503.87034557,893963630.0602064
2020-11-12 09:00:00,391.0,398.0,367.0,371.0,969712.30655309,366022726.0245759
2020-11-13 09:00:00,371.0,383.0,365.0,379.0,927790.96888869,347356430.68797046
2020-11-14 09:00:00,380.0,537.0,380.0,406.0,38004052.34391759,18075850454.513
2020-11-15 09:00:00,404.0,412.0,384.0,392.0,2666898.06551738,1058131822.9532762
2020-11-16 09:00:00,393.0,457.0,380.0,388.0,9052701.50320142,3749083226.1021132
2020-11-17 09:00:00,389.0,401.0,361.0,382.0,2688495.61224117,1034659822.1061461
2020-11-18 09:00:00,382.0,407.0,365.0,391.0,2738329.53702626,1055565277.5043359
2020-11-19 09:00:00,393.0,536.0,390.0,408.0,46519240.65354589,21935569925.998833
2020-11-20 09:00:00,406.0,442.0,401.0,429.0,7028341.34907262,2978319005.3177814
2020-11-21 09:00:00,430.0,443.0,408.0,437.0,2887429.96403218,1218098078.221993
2020-11-22 09:00:00,437.0,439.0,403.0,425.0,2557207.07941053,1073855246.861457
2020-11-23 09:00:00,425.0,445.0,414.0,428.0,2639908.86510941,1129563618.6471686
2020-11-24 09:00:00,428.0,464.0,414.0,453.0,4994960.10590416,2185027732.61792
2020-11-25 09:00:00,453.0,535.0,446.0,468.0,12155226.61628754,5855950757.771248
2020-11-26 09:00:00,468.0,505.0,380.0,411.0,3953540.88166293,1725161827.7410464
2020-11-27 09:00:00,412.0,445.0,384.0,431.0,2549544.02389667,1063839753.7610118
2020-11-28 09:00:00,431.0,475.0,418.0,444.0,4753918.70819408,2100367113.1311066
2020-11-29 09:00:00,445.0,460.0,426.0,440.0,1061120.51236885,467360910.2021221
2020-11-30 09:00:00,439.0,453.0,423.0,447.0,1801361.43519319,783903880.2472713
2020-12-01 09:00:00,448.0,494.0,424.0,471.0,5893921.40009992,2699930087.794867
2020-12-02 09:00:00,471.0,490.0,452.0,489.0,2761695.83422008,1293202191.6564333
2020-12-03 09:00:00,487.0,514.0,461.0,485.0,3471760.51074254,1685239515.801958
2020-12-04 09:00:00,485.0,510.0,433.0,443.0,3097006.67168468,1428323542.8718932
2020-12-05 09:00:00,442.0,460.0,425.0,458.0,1394665.49702877,618024987.603972
2020-12-06 09:00:00,459.0,473.0,440.0,450.0,1258509.87467779,574550758.3532467
2020-12-07 09:00:00,451.0,461.0,439.0,455.0,1236474.2077347,550845896.3162054
2020-12-08 09:00:00,455.0,483.0,421.0,424.0,4920965.67524658,2241129333.1421504
2020-12-09 09:00:00,424.0,429.0,388.0,425.0,1752422.97482545,714849078.0195669
2020-12-10 09:00:00,425.0,426.0,393.0,409.0,934353.69848352,377670473.77360106
2020-12-11 09:00:00,409.0,509.0,385.0,398.0,14282972.22903042,6235071251.987603
2020-12-12 09:00:00,396.0,419.0,389.0,410.0,1363771.40959685,550014425.4689546
2020-12-13 09:00:00,410.0,433.0,399.0,415.0,1903442.90521302,785761795.3352015
2020-12-14 09:00:00,413.0,414.0,400.0,414.0,900537.77427104,365208176.5319891
2020-12-15 09:00:00,414.0,415.0,403.0,413.0,736892.47061205,301527017.05068016
2020-12-16 09:00:00,410.0,423.0,402.0,422.0,1167948.84343892,478896158.56908256
2020-12-17 09:00:00,422.0,428.0,408.0,426.0,1591675.26028385,662243410.0863247
2020-12-18 09:00:00,426.0,449.0,411.0,447.0,3002021.36391311,1283077121.0410225
2020-12-19 09:00:00,447.0,576.0,440.0,481.0,28881109.07604828,14316039592.262035
2020-12-20 09:00:00,482.0,535.0,440.0,455.0,8508010.25130613,4161648152.6853776
2020-12-21 09:00:00,455.0,460.0,416.0,443.0,2165538.680699,947032409.5979075
2020-12-22 09:00:00,443.0,450.0,417.0,443.0,845673.38567044,366897891.0316518
2020-12-23 09:00:00,443.0,451.0,362.0,386.0,2017018.9223887,824736495.6900718
2020-12-24 09:00:00,386.0,413.0,360.0,413.0,876587.65311295,334567012.4445496
2020-12-25 09:00:00,413.0,424.0,395.0,407.0,878510.94881196,358883994.36458224
2020-12-26 09:00:00,408.0,416.0,396.0,410.0,812702.44463318,327433437.0069752
2020-12-27 09:00:00,410.0,460.0,397.0,441.0,5597513.63634521,2375873469.395023
2020-12-28 09:00:00,442.0,443.0,418.0,434.0,1872798.19577704,798207722.236138
2020-12-29 09:00:00,430.0,435.0,397.0,418.0,1087007.49477722,447106449.4035418
2020-12-30 09:00:00,416.0,453.0,401.0,416.0,2713966.95602436,1152173552.6440814
2020-12-31 09:00:00,416.0,416.0,398.0,414.0,1136292.81324628,459509384.778481
2021-01-01 09:00:00,414.0,434.0,405.0,428.0,1581084.31644099,664203577.533169
2021-01-02 09:00:00,428.0,433.0,405.0,422.0,1747538.59922237,725843394.6370763
2021-01-03 09:00:00,422.0,455.0,403.0,434.0,7543860.32856615,3182178597.0069656
2021-01-04 09:00:00,432.0,432.0,388.0,418.0,4476226.87372315,1854029552.4934285
2021-01-05 09:00:00,419.0,422.0,400.0,420.0,2234184.34268263,916219087.9930646
2021-01-06 09:00:00,420.0,445.0,406.0,440.0,4302958.43213237,1815143168.4500387
2021-01-07 09:00:00,440.0,486.0,429.0,472.0,8072337.3912512,3714628747.035015
2021-01-08 09:00:00,472.0,474.0,425.0,467.0,4136130.1498129,1869151765.336654
2021-01-09 09:00:00,467.0,492.0,445.0,484.0,3901500.80514897,1825967161.144643
2021-01-10 09:00:00,484.0,513.0,440.0,467.0,5373598.10440892,2588862754.9243617
2021-01-11 09:00:00,468.0,468.0,380.0,417.0,2934848.30337251,1213934883.4794955
2021-01-12 09:00:00,417.0,431.0,395.0,415.0,1508788.9952179,616311494.5832075
2021-01-13 09:00:00,415.0,429.0,400.0,428.0,1076117.48083402,445054272.0933303
2021-01-14 09:00:00,428.0,450.0,415.0,440.0,2586329.32622954,1120289076.6498616
2021-01-15 09:00:00,440.0,440.0,407.0,437.0,2457540.22891894,1043164897.6095195
2021-01-16 09:00:00,436.0,543.0,427.0,466.0,19059214.85818979,9132896213.270382
2021-01-17 09:00:00,466.0,467.0,426.0,458.0,2748301.69740601,1230406680.259929
2021-01-18 09:00:00,459.0,486.0,439.0,470.0,3632704.02399311,1676325373.0750005
2021-01-19 09:00:00,470.0,492.0,451.0,472.0,2388088.82926561,1126000669.9170635
2021-01-20 09:00:00,472.0,539.0,467.0,501.0,20089203.59032677,10111962831.89783
2021-01-21 09:00:00,503.0,560.0,415.0,421.0,14195270.18332353,7224761380.888066
2021-01-22 09:00:00,422.0,471.0,385.0,460.0,4627172.50721471,1965599802.2416794
2021-01-23 09:00:00,458.0,478.0,432.0,457.0,1854777.10475151,838397090.5576042
2021-01-24 09:00:00,457.0,485.0,449.0,477.0,2494188.82140161,1171472504.714551
2021-01-25 09:00:00,478.0,494.0,463.0,474.0,1442075.07021022,691231446.0110701
2021-01-26 09:00:00,474.0,475.0,445.0,463.0,917468.10563735,419429059.68495864
2021-01-27 09:00:00,461.0,463.0,420.0,433.0,886437.51278808,387894859.3979003
2021-01-28 09:00:00,434.0,473.0,426.0,456.0,3203983.03954835,1438006200.9584982
2021-01-29 09:00:00,457.0,476.0,440.0,455.0,2191691.2019215,997202445.6805627
2021-01-30 09:00:00,455.0,462.0,440.0,449.0,1205192.56412196,540967662.6332005
2021-01-31 09:00:00,449.0,476.0,436.0,460.0,1656307.13473522,742296948.4978691
2021-02-01 09:00:00,460.0,497.0,441.0,472.0,2861657.37575988,1334944758.3466167
2021-02-02 09:00:00,471.0,498.0,453.0,497.0,1345816.91856205,635912657.1048685
2021-02-03 09:00:00,496.0,685.0,479.0,525.0,13505978.88758785,7636897654.4018955
2021-02-04 09:00:00,527.0,645.0,510.0,576.0,19315436.23439426,11075543200.299383
2021-02-05 09:00:00,579.0,840.0,557.0,688.0,64231170.31127315,46216069183.15209
2021-02-06 09:00:00,688.0,688.0,610.0,633.0,5602633.60226869,3602028668.121151
2021-02-07 09:00:00,637.0,745.0,581.0,612.0,14209214.53158831,9632578362.883112
2021-02-08 09:00:00,613.0,654.0,601.0,622.0,3761756.22273927,2336246489.723762
2021-02-09 09:00:00,623.0,646.0,604.0,636.0,2860735.32919466,1781370883.708691
2021-02-10 09:00:00,637.0,710.0,622.0,688.0,5852360.21409772,3875079407.411909
2021-02-11 09:00:00,688.0,795.0,660.0,768.0,5852763.3923054,4245201168.552494
2021-02-12 09:00:00,768.0,836.0,715.0,820.0,5326018.17464206,4215323472.7050924
2021-02-13 09:00:00,820.0,876.0,750.0,864.0,3888373.97345484,3194071246.1373615
2021-02-14 09:00:00,864.0,1035.0,786.0,914.0,30032691.2764318,27737012469.114323
2021-02-15 09:00:00,914.0,914.0,753.0,858.0,6354628.73384827,5293262218.607258
2021-02-16 09:00:00,861.0,882.0,815.0,861.0,3055775.42620977,2601485797.89782
2021-02-17 09:00:00,861.0,995.0,820.0,897.0,7261593.06583379,6549467956.956564
2021-02-18 09:00:00,897.0,1450.0,885.0,1275.0,30906978.99708688,35760933229.27085
2021-02-19 09:00:00,1265.0,1430.0,1090.0,1290.0,5535899.45816547,6785871355.796175
2021-02-20 09:00:00,1285.0,1340.0,1180.0,1205.0,3898491.97793622,4907381656.886487
2021-02-21 09:00:00,1205.0,2610.0,1185.0,1590.0,102621196.68414177,185936238332.96622
2021-02-22 09:00:00,1585.0,2240.0,1450.0,1645.0,58332502.18384086,102483940978.56413
2021-02-23 09:00:00,1645.0,1655.0,954.0,1205.0,15629641.81198026,19214111230.840687
2021-02-24 09:00:00,1205.0,1340.0,1090.0,1245.0,7720056.62614532,9510337827.302261
2021-02-25 09:00:00,1245.0,1610.0,1205.0,1300.0,22023529.39295797,30690521705.354458
2021-02-26 09:00:00,1300.0,1490.0,1160.0,1360.0,7857026.73408233,10430326451.986584
2021-02-27 09:00:00,1360.0,2165.0,1310.0,1525.0,70784227.42394038,119099010791.08711
2021-02-28 09:00:00,1530.0,1810.0,1325.0,1450.0,48883451.11555026,79778939325.84657
2021-03-01 09:00:00,1450.0,1630.0,1415.0,1530.0,13968613.80698073,21332379544.603313
2021-03-02 09:00:00,1535.0,1540.0,1440.0,1525.0,4010519.34928948,5984071958.849871
2021-03-03 09:00:00,1525.0,1595.0,1460.0,1590.0,6105055.64189568,9179899029.552599
2021-03-04 09:00:00,1585.0,1640.0,1470.0,1525.0,6009297.30814161,9166188432.332573
2021-03-05 09:00:00,1525.0,1560.0,1410.0,1500.0,3825229.63102018,5604651276.631471
2021-03-06 09:00:00,1500.0,1705.0,1470.0,1655.0,19266279.5416099,30816695586.599102
2021-03-07 09:00:00,1655.0,1660.0,1570.0,1620.0,3941962.67627444,6300703156.961569
2021-03-08 09:00:00,1615.0,1620.0,1535.0,1590.0,3403658.03959355,5336488998.373667
2021-03-09 09:00:00,1590.0,1690.0,1555.0,1635.0,6995439.43305587,11234454682.81943
2021-03-10 09:00:00,1640.0,1640.0,1500.0,1590.0,5267089.01261975,8351488036.78131
2021-03-11 09:00:00,1590.0,1630.0,1500.0,1615.0,4614550.69854903,7251978682.162685
2021-03-12 09:00:00,1615.0,1860.0,1575.0,1855.0,11949715.87844242,20451280570.928574
2021-03-13 09:00:00,1860.0,1880.0,1675.0,1805.0,6869765.32624484,12129195153.821617
2021-03-14 09:00:00,1800.0,1860.0,1630.0,1700.0,5754630.04908937,9951669022.420673
2021-03-15 09:00:00,1700.0,1760.0,1435.0,1590.0,9379443.53858368,15090145779.918846
2021-03-16 09:00:00,1590.0,1635.0,1470.0,1590.0,4797271.35241563,7313136500.636931
2021-03-17 09:00:00,1590.0,1630.0,1415.0,1625.0,4127911.28718942,6268466491.181778
2021-03-18 09:00:00,1625.0,1670.0,1545.0,1615.0,6392783.9167201,10278914673.889202
2021-03-19 09:00:00,1615.0,1765.0,1560.0,1710.0,5174818.70306834,8645769339.876781
2021-03-20 09:00:00,1705.0,2080.0,1685.0,1735.0,16961225.01273786,31717369050.412827
2021-03-21 09:00:00,1735.0,1990.0,1685.0,1985.0,9920913.71723215,17979855021.365658
2021-03-22 09:00:00,1980.0,2185.0,1845.0,1915.0,10288994.77077119,20705450168.95607
2021-03-23 09:00:00,1925.0,2245.0,1730.0,2245.0,17489189.56253336,35286368088.46513
2021-03-24 09:00:00,2235.0,2390.0,1920.0,2000.0,9333996.50137148,20271455540.490517
2021-03-25 09:00:00,2010.0,2150.0,1765.0,1870.0,7495563.72659113,14508261335.254906
2021-03-26 09:00:00,1875.0,2225.0,1865.0,2100.0,21380173.43691726,44379905875.25898
2021-03-27 09:00:00,2100.0,2195.0,2015.0,2135.0,6779220.8026847,14277464456.754953
2021-03-28 09:00:00,2140.0,2380.0,2075.0,2250.0,15537450.51307636,35471591528.052536
2021-03-29 09:00:00,2250.0,3470.0,2210.0,2910.0,62313235.11239763,174082608260.51508
2021-03-30 09:00:00,2920.0,4800.0,2710.0,3685.0,75570072.1854031,268772721967.45984
2021-03-31 09:00:00,3685.0,4105.0,3190.0,3555.0,28457319.91308678,104071129178.00212
2021-04-01 09:00:00,3560.0,3730.0,3305.0,3385.0,9520886.20772397,32879421555.396206
2021-04-02 09:00:00,3385.0,3550.0,3085.0,3445.0,9829045.08347241,32543255164.937485
2021-04-03 09:00:00,3450.0,3580.0,2910.0,3125.0,10839843.04255838,36393070963.66819
2021-04-04 09:00:00,3125.0,3450.0,2960.0,3395.0,7451146.05832341,24345855944.45507
2021-04-05 09:00:00,3425.0,3580.0,3110.0,3290.0,7048069.46015388,23209355489.33095
2021-04-06 09:00:00,3290.0,3300.0,2910.0,3075.0,4501985.40175667,13856093785.780987
2021-04-07 09:00:00,3080.0,3500.0,1960.0,3300.0,15882413.85974654,47693986995.09298
2021-04-08 09:00:00,3295.0,3550.0,2710.0,3545.0,12481962.93070027,39505324427.49378
2021-04-09 09:00:00,3540.0,4275.0,3250.0,4010.0,19746540.69350984,74488554581.5518
2021-04-10 09:00:00,4000.0,4530.0,3700.0,3850.0,18193347.21307231,73988867853.97176
2021-04-11 09:00:00,3850.0,3855.0,3115.0,3575.0,7021157.93158338,24304831568.014362
2021-04-12 09:00:00,3575.0,3635.0,3280.0,3420.0,5858466.97251103,19968789602.373863
2021-04-13 09:00:00,3420.0,3665.0,3205.0,3550.0,7962487.27295036,27301231613.14233
2021-04-14 09:00:00,3540.0,3555.0,3000.0,3175.0,5667888.32850183,18222795243.00826
2021-04-15 09:00:00,3180.0,3315.0,3085.0,3275.0,4270339.22472385,13636833161.576813
2021-04-16 09:00:00,3275.0,3280.0,2940.0,3155.0,5054876.48699232,15628847115.812416
2021-04-17 09:00:00,3155.0,3285.0,2960.0,3110.0,3279255.13780765,9992846501.517208
2021-04-18 09:00:00,3110.0,3150.0,2465.0,2830.0,4516303.90994736,12514315177.358719
2021-04-19 09:00:00,2820.0,3100.0,2500.0,2510.0,9588442.9328707,27298505591.046803
2021-04-20 09:00:00,2505.0,2940.0,2020.0,2530.0,13033862.20914931,33273453559.083393
2021-04-21 09:00:00,2530.0,2850.0,2385.0,2435.0,11177661.83280255,29704998558.496914
2021-04-22 09:00:00,2435.0,2495.0,1785.0,1850.0,4035372.42787959,8846231423.163946
2021-04-23 09:00:00,1850.0,2100.0,1440.0,1835.0,5467639.06297649,9335677925.940859
2021-04-24 09:00:00,1840.0,2480.0,1740.0,1895.0,42498141.06961427,91058403060.58612
2021-04-25 09:00:00,1900.0,2200.0,1705.0,1915.0,12908485.30718934,25813525140.095932
2021-04-26 09:00:00,1925.0,2270.0,1810.0,2170.0,8016159.87970782,16657934537.708931
2021-04-27 09:00:00,2155.0,2760.0,2065.0,2495.0,40193440.43841423,101952204930.46568
2021-04-28 09:00:00,2500.0,2635.0,2195.0,2370.0,8037709.48516787,19841533649.547283
2021-04-29 09:00:00,2370.0,2610.0,2235.0,2375.0,12460301.75691802,30077867634.72012
2021-04-30 09:00:00,2380.0,2530.0,2325.0,2455.0,8433448.65062568,20526668074.07882
2021-05-01 09:00:00,2455.0,2625.0,2375.0,2490.0,7206063.10689643,17950996239.48083
2021-05-02 09:00:00,2490.0,2580.0,2290.0,2435.0,4712830.4929652,11670064158.629501
2021-05-03 09:00:00,2440.0,2620.0,2425.0,2620.0,6912307.31098669,17480649892.512524
2021-05-04 09:00:00,2620.0,2620.0,2230.0,2325.0,5589309.90202618,13542103464.07124
2021-05-05 09:00:00,2345.0,2665.0,2295.0,2410.0,12882247.66327034,31691500740.725155
2021-05-06 09:00:00,2405.0,2665.0,2320.0,2620.0,8439471.87195524,21153205096.161373
2021-05-07 09:00:00,2620.0,3700.0,2450.0,2900.0,63153660.15955846,196092259486.8062
2021-05-08 09:00:00,2895.0,3300.0,2655.0,2960.0,21267635.9891342,64724724507.34367
2021-05-09 09:00:00,2960.0,3135.0,2720.0,2810.0,11644217.10347653,34187973463.114483
2021-05-10 09:00:00,2810.0,3065.0,2470.0,2545.0,12112410.37127969,34919690133.255684
2021-05-11 09:00:00,2545.0,2710.0,2330.0,2610.0,5585137.11409421,14125164672.922466
2021-05-12 09:00:00,2620.0,2910.0,2090.0,2130.0,13253654.55255214,35667627768.154915
2021-05-13 09:00:00,2130.0,2340.0,2060.0,2220.0,6352231.58529677,13949300070.33832
2021-05-14 09:00:00,2230.0,2260.0,2110.0,2260.0,1950252.37531412,4279871176.646487
2021-05-15 09:00:00,2260.0,2260.0,2030.0,2065.0,2269144.55279517,4854346730.754459
2021-05-16 09:00:00,2065.0,2155.0,1875.0,1970.0,2153258.8914846,4344609425.486565
2021-05-17 09:00:00,1975.0,2050.0,1600.0,1770.0,3912261.55099537,7082149052.1388035
2021-05-18 09:00:00,1770.0,2955.0,1750.0,2735.0,229160418.40001085,568504343802.9558
2021-05-19 09:00:00,2730.0,3540.0,1300.0,1855.0,223578021.8782811,624674466554.1509
2021-05-20 09:00:00,1855.0,1980.0,1590.0,1945.0,30608758.93563309,54153542423.60675
2021-05-21 09:00:00,1940.0,1995.0,1490.0,1725.0,18628112.36210168,33334886445.608658
2021-05-22 09:00:00,1730.0,2195.0,1410.0,1540.0,15350579.38720862,25930641407.393917
2021-05-23 09:00:00,1540.0,1870.0,1005.0,1245.0,20115497.35007385,30564962948.15027
2021-05-24 09:00:00,1250.0,1485.0,1025.0,1395.0,21077628.60251947,27380441140.15393
2021-05-25 09:00:00,1395.0,1700.0,1295.0,1460.0,42512369.4954089,63344834162.105
2021-05-26 09:00:00,1455.0,1810.0,1365.0,1575.0,18677405.95552201,29617479396.80635
2021-05-27 09:00:00,1580.0,1590.0,1400.0,1490.0,5354685.89858328,7915233226.240848
2021-05-28 09:00:00,1485.0,1500.0,1250.0,1320.0,3989589.85602453,5416716360.335732
2021-05-29 09:00:00,1325.0,1680.0,1295.0,1375.0,95762332.03848527,143650642883.2048
2021-05-30 09:00:00,1375.0,1380.0,1215.0,1335.0,6833496.01921036,8807086146.349438
2021-05-31 09:00:00,1340.0,1630.0,1330.0,1390.0,33134595.29930214,47765653770.605736
2021-06-01 09:00:00,1390.0,1440.0,1345.0,1415.0,6467576.82217379,8960818761.31879
2021-06-02 09:00:00,1415.0,1570.0,1380.0,1450.0,19754220.3940444,28764753627.970707
2021-06-03 09:00:00,1455.0,1485.0,1395.0,1480.0,5717426.80138648,8235208840.5795765
2021-06-04 09:00:00,1480.0,1480.0,1315.0,1395.0,3378371.5136784,4712039064.929361
2021-06-05 09:00:00,1395.0,1425.0,1320.0,1365.0,3472203.79991685,4781176210.945608
2021-06-06 09:00:00,1360.0,1820.0,1360.0,1420.0,79368645.77906068,119486949682.32104
2021-06-07 09:00:00,1420.0,1740.0,1370.0,1385.0,68113941.11500487,106289992648.37192
2021-06-08 09:00:00,1390.0,1415.0,1160.0,1295.0,6863189.99835947,8904674918.298979
2021-06-09 09:00:00,1295.0,1625.0,1295.0,1420.0,95627955.07080467,141764971107.04825
2021-06-10 09:00:00,1425.0,1425.0,1340.0,1395.0,7949152.93113468,10923636451.150911
2021-06-11 09:00:00,1400.0,1400.0,1255.0,1285.0,5106011.92474889,6742988502.347833
2021-06-12 09:00:00,1285.0,1285.0,1105.0,1210.0,2411735.69655961,2850549779.2578278
2021-06-13 09:00:00,1210.0,1380.0,1180.0,1285.0,19688367.68927687,25063058723.84714
2021-06-14 09:00:00,1285.0,1285.0,1200.0,1285.0,3728497.03867847,4643593789.654061
2021-06-15 09:00:00,1285.0,1310.0,1235.0,1270.0,3184421.44125027,4001357170.5690007
2021-06-16 09:00:00,1275.0,1290.0,1200.0,1265.0,2694709.46193284,3356811634.348641
2021-06-17 09:00:00,1260.0,1555.0,1240.0,1280.0,34475791.13942534,46701006804.74184
2021-06-18 09:00:00,1280.0,1450.0,1190.0,1240.0,18562409.75252879,24482933043.67253
2021-06-19 09:00:00,1240.0,1240.0,1165.0,1200.0,2710338.81864031,3244350781.692035
2021-06-20 09:00:00,1200.0,1200.0,1030.0,1150.0,3175913.046495,3585296867.3353324
2021-06-21 09:00:00,1150.0,1155.0,821.0,845.0,3769966.35120724,3722285500.620073
2021-06-22 09:00:00,848.0,855.0,664.0,798.0,4911198.79724623,3762492393.857171
2021-06-23 09:00:00,798.0,862.0,738.0,861.0,4341725.84872721,3537995531.707649
2021-06-24 09:00:00,867.0,919.0,812.0,915.0,6710433.86047297,5848175521.372275
2021-06-25 09:00:00,914.0,959.0,810.0,827.0,5542716.95012753,4905702995.264425
2021-06-26 09:00:00,827.0,840.0,760.0,837.0,2805929.90964469,2257480614.184261
2021-06-27 09:00:00,831.0,852.0,787.0,847.0,2217561.80928722,1817604206.9231627
2021-06-28 09:00:00,844.0,917.0,820.0,912.0,5070092.97573727,4380367666.259895
2021-06-29 09:00:00,913.0,1005.0,892.0,995.0,8427124.4802756,8043115461.446393
2021-06-30 09:00:00,996.0,1135.0,964.0,1090.0,20308613.80439089,21340467960.61261
2021-07-01 09:00:00,1085.0,1085.0,982.0,1070.0,5970359.65473958,6143416334.510456
2021-07-02 09:00:00,1075.0,1295.0,1010.0,1105.0,34524969.73238148,39430446827.66147
2021-07-03 09:00:00,1100.0,1125.0,1045.0,1120.0,4665472.7234962,5027662289.924509
2021-07-04 09:00:00,1120.0,1350.0,1095.0,1150.0,29919340.46499956,36136926737.77984
2021-07-05 09:00:00,1150.0,1435.0,1125.0,1225.0,68075149.643654,85766735826.61665
2021-07-06 09:00:00,1215.0,1265.0,1180.0,1240.0,6431971.45016155,7790281528.012232
2021-07-07 09:00:00,1240.0,1245.0,1195.0,1240.0,5046111.46443557,6129902680.088548
2021-07-08 09:00:00,1240.0,1285.0,1015.0,1075.0,9431805.92136535,10649310052.616234
2021-07-09 09:00:00,1075.0,1110.0,985.0,1100.0,3242315.02304938,3372812692.4030323
2021-07-10 09:00:00,1105.0,1250.0,1080.0,1115.0,8549701.48130044,9772118935.750486
2021-07-11 09:00:00,1120.0,1135.0,1060.0,1130.0,2974428.92975266,3272791081.0713873
2021-07-12 09:00:00,1130.0,1220.0,1110.0,1210.0,13811834.74041623,16084828124.9495
2021-07-13 09:00:00,1210.0,1210.0,1095.0,1155.0,6040694.63326401,6918314734.301315
2021-07-14 09:00:00,1160.0,1180.0,1035.0,1130.0,5269157.65617459,5806726975.957276
2021-07-15 09:00:00,1130.0,1135.0,1055.0,1100.0,3289159.10597385,3568628511.246153
2021-07-16 09:00:00,1100.0,1230.0,993.0,1020.0,14092955.20135987,15901173550.586441
2021-07-17 09:00:00,1020.0,1065.0,987.0,1055.0,2248326.55146063,2297336588.506219
2021-07-18 09:00:00,1055.0,1080.0,1025.0,1070.0,1842748.28448431,1938549449.6558363
2021-07-19 09:00:00,1070.0,1080.0,994.0,1055.0,1899403.42097693,1961097366.1536624
2021-07-20 09:00:00,1055.0,1060.0,900.0,960.0,4158122.10062663,3953060431.6083193
2021-07-21 09:00:00,960.0,1035.0,904.0,1025.0,4158232.05059984,4057187385.915302
2021-07-22 09:00:00,1030.0,1045.0,993.0,1040.0,3072351.89702009,3129631536.240517
2021-07-23 09:00:00,1040.0,1070.0,1010.0,1055.0,4176047.64684447,4340641176.508676
2021-07-24 09:00:00,1050.0,1090.0,1025.0,1085.0,3562392.76959528,3754184333.8671536
2021-07-25 09:00:00,1085.0,1085.0,1030.0,1065.0,3738415.59856891,3933989473.0478287
2021-07-26 09:00:00,1065.0,1160.0,1045.0,1100.0,7502030.51889429,8242612083.77906
2021-07-27 09:00:00,1105.0,1140.0,1035.0,1135.0,4601157.61118039,5020712826.19718
2021-07-28 09:00:00,1135.0,1300.0,1115.0,1165.0,34588508.9007777,41342650049.49211
2021-07-29 09:00:00,1165.0,1240.0,1115.0,1235.0,8778269.47635419,10332253406.840267
2021-07-30 09:00:00,1240.0,1310.0,1130.0,1300.0,11961613.27691557,14778973285.482883
2021-07-31 09:00:00,1300.0,1480.0,1300.0,1400.0,33738430.51391708,46703581783.99016
2021-08-01 09:00:00,1400.0,1530.0,1320.0,1350.0,18454417.59970524,26051440359.31686
2021-08-02 09:00:00,1350.0,1385.0,1235.0,1365.0,5826882.2378785,7587047654.862633
2021-08-03 09:00:00,1365.0,1550.0,1270.0,1345.0,34832618.20911299,49503773612.29032
2021-08-04 09:00:00,1345.0,1350.0,1270.0,1340.0,4528052.98807255,5904118824.852267
2021-08-05 09:00:00,1340.0,1360.0,1290.0,1355.0,5103225.69131613,6734429617.785396
2021-08-06 09:00:00,1350.0,1415.0,1310.0,1405.0,5050050.03174804,6820910229.636742
2021-08-07 09:00:00,1405.0,1665.0,1405.0,1470.0,54170879.25395533,84267903438.63628
2021-08-08 09:00:00,1460.0,1475.0,1400.0,1415.0,4529798.41220501,6443903527.043568
2021-08-09 09:00:00,1425.0,1445.0,1355.0,1440.0,3814954.23486959,5346355179.505749
2021-08-10 09:00:00,1440.0,1455.0,1405.0,1450.0,4307663.48617238,6140469840.06068
2021-08-11 09:00:00,1450.0,1540.0,1415.0,1495.0,12708500.51348188,18889409655.147488
2021-08-12 09:00:00,1500.0,1525.0,1400.0,1460.0,8815570.14896731,12865787742.702198
2021-08-13 09:00:00,1450.0,1515.0,1410.0,1510.0,6236650.82645313,9190657093.777838
2021-08-14 09:00:00,1505.0,1575.0,1470.0,1565.0,18128520.43698239,27668619560.82642
2021-08-15 09:00:00,1560.0,1590.0,1495.0,1570.0,7051722.33613306,10822167418.982147
2021-08-16 09:00:00,1570.0,1570.0,1515.0,1545.0,6662804.32267734,10300857642.326574
2021-08-17 09:00:00,1545.0,1550.0,1465.0,1475.0,5758084.43974792,8659406586.413958
2021-08-18 09:00:00,1475.0,1485.0,1385.0,1430.0,2885065.48472026,4125419542.7951856
2021-08-19 09:00:00,1430.0,1480.0,1395.0,1470.0,2457643.13102727,3503619766.787419
2021-08-20 09:00:00,1470.0,1530.0,1445.0,1515.0,3325691.17259761,4927245581.886781
2021-08-21 09:00:00,1515.0,1525.0,1480.0,1515.0,4061104.77312085,6091310219.877259
2021-08-22 09:00:00,1510.0,1550.0,1485.0,1535.0,4891473.15354301,7399763988.5906725
2021-08-23 09:00:00,1535.0,1640.0,1505.0,1615.0,18538471.83783894,29451714327.270004
2021-08-24 09:00:00,1620.0,1750.0,1550.0,1715.0,23459175.71961977,39279238179.61048
2021-08-25 09:00:00,1715.0,1730.0,1550.0,1725.0,12291039.6297187,20084258608.49731
2021-08-26 09:00:00,1725.0,1730.0,1555.0,1585.0,7731396.1964013,12574491488.394516
2021-08-27 09:00:00,1585.0,1655.0,1495.0,1645.0,5257404.90792886,8233755819.966426
2021-08-28 09:00:00,1645.0,1645.0,1585.0,1615.0,3439633.5890296,5533400151.252616
2021-08-29 09:00:00,1625.0,1650.0,1530.0,1625.0,3943281.67513142,6230432542.2440405
2021-08-30 09:00:00,1640.0,1820.0,1550.0,1565.0,11935128.87723812,19497100065.64762
2021-08-31 09:00:00,1560.0,1795.0,1525.0,1600.0,22626240.72222519,36928705688.71726
2021-09-01 09:00:00,1605.0,1645.0,1525.0,1645.0,6822199.00461695,10822275099.653137
2021-09-02 09:00:00,1635.0,1710.0,1605.0,1690.0,6147458.00307525,10161291332.159666
2021-09-03 09:00:00,1685.0,1810.0,1635.0,1810.0,9136264.84322413,15866790388.857395
2021-09-04 09:00:00,1800.0,2200.0,1765.0,2150.0,50161580.58251488,100899264334.86807
2021-09-05 09:00:00,2155.0,2275.0,1895.0,1985.0,14124310.51127877,28900208129.219807
2021-09-06 09:00:00,1900.0,3220.0,1900.0,2225.0,141106436.96597672,342542442996.0452
2021-09-07 09:00:00,2225.0,2225.0,1655.0,1840.0,15584224.24194636,31597400926.925102
2021-09-08 09:00:00,1840.0,2025.0,1635.0,1945.0,15127728.02291596,28208860824.03437
2021-09-09 09:00:00,1950.0,2115.0,1870.0,2105.0,5302519.60084146,10472397460.82166
2021-09-10 09:00:00,2105.0,2170.0,1860.0,1960.0,7258558.10511584,14543040203.091875
2021-09-11 09:00:00,1960.0,2100.0,1815.0,2005.0,6388407.33132732,12337115037.40443
2021-09-12 09:00:00,2015.0,2020.0,1885.0,1985.0,2907404.98838938,5665345910.06675
2021-09-13 09:00:00,1985.0,2005.0,1780.0,1920.0,4045719.76265559,7627024146.765632
2021-09-14 09:00:00,1920.0,2130.0,1855.0,2090.0,13956841.75250312,28292525655.183834
2021-09-15 09:00:00,2090.0,2460.0,2020.0,2390.0,45462264.23857965,105078679017.29845
2021-09-16 09:00:00,2385.0,2850.0,2265.0,2280.0,98419438.03562298,254239276260.42465
2021-09-17 09:00:00,2280.0,2305.0,2120.0,2185.0,14081271.06513849,30834292327.90498
2021-09-18 09:00:00,2185.0,2570.0,2150.0,2415.0,75618510.93013184,182898931477.98962
2021-09-19 09:00:00,2420.0,2795.0,2350.0,2525.0,91388293.55464324,240102182298.11032
2021-09-20 09:00:00,2525.0,2525.0,2070.0,2165.0,21799912.34407883,49138731218.30554
2021-09-21 09:00:00,2165.0,2335.0,1890.0,1920.0,16523203.10713836,34833928754.98074
2021-09-22 09:00:00,1930.0,2165.0,1795.0,2120.0,38586836.13475596,77013731328.25943
2021-09-23 09:00:00,2120.0,2390.0,2010.0,2200.0,28186677.17452196,61049698665.64811
2021-09-24 09:00:00,2200.0,2200.0,1875.0,2015.0,11134379.2346603,22529640657.39233
2021-09-25 09:00:00,2020.0,2220.0,1900.0,2015.0,26078742.34530113,53748750320.60235
2021-09-26 09:00:00,2015.0,2015.0,1825.0,1925.0,4873297.0506376,9318372119.209679
2021-09-27 09:00:00,1925.0,1985.0,1830.0,1860.0,3984206.35227776,7510731874.529772
2021-09-28 09:00:00,1860.0,1860.0,1670.0,1685.0,7364845.94662637,12826977519.20049
2021-09-29 09:00:00,1705.0,1785.0,1585.0,1695.0,7852333.86603305,13204694716.970364
2021-09-30 09:00:00,1690.0,1840.0,1665.0,1805.0,9528426.97310006,16657062057.029123
2021-10-01 09:00:00,1810.0,1950.0,1750.0,1935.0,8677191.15315776,16050971217.977703
2021-10-02 09:00:00,1930.0,2000.0,1865.0,1955.0,8960831.90435126,17308294350.142593
2021-10-03 09:00:00,1955.0,1975.0,1860.0,1940.0,7486222.46180266,14296657847.113865
2021-10-04 09:00:00,1935.0,1965.0,1790.0,1895.0,8316486.16445315,15595735676.516132
2021-10-05 09:00:00,1890.0,1985.0,1825.0,1970.0,9643323.75982265,18418767079.85966
2021-10-06 09:00:00,1965.0,2230.0,1900.0,2060.0,25630031.3692154,52854406836.469444
2021-10-07 09:00:00,2055.0,2130.0,1955.0,2125.0,7024045.65933242,14217419827.681904
2021-10-08 09:00:00,2125.0,2440.0,2075.0,2300.0,18115971.16669306,40792030115.16148
2021-10-09 09:00:00,2300.0,2480.0,2120.0,2225.0,17553166.58999279,40638945609.050095
2021-10-10 09:00:00,2225.0,6480.0,2220.0,2690.0,288574370.48763925,1020139377952.1036
2021-10-11 09:00:00,2715.0,3020.0,2430.0,2530.0,31432388.46786825,79362795331.21758
2021-10-12 09:00:00,2530.0,2535.0,2210.0,2360.0,11657087.87816321,26959750188.174763
2021-10-13 09:00:00,2360.0,2830.0,2300.0,2490.0,35074181.30261424,88450259836.15924
2021-10-14 09:00:00,2485.0,2900.0,2465.0,2875.0,53305317.84220203,144675513321.94897
2021-10-15 09:00:00,2880.0,3165.0,2410.0,2590.0,56227385.38955625,156416001233.3358
2021-10-16 09:00:00,2590.0,2630.0,2425.0,2530.0,9361834.46005745,23417487914.91581
2021-10-17 09:00:00,2530.0,2540.0,2350.0,2415.0,4979953.82720114,12125555853.044758
2021-10-18 09:00:00,2420.0,2455.0,2230.0,2450.0,5859645.80549315,13594716283.913567
2021-10-19 09:00:00,2445.0,2580.0,2325.0,2565.0,5247726.22268612,12769890021.785896
2021-10-20 09:00:00,2570.0,2645.0,2420.0,2575.0,6134838.27406589,15354177476.03869
2021-10-21 09:00:00,2580.0,2580.0,2415.0,2460.0,5128482.33064599,12807309267.000578
2021-10-22 09:00:00,2460.0,2675.0,2450.0,2570.0,19457395.95028564,49572940209.152306
2021-10-23 09:00:00,2565.0,2650.0,2490.0,2640.0,4211117.67935641,10755082814.658886
2021-10-24 09:00:00,2640.0,2745.0,2520.0,2575.0,7752349.83852966,20255763460.751553
2021-10-25 09:00:00,2575.0,2590.0,2525.0,2590.0,2444821.14958317,6226773821.9447775
2021-10-26 09:00:00,2590.0,2590.0,2510.0,2530.0,2932523.0392066,7431283809.41765
2021-10-27 09:00:00,2525.0,2530.0,2100.0,2245.0,10149761.4010749,23427043427.15076
2021-10-28 09:00:00,2245.0,2330.0,2130.0,2305.0,4028930.57449326,9042928680.515656
2021-10-29 09:00:00,2305.0,2370.0,2255.0,2345.0,3497251.04889233,8040193900.26316
2021-10-30 09:00:00,2345.0,2510.0,2305.0,2435.0,12217962.25711112,29445119890.079224
2021-10-31 09:00:00,2435.0,2450.0,2265.0,2435.0,8796825.63894095,20635203851.17182
2021-11-01 09:00:00,2435.0,2440.0,2285.0,2365.0,4504778.10675859,10556529815.40994
2021-11-02 09:00:00,2365.0,2525.0,2290.0,2410.0,12272599.75953061,29488833236.07173
2021-11-03 09:00:00,2410.0,2410.0,2250.0,2365.0,5625506.0391934,13113451932.775347
2021-11-04 09:00:00,2365.0,2465.0,2340.0,2435.0,7856599.76380365,18950426643.406128
2021-11-05 09:00:00,2435.0,2435.0,2370.0,2420.0,3266194.51673964,7817106640.508992
2021-11-06 09:00:00,2425.0,2440.0,2350.0,2400.0,2759685.74392599,6602579794.075507
2021-11-07 09:00:00,2400.0,2420.0,2365.0,2415.0,2243682.48356925,5356804470.188958
2021-11-08 09:00:00,2415.0,2420.0,2330.0,2395.0,3240572.9657273,7678929051.758266
2021-11-09 09:00:00,2390.0,2390.0,2315.0,2345.0,3238915.95869307,7606470766.770102
2021-11-10 09:00:00,2350.0,2350.0,2235.0,2265.0,3076295.67949731,7065537136.52252
2021-11-11 09:00:00,2260.0,2265.0,2200.0,2260.0,2048742.82414215,4578163877.675232
2021-11-12 09:00:00,2260.0,2260.0,2150.0,2205.0,2850719.12413447,6261433682.252748
2021-11-13 09:00:00,2205.0,2385.0,2195.0,2265.0,10873108.62377858,24845444919.70814
2021-11-14 09:00:00,2270.0,2270.0,2210.0,2245.0,1534164.61347906,3436580191.876462
2021-11-15 09:00:00,2240.0,2355.0,2225.0,2305.0,5056535.33559458,11505119385.276592
2021-11-16 09:00:00,2310.0,2310.0,2085.0,2200.0,5054799.56472523,11071926555.263525
2021-11-17 09:00:00,2200.0,2340.0,2105.0,2335.0,9731560.17222447,21766937477.295647
2021-11-18 09:00:00,2335.0,2465.0,2075.0,2275.0,18177594.48013343,42565077415.66405
2021-11-19 09:00:00,2275.0,2325.0,2055.0,2320.0,8656139.09703253,19118441986.678726
2021-11-20 09:00:00,2320.0,2430.0,2265.0,2410.0,8721693.3135529,20513799382.687973
2021-11-21 09:00:00,2410.0,2410.0,2340.0,2390.0,3972161.3060453,9422729022.841288
2021-11-22 09:00:00,2385.0,2390.0,2225.0,2230.0,4474758.3299573,10265142450.62389
2021-11-23 09:00:00,2235.0,2370.0,2200.0,2330.0,4776764.62145658,10896195620.957218
2021-11-24 09:00:00,2335.0,2335.0,2215.0,2270.0,4468932.80330603,10119834550.442245
2021-11-25 09:00:00,2265.0,2330.0,2220.0,2325.0,6842264.18057781,15508125788.88459
2021-11-26 09:00:00,2320.0,2615.0,2240.0,2590.0,30953842.8474546,75564533885.46516
2021-11-27 09:00:00,2590.0,2600.0,2410.0,2590.0,11739894.72309758,29257492769.14418
2021-11-28 09:00:00,2580.0,2580.0,2335.0,2415.0,7633734.39487597,18468710783.38329
2021-11-29 09:00:00,2410.0,2540.0,2360.0,2510.0,6659633.72378395,16247569453.582918
2021-11-30 09:00:00,2505.0,2505.0,2340.0,2370.0,5243787.68591308,12676509334.55465
2021-12-01 09:00:00,2380.0,2430.0,2335.0,2350.0,3426610.0323707,8095626207.073574
2021-12-02 09:00:00,2350.0,2445.0,2260.0,2410.0,5616348.20368618,13207507553.2185
2021-12-03 09:00:00,2410.0,2410.0,2195.0,2245.0,3882346.44649896,8967338867.968395
2021-12-04 09:00:00,2245.0,2245.0,1340.0,1860.0,14978584.67667284,27119670903.751156
2021-12-05 09:00:00,1850.0,1880.0,1570.0,1650.0,4957628.44764422,8631530633.472494
2021-12-06 09:00:00,1655.0,1770.0,1440.0,1695.0,5844102.43681829,9323551345.12909
2021-12-07 09:00:00,1690.0,1765.0,1630.0,1710.0,3207186.74679322,5471194459.682522
2021-12-08 09:00:00,1715.0,1850.0,1630.0,1785.0,8942547.05590409,15735362969.579966
2021-12-09 09:00:00,1785.0,1835.0,1585.0,1590.0,3617705.92977449,6151965681.4620905
2021-12-10 09:00:00,1605.0,1650.0,1490.0,1520.0,2333821.28415278,3646238548.0728097
2021-12-11 09:00:00,1520.0,1565.0,1490.0,1555.0,1106577.41264858,1688891246.6580658
2021-12-12 09:00:00,1550.0,1565.0,1515.0,1555.0,750587.10094074,1158682278.4609177
2021-12-13 09:00:00,1540.0,1555.0,1360.0,1380.0,2074403.77158888,2999522230.040058
2021-12-14 09:00:00,1380.0,1490.0,1235.0,1385.0,5002271.19199511,6799476059.896501
2021-12-15 09:00:00,1385.0,1495.0,1310.0,1455.0,2035809.45576471,2828543494.755513
2021-12-16 09:00:00,1455.0,1535.0,1450.0,1455.0,2481546.61950007,3710415496.790821
2021-12-17 09:00:00,1455.0,1710.0,1435.0,1560.0,19861492.49794907,31913767520.62695
2021-12-18 09:00:00,1565.0,1570.0,1475.0,1525.0,4417406.98784783,6687947396.172278
2021-12-19 09:00:00,1530.0,1535.0,1475.0,1480.0,1376724.41397692,2070528257.9863224
2021-12-20 09:00:00,1475.0,1480.0,1360.0,1410.0,1354136.33683013,1912798502.2485197
2021-12-21 09:00:00,1410.0,1525.0,1375.0,1495.0,5351985.20760134,7900310270.756088
2021-12-22 09:00:00,1495.0,1525.0,1470.0,1500.0,2133640.79585774,3193085949.232449
2021-12-23 09:00:00,1500.0,1565.0,1475.0,1560.0,1918283.04667855,2903845047.979091
2021-12-24 09:00:00,1555.0,1745.0,1540.0,1580.0,11502878.97951047,18973342922.839104
2021-12-25 09:00:00,1580.0,1605.0,1545.0,1580.0,1490096.37897919,2346395643.417805
2021-12-26 09:00:00,1585.0,1585.0,1510.0,1575.0,1363396.22057687,2112105011.0456123
2021-12-27 09:00:00,1575.0,1685.0,1570.0,1630.0,6736554.01551575,10991195064.675909
2021-12-28 09:00:00,1630.0,1630.0,1450.0,1480.0,2397518.86478764,3709192695.5814505
2021-12-29 09:00:00,1485.0,1500.0,1390.0,1410.0,1441674.28381625,2077719921.7564785
2021-12-30 09:00:00,1410.0,1515.0,1375.0,1435.0,1931389.93935153,2794029054.315206
2021-12-31 09:00:00,1435.0,1465.0,1395.0,1420.0,1061675.30774304,1520671774.7152884
2022-01-01 09:00:00,1420.0,1455.0,1415.0,1445.0,637163.33928469,914145985.178784
2022-01-02 09:00:00,1445.0,1825.0,1440.0,1565.0,22966358.33954292,37031098869.55522
2022-01-03 09:00:00,1560.0,1795.0,1535.0,1585.0,32250214.76513695,54438036681.57361
2022-01-04 09:00:00,1590.0,1795.0,1580.0,1740.0,24969146.06869306,42129281889.32731
2022-01-05 09:00:00,1730.0,1740.0,1460.0,1525.0,6956197.51009553,11244990399.818419
2022-01-06 09:00:00,1535.0,1560.0,1420.0,1470.0,3538034.70027072,5196145102.483305
2022-01-07 09:00:00,1480.0,1480.0,1180.0,1370.0,3854093.00064126,5246604073.768086
2022-01-08 09:00:00,1375.0,1570.0,1315.0,1380.0,21606029.96955017,31990451843.62664
2022-01-09 09:00:00,1380.0,1490.0,1325.0,1410.0,9674404.04411136,13310026514.455889
2022-01-10 09:00:00,1410.0,1415.0,1100.0,1335.0,5370653.86504439,7074293870.855054
2022-01-11 09:00:00,1335.0,1430.0,1250.0,1390.0,7867355.44257395,10663462882.090858
2022-01-12 09:00:00,1390.0,1430.0,1330.0,1425.0,2543045.27826344,3495558644.1867948
2022-01-13 09:00:00,1425.0,1430.0,1370.0,1375.0,1933337.66932047,2711729313.5379877
2022-01-14 09:00:00,1380.0,1415.0,1335.0,1390.0,1548954.46500276,2127844165.8113606
2022-01-15 09:00:00,1385.0,1415.0,1370.0,1410.0,1038548.17210456,1446987532.387991
2022-01-16 09:00:00,1405.0,1405.0,1380.0,1395.0,977184.28877263,1360432791.7527025
2022-01-17 09:00:00,1395.0,1400.0,1320.0,1340.0,845641.09320674,1149397564.3895018
2022-01-18 09:00:00,1350.0,1410.0,1260.0,1300.0,3085678.82010552,4136216132.6016574
2022-01-19 09:00:00,1295.0,1300.0,1200.0,1245.0,918655.27761825,1154727047.6165109
2022-01-20 09:00:00,1250.0,1350.0,1205.0,1210.0,3120964.28150123,3973396749.7519307
2022-01-21 09:00:00,1210.0,1305.0,1065.0,1085.0,3976195.36088615,4744753217.9136095
2022-01-22 09:00:00,1085.0,1150.0,922.0,988.0,4776340.1192806,4979422338.859865
2022-01-23 09:00:00,999.0,1030.0,969.0,1020.0,2158323.22793824,2161199248.510272
2022-01-24 09:00:00,1020.0,1045.0,868.0,970.0,4049767.88529407,3829099410.0501437
2022-01-25 09:00:00,970.0,1010.0,886.0,957.0,5954535.58590149,5696660306.709676
2022-01-26 09:00:00,960.0,1070.0,937.0,1005.0,6021686.70718736,6033694759.587731
2022-01-27 09:00:00,1005.0,1030.0,963.0,1025.0,2433177.9120124,2421296910.1649213
2022-01-28 09:00:00,1030.0,1060.0,1000.0,1055.0,1517969.25406983,1555254815.1751328
2022-01-29 09:00:00,1055.0,1085.0,1035.0,1075.0,2245446.28567341,2375776851.994681
2022-01-30 09:00:00,1070.0,1110.0,1050.0,1085.0,2252220.70152087,2432184221.2231164
2022-01-31 09:00:00,1080.0,1110.0,1015.0,1105.0,1715635.27434745,1798358712.2616806
2022-02-01 09:00:00,1105.0,1105.0,1065.0,1095.0,2012963.63533517,2179133185.7574673
2022-02-02 09:00:00,1095.0,1280.0,1075.0,1105.0,29447089.36381783,34316794371.438316
2022-02-03 09:00:00,1110.0,1215.0,1090.0,1165.0,10107234.54225581,11631955759.550695
2022-02-04 09:00:00,1165.0,1435.0,1165.0,1240.0,62301218.56955906,80180697208.31813
2022-02-05 09:00:00,1245.0,1330.0,1230.0,1285.0,18188659.64675886,23332664423.35544
2022-02-06 09:00:00,1290.0,1305.0,1230.0,1280.0,3528403.74707449,4490292460.578585
2022-02-07 09:00:00,1280.0,1320.0,1225.0,1315.0,5983908.03104715,7571546420.045567
2022-02-08 09:00:00,1315.0,1320.0,1180.0,1260.0,5835154.58556807,7315500731.400661
2022-02-09 09:00:00,1265.0,1270.0,1205.0,1260.0,1792389.87197066,2221222244.085775
2022-02-10 09:00:00,1270.0,1285.0,1185.0,1205.0,3698718.98614947,4574515917.872363
2022-02-11 09:00:00,1200.0,1305.0,1150.0,1165.0,10383754.88701561,12885655068.57663
2022-02-12 09:00:00,1175.0,1265.0,1090.0,1145.0,9331045.48589055,10999916387.058645
2022-02-13 09:00:00,1145.0,1190.0,1110.0,1170.0,2682261.52852588,3070335839.1175137
2022-02-14 09:00:00,1170.0,1220.0,1105.0,1200.0,3293775.1180957,3834421920.0110793
2022-02-15 09:00:00,1200.0,1270.0,1175.0,1265.0,2876111.44807805,3500952908.8340483
2022-02-16 09:00:00,1265.0,1265.0,1205.0,1235.0,2496916.55643901,3077896497.9839673
2022-02-17 09:00:00,1240.0,1245.0,1120.0,1125.0,2834510.33923205,3351313943.2966113
2022-02-18 09:00:00,1125.0,1155.0,1070.0,1105.0,1674140.76869988,1867785227.8467424
2022-02-19 09:00:00,1105.0,1115.0,1035.0,1080.0,1089276.56899303,1168691064.5839517
2022-02-20 09:00:00,1075.0,1205.0,1010.0,1030.0,30831495.24819042,34992002804.73893
2022-02-21 09:00:00,1030.0,1135.0,947.0,955.0,11645156.53508806,12247222771.440294
2022-02-22 09:00:00,953.0,1015.0,910.0,984.0,5151443.54368116,4983226891.640556
2022-02-23 09:00:00,981.0,1010.0,954.0,972.0,2474998.8190934,2430081466.276101
2022-02-24 09:00:00,989.0,1010.0,864.0,954.0,5116288.97312418,4817124485.982996
2022-02-25 09:00:00,959.0,1030.0,935.0,1025.0,9404597.21393385,9234771258.141064
2022-02-26 09:00:00,1025.0,1340.0,1015.0,1160.0,101680749.29983208,125139788921.35162
2022-02-27 09:00:00,1155.0,1205.0,1050.0,1060.0,13633180.47679855,15175082935.098974
2022-02-28 09:00:00,1060.0,1135.0,1045.0,1125.0,9954552.70444303,10798947407.890633
2022-03-01 09:00:00,1135.0,1145.0,1095.0,1140.0,4671465.58382094,5217842697.019862
2022-03-02 09:00:00,1140.0,1150.0,1080.0,1125.0,3380652.16003219,3754951433.347587
2022-03-03 09:00:00,1125.0,1140.0,1080.0,1100.0,2699854.72759705,2995580734.6219344
2022-03-04 09:00:00,1100.0,1130.0,1045.0,1075.0,2981356.41359521,3229243841.448693
2022-03-05 09:00:00,1070.0,1100.0,1040.0,1080.0,1942976.09438448,2074165411.2089357
2022-03-06 09:00:00,1080.0,1080.0,1030.0,1060.0,1309115.51226512,1381704405.7714486
2022-03-07 09:00:00,1065.0,1200.0,1000.0,1040.0,15188553.18344543,16333936505.357677
2022-03-08 09:00:00,1045.0,1075.0,1020.0,1060.0,5084027.24809479,5303191434.260464
2022-03-09 09:00:00,1065.0,1145.0,1065.0,1115.0,14833235.88098587,16385958164.66193
2022-03-10 09:00:00,1120.0,1125.0,1035.0,1080.0,4829681.64023224,5148900604.196408
2022-03-11 09:00:00,1075.0,1080.0,1030.0,1060.0,1932756.68889872,2039722451.9999774
2022-03-12 09:00:00,1060.0,1070.0,1050.0,1060.0,997474.96554548,1055039589.7626836
2022-03-13 09:00:00,1055.0,1060.0,1015.0,1025.0,1630165.37416656,1691434149.3881576
2022-03-14 09:00:00,1025.0,1040.0,1005.0,1040.0,2112615.5640597,2152141151.911514
2022-03-15 09:00:00,1040.0,1040.0,994.0,1010.0,1673283.58118164,1693654899.2446709
2022-03-16 09:00:00,1010.0,1040.0,1000.0,1040.0,2498153.94031001,2541029008.6109834
2022-03-17 09:00:00,1040.0,1050.0,1015.0,1035.0,1934323.04520516,1993987703.7692769
2022-03-18 09:00:00,1035.0,1060.0,1020.0,1060.0,1719123.65397953,1781628259.4637063
2022-03-19 09:00:00,1060.0,1080.0,1040.0,1075.0,2471886.5800849,2622992499.2548656
2022-03-20 09:00:00,1075.0,1085.0,1050.0,1060.0,2003953.94540287,2136346707.4236507
2022-03-21 09:00:00,1065.0,1085.0,1040.0,1080.0,2209401.5466975,2355001674.5996723
2022-03-22 09:00:00,1080.0,1145.0,1065.0,1125.0,3110148.2360364,3427948250.898752
2022-03-23 09:00:00,1120.0,1135.0,1090.0,1135.0,3033955.38992135,3374203204.072615
2022-03-24 09:00:00,1135.0,1155.0,1110.0,1145.0,3852202.19635602,4350507024.776763
2022-03-25 09:00:00,1145.0,1180.0,1125.0,1170.0,3731678.06993822,4277103899.967623
2022-03-26 09:00:00,1175.0,1235.0,1145.0,1225.0,7557180.56719352,8999737693.078777
2022-03-27 09:00:00,1230.0,1420.0,1210.0,1320.0,21100368.82663271,27649635475.58843
2022-03-28 09:00:00,1315.0,2065.0,1315.0,1500.0,238640972.06852484,410288300345.94055
2022-03-29 09:00:00,1500.0,1515.0,1410.0,1440.0,25399559.54456376,37213824951.17439
2022-03-30 09:00:00,1435.0,1465.0,1360.0,1450.0,11004591.95058604,15471034961.549675
2022-03-31 09:00:00,1455.0,1515.0,1405.0,1490.0,17465380.29534098,25694233927.017754
2022-04-01 09:00:00,1495.0,1575.0,1420.0,1565.0,10271993.8442154,15367810095.04236
2022-04-02 09:00:00,1560.0,1605.0,1465.0,1560.0,12681221.87495956,19708611160.80381
2022-04-03 09:00:00,1550.0,1710.0,1460.0,1545.0,16301988.33524192,25599461017.12601
2022-04-04 09:00:00,1545.0,1545.0,1385.0,1435.0,7005411.3066488,10118134840.841722
2022-04-05 09:00:00,1435.0,1440.0,1385.0,1435.0,2881399.33304052,4080517504.316883
2022-04-06 09:00:00,1435.0,1435.0,1215.0,1240.0,5365967.87627833,7067003072.549415
2022-04-07 09:00:00,1240.0,1325.0,1205.0,1325.0,2586955.41049643,3273161116.500299
2022-04-08 09:00:00,1325.0,1340.0,1250.0,1265.0,2464724.64555997,3200671706.0580845
2022-04-09 09:00:00,1270.0,1350.0,1250.0,1285.0,3841759.24932555,4963717186.223396
2022-04-10 09:00:00,1285.0,1290.0,1230.0,1260.0,1350044.05521274,1700462074.5676398
2022-04-11 09:00:00,1255.0,1330.0,1185.0,1220.0,6385989.64222483,7987269322.871912
2022-04-12 09:00:00,1220.0,1380.0,1165.0,1310.0,19369368.24471863,25100542654.73048
2022-04-13 09:00:00,1310.0,1410.0,1275.0,1375.0,11080060.96011614,14758880190.95237
2022-04-14 09:00:00,1375.0,1380.0,1300.0,1320.0,4352629.29541319,5808872850.46551
2022-04-15 09:00:00,1315.0,1320.0,1255.0,1315.0,3044407.35638595,3909175288.8992
2022-04-16 09:00:00,1320.0,1420.0,1270.0,1295.0,8043569.47741445,10740897439.618637
2022-04-17 09:00:00,1295.0,1330.0,1270.0,1300.0,4729416.50239859,6173334459.4429865
2022-04-18 09:00:00,1300.0,1300.0,1210.0,1300.0,4583492.39782019,5739600123.437373
2022-04-19 09:00:00,1295.0,1345.0,1275.0,1340.0,3178254.20336068,4145524120.283523
2022-04-20 09:00:00,1385.0,1385.0,1275.0,1340.0,7297072.3588982,9749601773.758492
2022-04-21 09:00:00,1340.0,1395.0,1295.0,1350.0,7105202.85635765,9581296948.82776
2022-04-22 09:00:00,1355.0,1515.0,1315.0,1335.0,29565300.01555525,41656842060.832855
2022-04-23 09:00:00,1335.0,1460.0,1320.0,1380.0,18782818.06540686,25969615127.032963
2022-04-24 09:00:00,1375.0,1380.0,1280.0,1295.0,5656553.8611137,7521642731.445146
2022-04-25 09:00:00,1295.0,1295.0,1170.0,1255.0,5768237.91515808,7047703773.936276
2022-04-26 09:00:00,1255.0,1270.0,1160.0,1170.0,3933771.31840566,4787273855.825519
2022-04-27 09:00:00,1160.0,1205.0,1135.0,1195.0,3798854.62127301,4459517891.590755
2022-04-28 09:00:00,1195.0,1220.0,1170.0,1210.0,2526168.9009587,3009196407.928673
2022-04-29 09:00:00,1210.0,1210.0,1140.0,1150.0,1997566.04110703,2351561121.5254765
2022-04-30 09:00:00,1145.0,1150.0,1030.0,1035.0,2959993.00834395,3243690047.405576
2022-05-01 09:00:00,1040.0,1070.0,971.0,1035.0,3385784.62427349,3446816504.3641214
2022-05-02 09:00:00,1035.0,1050.0,994.0,1025.0,1816147.47937177,1853113870.8189735
2022-05-03 09:00:00,1020.0,1040.0,1005.0,1015.0,1260624.06001918,1284898164.3033574
2022-05-04 09:00:00,1015.0,1130.0,998.0,1100.0,4077119.17225949,4312987743.444826
2022-05-05 09:00:00,1100.0,1220.0,1025.0,1035.0,33885641.1313275,38838910239.20528
2022-05-06 09:00:00,1035.0,1070.0,964.0,1020.0,6019382.09682858,6092798901.095847
2022-05-07 09:00:00,1015.0,1025.0,965.0,978.0,1670857.36836275,1660138871.974268
2022-05-08 09:00:00,978.0,983.0,916.0,930.0,2722478.50954899,2549766920.556813
2022-05-09 09:00:00,928.0,937.0,779.0,789.0,5593270.38176038,4831274024.45965
2022-05-10 09:00:00,789.0,844.0,750.0,792.0,3711655.75471202,2978958607.078934
2022-05-11 09:00:00,792.0,806.0,588.0,615.0,8395547.64537604,5765061168.989762
2022-05-12 09:00:00,615.0,653.0,459.0,519.0,8835568.0139765,4667614700.025403
2022-05-13 09:00:00,519.0,620.0,507.0,589.0,4917465.21260649,2796302075.3525825
2022-05-14 09:00:00,593.0,663.0,560.0,633.0,11562487.79183089,7187325077.594189
2022-05-15 09:00:00,630.0,733.0,630.0,691.0,32180463.76290705,22013365776.67037
2022-05-16 09:00:00,691.0,692.0,637.0,650.0,3185857.47393031,2099592128.7246482
2022-05-17 09:00:00,650.0,689.0,647.0,683.0,4153318.89082721,2792262504.3181562
2022-05-18 09:00:00,686.0,704.0,585.0,591.0,5410713.02297826,3579025064.580964
2022-05-19 09:00:00,591.0,622.0,557.0,619.0,3423229.30579813,2009672124.9101431
2022-05-20 09:00:00,619.0,639.0,581.0,603.0,2762624.35141175,1681717059.4331157
2022-05-21 09:00:00,606.0,621.0,586.0,617.0,1683920.80512436,1015957520.3360447
2022-05-22 09:00:00,616.0,710.0,607.0,676.0,27026919.09881904,17847996441.590263
2022-05-23 09:00:00,675.0,705.0,639.0,667.0,6275556.44130401,4268508316.6464224
2022-05-24 09:00:00,667.0,720.0,640.0,720.0,8327701.51216863,5641265882.594757
2022-05-25 09:00:00,715.0,722.0,676.0,714.0,4101966.62248717,2836040492.7706537
2022-05-26 09:00:00,714.0,725.0,640.0,673.0,3939517.06641989,2707853376.3062606
2022-05-27 09:00:00,673.0,678.0,629.0,649.0,1780412.91824581,1152468507.7756944
2022-05-28 09:00:00,648.0,674.0,636.0,646.0,2195051.61000513,1427964861.7267158
2022-05-29 09:00:00,644.0,667.0,619.0,665.0,3467289.45878803,2244041246.467491
2022-05-30 09:00:00,662.0,706.0,651.0,701.0,3204196.1155397,2167137692.014802
2022-05-31 09:00:00,725.0,728.0,677.0,693.0,5432004.60808483,3803957207.9214983
2022-06-01 09:00:00,693.0,1190.0,684.0,890.0,395352078.89856446,385387264979.9371
2022-06-02 09:00:00,892.0,909.0,752.0,778.0,71599587.753288,57358507916.21704
2022-06-03 09:00:00,778.0,825.0,727.0,755.0,27767589.34460504,21537865814.156498
2022-06-04 09:00:00,756.0,757.0,725.0,748.0,4133533.38018091,3046110913.3859954
2022-06-05 09:00:00,745.0,786.0,726.0,766.0,18659896.99413156,14090891360.340143
2022-06-06 09:00:00,766.0,846.0,753.0,796.0,33589651.54107756,26740196256.67349
2022-06-07 09:00:00,796.0,796.0,728.0,759.0,8159695.58666967,6138055030.91209
2022-06-08 09:00:00,759.0,761.0,725.0,734.0,3567869.75966488,2625339929.0787015
2022-06-09 09:00:00,734.0,785.0,726.0,736.0,25544288.63226258,19257523523.97601
2022-06-10 09:00:00,736.0,738.0,674.0,686.0,7798051.41230265,5470904351.914642
2022-06-11 09:00:00,686.0,698.0,630.0,666.0,4006936.66703706,2694502773.3494935
2022-06-12 09:00:00,660.0,667.0,589.0,611.0,3423550.57769277,2142102993.1998487
2022-06-13 09:00:00,611.0,643.0,500.0,513.0,5891419.04418488,3264884090.4273415
2022-06-14 09:00:00,513.0,521.0,441.0,507.0,4968190.8328665,2427605450.6652703
2022-06-15 09:00:00,505.0,531.0,445.0,530.0,8670745.93383767,4183107099.6582465
2022-06-16 09:00:00,530.0,565.0,490.0,517.0,28359163.40976696,15171371522.232384
2022-06-17 09:00:00,519.0,562.0,496.0,546.0,15649002.93307817,8268948948.183926
2022-06-18 09:00:00,546.0,551.0,490.0,507.0,6453267.78071186,3331297750.3665853
2022-06-19 09:00:00,509.0,526.0,471.0,524.0,5717432.60552244,2839041902.4627843
2022-06-20 09:00:00,524.0,537.0,499.0,537.0,5389857.96714393,2801868356.8213625
2022-06-21 09:00:00,536.0,623.0,526.0,587.0,19611597.71677384,11251610364.102293
2022-06-22 09:00:00,587.0,670.0,553.0,574.0,25837047.5373109,15427715883.964808
2022-06-23 09:00:00,574.0,610.0,560.0,590.0,19405609.62070711,11328550181.1007
2022-06-24 09:00:00,591.0,602.0,575.0,600.0,8926808.22029935,5218005189.348341
2022-06-25 09:00:00,599.0,599.0,570.0,590.0,4818132.12207723,2835118094.126884
2022-06-26 09:00:00,588.0,604.0,570.0,573.0,5685934.84103168,3329141745.1980505
2022-06-27 09:00:00,573.0,662.0,563.0,607.0,62617735.75444246,38530554900.07236
2022-06-28 09:00:00,608.0,670.0,588.0,600.0,30758626.94344724,19138632591.208347
2022-06-29 09:00:00,600.0,613.0,559.0,580.0,10111405.75681972,5890019236.388569
2022-06-30 09:00:00,581.0,581.0,512.0,544.0,5543211.78345258,2984795192.5862184
2022-07-01 09:00:00,544.0,599.0,524.0,562.0,23798148.90489788,13469662289.975317
2022-07-02 09:00:00,563.0,628.0,561.0,575.0,57085154.16549322,33531523694.49248
2022-07-03 09:00:00,575.0,575.0,547.0,561.0,6520628.9355317,3644443257.978054
2022-07-04 09:00:00,561.0,566.0,536.0,566.0,3526147.72885186,1946141380.0785573
2022-07-05 09:00:00,561.0,566.0,541.0,555.0,3662975.35048495,2030762202.3102307
2022-07-06 09:00:00,555.0,585.0,548.0,556.0,10033313.08025407,5659070204.148939
2022-07-07 09:00:00,556.0,570.0,552.0,568.0,4154059.72831566,2324092135.736588
2022-07-08 09:00:00,568.0,598.0,562.0,583.0,21648626.51116424,12591594398.525066
2022-07-09 09:00:00,584.0,617.0,573.0,604.0,11754490.6190404,6991959714.088429
2022-07-10 09:00:00,605.0,622.0,580.0,596.0,11440030.45681473,6870970538.610613
2022-07-11 09:00:00,596.0,610.0,544.0,552.0,6745042.7393719,3897759222.569281
2022-07-12 09:00:00,553.0,555.0,525.0,530.0,4726382.82432267,2542802190.1957817
2022-07-13 09:00:00,530.0,540.0,501.0,539.0,6387363.72264863,3317024222.822618
2022-07-14 09:00:00,539.0,548.0,517.0,546.0,3684934.23974227,1962719895.4263906
2022-07-15 09:00:00,544.0,623.0,533.0,562.0,47365648.73757721,27905544061.045895
2022-07-16 09:00:00,562.0,602.0,558.0,583.0,38187069.02592643,22301866543.4445
2022-07-17 09:00:00,584.0,620.0,575.0,580.0,30883780.7533745,18401445676.66349
2022-07-18 09:00:00,580.0,602.0,569.0,601.0,11006143.32762184,6472042334.323147
2022-07-19 09:00:00,601.0,622.0,589.0,621.0,9367775.28147456,5637490859.266622
2022-07-20 09:00:00,621.0,668.0,590.0,597.0,25934654.50244247,16506922533.747078
2022-07-21 09:00:00,596.0,626.0,578.0,602.0,8625850.04748005,5188100589.585891
2022-07-22 09:00:00,602.0,618.0,579.0,590.0,5742926.42771164,3445881657.8230963
2022-07-23 09:00:00,590.0,597.0,576.0,592.0,3282168.55829431,1928753536.018593
2022-07-24 09:00:00,594.0,644.0,591.0,603.0,27807447.36249236,17052659742.869577
2022-07-25 09:00:00,605.0,605.0,570.0,574.0,7071565.43873834,4121642349.1714864
2022-07-26 09:00:00,573.0,597.0,551.0,568.0,5621593.70624813,3224674107.8216186
2022-07-27 09:00:00,569.0,594.0,557.0,593.0,3521621.94323746,2012752014.6447623
2022-07-28 09:00:00,593.0,612.0,582.0,606.0,6550916.1782158,3897062841.98527
2022-07-29 09:00:00,606.0,614.0,591.0,611.0,5735958.24487387,3458227847.1496024
2022-07-30 09:00:00,611.0,625.0,605.0,621.0,7009293.43124538,4316471194.4896965
2022-07-31 09:00:00,619.0,710.0,606.0,654.0,45282407.13851156,29919271977.889694
2022-08-01 09:00:00,654.0,763.0,646.0,691.0,65870307.06360543,45950642661.1234
2022-08-02 09:00:00,690.0,690.0,625.0,654.0,9118001.95561245,5950480109.325564
2022-08-03 09:00:00,652.0,659.0,628.0,658.0,3451038.77019615,2220226081.7942777
2022-08-04 09:00:00,658.0,658.0,643.0,651.0,2981332.98233816,1933098933.816178
2022-08-05 09:00:00,651.0,667.0,645.0,665.0,3329876.11489676,2174646545.813789
2022-08-06 09:00:00,665.0,689.0,660.0,673.0,6361281.69259737,4281806035.0893545
2022-08-07 09:00:00,671.0,679.0,662.0,674.0,2546485.11651833,1702131845.7546473
2022-08-08 09:00:00,674.0,679.0,661.0,677.0,4100991.26794107,2755014800.0239553
2022-08-09 09:00:00,678.0,746.0,650.0,666.0,38852288.65330652,27274485002.344013
2022-08-10 09:00:00,666.0,692.0,648.0,692.0,7715649.1901242,5143204928.770802
2022-08-11 09:00:00,692.0,740.0,681.0,713.0,19154794.65522975,13520550240.577316
2022-08-12 09:00:00,713.0,790.0,697.0,725.0,20964945.11543602,15211969083.183308
2022-08-13 09:00:00,724.0,731.0,710.0,726.0,4713028.16541729,3385891135.688194
2022-08-14 09:00:00,726.0,727.0,705.0,714.0,4440513.48852677,3180916512.591151
2022-08-15 09:00:00,714.0,763.0,705.0,728.0,29257505.2051663,21473437086.83363
2022-08-16 09:00:00,730.0,730.0,696.0,705.0,4839270.36042633,3430242620.317031
2022-08-17 09:00:00,705.0,709.0,666.0,686.0,4598430.74853891,3175823528.484371
2022-08-18 09:00:00,685.0,692.0,674.0,687.0,1885116.66547392,1288952323.1763356
2022-08-19 09:00:00,687.0,687.0,600.0,601.0,5692091.24274626,3618804042.4915366
2022-08-20 09:00:00,601.0,648.0,586.0,605.0,4672820.88879467,2858423998.1017995
2022-08-21 09:00:00,605.0,618.0,591.0,609.0,2390783.87353816,1442282799.7745392
2022-08-22 09:00:00,608.0,611.0,569.0,594.0,2392495.64821775,1404562129.8567057
2022-08-23 09:00:00,593.0,603.0,571.0,596.0,1811117.40496974,1064407173.7103417
2022-08-24 09:00:00,596.0,604.0,581.0,591.0,2008641.6059562,1190963322.2682245
2022-08-25 09:00:00,591.0,750.0,587.0,633.0,117533492.94611765,78265770583.12779
2022-08-26 09:00:00,633.0,679.0,593.0,597.0,54367971.74710222,34941238824.57743
2022-08-27 09:00:00,596.0,620.0,572.0,582.0,13391434.50434784,7996505031.524346
2022-08-28 09:00:00,583.0,583.0,561.0,561.0,5734942.69826123,3300180121.400905
2022-08-29 09:00:00,560.0,574.0,542.0,572.0,4814860.8155816,2692772204.5021186
2022-08-30 09:00:00,572.0,585.0,559.0,566.0,6144599.14736851,3522607536.868172
2022-08-31 09:00:00,567.0,577.0,564.0,570.0,3518029.00971848,2010702531.252141
2022-09-01 09:00:00,569.0,575.0,550.0,566.0,3373555.52001988,1892778483.897214
2022-09-02 09:00:00,567.0,575.0,558.0,564.0,2930649.17314821,1654065893.4405553
2022-09-03 09:00:00,564.0,571.0,558.0,569.0,1423606.15812374,802544965.5405625
2022-09-04 09:00:00,569.0,570.0,561.0,568.0,1450427.37090392,820074606.3706073
2022-09-05 09:00:00,569.0,569.0,558.0,566.0,2490639.87293365,1402131614.9917145
2022-09-06 09:00:00,567.0,572.0,531.0,532.0,5114516.91164955,2850784444.8710613
2022-09-07 09:00:00,533.0,545.0,521.0,544.0,2442577.31756838,1293239194.7873006
2022-09-08 09:00:00,543.0,612.0,539.0,564.0,37315882.76050708,21154159397.333035
2022-09-09 09:00:00,567.0,587.0,562.0,583.0,11242439.74954614,6462193059.324792
2022-09-10 09:00:00,583.0,597.0,571.0,585.0,5998372.28079758,3484818869.1436815
2022-09-11 09:00:00,585.0,655.0,577.0,606.0,43539687.11183565,26695873481.537483
2022-09-12 09:00:00,605.0,769.0,600.0,680.0,240561671.42320168,167935199343.67786
2022-09-13 09:00:00,681.0,730.0,602.0,611.0,54804967.69456994,35995634783.02622
2022-09-14 09:00:00,611.0,615.0,580.0,599.0,12128936.66766443,7256283539.891828
2022-09-15 09:00:00,599.0,609.0,576.0,582.0,10407158.78990683,6145392872.985829
2022-09-16 09:00:00,583.0,594.0,566.0,573.0,7903507.53981743,4552296447.692107
2022-09-17 09:00:00,575.0,624.0,573.0,594.0,47213928.36019626,28346301661.975437
2022-09-18 09:00:00,594.0,614.0,538.0,545.0,15548179.95030311,9160233330.107767
2022-09-19 09:00:00,545.0,553.0,514.0,549.0,7652216.0585009,4070659743.998608
2022-09-20 09:00:00,549.0,552.0,529.0,538.0,3790488.9875709,2041274331.0876548
2022-09-21 09:00:00,538.0,584.0,525.0,535.0,20204145.74089975,11160860896.12885
2022-09-22 09:00:00,536.0,556.0,532.0,555.0,4908508.9068712,2681616563.483704
2022-09-23 09:00:00,554.0,562.0,541.0,557.0,5587363.89029212,3085929437.933958
2022-09-24 09:00:00,557.0,579.0,552.0,560.0,5796024.34810972,3263434438.798592
2022-09-25 09:00:00,563.0,645.0,560.0,591.0,108201860.53470427,65457041648.60257
2022-09-26 09:00:00,591.0,591.0,548.0,564.0,21976793.9139344,12393159090.403063
2022-09-27 09:00:00,564.0,584.0,551.0,558.0,14830408.04255161,8439920760.910189
2022-09-28 09:00:00,559.0,560.0,535.0,550.0,4994229.25052334,2720051138.8124857
2022-09-29 09:00:00,551.0,556.0,537.0,546.0,3147020.86831499,1717489046.9120512
2022-09-30 09:00:00,545.0,551.0,540.0,549.0,2355062.5642891,1282366123.8411555
2022-10-01 09:00:00,549.0,552.0,540.0,547.0,1678604.80388598,918205244.649041
2022-10-02 09:00:00,546.0,551.0,541.0,546.0,2105476.45737635,1149782837.2886915
2022-10-03 09:00:00,544.0,566.0,540.0,550.0,8044625.58001832,4431967942.980438
2022-10-04 09:00:00,550.0,557.0,544.0,553.0,3688886.13417857,2030995306.1372023
2022-10-05 09:00:00,553.0,553.0,542.0,550.0,2119961.0552631,1162071672.6179068
2022-10-06 09:00:00,550.0,557.0,545.0,548.0,2829435.79086289,1557803721.3748972
2022-10-07 09:00:00,548.0,567.0,541.0,555.0,11048849.65200627,6135419297.704824
2022-10-08 09:00:00,555.0,625.0,554.0,566.0,59055000.05140692,34312161491.63009
2022-10-09 09:00:00,567.0,579.0,548.0,556.0,7071659.85016987,3971523362.106216
2022-10-10 09:00:00,556.0,562.0,537.0,538.0,4876484.43060188,2684399092.2284603
2022-10-11 09:00:00,539.0,539.0,522.0,527.0,3255955.56311798,1720717430.0908895
2022-10-12 09:00:00,525.0,536.0,522.0,535.0,1720957.733362,907155562.5798495
2022-10-13 09:00:00,535.0,535.0,488.0,520.0,4572963.68725586,2323424343.2596254
2022-10-14 09:00:00,521.0,547.0,511.0,520.0,4414326.62192357,2333395890.4030786
2022-10-15 09:00:00,520.0,530.0,512.0,521.0,1376714.70207891,712660863.8421398
2022-10-16 09:00:00,521.0,529.0,516.0,525.0,1382095.78016089,719182316.1217114
2022-10-17 09:00:00,524.0,551.0,515.0,541.0,10803027.18056019,5795790024.458805
2022-10-18 09:00:00,541.0,567.0,528.0,533.0,13545267.4813122,7391119751.953401
2022-10-19 09:00:00,532.0,534.0,513.0,518.0,2921990.22676286,1521094967.3979328
2022-10-20 09:00:00,518.0,520.0,508.0,515.0,1853692.09989169,952136062.5809954
2022-10-21 09:00:00,514.0,520.0,503.0,517.0,1680698.3018517,859069579.1947277
2022-10-22 09:00:00,519.0,531.0,512.0,521.0,2938711.27822378,1532310604.2101908
2022-10-23 09:00:00,520.0,547.0,514.0,530.0,9251567.31013055,4905927403.621181
2022-10-24 09:00:00,537.0,581.0,525.0,556.0,34078333.30826137,18724140015.974228
2022-10-25 09:00:00,556.0,564.0,539.0,547.0,13588010.36721341,7448444188.456902
2022-10-26 09:00:00,546.0,549.0,536.0,545.0,5275646.98308533,2863435552.6128736
2022-10-27 09:00:00,545.0,546.0,530.0,532.0,3479857.63482239,1871971314.9821126
2022-10-28 09:00:00,531.0,539.0,520.0,537.0,2974864.58301283,1574806914.8821409
2022-10-29 09:00:00,538.0,541.0,522.0,534.0,2880674.80308589,1544089785.1606052
2022-10-30 09:00:00,533.0,539.0,523.0,527.0,2403108.80153838,1275046342.715075
2022-10-31 09:00:00,527.0,565.0,519.0,544.0,32996953.67018809,17994515434.502785
2022-11-01 09:00:00,541.0,559.0,532.0,541.0,11791371.56881306,6450856170.802372
2022-11-02 09:00:00,541.0,542.0,520.0,525.0,4092514.98464453,2161832555.019014
2022-11-03 09:00:00,525.0,537.0,523.0,536.0,3225252.70691546,1714740715.53706
2022-11-04 09:00:00,536.0,551.0,533.0,547.0,4415432.16573604,2387696615.9646688
2022-11-05 09:00:00,548.0,560.0,546.0,553.0,5551691.6869767,3065325955.555555
2022-11-06 09:00:00,552.0,552.0,533.0,536.0,3546588.60402856,1929207062.4391987
2022-11-07 09:00:00,535.0,542.0,526.0,532.0,2803629.68589422,1494330873.5485115
2022-11-08 09:00:00,532.0,544.0,463.0,476.0,8078210.12981148,4111491690.899241
2022-11-09 09:00:00,474.0,478.0,340.0,356.0,10243072.17429019,4246202917.185637
2022-11-10 09:00:00,353.0,408.0,342.0,407.0,9203528.85457487,3461635484.5396457
2022-11-11 09:00:00,407.0,412.0,364.0,384.0,5397764.88642337,2089264255.6257012
2022-11-12 09:00:00,385.0,408.0,355.0,371.0,6147293.57058204,2349721584.42105
2022-11-13 09:00:00,372.0,421.0,340.0,346.0,43554854.46279598,16839841904.307875
2022-11-14 09:00:00,348.0,353.0,303.0,345.0,12638031.41252466,4132245358.778632
2022-11-15 09:00:00,347.0,382.0,336.0,359.0,20347209.89576638,7371788413.244906
2022-11-16 09:00:00,360.0,376.0,347.0,359.0,6882741.50700176,2488409048.834252
2022-11-17 09:00:00,361.0,361.0,338.0,351.0,2093027.38853177,730342546.1627132
2022-11-18 09:00:00,350.0,372.0,348.0,364.0,6115675.6108938,2205490160.6253576
2022-11-19 09:00:00,364.0,402.0,361.0,394.0,21244496.68520547,8129828258.096186
2022-11-20 09:00:00,394.0,438.0,370.0,376.0,29906720.90569583,12117432784.915092
2022-11-21 09:00:00,375.0,389.0,356.0,372.0,9769213.90655225,3639697827.3246374
2022-11-22 09:00:00,373.0,390.0,356.0,390.0,4679378.26630439,1738204534.5928783
2022-11-23 09:00:00,390.0,425.0,382.0,419.0,11282290.81895476,4566754783.983378
2022-11-24 09:00:00,419.0,445.0,392.0,443.0,9562426.84123044,3995840510.730825
2022-11-25 09:00:00,440.0,440.0,382.0,401.0,14606577.41502989,5826946855.224342
2022-11-26 09:00:00,400.0,448.0,395.0,403.0,39750003.62345319,16640840517.182983
2022-11-27 09:00:00,403.0,404.0,389.0,393.0,5868149.83068114,2317643511.504659
2022-11-28 09:00:00,395.0,402.0,372.0,380.0,7699621.0170398,2959787666.8761883
2022-11-29 09:00:00,380.0,397.0,368.0,386.0,7733674.56866407,2973924223.3866267
2022-11-30 09:00:00,386.0,398.0,381.0,395.0,4704223.43185884,1829239043.3707309
2022-12-01 09:00:00,395.0,470.0,390.0,391.0,148740372.88098803,65035978011.811844
2022-12-02 09:00:00,393.0,393.0,367.0,379.0,13893170.50087035,5257519013.472823
2022-12-03 09:00:00,379.0,380.0,371.0,376.0,2924601.76672582,1097966869.829029
2022-12-04 09:00:00,375.0,378.0,372.0,377.0,2732522.91730046,1025040207.5451005
2022-12-05 09:00:00,376.0,379.0,370.0,373.0,3671247.26239871,1371937244.2053494
2022-12-06 09:00:00,373.0,374.0,367.0,373.0,2472199.30147237,917763842.4240407
2022-12-07 09:00:00,373.0,373.0,339.0,349.0,7392410.8399033,2619941503.291759
2022-12-08 09:00:00,349.0,359.0,327.0,345.0,14016870.75644441,4762172628.924696
2022-12-09 09:00:00,345.0,348.0,332.0,344.0,9614745.25656873,3273972924.0487494
2022-12-10 09:00:00,343.0,525.0,340.0,517.0,192576422.20624733,84631031923.31438
2022-12-11 09:00:00,518.0,598.0,473.0,498.0,488849052.8116202,266268522052.30496
2022-12-12 09:00:00,498.0,512.0,431.0,444.0,92254939.50119644,42953860299.01623
2022-12-13 09:00:00,443.0,447.0,396.0,417.0,58600937.16391402,24393097613.130997
2022-12-14 09:00:00,417.0,435.0,400.0,407.0,24251001.82582994,10069644168.147373
2022-12-15 09:00:00,407.0,422.0,386.0,398.0,22319211.20536404,8935934464.063446
2022-12-16 09:00:00,399.0,417.0,342.0,356.0,23476827.55750093,9122504013.3303
2022-12-17 09:00:00,355.0,358.0,327.0,353.0,12711733.57228296,4352190755.133199
2022-12-18 09:00:00,353.0,402.0,353.0,364.0,107200304.89616892,40271568333.278305
2022-12-19 09:00:00,365.0,365.0,318.0,331.0,19921106.02757887,6864168300.088699
2022-12-20 09:00:00,330.0,352.0,321.0,346.0,17553564.66694488,5958925270.931014
2022-12-21 09:00:00,345.0,351.0,336.0,346.0,10689294.43568379,3664304193.877083
2022-12-22 09:00:00,346.0,347.0,325.0,335.0,8674177.25089592,2916395096.59157
2022-12-23 09:00:00,336.0,362.0,330.0,345.0,46194891.79063393,16054993890.880274
2022-12-24 09:00:00,346.0,367.0,344.0,354.0,48218030.81387597,17230458591.596375
2022-12-25 09:00:00,354.0,354.0,335.0,340.0,10972090.49972686,3759697658.3247786
2022-12-26 09:00:00,339.0,340.0,326.0,333.0,8334517.69253437,2763578388.3823795
2022-12-27 09:00:00,332.0,343.0,319.0,323.0,9707932.71208624,3175627740.2334466
2022-12-28 09:00:00,323.0,323.0,302.0,306.0,9334732.55841607,2900573523.3635674
2022-12-29 09:00:00,306.0,320.0,287.0,302.0,14772602.68753839,4474513838.075284
2022-12-30 09:00:00,301.0,305.0,285.0,294.0,6904333.80447325,2026362572.1379619
2022-12-31 09:00:00,293.0,316.0,292.0,301.0,36875926.06252572,11325654156.572214
2023-01-01 09:00:00,301.0,305.0,298.0,304.0,4172654.08725577,1260377744.6430538
2023-01-02 09:00:00,304.0,309.0,298.0,305.0,4308748.08608959,1308397104.4697778
2023-01-03 09:00:00,306.0,312.0,304.0,307.0,5685924.38173082,1742549204.4980922
2023-01-04 09:00:00,307.0,313.0,304.0,311.0,9836031.465956,3032359830.11165
2023-01-05 09:00:00,311.0,312.0,301.0,310.0,7571209.6598403,2326011395.8354836
2023-01-06 09:00:00,310.0,315.0,295.0,307.0,9401087.53878604,2850828996.969279
2023-01-07 09:00:00,306.0,314.0,303.0,307.0,3667551.28564777,1124263740.437591
2023-01-08 09:00:00,307.0,313.0,304.0,311.0,7218850.74799199,2225123889.863701
2023-01-09 09:00:00,311.0,325.0,309.0,319.0,12110252.7578282,3830539988.9618983
2023-01-10 09:00:00,319.0,333.0,315.0,325.0,21737173.8228566,7010737039.477643
2023-01-11 09:00:00,327.0,345.0,322.0,335.0,38726666.73817973,12964354203.353035
2023-01-12 09:00:00,334.0,343.0,324.0,340.0,24926542.6076195,8336605279.973848
2023-01-13 09:00:00,340.0,349.0,335.0,348.0,18263483.55986032,6226789763.6413355
2023-01-14 09:00:00,348.0,369.0,337.0,363.0,36295041.74659035,12812694277.235476
2023-01-15 09:00:00,363.0,440.0,351.0,375.0,131826908.00258869,51931981413.62692
2023-01-16 09:00:00,375.0,480.0,373.0,408.0,322152497.3183981,138515199722.2687
2023-01-17 09:00:00,408.0,408.0,386.0,395.0,29533541.49134486,11600876144.611258
2023-01-18 09:00:00,395.0,399.0,361.0,363.0,21223439.91518301,8058238131.641214
2023-01-19 09:00:00,362.0,377.0,362.0,375.0,11667201.46732075,4302097355.151493
2023-01-20 09:00:00,375.0,392.0,368.0,391.0,10862781.46901127,4117933205.05044
2023-01-21 09:00:00,391.0,398.0,382.0,392.0,20301973.81783927,7923242227.843272
2023-01-22 09:00:00,392.0,403.0,386.0,401.0,15634254.62906182,6152026960.639338
2023-01-23 09:00:00,401.0,416.0,391.0,415.0,17568872.91714568,7043987001.119747
2023-01-24 09:00:00,414.0,440.0,383.0,393.0,46458110.32400986,19296553644.09441
2023-01-25 09:00:00,391.0,405.0,373.0,403.0,24374553.49228189,9484942341.825607
2023-01-26 09:00:00,403.0,410.0,393.0,406.0,14761770.02971114,5879340724.53908
2023-01-27 09:00:00,406.0,445.0,404.0,435.0,102501302.41138594,43320466234.43172
2023-01-28 09:00:00,435.0,436.0,412.0,423.0,17271837.60716524,7296898263.813815
2023-01-29 09:00:00,422.0,426.0,413.0,425.0,9312019.59432722,3902790852.307992
2023-01-30 09:00:00,425.0,429.0,377.0,385.0,17187590.82441347,6883057748.947854
2023-01-31 09:00:00,385.0,394.0,371.0,393.0,8560300.41427853,3255007110.344415
2023-02-01 09:00:00,391.0,403.0,371.0,402.0,9129724.19264855,3531458903.064088
2023-02-02 09:00:00,402.0,415.0,399.0,413.0,12035743.66868552,4907180776.310735
2023-02-03 09:00:00,414.0,445.0,407.0,440.0,27170702.26453749,11572532018.6004
2023-02-04 09:00:00,441.0,469.0,429.0,459.0,34793997.59812693,15594886739.484085
2023-02-05 09:00:00,459.0,521.0,419.0,455.0,186898314.81178278,89620195611.4496
2023-02-06 09:00:00,454.0,558.0,446.0,463.0,122568604.99334331,59696510482.430084
2023-02-07 09:00:00,461.0,463.0,438.0,457.0,18232311.34955563,8129131184.394192
2023-02-08 09:00:00,458.0,459.0,441.0,451.0,12380064.64495679,5593413739.526839
2023-02-09 09:00:00,452.0,480.0,425.0,432.0,32930539.47601839,14857037547.583168
2023-02-10 09:00:00,432.0,455.0,418.0,442.0,16601896.83218608,7264360409.575831
2023-02-11 09:00:00,441.0,446.0,433.0,442.0,5530443.31156419,2419422834.4886966
2023-02-12 09:00:00,443.0,448.0,432.0,445.0,10774520.40071603,4762374281.284002
2023-02-13 09:00:00,445.0,446.0,410.0,430.0,10888711.59046688,4615454021.707192
2023-02-14 09:00:00,430.0,447.0,410.0,437.0,12396210.89748285,5295514244.652325
2023-02-15 09:00:00,438.0,475.0,433.0,473.0,56642705.92107467,25739062798.915245
2023-02-16 09:00:00,473.0,496.0,454.0,460.0,25617620.62326388,12230511124.465494
2023-02-17 09:00:00,460.0,516.0,450.0,491.0,43704166.84824784,20833423602.160126
2023-02-18 09:00:00,491.0,499.0,476.0,499.0,13622250.90538611,6649602859.855015
2023-02-19 09:00:00,499.0,531.0,487.0,518.0,19538662.22550902,9874004527.383629
2023-02-20 09:00:00,519.0,538.0,502.0,534.0,20329031.50984033,10511554696.19823
2023-02-21 09:00:00,533.0,629.0,512.0,524.0,167434837.4338539,96617759990.84698
2023-02-22 09:00:00,524.0,524.0,489.0,509.0,16076553.66040628,8081183782.916814
2023-02-23 09:00:00,509.0,514.0,494.0,512.0,9802493.17327556,4944466269.511851
2023-02-24 09:00:00,512.0,563.0,508.0,551.0,48075458.6998211,25775541511.18681
2023-02-25 09:00:00,552.0,552.0,501.0,523.0,14445801.92738493,7541806314.962466
2023-02-26 09:00:00,524.0,537.0,508.0,536.0,8011827.05988894,4189268186.341299
2023-02-27 09:00:00,537.0,537.0,514.0,526.0,7054591.44335655,3686083495.006936
2023-02-28 09:00:00,526.0,526.0,516.0,518.0,2182232.73640434,1132755227.569651
