2021-02-24 09:00:00,130.0,241.0,58.4,64.9,8784704728.524052,614647269468.2988
2021-02-25 09:00:00,64.9,67.6,56.5,57.3,2504741091.3071046,156602151823.7146
2021-02-26 09:00:00,57.4,60.2,56.1,58.8,824609494.6393485,47973285496.73189
2021-02-27 09:00:00,58.7,59.5,57.4,58.0,432132747.6404556,25199844889.104656
2021-02-28 09:00:00,58.1,58.3,51.9,55.5,423278544.7202821,23416257146.806686
2021-03-01 09:00:00,55.3,59.5,54.6,57.5,257748401.21714288,14561347735.288248
2021-03-02 09:00:00,57.5,61.9,56.7,58.4,815309996.0059072,47921093448.54805
2021-03-03 09:00:00,58.4,59.0,57.4,58.0,440470359.88101953,25571785708.175785
2021-03-04 09:00:00,58.4,59.8,56.0,58.5,423116758.30273205,24501227184.025654
2021-03-05 09:00:00,58.4,59.4,56.5,57.7,327211941.55297637,18868823166.112354
2021-03-06 09:00:00,57.6,60.9,57.2,58.8,457312987.18800277,27027802435.037453
2021-03-07 09:00:00,58.8,59.9,58.2,59.3,165197645.28633073,9717077011.611109
2021-03-08 09:00:00,59.4,72.7,58.9,72.0,2079166803.5929024,135739185343.15092
2021-03-09 09:00:00,72.0,72.8,64.3,66.6,1426983057.0052562,95676826261.68732
2021-03-10 09:00:00,66.7,68.1,61.5,64.5,703580157.7717502,45787453539.58307
2021-03-11 09:00:00,64.5,65.1,63.0,64.1,499304205.641643,31943354832.619583
2021-03-12 09:00:00,64.2,65.9,63.5,64.2,532278193.66536784,34300598000.792202
2021-03-13 09:00:00,64.2,73.6,63.7,73.2,846837585.4897212,56253374108.153496
2021-03-14 09:00:00,73.0,78.0,67.7,67.9,1776812643.8963065,126870504372.89857
2021-03-15 09:00:00,67.8,69.3,61.3,65.9,885186965.9330947,58497498524.88127
2021-03-16 09:00:00,65.9,68.7,64.1,68.1,634892991.5563405,42315419399.2997
2021-03-17 09:00:00,68.0,68.7,63.6,67.5,478448681.2708906,31969134185.6969
2021-03-18 09:00:00,67.5,68.9,66.5,66.8,383419920.18304354,25919752058.906384
2021-03-19 09:00:00,66.7,69.9,65.5,68.1,425685739.423744,28978260099.98683
2021-03-20 09:00:00,68.1,71.5,66.2,68.5,677374796.9604344,47031551557.20269
2021-03-21 09:00:00,68.6,70.0,66.4,67.4,348697128.0119837,23693572041.63886
2021-03-22 09:00:00,67.4,68.9,65.2,65.5,487656034.3839727,32830618766.62345
2021-03-23 09:00:00,65.5,67.3,63.1,64.7,414748423.6263891,27021509192.124115
2021-03-24 09:00:00,64.6,67.8,63.5,63.9,485143221.88307565,32004906494.896603
2021-03-25 09:00:00,64.0,64.6,61.2,63.2,342947743.0810327,21539703705.28277
2021-03-26 09:00:00,63.2,64.8,63.2,64.5,191204594.91264626,12224871918.039648
2021-03-27 09:00:00,64.5,66.1,63.8,65.0,249733748.82165232,16229994892.92022
2021-03-28 09:00:00,64.9,65.4,64.0,64.7,208741725.20584786,13524665045.299265
2021-03-29 09:00:00,64.7,65.2,64.0,64.6,309341942.93814874,19977763061.28668
2021-03-30 09:00:00,64.6,67.3,64.3,65.3,426710061.924933,27861186128.556908
2021-03-31 09:00:00,65.3,66.4,63.2,65.5,432703087.8280778,28083994889.598587
2021-04-01 09:00:00,65.5,98.2,65.0,77.3,10469496113.701836,845529266588.8608
2021-04-02 09:00:00,77.3,78.8,71.5,72.3,2627589836.355111,192940963038.64197
2021-04-03 09:00:00,72.3,75.9,70.3,70.3,1856305852.3331754,136742813781.2247
2021-04-04 09:00:00,70.4,73.4,70.0,73.2,934727841.1417572,67503321837.73492
2021-04-05 09:00:00,73.2,87.5,72.9,81.1,2344578732.103372,179958773672.82248
2021-04-06 09:00:00,80.8,94.7,75.0,86.3,4382040429.748072,363695378614.071
2021-04-07 09:00:00,86.3,94.4,60.0,76.5,4989639761.013734,408177530524.3191
2021-04-08 09:00:00,76.5,80.9,74.4,80.5,1649035402.1625817,128589000482.48517
2021-04-09 09:00:00,80.5,84.3,77.5,80.8,1694365686.5611649,135672862259.03731
2021-04-10 09:00:00,80.7,85.3,79.5,84.0,1413635557.1711404,116278519195.61232
2021-04-11 09:00:00,84.0,108.0,82.6,98.2,15762269401.878956,1503657102792.8413
2021-04-12 09:00:00,98.1,101.0,90.4,92.2,3234039959.0860567,304482802687.4364
2021-04-13 09:00:00,92.4,125.0,92.2,121.0,10364152083.618877,1103238430195.916
2021-04-14 09:00:00,121.0,190.0,116.0,155.0,25787865058.839237,4090790583611.126
2021-04-15 09:00:00,155.0,238.0,151.0,228.0,14682869303.964037,2757741996649.0913
2021-04-16 09:00:00,229.0,540.0,223.0,467.0,45034939707.13285,17024491162824.107
2021-04-17 09:00:00,465.0,488.0,306.0,366.0,17016335307.670984,6438699117363.748
2021-04-18 09:00:00,366.0,471.0,326.0,434.0,19637299824.911434,7949258150229.191
2021-04-19 09:00:00,434.0,575.0,408.0,513.0,19057469186.53809,9449966599711.248
2021-04-20 09:00:00,514.0,535.0,340.0,395.0,13737558883.749369,6363888232022.457
2021-04-21 09:00:00,398.0,439.0,371.0,388.0,6428637073.739247,2575943410234.5356
2021-04-22 09:00:00,388.0,393.0,287.0,301.0,8213180280.464228,2777487671551.8696
2021-04-23 09:00:00,302.0,316.0,198.0,295.0,11308049101.08536,2980271444850.2056
2021-04-24 09:00:00,294.0,349.0,273.0,327.0,8812517601.583801,2822971952778.187
2021-04-25 09:00:00,328.0,357.0,277.0,309.0,4907089687.781334,1603907953942.7861
2021-04-26 09:00:00,309.0,336.0,298.0,324.0,3272700850.9003344,1041960099548.4246
2021-04-27 09:00:00,325.0,335.0,310.0,322.0,2555111537.800058,822586355902.539
2021-04-28 09:00:00,322.0,419.0,298.0,376.0,12573618024.23454,4563384328793.177
2021-04-29 09:00:00,377.0,388.0,354.0,363.0,2942668995.732259,1088300185751.0212
2021-04-30 09:00:00,363.0,405.0,360.0,398.0,2756637458.549217,1043598048051.8983
2021-05-01 09:00:00,397.0,474.0,384.0,465.0,5159813866.789186,2222817674526.941
2021-05-02 09:00:00,464.0,483.0,434.0,453.0,3530273013.8918333,1624351694398.5688
2021-05-03 09:00:00,453.0,548.0,453.0,539.0,4918077240.278748,2437434079690.017
2021-05-04 09:00:00,539.0,768.0,501.0,675.0,17030012046.556171,10928695633774.066
2021-05-05 09:00:00,674.0,887.0,668.0,783.0,15198672960.431353,11907981364928.938
2021-05-06 09:00:00,783.0,805.0,670.0,708.0,5872848813.335455,4323540860197.008
2021-05-07 09:00:00,708.0,868.0,628.0,825.0,9917442951.621593,7387163641662.726
2021-05-08 09:00:00,823.0,889.0,751.0,774.0,7256869242.141143,5978180232302.824
2021-05-09 09:00:00,773.0,844.0,548.0,703.0,16065915051.058651,10583723599708.523
2021-05-10 09:00:00,703.0,704.0,555.0,575.0,5902763499.546872,3711875060635.097
2021-05-11 09:00:00,574.0,674.0,563.0,607.0,6977593295.698538,4327688288934.9346
2021-05-12 09:00:00,606.0,634.0,487.0,504.0,3357814191.412585,1956714955048.5906
2021-05-13 09:00:00,503.0,650.0,471.0,616.0,8336740115.3480625,4556857532492.356
2021-05-14 09:00:00,617.0,717.0,584.0,693.0,10570378481.399996,6969401634509.881
2021-05-15 09:00:00,692.0,695.0,621.0,636.0,3773363163.033571,2453229656726.337
2021-05-16 09:00:00,637.0,673.0,576.0,638.0,3128991534.3787003,1997628054425.956
2021-05-17 09:00:00,638.0,644.0,554.0,604.0,4467635185.125072,2691795126939.022
2021-05-18 09:00:00,605.0,633.0,587.0,595.0,2024238529.9289255,1224793301034.6504
2021-05-19 09:00:00,595.0,596.0,360.0,455.0,10076059168.207125,4994540430653.249
2021-05-20 09:00:00,455.0,539.0,413.0,503.0,7059011092.4847555,3434457257784.3394
2021-05-21 09:00:00,504.0,519.0,423.0,471.0,3139176782.4536624,1495395753070.343
2021-05-22 09:00:00,471.0,472.0,390.0,433.0,2296736658.502864,987646588951.3273
2021-05-23 09:00:00,432.0,448.0,316.0,375.0,3237928478.8763995,1230729250759.2708
2021-05-24 09:00:00,375.0,450.0,348.0,443.0,3361584197.733533,1340926605388.972
2021-05-25 09:00:00,443.0,473.0,400.0,426.0,2724139800.7291503,1171030926338.9978
2021-05-26 09:00:00,426.0,439.0,414.0,426.0,1223782214.3755276,521546794456.69214
2021-05-27 09:00:00,426.0,427.0,400.0,404.0,788280498.4717922,323102323902.93005
2021-05-28 09:00:00,404.0,425.0,367.0,381.0,1790999518.923078,701569963995.6305
2021-05-29 09:00:00,381.0,386.0,344.0,373.0,803942154.6408362,294092191359.5069
2021-05-30 09:00:00,374.0,377.0,345.0,366.0,711293942.6629583,258566946997.91776
2021-05-31 09:00:00,365.0,389.0,354.0,381.0,849090731.8440297,313849152849.7891
2021-06-01 09:00:00,382.0,456.0,372.0,437.0,2997052909.914414,1231098427413.133
2021-06-02 09:00:00,437.0,525.0,417.0,492.0,7387740980.452423,3533046588771.894
2021-06-03 09:00:00,492.0,511.0,444.0,465.0,3829582344.729262,1841785179324.77
2021-06-04 09:00:00,464.0,474.0,416.0,437.0,3222278742.5189977,1423769939371.2292
2021-06-05 09:00:00,438.0,454.0,426.0,439.0,1320833193.2971964,583174386968.9692
2021-06-06 09:00:00,438.0,442.0,427.0,432.0,678323774.7867783,293470449410.5517
2021-06-07 09:00:00,432.0,437.0,382.0,387.0,920236297.6777548,379502713346.47815
2021-06-08 09:00:00,387.0,399.0,350.0,376.0,1611482593.9842443,605668381192.36
2021-06-09 09:00:00,376.0,409.0,359.0,397.0,1338113641.8396523,512205311937.02484
2021-06-10 09:00:00,397.0,401.0,380.0,381.0,608083614.8259116,235954028181.30347
2021-06-11 09:00:00,381.0,388.0,363.0,373.0,500772823.5332662,187530777606.56323
2021-06-12 09:00:00,372.0,374.0,351.0,362.0,385794937.8631704,138998356811.3155
2021-06-13 09:00:00,362.0,381.0,357.0,371.0,335114350.9008673,123093366633.777
2021-06-14 09:00:00,371.0,390.0,367.0,376.0,672096420.7677149,253714082118.5383
2021-06-15 09:00:00,377.0,380.0,367.0,369.0,356766065.7863037,133347085237.29605
2021-06-16 09:00:00,369.0,375.0,356.0,364.0,412157188.43626493,150105672046.41248
2021-06-17 09:00:00,364.0,368.0,358.0,360.0,218738281.52291763,79341426200.4949
2021-06-18 09:00:00,360.0,362.0,337.0,348.0,475080865.2723513,165912181497.18924
2021-06-19 09:00:00,347.0,352.0,338.0,340.0,223896125.13079137,77023796446.1514
2021-06-20 09:00:00,339.0,342.0,304.0,331.0,797581625.8775526,256981740693.86343
2021-06-21 09:00:00,331.0,332.0,208.0,213.0,3854747641.8802056,1002675066122.6565
2021-06-22 09:00:00,212.0,255.0,196.0,222.0,10165228462.257042,2248944005578.027
2021-06-23 09:00:00,221.0,287.0,211.0,273.0,7518420688.847182,1918250280534.702
2021-06-24 09:00:00,273.0,311.0,259.0,305.0,4910726294.712997,1370907314525.323
2021-06-25 09:00:00,305.0,337.0,270.0,279.0,7384847488.182548,2236574770784.4927
2021-06-26 09:00:00,280.0,298.0,272.0,288.0,3664376129.7287416,1036221493774.0327
2021-06-27 09:00:00,287.0,309.0,278.0,305.0,2107446236.7253423,607565870483.1888
2021-06-28 09:00:00,304.0,311.0,290.0,298.0,2326997741.0879493,693297170419.1509
2021-06-29 09:00:00,298.0,321.0,294.0,304.0,2958365990.163371,905428613449.8744
2021-06-30 09:00:00,304.0,306.0,285.0,294.0,1451347403.004195,426600270019.2658
2021-07-01 09:00:00,294.0,306.0,278.0,286.0,2024321421.4727697,592688463357.5089
2021-07-02 09:00:00,287.0,293.0,279.0,285.0,751359564.7732507,213752656539.50513
2021-07-03 09:00:00,285.0,292.0,282.0,286.0,389132860.2604702,111762082653.6258
2021-07-04 09:00:00,285.0,294.0,284.0,286.0,441487402.61435133,127354300101.72926
2021-07-05 09:00:00,286.0,287.0,265.0,271.0,693863813.3206537,191616745991.443
2021-07-06 09:00:00,271.0,281.0,269.0,273.0,469786205.51056814,128950967530.7827
2021-07-07 09:00:00,274.0,277.0,261.0,264.0,445388001.01206386,120332758200.9649
2021-07-08 09:00:00,263.0,264.0,242.0,246.0,870576698.049805,220281343338.8938
2021-07-09 09:00:00,246.0,279.0,231.0,258.0,2851746730.5027227,734773880424.3463
2021-07-10 09:00:00,258.0,270.0,249.0,253.0,709468084.8865125,183372434321.42026
2021-07-11 09:00:00,252.0,257.0,247.0,253.0,315234704.7065669,79502545033.03535
2021-07-12 09:00:00,254.0,257.0,243.0,246.0,448697711.60479355,112323488485.3868
2021-07-13 09:00:00,246.0,247.0,235.0,237.0,495985443.9066416,118861851455.84894
2021-07-14 09:00:00,236.0,242.0,223.0,232.0,911482564.0004898,211700980028.81546
2021-07-15 09:00:00,233.0,236.0,215.0,220.0,649070386.1337959,146468458591.87576
2021-07-16 09:00:00,220.0,223.0,203.0,204.0,805569754.6585003,172058110968.42438
2021-07-17 09:00:00,205.0,242.0,200.0,221.0,1958001947.6225703,427179405171.74097
2021-07-18 09:00:00,221.0,231.0,213.0,215.0,1322599144.0362668,293827059408.41156
2021-07-19 09:00:00,215.0,219.0,203.0,208.0,764925677.0637143,160428357902.9429
2021-07-20 09:00:00,208.0,213.0,190.0,203.0,1640655753.0976455,327701253229.2095
2021-07-21 09:00:00,202.0,252.0,199.0,225.0,4115632953.290281,935198996149.5198
2021-07-22 09:00:00,225.0,233.0,220.0,224.0,1723165326.900673,389252976177.64545
2021-07-23 09:00:00,225.0,234.0,217.0,227.0,1176350136.9019196,264557243111.51947
2021-07-24 09:00:00,226.0,240.0,222.0,231.0,1247174534.1319256,285834725815.64923
2021-07-25 09:00:00,230.0,234.0,224.0,229.0,779312502.6856117,178367089971.87704
2021-07-26 09:00:00,229.0,270.0,227.0,235.0,4429250767.418125,1120982375486.0957
2021-07-27 09:00:00,235.0,243.0,226.0,237.0,1845074342.0427692,431557517487.22614
2021-07-28 09:00:00,237.0,249.0,233.0,238.0,1670509895.4087908,401377520249.5633
2021-07-29 09:00:00,238.0,239.0,232.0,235.0,697915154.61601,164422092330.67004
2021-07-30 09:00:00,236.0,243.0,227.0,240.0,1043216560.771514,245924258138.52246
2021-07-31 09:00:00,240.0,249.0,237.0,241.0,740222865.3332155,178480498189.36212
2021-08-01 09:00:00,240.0,254.0,235.0,237.0,1101735864.5956347,270028823211.1195
2021-08-02 09:00:00,236.0,245.0,234.0,236.0,722742722.2376015,172236854321.5382
2021-08-03 09:00:00,236.0,238.0,228.0,231.0,500825481.02485573,116418251721.66779
2021-08-04 09:00:00,231.0,236.0,227.0,232.0,601292624.5387155,139211216972.69464
2021-08-05 09:00:00,233.0,236.0,228.0,232.0,557089324.2948761,128790915648.9007
2021-08-06 09:00:00,233.0,243.0,230.0,236.0,588847980.345995,138349306316.33493
2021-08-07 09:00:00,237.0,303.0,235.0,301.0,4575768600.002244,1227499900598.7412
2021-08-08 09:00:00,301.0,325.0,276.0,280.0,6126171442.612234,1837144050981.7432
2021-08-09 09:00:00,280.0,303.0,270.0,292.0,3624781305.783015,1042739544569.3997
2021-08-10 09:00:00,292.0,302.0,285.0,295.0,2268825297.474066,665404783184.0981
2021-08-11 09:00:00,295.0,324.0,294.0,306.0,2819088422.114293,871542599438.5148
2021-08-12 09:00:00,306.0,340.0,298.0,310.0,3676545004.720567,1166053142322.588
2021-08-13 09:00:00,310.0,332.0,307.0,331.0,2009273585.0653536,642336471302.0791
2021-08-14 09:00:00,331.0,347.0,321.0,343.0,3591182247.8398585,1204863106900.0425
2021-08-15 09:00:00,343.0,406.0,335.0,397.0,4757085178.963935,1730424330813.2305
2021-08-16 09:00:00,397.0,409.0,370.0,376.0,4246663217.5014195,1661909971549.936
2021-08-17 09:00:00,376.0,398.0,351.0,353.0,3801126422.8976936,1433742340409.081
2021-08-18 09:00:00,353.0,378.0,333.0,357.0,4793797992.374032,1699730743968.0737
2021-08-19 09:00:00,357.0,375.0,348.0,372.0,1946443260.473711,700235090979.4602
2021-08-20 09:00:00,373.0,390.0,368.0,382.0,1859752374.3899326,703209789879.8613
2021-08-21 09:00:00,382.0,387.0,371.0,374.0,1366412535.6880848,516847737494.34955
2021-08-22 09:00:00,374.0,377.0,361.0,369.0,1011827526.7243071,374432216912.5112
2021-08-23 09:00:00,368.0,382.0,366.0,369.0,1341711250.265628,500327247133.4636
2021-08-24 09:00:00,369.0,371.0,337.0,340.0,1493002509.5732746,527536857567.6187
2021-08-25 09:00:00,340.0,348.0,327.0,341.0,1196560030.4377882,403502811357.314
2021-08-26 09:00:00,342.0,345.0,314.0,319.0,1303304757.8421347,424410507033.00525
2021-08-27 09:00:00,318.0,345.0,313.0,345.0,1416720667.580911,463729498029.1163
2021-08-28 09:00:00,345.0,353.0,333.0,337.0,816860400.634325,278662044479.43176
2021-08-29 09:00:00,336.0,342.0,326.0,331.0,682503516.009183,226969591691.59995
2021-08-30 09:00:00,330.0,340.0,321.0,323.0,771358301.5622187,254236094231.6194
2021-08-31 09:00:00,322.0,336.0,319.0,326.0,817968344.1055261,266541806618.4474
2021-09-01 09:00:00,326.0,341.0,321.0,340.0,684243322.1091167,225596572813.3922
2021-09-02 09:00:00,339.0,357.0,337.0,343.0,1317216291.2403202,459930131396.78174
2021-09-03 09:00:00,343.0,353.0,336.0,343.0,1035103463.3454262,356053547101.3608
2021-09-04 09:00:00,343.0,358.0,338.0,346.0,1124754156.9722195,389672708587.9308
2021-09-05 09:00:00,346.0,361.0,342.0,359.0,1073403094.3825148,375620379542.7742
2021-09-06 09:00:00,359.0,369.0,348.0,358.0,1198986448.2673593,429781191326.3373
2021-09-07 09:00:00,357.0,359.0,290.0,308.0,2394203916.6000237,770045419839.244
2021-09-08 09:00:00,308.0,318.0,281.0,310.0,1594880970.9070506,477622356471.1293
2021-09-09 09:00:00,309.0,313.0,300.0,305.0,749238434.0844215,228932729081.37817
2021-09-10 09:00:00,304.0,315.0,290.0,295.0,793000430.5607102,239957441647.4389
2021-09-11 09:00:00,295.0,301.0,289.0,293.0,505768992.3944472,148907851194.2881
2021-09-12 09:00:00,293.0,305.0,289.0,300.0,520936018.3790768,154172129912.09317
2021-09-13 09:00:00,300.0,302.0,281.0,284.0,652791840.8275256,188893991894.0979
2021-09-14 09:00:00,285.0,291.0,283.0,290.0,345067871.0720397,98883235510.19461
2021-09-15 09:00:00,289.0,295.0,287.0,293.0,284336217.0140746,82489900926.90182
2021-09-16 09:00:00,293.0,294.0,284.0,290.0,293868745.7957012,84967735355.24057
2021-09-17 09:00:00,290.0,311.0,286.0,292.0,1019435673.7005424,306014429977.4245
2021-09-18 09:00:00,292.0,298.0,291.0,292.0,247222279.18691522,72706405502.33119
2021-09-19 09:00:00,292.0,294.0,285.0,286.0,171359487.6978662,49595651155.34078
2021-09-20 09:00:00,287.0,287.0,251.0,261.0,796578623.0022833,213523229976.59433
2021-09-21 09:00:00,261.0,268.0,247.0,250.0,615156295.0288644,158569745020.15552
2021-09-22 09:00:00,250.0,283.0,246.0,277.0,869207195.048444,229322636004.06802
2021-09-23 09:00:00,277.0,280.0,264.0,272.0,423827059.26269126,115539436393.56181
2021-09-24 09:00:00,272.0,277.0,247.0,255.0,633785879.4294876,164521200962.1638
2021-09-25 09:00:00,255.0,259.0,251.0,256.0,239065013.76396483,60951918556.30306
2021-09-26 09:00:00,256.0,257.0,243.0,250.0,305356419.42886174,76402308243.36505
2021-09-27 09:00:00,250.0,254.0,245.0,246.0,199583396.76355764,49771243609.806694
2021-09-28 09:00:00,246.0,248.0,240.0,240.0,278439821.1585724,68053545250.380005
2021-09-29 09:00:00,241.0,250.0,237.0,242.0,293329190.32185453,71405494769.68925
2021-09-30 09:00:00,242.0,251.0,241.0,249.0,329185731.53848857,81151284739.35545
2021-10-01 09:00:00,249.0,272.0,247.0,270.0,706899152.0005494,183148063152.52557
2021-10-02 09:00:00,269.0,276.0,263.0,268.0,514989272.1918575,138400616786.323
2021-10-03 09:00:00,268.0,274.0,262.0,270.0,407309509.0145163,109269474813.64325
2021-10-04 09:00:00,270.0,303.0,259.0,295.0,1804630745.9022176,506146505143.0896
2021-10-05 09:00:00,294.0,320.0,283.0,302.0,1874024790.3976839,562479311810.1542
2021-10-06 09:00:00,301.0,326.0,293.0,307.0,1724680555.9269762,532246603262.82776
2021-10-07 09:00:00,307.0,310.0,292.0,295.0,756339915.8029282,226298400515.25568
2021-10-08 09:00:00,295.0,312.0,292.0,298.0,648207262.6555003,195152032925.6597
2021-10-09 09:00:00,297.0,309.0,296.0,301.0,501423631.72128844,151701761977.62756
2021-10-10 09:00:00,301.0,303.0,282.0,284.0,437081708.7597041,129289026593.15118
2021-10-11 09:00:00,285.0,293.0,282.0,286.0,327702521.5216766,94319305194.78346
2021-10-12 09:00:00,286.0,286.0,270.0,279.0,360344410.0635551,99777377443.76039
2021-10-13 09:00:00,279.0,286.0,271.0,283.0,315215196.4340221,87683421932.24509
2021-10-14 09:00:00,283.0,292.0,282.0,284.0,274391185.7044917,78848718412.43054
2021-10-15 09:00:00,283.0,297.0,274.0,287.0,591177896.5884341,166968340328.10846
2021-10-16 09:00:00,287.0,301.0,286.0,291.0,462268931.94884294,135787955515.31314
2021-10-17 09:00:00,291.0,299.0,284.0,293.0,238984329.86121306,69769111611.97377
2021-10-18 09:00:00,292.0,334.0,291.0,306.0,2174797616.3894916,689489789022.7423
2021-10-19 09:00:00,306.0,313.0,295.0,300.0,426851561.3477107,129835861595.09924
2021-10-20 09:00:00,301.0,316.0,297.0,308.0,461292143.2827032,140977037615.85983
2021-10-21 09:00:00,308.0,314.0,297.0,298.0,429745702.30143905,131435222025.48383
2021-10-22 09:00:00,298.0,310.0,290.0,300.0,411758619.8568347,123181608608.81377
2021-10-23 09:00:00,300.0,309.0,296.0,306.0,216443957.1985994,65446833861.5553
2021-10-24 09:00:00,306.0,344.0,302.0,337.0,1768774649.032224,570814507336.9606
2021-10-25 09:00:00,336.0,344.0,317.0,320.0,928554048.6748823,305776758705.2088
2021-10-26 09:00:00,321.0,330.0,308.0,311.0,660074402.7747152,211883508853.2906
2021-10-27 09:00:00,311.0,319.0,278.0,293.0,1337163138.5281453,401189228136.1792
2021-10-28 09:00:00,292.0,405.0,285.0,362.0,9504308297.533512,3479288682446.115
2021-10-29 09:00:00,362.0,371.0,338.0,346.0,1664896313.9254818,588138537199.5753
2021-10-30 09:00:00,346.0,353.0,312.0,319.0,1176129032.6347365,391823369875.31006
2021-10-31 09:00:00,319.0,336.0,303.0,330.0,1117044224.3571336,355580412872.99335
2021-11-01 09:00:00,330.0,337.0,315.0,323.0,499020556.3873843,161414978727.28888
2021-11-02 09:00:00,324.0,332.0,317.0,321.0,470336814.468812,151636603362.48184
2021-11-03 09:00:00,321.0,325.0,310.0,319.0,550238149.5685072,175101883397.35904
2021-11-04 09:00:00,319.0,322.0,309.0,316.0,436778942.2960806,138044341420.8446
2021-11-05 09:00:00,317.0,324.0,311.0,318.0,369528159.96546364,117198594128.7862
2021-11-06 09:00:00,317.0,324.0,311.0,317.0,248684671.23280916,78876369360.90477
2021-11-07 09:00:00,317.0,327.0,315.0,322.0,258197515.39590278,82661238301.44914
2021-11-08 09:00:00,322.0,360.0,320.0,341.0,1490203075.2348847,511057072874.07135
2021-11-09 09:00:00,341.0,350.0,325.0,329.0,761890889.4155045,256879825055.5902
2021-11-10 09:00:00,329.0,332.0,305.0,314.0,726684874.1748744,233547684983.45184
2021-11-11 09:00:00,314.0,329.0,311.0,317.0,369101092.52189976,117511871461.16814
2021-11-12 09:00:00,317.0,325.0,307.0,317.0,368563459.20058995,115835946811.3422
2021-11-13 09:00:00,316.0,318.0,309.0,315.0,213909667.21755427,67037261677.41235
2021-11-14 09:00:00,316.0,329.0,315.0,319.0,295638569.8019337,94895120065.59999
2021-11-15 09:00:00,319.0,322.0,313.0,314.0,328832553.0485121,104160122727.71637
2021-11-16 09:00:00,314.0,314.0,290.0,293.0,738223838.4196903,221597975692.48315
2021-11-17 09:00:00,292.0,296.0,283.0,291.0,476458374.99463254,138418784696.71982
2021-11-18 09:00:00,291.0,296.0,272.0,276.0,599250812.3733257,171024044971.29095
2021-11-19 09:00:00,276.0,294.0,269.0,288.0,381100575.46688974,107287174390.48
2021-11-20 09:00:00,288.0,294.0,281.0,287.0,213404556.59364736,61446848901.340805
2021-11-21 09:00:00,288.0,289.0,282.0,283.0,211249545.96900862,60093732205.366066
2021-11-22 09:00:00,282.0,283.0,274.0,276.0,266327953.01208475,74043313837.72702
2021-11-23 09:00:00,276.0,295.0,270.0,282.0,670720733.3431941,190197039141.3711
2021-11-24 09:00:00,282.0,289.0,268.0,273.0,441597260.67766935,121678253437.54465
2021-11-25 09:00:00,273.0,286.0,269.0,275.0,565502657.4072235,155739141937.98325
2021-11-26 09:00:00,275.0,277.0,248.0,258.0,565891369.0557325,148565459920.85693
2021-11-27 09:00:00,258.0,267.0,255.0,262.0,166013191.4735228,43552572366.37024
2021-11-28 09:00:00,262.0,263.0,250.0,263.0,236394631.31074724,60668205238.96164
2021-11-29 09:00:00,263.0,282.0,255.0,268.0,765172988.7188187,207495602237.68762
2021-11-30 09:00:00,268.0,283.0,266.0,267.0,755358065.7395699,206991016671.4502
2021-12-01 09:00:00,267.0,271.0,258.0,260.0,353967201.4054698,93891317478.79868
2021-12-02 09:00:00,259.0,277.0,253.0,261.0,675027715.3005917,179689231160.19226
2021-12-03 09:00:00,260.0,263.0,250.0,254.0,299112133.0765557,76868327489.48375
2021-12-04 09:00:00,253.0,254.0,191.0,227.0,1407490892.3992429,307065855386.5547
2021-12-05 09:00:00,226.0,232.0,204.0,215.0,544070117.0877473,118576688026.96832
2021-12-06 09:00:00,215.0,224.0,200.0,221.0,724662226.9687936,152554740838.67474
2021-12-07 09:00:00,220.0,231.0,218.0,221.0,410483643.12228817,91641663521.74796
2021-12-08 09:00:00,221.0,228.0,213.0,221.0,549776709.6074003,121531119831.92435
2021-12-09 09:00:00,222.0,226.0,211.0,212.0,555569041.5168583,121725796162.6465
2021-12-10 09:00:00,212.0,217.0,205.0,208.0,367036846.340381,77483245707.54242
2021-12-11 09:00:00,208.0,212.0,205.0,210.0,209976041.5874247,43855588499.48434
2021-12-12 09:00:00,210.0,215.0,207.0,211.0,176038958.38845143,37003873362.07723
2021-12-13 09:00:00,210.0,212.0,193.0,198.0,444756513.2355064,89628580600.14557
2021-12-14 09:00:00,198.0,271.0,192.0,238.0,5440709633.518164,1318695254864.7246
2021-12-15 09:00:00,238.0,239.0,213.0,227.0,1696942472.1422808,381389345262.5047
2021-12-16 09:00:00,226.0,233.0,216.0,218.0,618004785.9385698,139121956328.96875
2021-12-17 09:00:00,217.0,220.0,203.0,212.0,470071114.68587244,100092653125.45544
2021-12-18 09:00:00,212.0,219.0,208.0,215.0,236346940.54545072,50500598725.65962
2021-12-19 09:00:00,214.0,217.0,211.0,211.0,176057942.76975155,37726142000.44088
2021-12-20 09:00:00,212.0,213.0,201.0,207.0,363973277.60829645,75140174165.66544
2021-12-21 09:00:00,207.0,212.0,204.0,210.0,235708912.53768137,49295583605.596176
2021-12-22 09:00:00,210.0,220.0,208.0,213.0,443308017.68874633,94667974899.46352
2021-12-23 09:00:00,212.0,224.0,211.0,223.0,517325378.62836015,112579085430.18633
2021-12-24 09:00:00,223.0,238.0,219.0,227.0,685897307.7742372,155554757326.98257
2021-12-25 09:00:00,228.0,238.0,226.0,231.0,419679973.3816912,97130245586.41469
2021-12-26 09:00:00,231.0,233.0,226.0,230.0,242733312.09808353,55626254845.77723
2021-12-27 09:00:00,229.0,232.0,227.0,227.0,273039377.8516446,62697922396.7226
2021-12-28 09:00:00,227.0,228.0,211.0,214.0,399260469.0273618,87554997774.69608
2021-12-29 09:00:00,214.0,216.0,204.0,206.0,331012595.1405573,69719228189.52995
2021-12-30 09:00:00,207.0,214.0,203.0,208.0,233884687.28287137,48878256669.66509
2021-12-31 09:00:00,207.0,213.0,205.0,209.0,240547267.6963542,50389713832.01042
2022-01-01 09:00:00,208.0,212.0,208.0,211.0,131390692.02063037,27567978862.922047
2022-01-02 09:00:00,211.0,214.0,208.0,212.0,270263824.31905496,57013854376.01565
2022-01-03 09:00:00,211.0,212.0,205.0,207.0,247336635.87623635,51690806551.75674
2022-01-04 09:00:00,208.0,210.0,205.0,206.0,224585593.86269978,46580917533.701096
2022-01-05 09:00:00,206.0,208.0,190.0,197.0,434068365.8231381,86882301529.71631
2022-01-06 09:00:00,197.0,199.0,190.0,198.0,348987315.78468,67723562576.86667
2022-01-07 09:00:00,197.0,198.0,185.0,192.0,448580761.8717833,85532175986.25546
2022-01-08 09:00:00,192.0,195.0,184.0,189.0,210801500.55527517,40072968085.864944
2022-01-09 09:00:00,189.0,191.0,184.0,187.0,200583561.17290005,37606931176.15336
2022-01-10 09:00:00,187.0,188.0,169.0,176.0,513456233.81698495,91597696828.80115
2022-01-11 09:00:00,176.0,204.0,173.0,189.0,1605899003.603052,303668846621.5879
2022-01-12 09:00:00,189.0,199.0,185.0,197.0,473949387.8883053,90459030171.68535
2022-01-13 09:00:00,197.0,216.0,196.0,208.0,1249658274.8285143,257978829401.54724
2022-01-14 09:00:00,208.0,255.0,207.0,223.0,4016258757.391393,936153737102.31
2022-01-15 09:00:00,223.0,237.0,220.0,224.0,1070509596.801538,244907968783.76794
2022-01-16 09:00:00,224.0,225.0,212.0,213.0,639667701.2525629,139404346176.01978
2022-01-17 09:00:00,214.0,216.0,202.0,208.0,558289527.3593434,116034401868.81102
2022-01-18 09:00:00,207.0,212.0,196.0,200.0,566540631.9444649,114576540236.27832
2022-01-19 09:00:00,201.0,205.0,192.0,196.0,684696633.3402926,135861447622.25928
2022-01-20 09:00:00,196.0,205.0,188.0,189.0,495463280.64443916,97454977964.21878
2022-01-21 09:00:00,189.0,193.0,175.0,176.0,819172318.0847548,150768592124.88428
2022-01-22 09:00:00,177.0,180.0,154.0,165.0,1607138356.238424,263129764807.49707
2022-01-23 09:00:00,164.0,177.0,163.0,174.0,667539400.3195337,113569491660.37317
2022-01-24 09:00:00,174.0,174.0,156.0,168.0,942471567.9636402,153318431578.05103
2022-01-25 09:00:00,168.0,185.0,161.0,173.0,1034866887.6900191,176784413417.1167
2022-01-26 09:00:00,173.0,187.0,172.0,176.0,884029173.7069415,158494379192.22537
2022-01-27 09:00:00,175.0,179.0,169.0,174.0,564943201.1921173,98398448976.05563
2022-01-28 09:00:00,174.0,176.0,172.0,175.0,369191867.0923505,64133258381.9296
2022-01-29 09:00:00,175.0,178.0,174.0,176.0,313413709.5372099,55191318920.71965
2022-01-30 09:00:00,176.0,178.0,172.0,174.0,236759760.9635816,41597432349.25155
2022-01-31 09:00:00,173.0,176.0,169.0,175.0,206014321.61880547,35452413989.58737
2022-02-01 09:00:00,174.0,178.0,173.0,176.0,241123100.13558277,42335129142.48047
2022-02-02 09:00:00,175.0,181.0,168.0,169.0,405925234.343392,71244432565.38147
2022-02-03 09:00:00,169.0,173.0,166.0,169.0,303817595.5643504,51459673841.33145
2022-02-04 09:00:00,170.0,181.0,168.0,180.0,399287877.10146457,69103329940.80202
2022-02-05 09:00:00,180.0,185.0,178.0,180.0,560720782.523604,101793973864.18933
2022-02-06 09:00:00,180.0,190.0,176.0,187.0,514222452.5980133,93845576941.99707
2022-02-07 09:00:00,187.0,210.0,185.0,202.0,1349852885.6676257,264023368814.49533
2022-02-08 09:00:00,202.0,206.0,188.0,194.0,1069902616.2898984,211401436474.91397
2022-02-09 09:00:00,194.0,196.0,187.0,192.0,368099492.68790406,70518269162.41959
2022-02-10 09:00:00,193.0,195.0,183.0,185.0,492255784.5876163,93193108399.82576
2022-02-11 09:00:00,185.0,188.0,174.0,178.0,383580586.3488353,69987176114.85703
2022-02-12 09:00:00,178.0,180.0,171.0,176.0,353328950.9748516,62070897239.76533
2022-02-13 09:00:00,176.0,193.0,175.0,182.0,949579665.023608,176741074831.18298
2022-02-14 09:00:00,181.0,184.0,175.0,177.0,543655194.7733548,96823939077.34546
2022-02-15 09:00:00,177.0,185.0,176.0,183.0,404281989.3109943,73142159272.23422
2022-02-16 09:00:00,184.0,184.0,178.0,180.0,296193494.3984967,53543566625.603546
2022-02-17 09:00:00,181.0,182.0,168.0,168.0,489890200.1516326,86371257557.6998
2022-02-18 09:00:00,169.0,173.0,167.0,170.0,319293280.8891572,54366883447.31311
2022-02-19 09:00:00,170.0,179.0,169.0,172.0,473133015.8676479,81986534192.30493
2022-02-20 09:00:00,172.0,173.0,166.0,167.0,251283715.75842243,42254132671.28468
2022-02-21 09:00:00,168.0,172.0,156.0,158.0,444926771.7335666,73749417274.19618
2022-02-22 09:00:00,158.0,161.0,152.0,160.0,425741792.887105,66816159449.598526
2022-02-23 09:00:00,160.0,165.0,155.0,156.0,344205397.71258175,55226462465.43596
2022-02-24 09:00:00,156.0,157.0,135.0,151.0,1646728965.473103,236419595361.12054
2022-02-25 09:00:00,151.0,157.0,147.0,155.0,711590046.521572,108161790945.32837
2022-02-26 09:00:00,155.0,159.0,153.0,156.0,432545521.98798,67526422720.58242
2022-02-27 09:00:00,156.0,157.0,150.0,152.0,411913724.8989584,63280842097.6787
2022-02-28 09:00:00,151.0,162.0,150.0,162.0,598619870.192708,92846894830.17322
2022-03-01 09:00:00,162.0,168.0,158.0,162.0,723659337.879499,117311511110.42308
2022-03-02 09:00:00,162.0,167.0,159.0,162.0,553016318.2854909,89841666062.1778
2022-03-03 09:00:00,162.0,163.0,156.0,159.0,299173615.4296382,47980134895.585205
2022-03-04 09:00:00,159.0,159.0,150.0,152.0,409048365.1813081,63308136585.99358
2022-03-05 09:00:00,152.0,155.0,150.0,155.0,159252958.8968925,24308851316.608723
2022-03-06 09:00:00,155.0,155.0,150.0,150.0,164460358.27076936,25020071083.067936
2022-03-07 09:00:00,150.0,153.0,146.0,149.0,220764731.77682984,32950999647.659492
2022-03-08 09:00:00,149.0,151.0,147.0,150.0,153513331.36232102,22914880490.423
2022-03-09 09:00:00,149.0,155.0,148.0,153.0,193197922.0006746,29471811495.63624
2022-03-10 09:00:00,153.0,154.0,148.0,149.0,177877420.01871723,26648058128.34629
2022-03-11 09:00:00,149.0,151.0,148.0,149.0,102903403.1818739,15342872993.46274
2022-03-12 09:00:00,150.0,151.0,148.0,148.0,80244389.38511357,11995187421.916962
2022-03-13 09:00:00,149.0,150.0,145.0,146.0,96202338.79804237,14192213843.365353
2022-03-14 09:00:00,145.0,152.0,143.0,146.0,275965339.7556359,40592772766.09472
2022-03-15 09:00:00,146.0,147.0,142.0,145.0,114086982.27687997,16496928516.3683
2022-03-16 09:00:00,145.0,149.0,144.0,149.0,135331699.1773507,19759543712.669292
2022-03-17 09:00:00,148.0,149.0,146.0,148.0,107078492.08164018,15784023090.782112
2022-03-18 09:00:00,147.0,149.0,145.0,148.0,90729684.44703771,13320821985.787779
2022-03-19 09:00:00,148.0,152.0,147.0,151.0,149497733.31058592,22385424078.28176
2022-03-20 09:00:00,151.0,152.0,148.0,150.0,137585943.79697552,20678333037.10109
2022-03-21 09:00:00,150.0,152.0,148.0,152.0,120294236.2635368,18054529496.547817
2022-03-22 09:00:00,151.0,160.0,150.0,156.0,296069180.9250351,46118477447.52481
2022-03-23 09:00:00,156.0,162.0,154.0,160.0,261576346.69477007,41173772757.4462
2022-03-24 09:00:00,159.0,171.0,158.0,165.0,819881133.1367943,135430060528.15506
2022-03-25 09:00:00,165.0,166.0,157.0,159.0,353039407.6493792,57337083476.505226
2022-03-26 09:00:00,160.0,167.0,157.0,164.0,291796236.78281534,47204727252.98599
2022-03-27 09:00:00,164.0,175.0,163.0,172.0,898446608.4190468,152230811229.47162
2022-03-28 09:00:00,172.0,184.0,171.0,172.0,711054056.4813714,126425906146.4259
2022-03-29 09:00:00,172.0,178.0,170.0,173.0,430759975.51954186,75208974088.68774
2022-03-30 09:00:00,173.0,176.0,167.0,173.0,386478607.5916061,66466034980.12971
2022-03-31 09:00:00,173.0,179.0,169.0,171.0,444353816.2731309,77270532386.7041
2022-04-01 09:00:00,171.0,173.0,165.0,171.0,357449866.8191927,60198527566.4321
2022-04-02 09:00:00,172.0,175.0,170.0,171.0,345862275.60728055,59825266738.99158
2022-04-03 09:00:00,171.0,183.0,168.0,179.0,653990305.6105039,115342002331.86931
2022-04-04 09:00:00,178.0,195.0,173.0,181.0,1996509969.0501344,366243499409.9624
2022-04-05 09:00:00,182.0,219.0,179.0,212.0,3858922425.6739893,768464679464.3525
2022-04-06 09:00:00,213.0,216.0,177.0,178.0,2829781284.0098243,551272655032.0789
2022-04-07 09:00:00,179.0,183.0,172.0,181.0,1299289402.2095392,231466967293.12027
2022-04-08 09:00:00,181.0,191.0,177.0,178.0,1431904016.9142683,264087343492.91666
2022-04-09 09:00:00,179.0,181.0,176.0,180.0,336761630.84327424,60117881296.860306
2022-04-10 09:00:00,180.0,197.0,178.0,186.0,1286340882.7318513,243426751042.54727
2022-04-11 09:00:00,187.0,189.0,169.0,170.0,1085183958.932841,195914362200.84973
2022-04-12 09:00:00,170.0,182.0,168.0,174.0,902605672.3472663,157571869624.61084
2022-04-13 09:00:00,175.0,181.0,172.0,176.0,623187566.8129767,109931980043.64154
2022-04-14 09:00:00,176.0,185.0,172.0,181.0,1147899535.8331661,205196869402.74207
2022-04-15 09:00:00,181.0,188.0,178.0,184.0,642108449.3150892,117241250023.32127
2022-04-16 09:00:00,183.0,186.0,177.0,180.0,287633625.81229717,52225291392.96271
2022-04-17 09:00:00,180.0,182.0,174.0,175.0,279847112.71831506,49971357137.09766
2022-04-18 09:00:00,176.0,177.0,168.0,175.0,519702041.8135987,89427034404.7439
2022-04-19 09:00:00,175.0,180.0,173.0,177.0,354263485.8123818,62423800832.34616
2022-04-20 09:00:00,178.0,184.0,174.0,175.0,971721935.4474264,174033204579.21582
2022-04-21 09:00:00,175.0,177.0,170.0,172.0,521417639.0772323,90669743659.12692
2022-04-22 09:00:00,172.0,172.0,169.0,171.0,249331664.72516674,42589550464.73748
2022-04-23 09:00:00,171.0,172.0,168.0,169.0,152446406.0236905,25833922840.775196
2022-04-24 09:00:00,169.0,170.0,165.0,166.0,198017582.8450647,33186076229.49555
2022-04-25 09:00:00,167.0,213.0,156.0,198.0,3717174382.9001136,697528104379.3961
2022-04-26 09:00:00,198.0,209.0,174.0,177.0,4171558365.2428923,811130202588.2819
2022-04-27 09:00:00,177.0,185.0,172.0,178.0,1152658451.9436631,205334057065.89453
2022-04-28 09:00:00,178.0,183.0,173.0,175.0,667328004.3403273,118629740681.81108
2022-04-29 09:00:00,176.0,185.0,173.0,175.0,1142863555.2280674,203768595575.82248
2022-04-30 09:00:00,174.0,176.0,165.0,167.0,427029113.19190454,73338054613.42824
2022-05-01 09:00:00,166.0,176.0,163.0,170.0,689004214.9392753,117109566630.7008
2022-05-02 09:00:00,170.0,172.0,165.0,169.0,369437735.31355417,62250837964.83184
2022-05-03 09:00:00,168.0,170.0,164.0,167.0,350770989.1928439,58741504482.71858
2022-05-04 09:00:00,167.0,174.0,165.0,173.0,521984295.71329033,88289496370.22958
2022-05-05 09:00:00,173.0,178.0,164.0,167.0,827583640.4209859,141638915296.6146
2022-05-06 09:00:00,167.0,169.0,161.0,167.0,413334572.4297764,68140704506.72788
2022-05-07 09:00:00,167.0,172.0,165.0,167.0,333965498.8398642,55889750090.72055
2022-05-08 09:00:00,168.0,168.0,162.0,164.0,286414877.36823547,47184845313.311905
2022-05-09 09:00:00,163.0,165.0,140.0,140.0,792203920.7691253,120444578039.81853
2022-05-10 09:00:00,140.0,155.0,134.0,144.0,904829732.6494622,132309084871.96173
2022-05-11 09:00:00,143.0,147.0,111.0,118.0,2086054204.4683273,270233891580.14993
2022-05-12 09:00:00,119.0,122.0,98.4,111.0,2752501118.648646,297996734656.4297
2022-05-13 09:00:00,111.0,126.0,111.0,119.0,2052982409.2402236,247343752777.01407
2022-05-14 09:00:00,118.0,124.0,113.0,120.0,1007204781.9376687,119583495631.70439
2022-05-15 09:00:00,119.0,122.0,115.0,122.0,530758268.0121158,62711966558.17914
2022-05-16 09:00:00,121.0,122.0,114.0,115.0,435212079.28634685,50798338974.67468
2022-05-17 09:00:00,116.0,118.0,113.0,116.0,412093775.4830029,47874476210.09116
2022-05-18 09:00:00,117.0,117.0,107.0,107.0,420474300.0715749,47145625681.69252
2022-05-19 09:00:00,108.0,112.0,105.0,111.0,460481162.687262,50132435163.34937
2022-05-20 09:00:00,111.0,113.0,107.0,108.0,320813081.7969341,35385020703.54313
2022-05-21 09:00:00,109.0,110.0,107.0,109.0,141868434.79699424,15400579478.866709
2022-05-22 09:00:00,109.0,113.0,108.0,110.0,325215014.60151845,35930623709.866394
2022-05-23 09:00:00,111.0,114.0,105.0,106.0,578486950.6821368,63964284060.33142
2022-05-24 09:00:00,107.0,108.0,102.0,106.0,473454335.18717647,50060831777.03569
2022-05-25 09:00:00,107.0,108.0,105.0,107.0,286457835.2850001,30425035292.19181
2022-05-26 09:00:00,107.0,108.0,97.3,101.0,828206076.4629966,84190782323.47609
2022-05-27 09:00:00,101.0,113.0,97.3,105.0,1326626898.5127718,138625116540.67224
2022-05-28 09:00:00,104.0,107.0,103.0,105.0,322721712.2417088,33837640149.81451
2022-05-29 09:00:00,105.0,106.0,102.0,106.0,202589497.01466835,21069056714.585037
2022-05-30 09:00:00,105.0,111.0,104.0,109.0,447883594.8789792,48187159602.68134
2022-05-31 09:00:00,109.0,111.0,105.0,108.0,560593119.412222,60723656807.703186
2022-06-01 09:00:00,108.0,113.0,101.0,103.0,734646866.312613,79193217644.2289
2022-06-02 09:00:00,103.0,105.0,102.0,104.0,230345340.41325137,23771416676.411953
2022-06-03 09:00:00,104.0,105.0,101.0,102.0,224191741.7707383,23073027149.731205
2022-06-04 09:00:00,103.0,106.0,101.0,104.0,269296899.48221487,27980937713.527683
2022-06-05 09:00:00,103.0,105.0,102.0,104.0,107353918.43452328,11084170021.914648
2022-06-06 09:00:00,104.0,107.0,103.0,105.0,329846473.3633176,34602559883.952644
2022-06-07 09:00:00,105.0,105.0,99.9,103.0,348523734.9384001,35523572403.28687
2022-06-08 09:00:00,102.0,103.0,101.0,102.0,146463991.765137,14914166473.049358
2022-06-09 09:00:00,102.0,103.0,100.0,101.0,128811210.47962654,13061194988.144793
2022-06-10 09:00:00,100.0,102.0,96.7,97.6,418303586.86678016,41494125633.25849
2022-06-11 09:00:00,97.7,98.6,89.2,91.3,564913634.5973195,52785530646.664246
2022-06-12 09:00:00,91.4,91.7,82.2,82.8,674858235.1412839,58087993488.34093
2022-06-13 09:00:00,82.8,86.5,69.1,70.6,1733372944.3260372,129549389024.81174
2022-06-14 09:00:00,70.6,75.7,65.1,72.3,1124820729.2270339,80132456780.32288
2022-06-15 09:00:00,72.4,82.5,66.5,81.3,1194673930.462035,86010205324.57883
2022-06-16 09:00:00,81.4,81.5,71.6,72.8,767258305.2555238,58273637310.28346
2022-06-17 09:00:00,72.8,76.0,71.5,75.1,379949978.6836764,28211747496.80832
2022-06-18 09:00:00,75.0,76.2,66.8,69.9,641724837.9322444,45480491232.398315
2022-06-19 09:00:00,70.0,81.0,67.4,78.4,2471131469.22457,185515981661.18277
2022-06-20 09:00:00,78.4,79.7,75.0,77.7,693833232.4651021,53512453254.76661
2022-06-21 09:00:00,77.7,90.7,76.6,85.5,1658821519.070746,141212030950.37033
2022-06-22 09:00:00,85.5,85.7,80.1,81.2,591030089.1683334,48687608845.54286
2022-06-23 09:00:00,81.2,84.2,81.1,83.0,377929169.53282243,31345795759.60086
2022-06-24 09:00:00,83.0,89.7,83.0,86.9,653793809.4464234,56316845709.13364
2022-06-25 09:00:00,86.9,89.9,84.9,88.6,359999878.3169981,31526330477.562653
2022-06-26 09:00:00,88.6,101.0,87.5,95.5,1518324956.2693017,144344693909.79666
2022-06-27 09:00:00,95.5,102.0,91.8,94.0,2052079045.1689517,200733793542.57727
2022-06-28 09:00:00,94.1,94.9,86.0,86.7,606111978.6848888,55211305249.38054
2022-06-29 09:00:00,86.7,94.1,84.4,91.9,755112894.7006562,67322673442.7236
2022-06-30 09:00:00,91.8,92.1,82.7,86.5,623508701.860905,53578563492.30352
2022-07-01 09:00:00,86.6,89.1,84.3,88.0,407307795.3951118,35382005707.756355
2022-07-02 09:00:00,88.0,89.7,86.5,88.1,235526341.04833975,20813277437.665154
2022-07-03 09:00:00,88.0,88.9,86.1,88.4,203217596.5111617,17797058951.968067
2022-07-04 09:00:00,88.3,91.5,86.8,90.5,292860171.5902765,26098295504.01486
2022-07-05 09:00:00,90.5,91.5,86.8,88.6,300558047.5255866,26885443020.349945
2022-07-06 09:00:00,88.5,91.1,87.2,89.8,229190281.70962965,20426266371.296074
2022-07-07 09:00:00,89.7,92.5,89.0,91.8,278228193.2158572,25290592184.478905
2022-07-08 09:00:00,91.7,95.2,89.5,90.3,438258119.9334988,40240625857.62622
2022-07-09 09:00:00,90.3,91.3,89.9,90.6,139684627.79981232,12660732967.383862
2022-07-10 09:00:00,90.6,90.7,87.1,88.0,172822025.0803636,15342177107.229895
2022-07-11 09:00:00,88.2,88.2,81.4,82.0,211938058.14890313,17983339814.53901
2022-07-12 09:00:00,82.0,83.6,79.5,79.5,181616579.9129098,14785771628.27183
2022-07-13 09:00:00,79.6,82.0,76.1,81.5,323998562.0756288,25779648269.518806
2022-07-14 09:00:00,81.4,82.8,78.9,82.2,347286084.6764427,28113768728.105457
2022-07-15 09:00:00,82.2,84.8,81.3,83.2,239897490.1389233,19913580019.728905
2022-07-16 09:00:00,83.2,85.4,81.7,84.6,197657529.95761836,16540164823.891
2022-07-17 09:00:00,84.6,86.2,83.2,83.4,287945640.9811971,24393419456.777763
2022-07-18 09:00:00,83.5,90.0,83.2,88.5,737008706.6016252,64242615048.429184
2022-07-19 09:00:00,88.5,91.7,86.1,90.5,740948367.4123957,65768586797.53847
2022-07-20 09:00:00,90.5,101.0,89.0,92.2,2169499712.9171505,208899370084.73254
2022-07-21 09:00:00,92.2,93.3,88.0,92.0,633444706.64384,57521360536.1087
2022-07-22 09:00:00,92.1,93.9,88.6,89.4,482352445.3084116,44234732708.932144
2022-07-23 09:00:00,89.4,91.6,87.7,89.9,277747076.1684034,24911928352.78001
2022-07-24 09:00:00,90.1,91.0,89.0,89.3,209126849.97190395,18825536233.76245
2022-07-25 09:00:00,89.4,89.7,83.0,83.2,345570636.9120041,29808383147.124348
2022-07-26 09:00:00,83.1,83.8,80.5,83.5,231301224.48715872,19016373825.363415
2022-07-27 09:00:00,83.5,88.4,82.6,88.4,299810931.83551145,25581217583.56743
2022-07-28 09:00:00,88.4,92.5,86.1,90.6,508174914.4144363,45155877651.29463
2022-07-29 09:00:00,90.5,94.8,89.0,90.9,696431894.8211892,64032858812.83963
2022-07-30 09:00:00,91.1,98.4,90.1,92.0,965473396.8509444,91386857502.75145
2022-07-31 09:00:00,92.0,94.8,89.7,90.1,456292309.4478109,42233900579.69811
2022-08-01 09:00:00,90.1,93.8,89.2,90.9,451504334.62464255,41084735154.92583
2022-08-02 09:00:00,91.0,91.5,87.4,89.2,366708067.6041589,32716025160.596436
2022-08-03 09:00:00,89.2,91.0,87.7,89.2,247158100.16980672,22133236267.316628
2022-08-04 09:00:00,89.2,90.6,88.4,90.1,258240232.94589815,23089865610.845547
2022-08-05 09:00:00,90.1,92.7,89.8,92.1,353709461.59289217,32310544701.092236
2022-08-06 09:00:00,92.1,94.5,91.0,91.2,310430014.34869367,28769612431.928856
2022-08-07 09:00:00,91.3,92.5,89.9,91.2,154286060.09049913,14070617419.812197
2022-08-08 09:00:00,91.3,95.7,91.2,92.6,458228349.4824787,42765554565.27753
2022-08-09 09:00:00,92.5,98.5,91.3,92.4,1065990394.9846411,101248980133.09909
2022-08-10 09:00:00,92.4,94.7,90.0,94.1,595623021.9809107,55172683410.03766
2022-08-11 09:00:00,94.0,99.9,93.9,94.3,874376398.0170938,84091894355.31679
2022-08-12 09:00:00,94.2,97.3,93.0,95.8,469679616.08497494,44504657685.80857
2022-08-13 09:00:00,95.9,99.5,95.3,97.1,813930700.7900858,79526216302.70866
2022-08-14 09:00:00,97.2,113.0,96.8,109.0,1906423012.910564,199930570952.22263
2022-08-15 09:00:00,110.0,110.0,100.0,103.0,1004372157.528139,104868166156.99962
2022-08-16 09:00:00,103.0,121.0,102.0,116.0,2141347667.890825,243000675416.05966
2022-08-17 09:00:00,116.0,119.0,107.0,109.0,1055092090.3414185,119361889067.25478
2022-08-18 09:00:00,109.0,111.0,103.0,104.0,560015395.2028828,60196111096.84546
2022-08-19 09:00:00,104.0,104.0,92.3,93.1,1366323738.5299072,132998704555.70782
2022-08-20 09:00:00,93.1,98.0,93.0,96.3,513331598.89211696,49220051120.031044
2022-08-21 09:00:00,96.2,97.2,93.2,95.1,397769454.4833506,37834804999.59494
2022-08-22 09:00:00,95.1,95.7,90.1,93.6,472224355.7428335,43545403375.0204
2022-08-23 09:00:00,93.6,94.4,91.8,93.7,266713188.57700783,24903122446.478592
2022-08-24 09:00:00,93.7,94.5,91.7,92.5,214531615.06630003,19918033797.586132
2022-08-25 09:00:00,92.5,97.2,92.1,93.7,386573568.1343922,36440795591.37109
2022-08-26 09:00:00,93.7,94.6,86.7,87.7,560745311.6989361,51302599014.22034
2022-08-27 09:00:00,87.7,88.8,86.1,88.0,235895569.3340256,20672001574.504368
2022-08-28 09:00:00,88.0,88.7,85.1,85.6,204255096.59283903,17911617049.47061
2022-08-29 09:00:00,85.7,88.0,84.1,87.5,225406410.41902027,19361156667.8144
2022-08-30 09:00:00,87.5,88.3,83.3,84.8,252004549.5423731,21752823490.144897
2022-08-31 09:00:00,84.9,86.7,83.7,84.4,183636374.88610148,15690400474.181654
2022-09-01 09:00:00,84.4,86.0,82.6,85.5,357927163.8985591,30134396018.315567
2022-09-02 09:00:00,85.5,86.2,84.1,85.1,158477947.7385679,13522623875.333742
2022-09-03 09:00:00,85.2,88.4,84.8,86.6,225949778.64012566,19530344216.6322
2022-09-04 09:00:00,86.6,88.3,85.8,87.1,162806549.49301296,14170530780.275137
2022-09-05 09:00:00,87.2,87.8,84.5,86.7,152848198.41449505,13156526622.727646
2022-09-06 09:00:00,86.6,89.7,81.6,82.5,399687424.8248114,34283283758.21234
2022-09-07 09:00:00,82.5,85.5,80.8,84.8,234369717.3122614,19534539034.85877
2022-09-08 09:00:00,84.7,85.4,83.4,85.0,177330460.71917108,14997352049.120882
2022-09-09 09:00:00,85.1,89.0,84.7,87.8,315503496.385601,27483388763.47653
2022-09-10 09:00:00,87.8,89.7,86.9,88.7,274629538.0987756,24229841853.165817
2022-09-11 09:00:00,88.7,89.7,86.8,87.7,244413298.8451288,21558100781.282413
2022-09-12 09:00:00,87.7,89.4,86.8,87.7,316156139.9337243,27790685458.8429
2022-09-13 09:00:00,87.8,88.0,83.3,83.8,351339819.9459312,30053032116.03461
2022-09-14 09:00:00,84.0,86.3,83.5,85.6,171015497.18613794,14540583379.729893
2022-09-15 09:00:00,85.6,86.0,83.3,83.6,173956819.96657562,14719599560.926733
2022-09-16 09:00:00,83.6,85.4,83.0,85.0,134631842.60679987,11316204273.63439
2022-09-17 09:00:00,85.2,87.6,84.8,87.0,141056399.905254,12155828604.066185
2022-09-18 09:00:00,87.1,87.1,80.3,81.4,221005214.75064564,18556604667.5496
2022-09-19 09:00:00,81.4,82.9,80.0,82.6,222910823.63106215,18088563812.696434
2022-09-20 09:00:00,82.6,86.6,81.7,82.8,354992693.7253539,29729526515.077705
2022-09-21 09:00:00,82.8,85.9,80.5,82.1,313134328.83966166,26020537024.888218
2022-09-22 09:00:00,82.2,85.3,81.8,84.7,217853403.18936178,18257488993.50865
2022-09-23 09:00:00,84.8,92.6,84.6,90.7,1419184802.6609476,125332341528.77318
2022-09-24 09:00:00,90.7,97.9,89.7,91.0,2079155287.3092237,196798197958.89316
2022-09-25 09:00:00,90.9,91.9,86.6,88.0,785313456.5831665,70627965754.57419
2022-09-26 09:00:00,88.0,89.2,86.2,87.7,443960738.0721662,38991461204.311775
2022-09-27 09:00:00,87.8,89.9,86.2,87.3,348035230.26553726,30785614252.53224
2022-09-28 09:00:00,87.3,88.0,84.7,87.1,224503839.60466585,19414874371.25804
2022-09-29 09:00:00,87.1,88.0,85.6,87.0,192046113.54288292,16660585566.65133
2022-09-30 09:00:00,87.0,89.7,86.0,88.5,266084830.66030952,23269329647.128765
2022-10-01 09:00:00,88.5,91.2,87.1,87.5,365875703.1571235,32616906372.513912
2022-10-02 09:00:00,87.5,88.1,85.6,86.2,133928826.58519597,11642484324.884054
2022-10-03 09:00:00,86.1,87.4,85.6,87.0,141189243.86107272,12243415370.015707
2022-10-04 09:00:00,87.0,94.7,86.4,94.1,877412543.4039128,80527469146.78644
2022-10-05 09:00:00,94.0,95.5,89.9,92.2,821150229.2943949,76122471033.2004
2022-10-06 09:00:00,92.2,94.7,89.9,90.4,492119941.62752914,45428448990.79245
2022-10-07 09:00:00,90.4,90.7,87.7,88.7,369270538.5208024,32911321368.7281
2022-10-08 09:00:00,88.7,89.3,87.7,88.0,157678047.28543198,13974348748.629444
2022-10-09 09:00:00,88.0,88.9,87.4,88.4,102770310.39348312,9059643093.178333
2022-10-10 09:00:00,88.4,89.1,85.0,85.2,227676690.594742,19827535228.321087
2022-10-11 09:00:00,85.2,88.6,82.8,86.5,376319092.14317226,32313295914.167107
2022-10-12 09:00:00,86.5,87.5,85.1,85.8,176078446.7009748,15176132271.682981
2022-10-13 09:00:00,85.7,86.7,79.9,85.6,438414909.226682,36489820513.30797
2022-10-14 09:00:00,85.6,87.5,83.7,84.6,218374824.48022687,18777022421.492386
2022-10-15 09:00:00,84.6,86.2,83.7,84.5,93931168.44393168,7955530326.290266
2022-10-16 09:00:00,84.4,85.8,84.4,84.6,75955696.4267238,6456220063.965696
2022-10-17 09:00:00,84.6,86.1,84.0,85.9,131368648.55715124,11186308772.202799
2022-10-18 09:00:00,85.8,87.8,84.3,86.0,169975894.84850684,14539423900.045061
2022-10-19 09:00:00,85.9,87.5,84.3,84.7,209032976.20331764,17877150505.802063
2022-10-20 09:00:00,84.7,87.1,84.2,85.8,169105945.67609084,14508391221.740063
2022-10-21 09:00:00,85.8,86.0,83.0,85.5,157470716.0518281,13316296287.348475
2022-10-22 09:00:00,85.5,86.2,85.2,85.8,87561930.7074972,7494416996.651179
2022-10-23 09:00:00,85.7,86.5,84.7,86.4,111445553.17807776,9540728615.36751
2022-10-24 09:00:00,86.3,87.4,84.8,85.4,176520392.95549154,15162013010.086563
2022-10-25 09:00:00,85.4,91.0,85.0,89.5,420725372.10065925,36985983054.211235
2022-10-26 09:00:00,89.4,104.0,88.8,101.0,1862541349.3747675,179286623521.031
2022-10-27 09:00:00,101.0,119.0,100.0,108.0,2406442487.075021,261695747954.01035
2022-10-28 09:00:00,108.0,124.0,102.0,118.0,3329033222.216825,380367876100.5665
2022-10-29 09:00:00,118.0,209.0,116.0,171.0,13519545998.459776,2234804332859.3784
2022-10-30 09:00:00,171.0,202.0,157.0,165.0,8453636264.134832,1497427467503.2986
2022-10-31 09:00:00,165.0,185.0,160.0,179.0,5648019392.429936,971994400840.0393
2022-11-01 09:00:00,178.0,222.0,175.0,199.0,9006629719.007189,1797541786315.4548
2022-11-02 09:00:00,199.0,208.0,176.0,181.0,5162310329.99881,994057273855.5535
2022-11-03 09:00:00,182.0,194.0,173.0,175.0,2323028410.785523,430117075172.1935
2022-11-04 09:00:00,175.0,180.0,165.0,176.0,3660540284.5564966,627342834306.3912
2022-11-05 09:00:00,175.0,190.0,171.0,174.0,2366820468.707754,425417445525.53784
2022-11-06 09:00:00,174.0,178.0,160.0,162.0,1352634001.015734,231118088122.15466
2022-11-07 09:00:00,162.0,167.0,153.0,156.0,1614447657.1238174,261274654848.1545
2022-11-08 09:00:00,156.0,159.0,121.0,128.0,5642309810.3953705,793863288368.7058
2022-11-09 09:00:00,127.0,133.0,101.0,107.0,8225977786.753599,989410992272.5165
2022-11-10 09:00:00,108.0,131.0,105.0,127.0,7432394779.603739,889802354683.6464
2022-11-11 09:00:00,127.0,131.0,111.0,118.0,3570798449.3284354,427961020538.2266
2022-11-12 09:00:00,119.0,132.0,109.0,123.0,4575450694.705454,561051506672.9028
2022-11-13 09:00:00,122.0,127.0,115.0,117.0,2105030712.4269266,253961261199.75983
2022-11-14 09:00:00,117.0,125.0,107.0,117.0,3780163249.261388,441195925079.2036
2022-11-15 09:00:00,118.0,122.0,115.0,119.0,1507693196.7282743,179138655155.10004
2022-11-16 09:00:00,118.0,124.0,115.0,118.0,1334962980.9257565,159310090474.21362
2022-11-17 09:00:00,118.0,120.0,114.0,118.0,670518426.9699638,78320977886.35857
2022-11-18 09:00:00,117.0,119.0,116.0,117.0,448866207.70223063,52673149856.436806
2022-11-19 09:00:00,118.0,118.0,115.0,116.0,412889465.0880252,47990099699.761734
2022-11-20 09:00:00,117.0,119.0,107.0,108.0,996062675.9852977,113243758597.54446
2022-11-21 09:00:00,108.0,109.0,101.0,104.0,1055352219.3733408,111136353532.35094
2022-11-22 09:00:00,105.0,111.0,103.0,109.0,950734757.9058412,101387566769.03769
2022-11-23 09:00:00,109.0,116.0,108.0,113.0,902324029.2671471,101548648095.71582
2022-11-24 09:00:00,114.0,117.0,110.0,111.0,658198102.6221715,73962056565.49983
2022-11-25 09:00:00,111.0,126.0,110.0,122.0,1883583850.546351,224275932876.571
2022-11-26 09:00:00,122.0,132.0,121.0,122.0,1817327672.5889127,230392676072.5044
2022-11-27 09:00:00,123.0,148.0,122.0,137.0,3542024185.880645,485188712050.97
2022-11-28 09:00:00,136.0,138.0,126.0,131.0,1955381793.609849,257303388251.15573
2022-11-29 09:00:00,131.0,144.0,128.0,139.0,2137111231.8985343,297712291810.97736
2022-11-30 09:00:00,138.0,149.0,135.0,144.0,2071292770.8533137,297230966146.5173
2022-12-01 09:00:00,145.0,147.0,136.0,139.0,1321132603.375208,185800599427.6541
2022-12-02 09:00:00,138.0,140.0,130.0,137.0,1284917412.7510202,171736383383.2193
2022-12-03 09:00:00,137.0,139.0,132.0,135.0,708055749.2935375,95736810574.05298
2022-12-04 09:00:00,135.0,142.0,134.0,140.0,1024039533.6946685,142241573340.4801
2022-12-05 09:00:00,139.0,149.0,134.0,135.0,1849021773.0063806,261555029300.0683
2022-12-06 09:00:00,135.0,137.0,131.0,134.0,583125254.3440238,78538964387.07222
2022-12-07 09:00:00,134.0,135.0,126.0,129.0,871961218.3253406,113081822670.91191
2022-12-08 09:00:00,129.0,132.0,127.0,132.0,547173393.2769771,70720869549.31795
2022-12-09 09:00:00,131.0,132.0,128.0,130.0,296215562.1167892,38471652962.28188
2022-12-10 09:00:00,129.0,130.0,128.0,129.0,220485621.75260124,28416351025.80689
2022-12-11 09:00:00,128.0,130.0,123.0,123.0,348380706.45399886,44146106510.19869
2022-12-12 09:00:00,124.0,124.0,116.0,119.0,837398880.8040401,99134015044.47852
2022-12-13 09:00:00,120.0,125.0,115.0,119.0,1127549529.2915235,135541271240.07547
2022-12-14 09:00:00,118.0,121.0,115.0,116.0,661217402.7494719,78217040568.9889
2022-12-15 09:00:00,116.0,117.0,111.0,113.0,597266596.3521181,68188729609.47684
2022-12-16 09:00:00,113.0,115.0,100.0,102.0,1167501317.289748,125421621521.8934
2022-12-17 09:00:00,102.0,105.0,100.0,105.0,695753886.8551587,71158792887.62846
2022-12-18 09:00:00,104.0,106.0,103.0,104.0,347112436.98042595,36285318808.11154
2022-12-19 09:00:00,105.0,105.0,92.0,94.2,948203025.0129049,92763266023.25046
2022-12-20 09:00:00,94.2,98.9,93.5,97.4,886387973.1938856,85818143975.51254
2022-12-21 09:00:00,97.4,97.7,93.1,96.2,528509500.6163165,50375454757.19064
2022-12-22 09:00:00,96.1,103.0,94.9,100.0,1238095031.8693802,122397329142.10995
2022-12-23 09:00:00,100.0,103.0,99.3,101.0,472852107.83576554,47746164843.54814
2022-12-24 09:00:00,100.0,102.0,100.0,100.0,165316404.30677867,16666266893.123049
2022-12-25 09:00:00,101.0,102.0,95.2,98.6,544570742.4160789,53772490543.12888
2022-12-26 09:00:00,98.6,99.0,95.7,97.1,391622469.9265878,38104785950.49718
2022-12-27 09:00:00,97.2,97.8,93.0,94.1,412044181.3426074,39222152780.434654
2022-12-28 09:00:00,94.1,94.4,88.3,89.7,703000106.3653297,63902420735.672775
2022-12-29 09:00:00,89.7,91.4,88.5,90.3,431238363.3409986,38749718952.69261
2022-12-30 09:00:00,90.4,91.0,84.0,86.9,630891835.5473986,54788055773.23326
2022-12-31 09:00:00,87.0,90.7,86.1,89.4,413059360.3901594,36624664902.08924
2023-01-01 09:00:00,89.3,90.2,88.1,89.3,177379508.96797773,15764251739.533213
2023-01-02 09:00:00,89.2,93.6,87.7,90.8,420663622.46932364,38194879688.6386
2023-01-03 09:00:00,90.8,92.2,88.7,90.2,376351681.6618966,34211189310.078876
2023-01-04 09:00:00,90.2,94.2,89.8,93.7,459042236.14337564,42352816616.69041
2023-01-05 09:00:00,93.7,96.4,90.9,91.8,559019486.8184414,52450714906.7657
2023-01-06 09:00:00,91.8,92.4,88.9,91.9,386993437.54204273,35096298454.2943
2023-01-07 09:00:00,92.0,92.8,91.3,91.9,169487392.13752878,15576781003.756496
2023-01-08 09:00:00,91.9,93.5,90.7,93.3,182994986.30436352,16808468806.49417
2023-01-09 09:00:00,93.3,99.9,92.5,95.4,1260793897.2430017,122180508191.94873
2023-01-10 09:00:00,95.3,98.0,93.1,97.9,573602549.6015191,55171452422.774216
2023-01-11 09:00:00,97.9,98.9,94.5,98.0,551598978.9894196,53324134657.05546
2023-01-12 09:00:00,98.0,102.0,96.1,100.0,1202982357.4222205,118827555656.2627
2023-01-13 09:00:00,100.0,106.0,99.1,105.0,971314029.2822067,98387624849.42456
2023-01-14 09:00:00,105.0,114.0,103.0,107.0,1887546527.5825613,203686791552.24228
2023-01-15 09:00:00,107.0,109.0,102.0,106.0,753382418.394089,79234156418.9247
2023-01-16 09:00:00,106.0,110.0,102.0,104.0,694467546.8337946,73259078729.14864
2023-01-17 09:00:00,105.0,106.0,102.0,103.0,448500869.92415863,46607884030.83283
2023-01-18 09:00:00,104.0,112.0,99.2,99.7,2020061009.71786,213753335224.91367
2023-01-19 09:00:00,99.7,102.0,99.6,101.0,429715126.92897147,43345816403.54133
2023-01-20 09:00:00,101.0,108.0,100.0,106.0,533682161.0515721,55096773447.66586
2023-01-21 09:00:00,106.0,111.0,105.0,106.0,744720799.5072744,80116954395.74533
2023-01-22 09:00:00,106.0,116.0,105.0,110.0,1021357029.1284726,112529239312.59229
2023-01-23 09:00:00,110.0,114.0,108.0,110.0,776348764.8950136,86350134776.03362
2023-01-24 09:00:00,110.0,114.0,104.0,106.0,847416545.7627561,93086309031.94746
2023-01-25 09:00:00,106.0,110.0,103.0,107.0,827361282.7989268,87477234070.85405
2023-01-26 09:00:00,107.0,110.0,106.0,108.0,696028587.1817132,75242140386.90613
2023-01-27 09:00:00,109.0,110.0,105.0,109.0,522748652.14705956,56071129796.94531
2023-01-28 09:00:00,109.0,118.0,109.0,110.0,1160091357.126466,130905228315.51776
2023-01-29 09:00:00,110.0,114.0,110.0,113.0,456697967.78356886,51251896061.90715
2023-01-30 09:00:00,112.0,116.0,106.0,111.0,980265329.1193564,107756238590.0579
2023-01-31 09:00:00,110.0,122.0,110.0,121.0,2157441034.6046405,251285118778.20154
2023-02-01 09:00:00,120.0,122.0,111.0,117.0,1364913146.8722234,157499545589.76428
2023-02-02 09:00:00,117.0,120.0,114.0,114.0,832913989.4330266,97399762413.19391
2023-02-03 09:00:00,114.0,117.0,113.0,116.0,407206874.80695087,46886106690.26776
2023-02-04 09:00:00,116.0,125.0,115.0,120.0,1122905160.763525,134428749457.09752
2023-02-05 09:00:00,120.0,122.0,115.0,117.0,697156385.1792663,82281504511.71964
2023-02-06 09:00:00,117.0,118.0,114.0,115.0,451890060.8457557,52556886366.79459
2023-02-07 09:00:00,116.0,118.0,114.0,117.0,315321340.60615194,36531062214.598236
2023-02-08 09:00:00,117.0,118.0,113.0,115.0,281506058.50082517,32600299792.74547
2023-02-09 09:00:00,115.0,116.0,104.0,106.0,715387205.929041,78827968143.32669
2023-02-10 09:00:00,106.0,107.0,104.0,105.0,403122639.2491462,42534671891.64471
2023-02-11 09:00:00,105.0,107.0,105.0,107.0,156408716.16385785,16586411074.780886
2023-02-12 09:00:00,106.0,111.0,105.0,106.0,435032235.92920005,47100413339.93693
2023-02-13 09:00:00,107.0,113.0,103.0,107.0,804317331.2102954,86247473871.04495
2023-02-14 09:00:00,107.0,109.0,103.0,109.0,512291405.8190372,54517742468.936264
2023-02-15 09:00:00,108.0,115.0,107.0,114.0,915629964.1240771,102410055450.9216
2023-02-16 09:00:00,114.0,118.0,109.0,109.0,850795966.2221352,97058901018.35342
2023-02-17 09:00:00,109.0,114.0,109.0,113.0,336116410.7707315,37689145440.39841
2023-02-18 09:00:00,112.0,117.0,112.0,114.0,358710818.9067894,40857033405.717384
2023-02-19 09:00:00,115.0,116.0,112.0,112.0,328449423.4511782,37410314445.200966
2023-02-20 09:00:00,112.0,114.0,111.0,113.0,355202963.42471373,40174227851.49982
2023-02-21 09:00:00,113.0,115.0,110.0,111.0,454460137.30801743,51061154856.0228
2023-02-22 09:00:00,111.0,114.0,108.0,111.0,783273108.4313302,87082548046.90097
2023-02-23 09:00:00,112.0,113.0,109.0,110.0,253562154.68250322,28148798285.049397
2023-02-24 09:00:00,111.0,111.0,106.0,108.0,286330396.80280924,31153717544.39381
2023-02-25 09:00:00,108.0,109.0,105.0,107.0,211417425.5673244,22698118667.73825
2023-02-26 09:00:00,108.0,110.0,107.0,110.0,142067469.85153368,15392273610.36024
2023-02-27 09:00:00,109.0,110.0,107.0,108.0,172586646.9069571,18663239255.48525
2023-02-28 09:00:00,108.0,110.0,108.0,110.0,109211933.1728392,11905576516.604118
