2020-06-04 09:00:00,295100.0,298300.0,286500.0,292750.0,75367.98306799,22108775153.63984
2020-06-05 09:00:00,292750.0,296550.0,288500.0,289200.0,50252.079503,14689391278.778147
2020-06-06 09:00:00,289200.0,293600.0,287000.0,291000.0,26945.76832797,7825728388.117399
2020-06-07 09:00:00,290850.0,294000.0,283600.0,293000.0,44655.66027353,12916866352.027388
2020-06-08 09:00:00,293000.0,295500.0,289300.0,294400.0,35639.85502127,10411778576.365252
2020-06-09 09:00:00,294100.0,298300.0,287500.0,292000.0,44907.03346657,13116748004.144098
2020-06-10 09:00:00,292000.0,296700.0,289050.0,294100.0,40654.6639534,11856280327.815573
2020-06-11 09:00:00,294100.0,296550.0,274000.0,275750.0,79687.6125151,22832602192.30861
2020-06-12 09:00:00,275500.0,286900.0,273800.0,285550.0,51284.61408645,14492465099.902712
2020-06-13 09:00:00,285500.0,286900.0,282950.0,286400.0,22152.82813503,6315119508.838594
2020-06-14 09:00:00,286600.0,286800.0,277350.0,279050.0,26036.11510136,7365957918.600307
2020-06-15 09:00:00,279050.0,281050.0,263800.0,278050.0,82561.08385017,22496245825.412304
2020-06-16 09:00:00,277900.0,283050.0,274950.0,282950.0,42759.89358721,11970629889.243685
2020-06-17 09:00:00,282950.0,286150.0,278700.0,282700.0,45700.49398223,12877130630.285639
2020-06-18 09:00:00,282700.0,283500.0,275800.0,279450.0,35295.64800674,9902255678.371027
2020-06-19 09:00:00,279450.0,280350.0,273550.0,277600.0,39010.52804444,10812933547.877626
2020-06-20 09:00:00,277150.0,279050.0,274150.0,277000.0,20859.2707913,5776611869.728133
2020-06-21 09:00:00,276950.0,279000.0,275000.0,275850.0,19275.80865358,5343091990.43081
2020-06-22 09:00:00,275450.0,294650.0,275250.0,291800.0,65974.35342438,18866980000.70834
2020-06-23 09:00:00,291500.0,293600.0,288450.0,290500.0,42078.73553424,12244792828.074352
2020-06-24 09:00:00,290500.0,297900.0,279000.0,283000.0,78529.30732298,22704324452.845257
2020-06-25 09:00:00,282950.0,283850.0,273800.0,280050.0,56542.94808781,15808555856.689566
2020-06-26 09:00:00,280050.0,281100.0,274250.0,276650.0,45841.08336914,12725070184.097174
2020-06-27 09:00:00,276650.0,277700.0,264200.0,267800.0,39142.02903284,10640152573.87254
2020-06-28 09:00:00,267750.0,274250.0,262050.0,270950.0,50407.43961258,13478355197.175106
2020-06-29 09:00:00,270500.0,274700.0,265600.0,272250.0,48232.41411373,13000734107.323767
2020-06-30 09:00:00,272200.0,273200.0,267400.0,269900.0,30537.10344461,8268591154.499238
2020-07-01 09:00:00,269750.0,278200.0,268350.0,276600.0,44634.47705164,12164365824.179808
2020-07-02 09:00:00,276200.0,277350.0,268550.0,271400.0,44643.46361768,12204703349.017672
2020-07-03 09:00:00,271050.0,273150.0,268850.0,269250.0,36843.2430592,9997278609.088902
2020-07-04 09:00:00,269050.0,275000.0,268850.0,272950.0,21287.69961751,5771578206.694908
2020-07-05 09:00:00,272950.0,273650.0,267900.0,271850.0,25537.69114679,6906297563.076368
2020-07-06 09:00:00,271850.0,286650.0,270450.0,286000.0,61326.1501832,17074831659.792688
2020-07-07 09:00:00,285800.0,288300.0,278800.0,283950.0,47136.44781163,13336002747.351091
2020-07-08 09:00:00,283950.0,293500.0,282400.0,291300.0,72304.4864099,20820702967.6183
2020-07-09 09:00:00,291300.0,293000.0,282500.0,287250.0,50606.26237856,14608516134.4703
2020-07-10 09:00:00,286950.0,287300.0,281500.0,286600.0,37246.12755249,10599130757.033018
2020-07-11 09:00:00,286600.0,287250.0,282100.0,284050.0,21132.55749836,6019433766.145624
2020-07-12 09:00:00,284050.0,288450.0,281350.0,287850.0,30110.2870546,8573541956.931355
2020-07-13 09:00:00,287900.0,290050.0,283400.0,285000.0,49498.4469365,14250504123.855326
2020-07-14 09:00:00,285500.0,288000.0,283450.0,285700.0,35682.66924744,10187724418.092096
2020-07-15 09:00:00,285700.0,286550.0,282900.0,284850.0,29638.57712626,8449818759.409497
2020-07-16 09:00:00,284850.0,285600.0,275400.0,279400.0,40069.63246615,11222645115.194143
2020-07-17 09:00:00,279450.0,280500.0,277350.0,278100.0,28416.51101562,7923701722.262643
2020-07-18 09:00:00,278100.0,281500.0,277550.0,280350.0,23578.2517126,6587573069.061349
2020-07-19 09:00:00,280400.0,284950.0,278300.0,284150.0,25024.69557075,7015659208.348181
2020-07-20 09:00:00,283650.0,285050.0,280500.0,282050.0,31103.93021276,8827888537.082645
2020-07-21 09:00:00,282050.0,292800.0,281950.0,290900.0,53703.57705705,15460909263.678734
2020-07-22 09:00:00,290650.0,315050.0,288250.0,311850.0,60625.21898961,18088166627.21197
2020-07-23 09:00:00,311750.0,330100.0,307900.0,325000.0,101085.28737379,32029724785.999092
2020-07-24 09:00:00,325000.0,340800.0,318450.0,331600.0,91204.47853924,29909886011.953205
2020-07-25 09:00:00,331550.0,365000.0,331550.0,361000.0,92237.50020733,31808581262.64072
2020-07-26 09:00:00,361000.0,376400.0,354000.0,367050.0,115407.58073399,42087540574.80529
2020-07-27 09:00:00,366950.0,388850.0,366350.0,377000.0,156194.70057791,59467811482.62322
2020-07-28 09:00:00,377050.0,383200.0,361750.0,370600.0,112085.04989555,41873834861.05299
2020-07-29 09:00:00,371050.0,383300.0,366900.0,376000.0,81168.24513199,30602320601.748608
2020-07-30 09:00:00,375950.0,401800.0,372500.0,394900.0,83884.2694088,32187739552.443943
2020-07-31 09:00:00,394750.0,412550.0,388850.0,410050.0,98366.94647421,39537793018.32738
2020-08-01 09:00:00,409550.0,462450.0,406300.0,456750.0,105064.02156695,45157529184.93914
2020-08-02 09:00:00,456400.0,489500.0,389150.0,438500.0,326707.39420878,145602660453.4566
2020-08-03 09:00:00,438750.0,473000.0,433950.0,456100.0,117327.51472682,53753017678.16433
2020-08-04 09:00:00,456500.0,475350.0,452000.0,463600.0,95725.30062093,44465577263.886154
2020-08-05 09:00:00,463400.0,479550.0,457500.0,472950.0,75118.14234382,35055134858.11734
2020-08-06 09:00:00,472950.0,476650.0,461350.0,465900.0,65368.70079424,30634818707.608364
2020-08-07 09:00:00,465250.0,469550.0,435650.0,451050.0,71299.43953491,32592639584.738476
2020-08-08 09:00:00,451000.0,468000.0,446700.0,468000.0,43056.09181734,19681622450.65559
2020-08-09 09:00:00,467450.0,471100.0,454000.0,461500.0,42704.6699029,19768453035.165226
2020-08-10 09:00:00,461500.0,471300.0,459800.0,465850.0,57975.62411864,27025637297.86438
2020-08-11 09:00:00,465500.0,468000.0,440400.0,452750.0,71303.06454952,32671668895.506725
2020-08-12 09:00:00,452650.0,460850.0,436050.0,458350.0,69379.15906784,31199947899.77286
2020-08-13 09:00:00,458700.0,509300.0,447400.0,497850.0,112989.04066654,53539363483.610016
2020-08-14 09:00:00,497900.0,521600.0,492400.0,515100.0,91159.87189424,46002313566.717125
2020-08-15 09:00:00,514500.0,520000.0,502000.0,506300.0,56050.66233682,28654571369.096443
2020-08-16 09:00:00,506300.0,511500.0,485000.0,505800.0,60333.16497249,30085572759.22293
2020-08-17 09:00:00,505800.0,513500.0,493550.0,499000.0,65464.74668791,32771508788.833897
2020-08-18 09:00:00,499000.0,502100.0,484700.0,494550.0,58896.02010467,29273566143.0563
2020-08-19 09:00:00,494500.0,499700.0,468600.0,481600.0,66813.63065999,32317659727.15164
2020-08-20 09:00:00,481550.0,493000.0,474050.0,490250.0,54496.60411063,26351565996.026306
2020-08-21 09:00:00,490250.0,492400.0,461250.0,464200.0,62548.61858205,30073249669.845203
2020-08-22 09:00:00,464200.0,470750.0,450400.0,469450.0,59173.75074687,27270427630.235195
2020-08-23 09:00:00,469450.0,470550.0,456000.0,463100.0,31547.85687171,14601546603.291086
2020-08-24 09:00:00,463150.0,483400.0,459800.0,481900.0,53905.68682474,25556345069.67926
2020-08-25 09:00:00,481200.0,482300.0,443450.0,455850.0,70610.23867712,32539298429.82584
2020-08-26 09:00:00,455850.0,464000.0,448200.0,457000.0,47723.78309755,21738752361.48753
2020-08-27 09:00:00,456850.0,470000.0,444550.0,453350.0,58810.22121039,26796074692.652798
2020-08-28 09:00:00,453350.0,467450.0,449100.0,464950.0,42331.57007624,19461919038.99371
2020-08-29 09:00:00,464550.0,475000.0,460950.0,468050.0,39429.11640328,18465798530.250183
2020-08-30 09:00:00,468050.0,501300.0,467850.0,500700.0,59787.47850926,28975305038.754364
2020-08-31 09:00:00,500800.0,516100.0,490000.0,511600.0,84273.62689133,42497023195.7132
2020-09-01 09:00:00,511600.0,570000.0,507000.0,557400.0,141428.12530523,76880436872.45882
2020-09-02 09:00:00,557400.0,566900.0,504000.0,524400.0,164692.94752706,87754670748.8667
2020-09-03 09:00:00,524400.0,535900.0,451000.0,462300.0,218512.18272683,107602651030.32204
2020-09-04 09:00:00,462300.0,485900.0,445150.0,465800.0,162141.47286894,75892854659.18651
2020-09-05 09:00:00,465800.0,476550.0,386250.0,408300.0,215659.37852869,91188750031.79327
2020-09-06 09:00:00,408100.0,434000.0,384700.0,424500.0,209504.17895508,86182603597.26385
2020-09-07 09:00:00,425000.0,432600.0,390000.0,422300.0,142301.56172786,58552289835.97115
2020-09-08 09:00:00,422300.0,425300.0,395000.0,404000.0,100209.78175848,40936564841.78999
2020-09-09 09:00:00,404000.0,426150.0,396500.0,418050.0,82644.9022213,34071768606.67966
2020-09-10 09:00:00,418600.0,447700.0,417450.0,439000.0,127290.4412623,55551293029.610275
2020-09-11 09:00:00,439000.0,445500.0,424500.0,443850.0,62630.18779724,27254410025.973637
2020-09-12 09:00:00,443850.0,459950.0,435100.0,459950.0,42925.64462954,19089520393.678432
2020-09-13 09:00:00,459950.0,463500.0,425000.0,438700.0,73725.88594787,32789106569.075462
2020-09-14 09:00:00,438700.0,455700.0,427000.0,447350.0,63103.10877223,27810612244.42792
2020-09-15 09:00:00,447100.0,452100.0,430800.0,432850.0,57140.45413071,25224082213.262962
2020-09-16 09:00:00,432150.0,438500.0,420300.0,429750.0,50502.66628281,21693811454.31843
2020-09-17 09:00:00,430300.0,461300.0,428950.0,455600.0,76430.38001523,34195494001.29099
2020-09-18 09:00:00,455450.0,459400.0,441000.0,449650.0,44828.01330697,20137048570.104942
2020-09-19 09:00:00,449650.0,453000.0,442100.0,450200.0,26304.97944531,11774335649.92839
2020-09-20 09:00:00,450100.0,450100.0,429800.0,435350.0,30434.51037839,13383007425.990894
2020-09-21 09:00:00,435350.0,439550.0,391150.0,401450.0,85035.46439943,35098936740.699814
2020-09-22 09:00:00,400900.0,407150.0,391750.0,403650.0,44132.65688366,17678709151.75593
2020-09-23 09:00:00,403650.0,403850.0,370050.0,375300.0,59178.12561023,23051650053.536255
2020-09-24 09:00:00,374750.0,410000.0,370100.0,406500.0,61995.64238644,24190121777.620083
2020-09-25 09:00:00,406100.0,416800.0,394200.0,410000.0,54782.50768171,22089949901.198498
2020-09-26 09:00:00,410000.0,414100.0,403600.0,412400.0,33820.59729637,13860249252.521568
2020-09-27 09:00:00,412750.0,421500.0,405600.0,415400.0,39078.99972377,16153582431.264147
2020-09-28 09:00:00,415250.0,425950.0,411050.0,412700.0,41079.35600009,17187618871.732803
2020-09-29 09:00:00,412700.0,419300.0,408500.0,417700.0,39213.4012034,16222444119.93391
2020-09-30 09:00:00,417700.0,420550.0,411100.0,419250.0,21936.42244408,9112504714.078627
2020-10-01 09:00:00,419250.0,429550.0,405500.0,413600.0,35860.19131388,14986876480.63443
2020-10-02 09:00:00,413600.0,414800.0,394900.0,406600.0,38598.29375963,15555636315.266876
2020-10-03 09:00:00,406600.0,411300.0,404350.0,406750.0,15776.9847556,6426541326.501196
2020-10-04 09:00:00,406300.0,414000.0,403700.0,411400.0,17479.3047218,7129353040.772816
2020-10-05 09:00:00,411250.0,414800.0,406650.0,411400.0,23490.76607535,9636865986.709764
2020-10-06 09:00:00,411250.0,412900.0,395100.0,399300.0,39971.74323982,16212076496.437546
2020-10-07 09:00:00,399200.0,399600.0,390500.0,398450.0,28287.28800269,11204825609.97662
2020-10-08 09:00:00,398400.0,407550.0,390000.0,403800.0,37092.20976402,14743401788.193544
2020-10-09 09:00:00,404400.0,420000.0,401100.0,417350.0,40199.03601935,16474461473.991465
2020-10-10 09:00:00,417650.0,429950.0,416750.0,422050.0,40980.31122933,17409418617.823994
2020-10-11 09:00:00,422000.0,429700.0,418950.0,425500.0,27614.76427226,11710691004.8983
2020-10-12 09:00:00,425100.0,448950.0,419200.0,441850.0,56897.93673149,24596013507.145805
2020-10-13 09:00:00,441650.0,442950.0,430800.0,437850.0,39735.43863557,17433600106.264957
2020-10-14 09:00:00,437900.0,444700.0,431300.0,436250.0,32304.54840332,14167028739.841722
2020-10-15 09:00:00,435850.0,437650.0,427000.0,434150.0,30358.0418613,13130837222.237776
2020-10-16 09:00:00,434150.0,436950.0,417450.0,422150.0,33906.92490184,14414595170.499367
2020-10-17 09:00:00,421250.0,426050.0,419500.0,423950.0,13542.90358734,5726250875.274982
2020-10-18 09:00:00,423950.0,434550.0,422950.0,433850.0,14585.77125494,6256197621.024713
2020-10-19 09:00:00,433900.0,438500.0,428000.0,433050.0,34303.59100981,14832343890.971224
2020-10-20 09:00:00,433050.0,433500.0,420000.0,421850.0,37880.26040459,16187637827.037722
2020-10-21 09:00:00,422400.0,449950.0,421700.0,441000.0,70749.75901015,30832535096.131866
2020-10-22 09:00:00,441000.0,471000.0,440650.0,465000.0,72884.72145762,33296321880.71952
2020-10-23 09:00:00,465000.0,470700.0,456150.0,461750.0,50816.78486966,23626825011.30499
2020-10-24 09:00:00,461400.0,469000.0,459300.0,464100.0,24720.25425069,11480569163.776562
2020-10-25 09:00:00,464000.0,470000.0,456650.0,457500.0,28479.52945232,13156602701.986956
2020-10-26 09:00:00,457300.0,461900.0,435000.0,444400.0,44204.65750833,19982286095.293095
2020-10-27 09:00:00,444300.0,459950.0,439900.0,452350.0,39678.03785732,17828866128.651485
2020-10-28 09:00:00,452450.0,459900.0,431100.0,441050.0,51393.05160197,22851328054.949257
2020-10-29 09:00:00,441100.0,445650.0,431500.0,438000.0,38279.08393979,16811110114.576513
2020-10-30 09:00:00,438000.0,443450.0,425200.0,433800.0,45020.56365301,19484559904.157978
2020-10-31 09:00:00,433600.0,444300.0,430850.0,437700.0,34722.10451457,15236521808.512135
2020-11-01 09:00:00,437350.0,448700.0,436000.0,448700.0,25586.28946828,11297190389.406576
2020-11-02 09:00:00,448700.0,457250.0,430500.0,435400.0,55771.71996633,24779124512.906303
2020-11-03 09:00:00,435450.0,441150.0,423550.0,438750.0,43424.49131057,18732704903.222687
2020-11-04 09:00:00,438800.0,459800.0,430200.0,453950.0,61754.02733523,27513885343.05801
2020-11-05 09:00:00,453800.0,469800.0,447550.0,464900.0,109855.57551841,50324282372.25428
2020-11-06 09:00:00,464850.0,511000.0,461200.0,508200.0,171954.95230141,83737791543.40306
2020-11-07 09:00:00,508900.0,523000.0,481300.0,489050.0,113979.13323986,57623461499.13045
2020-11-08 09:00:00,489050.0,511900.0,485450.0,507200.0,58196.72013607,29014993357.975857
2020-11-09 09:00:00,507100.0,514800.0,489000.0,495800.0,81910.59054066,40994308186.35372
2020-11-10 09:00:00,495800.0,504900.0,490400.0,501400.0,62468.21322879,31177522589.036808
2020-11-11 09:00:00,501700.0,523800.0,500600.0,514800.0,74124.80538151,38045799459.46402
2020-11-12 09:00:00,514600.0,517900.0,502000.0,510000.0,55572.65121416,28333748270.681038
2020-11-13 09:00:00,510000.0,525800.0,508200.0,525000.0,64318.47231603,33179785469.834743
2020-11-14 09:00:00,525000.0,526100.0,504000.0,510500.0,44940.00880697,23052289863.203682
2020-11-15 09:00:00,510700.0,513100.0,489500.0,497000.0,39905.71767772,20093224398.933735
2020-11-16 09:00:00,496750.0,510100.0,493000.0,503200.0,59344.19764229,29755362358.202698
2020-11-17 09:00:00,503100.0,529000.0,503100.0,528800.0,87762.60419358,45190129063.97603
2020-11-18 09:00:00,528500.0,544500.0,503500.0,530500.0,112531.39578976,59334453298.35981
2020-11-19 09:00:00,530500.0,533500.0,518000.0,524300.0,59245.96683137,31216628940.082596
2020-11-20 09:00:00,524300.0,567000.0,523900.0,564500.0,110048.68471742,60520963496.35113
2020-11-21 09:00:00,564500.0,603100.0,557800.0,601500.0,164838.78221804,95282694797.17047
2020-11-22 09:00:00,601100.0,636800.0,565600.0,619600.0,174130.29987526,104098125526.49986
2020-11-23 09:00:00,619300.0,668100.0,606600.0,666200.0,157050.45858207,100997571785.15907
2020-11-24 09:00:00,666200.0,688400.0,638000.0,664100.0,218249.87822744,146131201221.91138
2020-11-25 09:00:00,664600.0,667300.0,619100.0,634000.0,117121.56889336,75991849668.80254
2020-11-26 09:00:00,634300.0,640900.0,545300.0,583000.0,189340.06378939,110457862253.05931
2020-11-27 09:00:00,582900.0,597600.0,555500.0,578900.0,79111.83488061,45612312616.25171
2020-11-28 09:00:00,578900.0,599800.0,568000.0,592100.0,81290.21893226,47503645857.75441
2020-11-29 09:00:00,591600.0,634200.0,583400.0,633700.0,78287.93316718,47450028064.76927
2020-11-30 09:00:00,633700.0,666200.0,621500.0,666000.0,121134.0752944,78254726522.16975
2020-12-01 09:00:00,666000.0,695800.0,623000.0,651100.0,163159.61403619,107770876566.85835
2020-12-02 09:00:00,651100.0,664700.0,639700.0,656200.0,63528.62672539,41454496520.676025
2020-12-03 09:00:00,655900.0,677500.0,645000.0,671000.0,54876.10835502,36347611003.60368
2020-12-04 09:00:00,671000.0,674200.0,622500.0,625500.0,73752.91856456,47962018461.99065
2020-12-05 09:00:00,625500.0,653000.0,616900.0,648700.0,41746.90455312,26616350760.457348
2020-12-06 09:00:00,648200.0,659200.0,635600.0,652000.0,39242.95086571,25455211799.99396
2020-12-07 09:00:00,652000.0,653200.0,639000.0,642800.0,27884.39628505,18016590129.49957
2020-12-08 09:00:00,642800.0,645700.0,601800.0,606000.0,47498.76422494,29728986228.642883
2020-12-09 09:00:00,605900.0,630700.0,576600.0,626800.0,83532.84700212,50611731755.38297
2020-12-10 09:00:00,626800.0,629100.0,601300.0,610300.0,40419.96066494,24801271737.31711
2020-12-11 09:00:00,610400.0,612800.0,591000.0,593800.0,48871.62030847,29308813008.858223
2020-12-12 09:00:00,594100.0,625200.0,593000.0,622100.0,47615.83144925,29031863596.16449
2020-12-13 09:00:00,622100.0,645300.0,616100.0,640500.0,49547.91340184,31328593220.859272
2020-12-14 09:00:00,640500.0,643000.0,627100.0,636400.0,38939.3234637,24763306040.442932
2020-12-15 09:00:00,636500.0,648700.0,632500.0,639700.0,38546.95162294,24673176443.221897
2020-12-16 09:00:00,639700.0,686000.0,631100.0,683500.0,90819.75603404,59954320112.83744
2020-12-17 09:00:00,683500.0,730100.0,675100.0,697300.0,203449.34093957,143188836437.2849
2020-12-18 09:00:00,697300.0,719800.0,683000.0,711900.0,77675.90111238,54589303168.47404
2020-12-19 09:00:00,711900.0,732500.0,705500.0,723200.0,70930.71591271,50933786043.35334
2020-12-20 09:00:00,723200.0,725800.0,690700.0,704000.0,68364.63418517,48732859678.238556
2020-12-21 09:00:00,704000.0,714400.0,666200.0,678800.0,99029.89909029,68120040414.30545
2020-12-22 09:00:00,678200.0,716700.0,654000.0,715900.0,92140.85178821,63263984605.831406
2020-12-23 09:00:00,715900.0,719000.0,632100.0,665400.0,145744.52360602,99810929649.6762
2020-12-24 09:00:00,665400.0,688700.0,643500.0,683100.0,113481.39705113,75274575142.13707
2020-12-25 09:00:00,683100.0,705000.0,668900.0,687700.0,96583.28300669,66291596397.12825
2020-12-26 09:00:00,688000.0,716800.0,680000.0,706300.0,107211.28682842,74889127187.35063
2020-12-27 09:00:00,706300.0,799200.0,693000.0,766100.0,361844.12006015,269699688093.82538
2020-12-28 09:00:00,765500.0,830000.0,761100.0,817300.0,237199.82866246,191023958578.5269
2020-12-29 09:00:00,817300.0,833000.0,773800.0,813700.0,187197.47729866,150743107527.60126
2020-12-30 09:00:00,813700.0,833700.0,796400.0,830000.0,144791.00756942,118476460870.71957
2020-12-31 09:00:00,829900.0,834900.0,809100.0,815100.0,104374.98141161,85666629229.4128
2021-01-01 09:00:00,815100.0,826600.0,793600.0,803000.0,94740.03431837,77049687836.8208
2021-01-02 09:00:00,802900.0,865400.0,789000.0,858700.0,231347.63931929,193144536024.28595
2021-01-03 09:00:00,858700.0,1144000.0,855000.0,1113500.0,747843.06817099,747405366213.5251
2021-01-04 09:00:00,1114000.0,1335500.0,1035000.0,1189000.0,1434143.67327224,1662490285585.8179
2021-01-05 09:00:00,1190000.0,1293500.0,1120500.0,1236000.0,735859.94033041,882789397450.1344
2021-01-06 09:00:00,1236000.0,1349000.0,1194000.0,1337500.0,514099.19903339,650793622269.4036
2021-01-07 09:00:00,1338000.0,1427500.0,1285500.0,1388000.0,422658.84725502,575134599475.4512
2021-01-08 09:00:00,1388000.0,1485000.0,1233500.0,1414000.0,492239.89499433,678211637425.0896
2021-01-09 09:00:00,1414000.0,1478500.0,1364000.0,1451500.0,278721.72773886,393463614860.5064
2021-01-10 09:00:00,1451500.0,1535000.0,1300000.0,1428500.0,469172.71858943,687078074854.3871
2021-01-11 09:00:00,1428500.0,1441000.0,1051500.0,1227000.0,1121057.14549336,1351779996760.8635
2021-01-12 09:00:00,1227000.0,1293000.0,1133500.0,1190000.0,539529.31751713,655694202640.9973
2021-01-13 09:00:00,1190000.0,1265000.0,1135500.0,1252000.0,298346.71150879,356283889376.60114
2021-01-14 09:00:00,1251500.0,1365000.0,1208000.0,1345500.0,367122.28788905,471989008929.2181
2021-01-15 09:00:00,1346000.0,1365500.0,1210500.0,1304000.0,391913.77517287,512595128854.8907
2021-01-16 09:00:00,1304000.0,1417000.0,1284000.0,1366000.0,298395.72726963,402277514501.3666
2021-01-17 09:00:00,1366000.0,1398500.0,1300500.0,1361000.0,233983.74923161,316991618781.46826
2021-01-18 09:00:00,1361000.0,1377000.0,1321500.0,1372500.0,173009.00234114,234131716987.6773
2021-01-19 09:00:00,1372500.0,1580000.0,1366000.0,1509000.0,449291.82703318,670246121623.7659
2021-01-20 09:00:00,1509000.0,1548500.0,1382500.0,1523000.0,409326.49003381,600428048976.8757
2021-01-21 09:00:00,1522500.0,1536500.0,1228000.0,1256500.0,583960.11513947,805195085173.414
2021-01-22 09:00:00,1256500.0,1403500.0,1144000.0,1358500.0,702213.55630844,899900700023.2893
2021-01-23 09:00:00,1359000.0,1405000.0,1328000.0,1367000.0,280333.0408655,384046593327.6365
2021-01-24 09:00:00,1366000.0,1542000.0,1354000.0,1532000.0,386167.71118551,561183420863.944
2021-01-25 09:00:00,1531000.0,1626000.0,1450000.0,1472500.0,394608.31789858,611926190579.5098
2021-01-26 09:00:00,1472500.0,1536000.0,1402000.0,1508500.0,319152.08817099,470069098976.12317
2021-01-27 09:00:00,1509000.0,1518500.0,1367500.0,1404000.0,356313.63180704,507961354147.9053
2021-01-28 09:00:00,1403500.0,1499500.0,1373500.0,1465500.0,268590.68166867,389436318177.06885
2021-01-29 09:00:00,1465500.0,1532000.0,1424500.0,1510500.0,395114.57998345,587194490135.8712
2021-01-30 09:00:00,1510500.0,1533000.0,1455500.0,1488500.0,162852.99557022,242306067118.2039
2021-01-31 09:00:00,1488000.0,1504000.0,1427500.0,1444000.0,127925.89725845,188003563034.64194
2021-02-01 09:00:00,1444000.0,1509500.0,1413000.0,1493000.0,262227.29141856,380461985198.0898
2021-02-02 09:00:00,1493000.0,1650000.0,1474500.0,1614000.0,260544.34760762,403720693872.3367
2021-02-03 09:00:00,1614000.0,1744500.0,1601500.0,1739500.0,240062.01178193,399586533820.25946
2021-02-04 09:00:00,1740000.0,1802500.0,1631000.0,1720000.0,288659.89867257,500458754829.5279
2021-02-05 09:00:00,1720000.0,1856000.0,1720000.0,1817500.0,181397.16885677,324886025330.05066
2021-02-06 09:00:00,1817000.0,1844500.0,1757000.0,1785000.0,162614.56341967,292948881984.39874
2021-02-07 09:00:00,1786000.0,1805500.0,1641500.0,1741000.0,202603.84072947,349709232892.54834
2021-02-08 09:00:00,1741000.0,1855000.0,1709500.0,1850000.0,242072.53808758,434711748570.4086
2021-02-09 09:00:00,1850000.0,1924000.0,1810000.0,1855000.0,193410.85746032,360452324138.1423
2021-02-10 09:00:00,1855500.0,1920500.0,1817500.0,1884000.0,167629.36251134,314754308373.64075
2021-02-11 09:00:00,1884000.0,1933500.0,1865000.0,1915500.0,112183.51224824,213044286487.0272
2021-02-12 09:00:00,1915500.0,1992500.0,1882000.0,1977500.0,115785.34355502,223707406570.17935
2021-02-13 09:00:00,1977500.0,2017000.0,1907000.0,1949500.0,123989.41388385,243720743933.197
2021-02-14 09:00:00,1949000.0,1998500.0,1911000.0,1951500.0,112852.56485633,221086056439.71677
2021-02-15 09:00:00,1953000.0,1976000.0,1800000.0,1949500.0,112548.41576157,215232896536.18512
2021-02-16 09:00:00,1947500.0,1997000.0,1919500.0,1983500.0,91233.69602165,179515097872.59482
2021-02-17 09:00:00,1983500.0,2057000.0,1945500.0,2040000.0,128847.79047289,257637642004.59232
2021-02-18 09:00:00,2041000.0,2179000.0,2040000.0,2177000.0,133249.03510078,281595191727.4633
2021-02-19 09:00:00,2177000.0,2237000.0,2124000.0,2220000.0,133051.22862045,289551935109.9916
2021-02-20 09:00:00,2221000.0,2353000.0,2150000.0,2207000.0,176098.31705876,399610254193.57825
2021-02-21 09:00:00,2206000.0,2261000.0,2150000.0,2201000.0,85447.49417152,189072731316.8757
2021-02-22 09:00:00,2201000.0,2208000.0,1851500.0,2026000.0,315048.08544698,638146891446.122
2021-02-23 09:00:00,2027000.0,2031000.0,1543000.0,1776500.0,496164.29706262,864185385280.822
2021-02-24 09:00:00,1776000.0,1917500.0,1688000.0,1847000.0,236719.702735,433608495007.2046
2021-02-25 09:00:00,1847000.0,1903000.0,1679000.0,1701000.0,201119.09620437,366753160030.4257
2021-02-26 09:00:00,1701000.0,1779500.0,1635000.0,1683000.0,202233.25494712,344940987373.0105
2021-02-27 09:00:00,1683000.0,1755500.0,1669500.0,1692000.0,130820.18156292,223496852357.6221
2021-02-28 09:00:00,1692000.0,1706000.0,1500000.0,1628500.0,224592.1759345,356175011697.09033
2021-03-01 09:00:00,1627500.0,1789000.0,1617500.0,1787000.0,159232.61447748,270620653974.37726
2021-03-02 09:00:00,1787500.0,1838000.0,1695500.0,1724000.0,150647.50821851,266702307736.1339
2021-03-03 09:00:00,1724000.0,1874500.0,1713000.0,1802500.0,145373.27403499,262269977209.00092
2021-03-04 09:00:00,1802500.0,1856500.0,1765000.0,1794000.0,134351.45462782,242190654912.54266
2021-03-05 09:00:00,1796000.0,1798000.0,1699500.0,1774500.0,122071.28505104,211974169811.5408
2021-03-06 09:00:00,1776500.0,1924500.0,1752000.0,1901000.0,120095.80646519,219772913419.0692
2021-03-07 09:00:00,1901000.0,1976500.0,1874000.0,1969500.0,103522.04651621,198259255750.49875
2021-03-08 09:00:00,1968000.0,2108000.0,1931500.0,2093000.0,123023.29488848,245429098169.68277
2021-03-09 09:00:00,2093000.0,2145000.0,2058000.0,2143000.0,111313.49343489,233509978469.12778
2021-03-10 09:00:00,2143000.0,2148000.0,2025000.0,2071000.0,116464.02108993,243427483839.22488
2021-03-11 09:00:00,2069000.0,2110000.0,2003000.0,2093000.0,109003.90221643,224569045401.5374
2021-03-12 09:00:00,2093000.0,2107000.0,2015000.0,2055000.0,92289.74532449,190440588369.23996
2021-03-13 09:00:00,2055000.0,2240000.0,2020000.0,2219000.0,131390.76551589,280436089805.58966
2021-03-14 09:00:00,2219000.0,2236000.0,2133000.0,2147000.0,79587.10709557,173641051160.62872
2021-03-15 09:00:00,2145000.0,2185000.0,2000000.0,2076000.0,136253.35507369,283534303249.7229
2021-03-16 09:00:00,2076000.0,2116000.0,1983000.0,2097000.0,101311.46353187,208872387526.57968
2021-03-17 09:00:00,2097000.0,2135000.0,2005000.0,2124000.0,82379.9097526,170448281136.05472
2021-03-18 09:00:00,2124000.0,2149000.0,2065000.0,2065000.0,62223.50102901,131219502506.83716
2021-03-19 09:00:00,2065000.0,2144000.0,2021000.0,2117000.0,64858.68728376,136361060516.93858
2021-03-20 09:00:00,2118000.0,2188000.0,2100000.0,2106000.0,74095.66375351,159250220737.57184
2021-03-21 09:00:00,2106000.0,2135000.0,2053000.0,2088000.0,58428.35080138,122211952051.9174
2021-03-22 09:00:00,2087000.0,2118000.0,1981500.0,2009000.0,77875.84031585,161570810936.2469
2021-03-23 09:00:00,2011000.0,2048000.0,1957000.0,2011000.0,84731.04055776,170418655276.25443
2021-03-24 09:00:00,2011000.0,2085000.0,1925000.0,1959500.0,90867.68549578,183030821442.5233
2021-03-25 09:00:00,1959000.0,1980500.0,1900000.0,1958000.0,80965.40308749,157684738506.20352
2021-03-26 09:00:00,1958000.0,2036000.0,1952000.0,2029000.0,55710.66083912,110571057404.58006
2021-03-27 09:00:00,2029000.0,2060000.0,2010000.0,2043000.0,39738.99930553,80684548637.07095
2021-03-28 09:00:00,2042000.0,2056000.0,2018000.0,2033000.0,36550.24255938,74569373096.83592
2021-03-29 09:00:00,2031000.0,2183000.0,2020000.0,2165000.0,78129.03097568,164377197797.47888
2021-03-30 09:00:00,2163000.0,2230000.0,2141000.0,2220000.0,70216.87639966,153498819306.79547
2021-03-31 09:00:00,2220000.0,2339000.0,2151000.0,2334000.0,90148.47253328,200999904587.20398
2021-04-01 09:00:00,2333000.0,2468000.0,2319000.0,2436000.0,90620.47081454,215593280007.42923
2021-04-02 09:00:00,2436000.0,2681000.0,2387000.0,2679000.0,112728.41303285,283871011152.47144
2021-04-03 09:00:00,2679000.0,2700000.0,2530000.0,2544000.0,116050.00160855,306342044348.18585
2021-04-04 09:00:00,2544000.0,2650000.0,2507000.0,2640000.0,66926.16575335,173581685488.59607
2021-04-05 09:00:00,2636000.0,2821000.0,2603000.0,2814000.0,121218.27378396,328373710896.85645
2021-04-06 09:00:00,2813000.0,2877000.0,2744000.0,2835000.0,114976.81039897,323790840302.38684
2021-04-07 09:00:00,2836000.0,2908000.0,2324000.0,2555000.0,188941.12702981,497410083733.79456
2021-04-08 09:00:00,2560000.0,2702000.0,2461000.0,2702000.0,88444.92578019,228552576077.68628
2021-04-09 09:00:00,2701000.0,2748000.0,2612000.0,2706000.0,77623.70553201,208531459909.4892
2021-04-10 09:00:00,2706000.0,2880000.0,2681000.0,2803000.0,94160.38584145,263817070738.41248
2021-04-11 09:00:00,2802000.0,2840000.0,2715000.0,2824000.0,75152.10057363,210117443369.9753
2021-04-12 09:00:00,2827000.0,2837000.0,2770000.0,2795000.0,66944.99426273,187557103899.41504
2021-04-13 09:00:00,2795000.0,2956000.0,2780000.0,2925000.0,103750.07087122,296538365928.5669
2021-04-14 09:00:00,2925000.0,3144000.0,2890000.0,3112000.0,135428.82622788,406548561217.49054
2021-04-15 09:00:00,3110000.0,3199000.0,3034000.0,3174000.0,85292.3450317,265027996977.42407
2021-04-16 09:00:00,3174000.0,3235000.0,2999000.0,3141000.0,121667.12407814,380378791763.99493
2021-04-17 09:00:00,3146000.0,3215000.0,3003000.0,3010000.0,74827.12832359,232266496275.8579
2021-04-18 09:00:00,3010000.0,3040000.0,2673000.0,3011000.0,160430.37929152,462259974922.259
2021-04-19 09:00:00,3009000.0,3042000.0,2740000.0,2781000.0,103214.49722926,297366612392.5728
2021-04-20 09:00:00,2781000.0,2970000.0,2500000.0,2908000.0,150448.96802562,406675352438.7616
2021-04-21 09:00:00,2908000.0,3069000.0,2800000.0,2990000.0,124587.61908455,368102429443.1418
2021-04-22 09:00:00,2990000.0,3174000.0,2698000.0,2769000.0,321152.16525632,959547316018.5754
2021-04-23 09:00:00,2767000.0,2880000.0,2378000.0,2812000.0,305973.12602545,804636981581.6602
2021-04-24 09:00:00,2812000.0,2818000.0,2606000.0,2693000.0,115302.32379919,312628242203.4756
2021-04-25 09:00:00,2696000.0,2858000.0,2628000.0,2831000.0,126240.55624964,347599747661.39844
2021-04-26 09:00:00,2831000.0,3016000.0,2789000.0,3004000.0,116003.73816969,340089348281.478
2021-04-27 09:00:00,3004000.0,3140000.0,2950000.0,3140000.0,110816.98489472,335866227977.7649
2021-04-28 09:00:00,3140000.0,3232000.0,2982000.0,3213000.0,161816.09830585,504381854663.42377
2021-04-29 09:00:00,3213000.0,3320000.0,3123000.0,3279000.0,129353.90797148,419491392515.16174
2021-04-30 09:00:00,3279000.0,3309000.0,3221000.0,3271000.0,117943.92122895,384898322477.69244
2021-05-01 09:00:00,3271000.0,3525000.0,3232000.0,3507000.0,134203.37568476,455532327989.2353
2021-05-02 09:00:00,3509000.0,3589000.0,3400000.0,3563000.0,119685.09297857,419483944118.4409
2021-05-03 09:00:00,3564000.0,4247000.0,3562000.0,4226000.0,345720.68867646,1336257332272.6602
2021-05-04 09:00:00,4226000.0,4527000.0,3934000.0,4081000.0,580006.15179338,2423051217156.3506
2021-05-05 09:00:00,4081000.0,4257000.0,3986000.0,4209000.0,265265.52675843,1094704602430.7098
2021-05-06 09:00:00,4209000.0,4330000.0,4091000.0,4255000.0,156640.56304551,661148663931.7458
2021-05-07 09:00:00,4255000.0,4293000.0,4061000.0,4169000.0,115339.20096214,479487636139.0343
2021-05-08 09:00:00,4169000.0,4839000.0,4114000.0,4762000.0,365239.17742792,1654977940066.3242
2021-05-09 09:00:00,4764000.0,4989000.0,4626000.0,4812000.0,304123.25814505,1461415281796.7534
2021-05-10 09:00:00,4811000.0,5299000.0,4743000.0,5009000.0,376863.52817315,1908566147572.5464
2021-05-11 09:00:00,5008000.0,5141000.0,4741000.0,5118000.0,278366.65474753,1376765944226.234
2021-05-12 09:00:00,5118000.0,5410000.0,4648000.0,4747000.0,365555.99566218,1872164987670.6833
2021-05-13 09:00:00,4749000.0,5196000.0,4500000.0,4721000.0,485156.36065952,2344032546896.112
2021-05-14 09:00:00,4726000.0,5082000.0,4661000.0,5031000.0,227203.73676753,1108765327766.837
2021-05-15 09:00:00,5031000.0,5087000.0,4505000.0,4581000.0,220281.8342408,1060321708835.3027
2021-05-16 09:00:00,4580000.0,4737000.0,4210000.0,4452000.0,273231.59804245,1233375239427.204
2021-05-17 09:00:00,4451000.0,4473000.0,3800000.0,4086000.0,514981.36638272,2130601458162.87
2021-05-18 09:00:00,4084000.0,4368000.0,4009000.0,4205000.0,250500.02700956,1057140201998.2845
2021-05-19 09:00:00,4209000.0,4270000.0,2600000.0,3350000.0,912541.66157968,3227655887086.854
2021-05-20 09:00:00,3351000.0,3749000.0,3034000.0,3502000.0,451034.05637084,1537925790162.1963
2021-05-21 09:00:00,3505000.0,3717000.0,2900000.0,3196000.0,354838.53380813,1169649775528.3198
2021-05-22 09:00:00,3198000.0,3216000.0,2687000.0,2913000.0,321585.21727799,943220470512.9398
2021-05-23 09:00:00,2913000.0,3015000.0,2178000.0,2583000.0,525639.50844147,1348599674408.384
2021-05-24 09:00:00,2582000.0,3226000.0,2466000.0,3209000.0,521369.63690696,1492977593406.986
2021-05-25 09:00:00,3210000.0,3430000.0,2950000.0,3316000.0,395836.50630293,1260730917545.561
2021-05-26 09:00:00,3315000.0,3495000.0,3214000.0,3472000.0,274485.69264115,929090339914.8389
2021-05-27 09:00:00,3472000.0,3485000.0,3219000.0,3318000.0,207904.5676321,694566749537.4719
2021-05-28 09:00:00,3320000.0,3350000.0,2904000.0,2960000.0,307157.37110668,949024832176.3608
2021-05-29 09:00:00,2963000.0,3085000.0,2739000.0,2818000.0,233530.81270229,683249629398.7031
2021-05-30 09:00:00,2819000.0,2979000.0,2635000.0,2895000.0,253779.98555005,721868210867.2491
2021-05-31 09:00:00,2895000.0,3190000.0,2750000.0,3169000.0,280701.28411719,835448065527.1637
2021-06-01 09:00:00,3167000.0,3227000.0,3007000.0,3102000.0,245458.56168429,763185381229.2422
2021-06-02 09:00:00,3102000.0,3253000.0,3019000.0,3151000.0,175875.78865671,553482944002.979
2021-06-03 09:00:00,3150000.0,3356000.0,3113000.0,3310000.0,216162.9939711,704583243443.1882
2021-06-04 09:00:00,3310000.0,3318000.0,3011000.0,3130000.0,226098.81109142,712440850969.137
2021-06-05 09:00:00,3131000.0,3241000.0,3043000.0,3103000.0,156102.25907491,489870365625.5104
2021-06-06 09:00:00,3103000.0,3187000.0,3081000.0,3160000.0,95112.21919579,298427670383.13794
2021-06-07 09:00:00,3163000.0,3270000.0,3000000.0,3021000.0,175789.96411771,555043389052.2152
2021-06-08 09:00:00,3021000.0,3055000.0,2702000.0,2893000.0,318679.68715898,918699761367.9835
2021-06-09 09:00:00,2893000.0,3046000.0,2768000.0,3018000.0,272497.10214499,793764725336.5243
2021-06-10 09:00:00,3017000.0,3040000.0,2853000.0,2888000.0,149647.31508156,440866744902.1117
2021-06-11 09:00:00,2888000.0,2921000.0,2719000.0,2756000.0,131180.86906103,370266535008.4074
2021-06-12 09:00:00,2756000.0,2863000.0,2620000.0,2760000.0,150639.4278205,413889143562.0191
2021-06-13 09:00:00,2760000.0,2934000.0,2700000.0,2878000.0,128010.93011615,357991390092.19855
2021-06-14 09:00:00,2878000.0,2999000.0,2838000.0,2958000.0,132409.37315777,385503772032.209
2021-06-15 09:00:00,2956000.0,3029000.0,2911000.0,2940000.0,121740.15706661,362154960481.9362
2021-06-16 09:00:00,2939000.0,2945000.0,2783000.0,2801000.0,126884.95623818,362568900433.42755
2021-06-17 09:00:00,2800000.0,2861000.0,2740000.0,2794000.0,100685.70047207,282686132106.5892
2021-06-18 09:00:00,2794000.0,2796000.0,2582000.0,2650000.0,140908.54424645,377962727892.8167
2021-06-19 09:00:00,2650000.0,2676000.0,2568000.0,2574000.0,102989.64151902,270022343122.36798
2021-06-20 09:00:00,2574000.0,2671000.0,2430000.0,2637000.0,169112.6115486,430022088013.02045
2021-06-21 09:00:00,2638000.0,2657000.0,2189000.0,2233000.0,352215.78796034,834733781589.3977
2021-06-22 09:00:00,2232000.0,2349000.0,1996000.0,2186000.0,366083.31259899,797637607328.7639
2021-06-23 09:00:00,2186000.0,2353000.0,2110000.0,2282000.0,180480.86088566,412364221779.2897
2021-06-24 09:00:00,2281000.0,2350000.0,2201000.0,2306000.0,131162.57969675,298748436191.6847
2021-06-25 09:00:00,2307000.0,2342000.0,2102000.0,2127000.0,170062.01953214,376420393417.96606
2021-06-26 09:00:00,2127000.0,2159000.0,2021000.0,2135000.0,116461.62986837,242672127131.07568
2021-06-27 09:00:00,2131000.0,2283000.0,2100000.0,2281000.0,105661.10152313,229100026212.6931
2021-06-28 09:00:00,2282000.0,2485000.0,2255000.0,2415000.0,179083.07603231,422227790574.71796
2021-06-29 09:00:00,2414000.0,2589000.0,2404000.0,2507000.0,168528.35135698,421719882599.3853
2021-06-30 09:00:00,2505000.0,2650000.0,2418000.0,2636000.0,120099.63099641,302316464042.252
2021-07-01 09:00:00,2640000.0,2641000.0,2449000.0,2475000.0,117209.23280576,295589660060.8773
2021-07-02 09:00:00,2477000.0,2524000.0,2362000.0,2508000.0,108598.13293054,264316656387.39978
2021-07-03 09:00:00,2511000.0,2605000.0,2472000.0,2586000.0,85794.05575137,218733102356.8193
2021-07-04 09:00:00,2588000.0,2767000.0,2558000.0,2694000.0,110397.99253853,296505312170.9016
2021-07-05 09:00:00,2693000.0,2709000.0,2535000.0,2574000.0,140630.87606849,369393132595.3255
2021-07-06 09:00:00,2574000.0,2725000.0,2573000.0,2704000.0,138751.80095117,370673251054.51044
2021-07-07 09:00:00,2701000.0,2797000.0,2676000.0,2717000.0,119134.36581263,327425034153.91486
2021-07-08 09:00:00,2717000.0,2733000.0,2495000.0,2519000.0,171821.51936433,445708240269.03485
2021-07-09 09:00:00,2519000.0,2575000.0,2414000.0,2527000.0,159735.56991181,399734968934.0822
2021-07-10 09:00:00,2527000.0,2578000.0,2466000.0,2493000.0,74735.66890306,187596564607.91656
2021-07-11 09:00:00,2494000.0,2552000.0,2452000.0,2513000.0,58578.38599231,146589416465.74066
2021-07-12 09:00:00,2512000.0,2545000.0,2384000.0,2408000.0,89098.74431088,219998321347.601
2021-07-13 09:00:00,2408000.0,2420000.0,2282000.0,2301000.0,98894.34707796,232769853774.86353
2021-07-14 09:00:00,2301000.0,2386000.0,2218000.0,2346000.0,125289.08614828,288011496486.9021
2021-07-15 09:00:00,2346000.0,2405000.0,2235000.0,2267000.0,98336.6414688,226005120365.96622
2021-07-16 09:00:00,2268000.0,2312000.0,2192000.0,2224000.0,88794.9806681,199600338647.20944
2021-07-17 09:00:00,2224000.0,2262000.0,2196000.0,2240000.0,58787.33748822,130741613603.59885
2021-07-18 09:00:00,2240000.0,2351000.0,2228000.0,2242000.0,79987.38321156,183419661606.13712
2021-07-19 09:00:00,2242000.0,2267000.0,2161000.0,2169000.0,74566.48370101,164247894592.98883
2021-07-20 09:00:00,2169000.0,2192000.0,2040000.0,2119000.0,112335.85737505,235311660613.32364
2021-07-21 09:00:00,2119000.0,2377000.0,2081000.0,2362000.0,132659.80353778,297709321964.76416
2021-07-22 09:00:00,2361000.0,2402000.0,2305000.0,2372000.0,109426.78915513,257937374511.5761
2021-07-23 09:00:00,2374000.0,2477000.0,2356000.0,2471000.0,95399.55035509,230182268003.91473
2021-07-24 09:00:00,2472000.0,2565000.0,2448000.0,2558000.0,96526.33130129,241932601738.99347
2021-07-25 09:00:00,2556000.0,2572000.0,2464000.0,2540000.0,75494.10742894,190185947696.98102
2021-07-26 09:00:00,2539000.0,2803000.0,2518000.0,2576000.0,221109.90681034,591630022820.6019
2021-07-27 09:00:00,2575000.0,2670000.0,2488000.0,2646000.0,133411.76741901,344621023245.539
2021-07-28 09:00:00,2647000.0,2724000.0,2612000.0,2662000.0,107263.53099389,285401045880.2916
2021-07-29 09:00:00,2663000.0,2756000.0,2627000.0,2731000.0,64793.19875393,173108289409.06036
2021-07-30 09:00:00,2731000.0,2846000.0,2676000.0,2836000.0,107441.24594113,296073934526.9484
2021-07-31 09:00:00,2835000.0,2958000.0,2801000.0,2920000.0,71699.00432663,204802728755.01492
2021-08-01 09:00:00,2927000.0,3129000.0,2910000.0,2967000.0,134818.28508365,405572279152.66205
2021-08-02 09:00:00,2966000.0,3086000.0,2890000.0,3023000.0,126683.74788805,379839556675.71814
2021-08-03 09:00:00,3024000.0,3057000.0,2865000.0,2948000.0,111835.25007669,328622597233.4473
2021-08-04 09:00:00,2948000.0,3176000.0,2880000.0,3136000.0,140962.33430504,428410038024.2992
2021-08-05 09:00:00,3135000.0,3280000.0,2970000.0,3260000.0,191151.55864593,602537559242.0311
2021-08-06 09:00:00,3260000.0,3387000.0,3164000.0,3326000.0,132851.50184919,432774499595.59863
2021-08-07 09:00:00,3327000.0,3642000.0,3302000.0,3611000.0,182204.69496649,637889741542.0231
2021-08-08 09:00:00,3611000.0,3649000.0,3433000.0,3493000.0,134216.89054054,477474148386.25085
2021-08-09 09:00:00,3494000.0,3630000.0,3356000.0,3612000.0,164828.61910855,578049761886.48
2021-08-10 09:00:00,3611000.0,3698000.0,3543000.0,3611000.0,112888.12994405,407967932635.51624
2021-08-11 09:00:00,3611000.0,3740000.0,3607000.0,3651000.0,101787.72093793,374760206631.721
2021-08-12 09:00:00,3651000.0,3740000.0,3500000.0,3572000.0,116132.70552822,420468262838.4277
2021-08-13 09:00:00,3571000.0,3838000.0,3550000.0,3832000.0,98458.14614581,365696427229.6522
2021-08-14 09:00:00,3832000.0,3870000.0,3723000.0,3802000.0,92681.33311574,353021968945.9169
2021-08-15 09:00:00,3804000.0,3849000.0,3661000.0,3844000.0,90884.00666642,340990734861.0243
2021-08-16 09:00:00,3844000.0,3873000.0,3692000.0,3695000.0,79651.46968231,301894605393.39307
2021-08-17 09:00:00,3694000.0,3804000.0,3536000.0,3549000.0,101771.69299622,375349442268.6118
2021-08-18 09:00:00,3549000.0,3648000.0,3450000.0,3555000.0,88788.5055212,316960877161.5819
2021-08-19 09:00:00,3555000.0,3747000.0,3504000.0,3744000.0,67313.50223152,242122620914.19943
2021-08-20 09:00:00,3744000.0,3867000.0,3730000.0,3835000.0,73009.4990724,277612581119.2961
2021-08-21 09:00:00,3837000.0,3860000.0,3770000.0,3797000.0,54232.72931893,207398941489.807
2021-08-22 09:00:00,3796000.0,3830000.0,3700000.0,3790000.0,43679.76933482,164998005418.9627
2021-08-23 09:00:00,3790000.0,3908000.0,3776000.0,3864000.0,68900.42332723,266338101753.23233
2021-08-24 09:00:00,3864000.0,3896000.0,3714000.0,3728000.0,66461.87405698,253654285759.37134
2021-08-25 09:00:00,3728000.0,3776000.0,3600000.0,3765000.0,58564.4616382,216845533151.00006
2021-08-26 09:00:00,3765000.0,3780000.0,3594000.0,3648000.0,57634.90764099,211525916720.56586
2021-08-27 09:00:00,3646000.0,3845000.0,3602000.0,3826000.0,64313.75761746,240492097989.16327
2021-08-28 09:00:00,3825000.0,3850000.0,3758000.0,3809000.0,33309.83116577,126832493074.02942
2021-08-29 09:00:00,3809000.0,3845000.0,3720000.0,3780000.0,40531.25713916,153206252462.62448
2021-08-30 09:00:00,3783000.0,3922000.0,3706000.0,3825000.0,63708.5597859,242761250108.21536
2021-08-31 09:00:00,3825000.0,4050000.0,3777000.0,4014000.0,117427.79811026,462958009358.35486
2021-09-01 09:00:00,4014000.0,4438000.0,3962000.0,4422000.0,112075.70224651,469598353152.9055
2021-09-02 09:00:00,4422000.0,4457000.0,4321000.0,4398000.0,87141.4811155,381736367877.3315
2021-09-03 09:00:00,4400000.0,4677000.0,4334000.0,4551000.0,111930.19889411,506704052544.2546
2021-09-04 09:00:00,4551000.0,4598000.0,4450000.0,4501000.0,54178.80945606,245417783694.46344
2021-09-05 09:00:00,4503000.0,4570000.0,4430000.0,4521000.0,58642.88777573,264216739436.9795
2021-09-06 09:00:00,4523000.0,4572000.0,4450000.0,4537000.0,49739.36143169,224934930304.10318
2021-09-07 09:00:00,4537000.0,4556000.0,3799000.0,4146000.0,170735.98360389,725036994646.9696
2021-09-08 09:00:00,4147000.0,4308000.0,3836000.0,4229000.0,156182.38241433,637112231361.736
2021-09-09 09:00:00,4229000.0,4260000.0,4081000.0,4133000.0,81531.61217588,340627260973.9397
2021-09-10 09:00:00,4135000.0,4245000.0,3900000.0,3943000.0,71985.46398221,293061884865.1622
2021-09-11 09:00:00,3943000.0,4041000.0,3917000.0,3965000.0,47112.65549723,187373646957.0005
2021-09-12 09:00:00,3966000.0,4157000.0,3924000.0,4071000.0,55133.38977334,224199100100.73798
2021-09-13 09:00:00,4073000.0,4112000.0,3851000.0,3969000.0,78320.27184912,310559045860.00635
2021-09-14 09:00:00,3969000.0,4127000.0,3943000.0,4125000.0,56865.34843852,229250837844.29364
2021-09-15 09:00:00,4120000.0,4293000.0,4030000.0,4291000.0,58236.96684432,241255684343.3423
2021-09-16 09:00:00,4292000.0,4359000.0,4190000.0,4278000.0,59628.1714626,255465585807.808
2021-09-17 09:00:00,4281000.0,4299000.0,4100000.0,4150000.0,49083.29016358,206257974240.66153
2021-09-18 09:00:00,4153000.0,4267000.0,4124000.0,4166000.0,44363.28363038,186250974251.14975
2021-09-19 09:00:00,4170000.0,4180000.0,4040000.0,4086000.0,38765.07856733,159247478044.78348
2021-09-20 09:00:00,4089000.0,4103000.0,3700000.0,3728000.0,119091.22335524,460106772106.924
2021-09-21 09:00:00,3728000.0,3820000.0,3401000.0,3449000.0,150869.09420404,548292363214.72394
2021-09-22 09:00:00,3447000.0,3815000.0,3377000.0,3805000.0,135019.09042994,487707924730.9856
2021-09-23 09:00:00,3803000.0,3871000.0,3680000.0,3817000.0,75427.87557553,285954230654.7203
2021-09-24 09:00:00,3817000.0,3823000.0,3426000.0,3568000.0,156719.60148282,561468045194.0671
2021-09-25 09:00:00,3570000.0,3608000.0,3450000.0,3591000.0,67632.28551727,239843697370.0372
2021-09-26 09:00:00,3590000.0,3795000.0,3415000.0,3739000.0,97857.06104253,351354919812.99756
2021-09-27 09:00:00,3739000.0,3836000.0,3598000.0,3599000.0,70918.83518849,264914242972.37918
2021-09-28 09:00:00,3599000.0,3631000.0,3428000.0,3445000.0,81142.9338129,287466551336.2194
2021-09-29 09:00:00,3447000.0,3590000.0,3415000.0,3489000.0,71946.02446449,252226869935.40793
2021-09-30 09:00:00,3485000.0,3709000.0,3474000.0,3663000.0,75964.18742052,276395058728.96576
2021-10-01 09:00:00,3663000.0,4031000.0,3650000.0,4011000.0,113115.85590455,435815987441.9341
2021-10-02 09:00:00,4012000.0,4210000.0,3961000.0,4134000.0,76351.38408153,310046644076.15094
2021-10-03 09:00:00,4134000.0,4214000.0,4062000.0,4154000.0,54562.06081694,226284602771.63962
2021-10-04 09:00:00,4154000.0,4168000.0,3998000.0,4131000.0,76789.78280382,313965525768.4938
2021-10-05 09:00:00,4134000.0,4260000.0,4087000.0,4211000.0,57086.91311704,237037580196.11484
2021-10-06 09:00:00,4214000.0,4386000.0,4058000.0,4328000.0,109169.63919188,463530984640.3398
2021-10-07 09:00:00,4328000.0,4421000.0,4222000.0,4361000.0,70607.88991296,306157507218.3364
2021-10-08 09:00:00,4362000.0,4469000.0,4322000.0,4355000.0,56829.03515054,249703652413.8403
2021-10-09 09:00:00,4353000.0,4441000.0,4333000.0,4370000.0,48110.57954428,211692940860.13815
2021-10-10 09:00:00,4369000.0,4394000.0,4230000.0,4241000.0,48285.52893444,209124048893.8007
2021-10-11 09:00:00,4242000.0,4439000.0,4200000.0,4375000.0,61370.87201744,267656682959.52792
2021-10-12 09:00:00,4374000.0,4378000.0,4232000.0,4311000.0,55160.97807905,237046950424.48795
2021-10-13 09:00:00,4311000.0,4403000.0,4204000.0,4394000.0,51655.33194948,222157958940.40482
2021-10-14 09:00:00,4389000.0,4649000.0,4370000.0,4609000.0,79166.71112686,358067671907.0831
2021-10-15 09:00:00,4609000.0,4770000.0,4555000.0,4752000.0,115787.57113377,539609933228.682
2021-10-16 09:00:00,4752000.0,4848000.0,4681000.0,4713000.0,64732.07463143,308397464751.61365
2021-10-17 09:00:00,4713000.0,4808000.0,4575000.0,4744000.0,44259.83586468,208715975553.71063
2021-10-18 09:00:00,4741000.0,4796000.0,4550000.0,4631000.0,62399.95901938,291810115964.4838
2021-10-19 09:00:00,4631000.0,4764000.0,4612000.0,4743000.0,44383.16759226,207640659534.97238
2021-10-20 09:00:00,4743000.0,5045000.0,4690000.0,5040000.0,89963.75000424,438579355717.2174
2021-10-21 09:00:00,5039000.0,5299000.0,4950000.0,4967000.0,132665.08258039,676797579861.6123
2021-10-22 09:00:00,4966000.0,5100000.0,4800000.0,4867000.0,72389.53679528,359555603946.8616
2021-10-23 09:00:00,4867000.0,5097000.0,4821000.0,5080000.0,48233.9916998,238623560870.26364
2021-10-24 09:00:00,5085000.0,5120000.0,4900000.0,4999000.0,46799.7842703,234017892375.53418
2021-10-25 09:00:00,4999000.0,5117000.0,4976000.0,5105000.0,43456.67793782,219388214860.96375
2021-10-26 09:00:00,5105000.0,5149000.0,4990000.0,5018000.0,47113.38098229,238994829384.73407
2021-10-27 09:00:00,5019000.0,5185000.0,4802000.0,4820000.0,126385.48324463,631220160658.3412
2021-10-28 09:00:00,4820000.0,5172000.0,4752000.0,5170000.0,78326.34882504,389622856218.3352
2021-10-29 09:00:00,5170000.0,5350000.0,5140000.0,5291000.0,73803.82788089,386834324491.0435
2021-10-30 09:00:00,5292000.0,5305000.0,5067000.0,5131000.0,52850.3713316,273357091145.8974
2021-10-31 09:00:00,5131000.0,5237000.0,4995000.0,5062000.0,55203.47158334,281826473024.4842
2021-11-01 09:00:00,5068000.0,5200000.0,4950000.0,5134000.0,45890.14870039,233725968624.62253
2021-11-02 09:00:00,5134000.0,5399000.0,5092000.0,5376000.0,53510.60019025,280017813894.83636
2021-11-03 09:00:00,5376000.0,5499000.0,5260000.0,5461000.0,64607.08775705,347528201365.3987
2021-11-04 09:00:00,5460000.0,5487000.0,5372000.0,5450000.0,37988.50867991,205979407870.66748
2021-11-05 09:00:00,5450000.0,5485000.0,5396000.0,5440000.0,27849.88927434,151629484550.508
2021-11-06 09:00:00,5444000.0,5490000.0,5341000.0,5476000.0,29608.67182601,160319073043.9024
2021-11-07 09:00:00,5474000.0,5620000.0,5463000.0,5587000.0,31909.41698857,177319886283.71786
2021-11-08 09:00:00,5587000.0,5813000.0,5584000.0,5805000.0,46591.1720227,266979502141.64648
2021-11-09 09:00:00,5805000.0,5827000.0,5670000.0,5713000.0,41428.79268004,238691328217.70242
2021-11-10 09:00:00,5709000.0,5820000.0,5575000.0,5689000.0,53745.66221832,305465774047.56573
2021-11-11 09:00:00,5689000.0,5790000.0,5601000.0,5749000.0,31934.50541021,182119911755.13028
2021-11-12 09:00:00,5746000.0,5811000.0,5551000.0,5684000.0,40976.82100558,232474640330.14267
2021-11-13 09:00:00,5685000.0,5732000.0,5582000.0,5622000.0,24371.54869301,137596291422.06866
2021-11-14 09:00:00,5622000.0,5681000.0,5504000.0,5609000.0,26096.29283698,146072710246.8613
2021-11-15 09:00:00,5609000.0,5748000.0,5540000.0,5563000.0,39668.68979512,224279067150.72717
2021-11-16 09:00:00,5563000.0,5568000.0,5133000.0,5179000.0,99784.15517403,529216931358.10205
2021-11-17 09:00:00,5181000.0,5273000.0,5000000.0,5253000.0,79363.56576411,407318422621.37354
2021-11-18 09:00:00,5253000.0,5326000.0,4903000.0,4953000.0,83571.43991254,429798828461.8202
2021-11-19 09:00:00,4953000.0,5347000.0,4921000.0,5311000.0,62029.90456799,317537468782.7933
2021-11-20 09:00:00,5311000.0,5484000.0,5230000.0,5450000.0,38367.83900303,205080252300.82108
2021-11-21 09:00:00,5450000.0,5472000.0,5292000.0,5303000.0,30403.79133039,163970393624.77277
2021-11-22 09:00:00,5303000.0,5400000.0,5080000.0,5125000.0,47879.44609946,249932252788.24384
2021-11-23 09:00:00,5127000.0,5458000.0,5088000.0,5401000.0,52600.35190396,276069706670.6974
2021-11-24 09:00:00,5400000.0,5445000.0,5250000.0,5350000.0,46788.77213994,249443720242.2909
2021-11-25 09:00:00,5350000.0,5663000.0,5313000.0,5612000.0,66549.67224376,365305195852.1965
2021-11-26 09:00:00,5609000.0,5651000.0,5107000.0,5153000.0,103690.15858504,549364858618.3516
2021-11-27 09:00:00,5151000.0,5318000.0,5115000.0,5249000.0,34072.6485968,178614077635.0035
2021-11-28 09:00:00,5248000.0,5446000.0,5110000.0,5420000.0,47900.64337207,250914199428.10785
2021-11-29 09:00:00,5420000.0,5567000.0,5370000.0,5551000.0,40742.6861907,222590555397.5434
2021-11-30 09:00:00,5550000.0,5895000.0,5427000.0,5739000.0,92562.74430805,526430466233.4275
2021-12-01 09:00:00,5739000.0,5900000.0,5650000.0,5692000.0,59791.17347692,347537497380.3365
2021-12-02 09:00:00,5692000.0,5766000.0,5544000.0,5626000.0,54944.89495578,310073852056.6519
2021-12-03 09:00:00,5620000.0,5769000.0,5254000.0,5356000.0,65886.39719706,363345172086.61816
2021-12-04 09:00:00,5355000.0,5361000.0,4375000.0,5198000.0,232043.42633775,1160643605574.5789
2021-12-05 09:00:00,5198000.0,5360000.0,5039000.0,5259000.0,101824.30125362,531404756594.43036
2021-12-06 09:00:00,5257000.0,5420000.0,4918000.0,5388000.0,114692.35047943,587131435329.5885
2021-12-07 09:00:00,5384000.0,5486000.0,5308000.0,5379000.0,65179.87858431,352008051683.43005
2021-12-08 09:00:00,5381000.0,5490000.0,5247000.0,5462000.0,57978.69986535,312250202857.1074
2021-12-09 09:00:00,5462000.0,5500000.0,5103000.0,5128000.0,55425.49227787,294081241472.9208
2021-12-10 09:00:00,5128000.0,5250000.0,4939000.0,4955000.0,78341.30249972,398635536697.1041
2021-12-11 09:00:00,4955000.0,5100000.0,4886000.0,5089000.0,45145.83484402,226145630910.6432
2021-12-12 09:00:00,5089000.0,5175000.0,5000000.0,5119000.0,33114.48254025,167724274770.89297
2021-12-13 09:00:00,5120000.0,5135000.0,4662000.0,4747000.0,91931.84106488,447505459814.25494
2021-12-14 09:00:00,4748000.0,4825000.0,4566000.0,4781000.0,79947.03179446,376651893380.551
2021-12-15 09:00:00,4780000.0,5141000.0,4551000.0,5037000.0,90285.06223422,437525893304.8085
2021-12-16 09:00:00,5038000.0,5120000.0,4954000.0,4965000.0,53165.96323269,267554027673.66498
2021-12-17 09:00:00,4965000.0,4999000.0,4676000.0,4872000.0,69380.8533428,335791783208.3432
2021-12-18 09:00:00,4869000.0,4964000.0,4734000.0,4933000.0,36916.42819397,179911471864.84314
2021-12-19 09:00:00,4932000.0,4999000.0,4865000.0,4899000.0,35030.38237327,172399557777.89304
2021-12-20 09:00:00,4899000.0,4947000.0,4700000.0,4866000.0,53342.44206669,255754689727.83612
2021-12-21 09:00:00,4866000.0,4996000.0,4818000.0,4936000.0,48674.2670212,239450815721.82962
2021-12-22 09:00:00,4937000.0,4990000.0,4850000.0,4893000.0,37319.31737659,183801200817.07352
2021-12-23 09:00:00,4893000.0,5010000.0,4802000.0,4971000.0,51755.71477436,253148731225.16714
2021-12-24 09:00:00,4971000.0,5025000.0,4913000.0,4937000.0,40049.96474363,199532555550.88364
2021-12-25 09:00:00,4937000.0,4994000.0,4894000.0,4954000.0,24017.01141226,118703904022.24226
2021-12-26 09:00:00,4954000.0,4979000.0,4890000.0,4917000.0,22468.34968176,110686382182.91162
2021-12-27 09:00:00,4917000.0,4957000.0,4864000.0,4896000.0,26616.36273442,130793474415.23866
2021-12-28 09:00:00,4896000.0,4899000.0,4630000.0,4650000.0,47598.61032631,226682654962.46594
2021-12-29 09:00:00,4650000.0,4682000.0,4423000.0,4456000.0,45101.86807459,206638930993.19547
2021-12-30 09:00:00,4457000.0,4578000.0,4402000.0,4506000.0,35708.67476671,160542691334.32092
2021-12-31 09:00:00,4505000.0,4628000.0,4461000.0,4505000.0,30082.00153897,136926663616.63087
2022-01-01 09:00:00,4505000.0,4599000.0,4504000.0,4577000.0,17660.11399252,80280456174.97699
2022-01-02 09:00:00,4577000.0,4681000.0,4541000.0,4652000.0,17866.26362148,82064170253.96738
2022-01-03 09:00:00,4651000.0,4677000.0,4513000.0,4591000.0,25092.11311102,115708750070.13058
2022-01-04 09:00:00,4591000.0,4743000.0,4516000.0,4619000.0,29575.94121495,136950069110.25677
2022-01-05 09:00:00,4619000.0,4672000.0,4240000.0,4382000.0,48802.18806316,218993948792.92917
2022-01-06 09:00:00,4382000.0,4408000.0,4094000.0,4212000.0,65073.35158243,274750212400.4113
2022-01-07 09:00:00,4212000.0,4222000.0,3850000.0,3955000.0,93597.55268905,372664159339.54175
2022-01-08 09:00:00,3956000.0,4009000.0,3766000.0,3860000.0,56103.74625239,218185653876.883
2022-01-09 09:00:00,3859000.0,3953000.0,3803000.0,3886000.0,32896.5601913,127559508348.72668
2022-01-10 09:00:00,3886000.0,3919000.0,3610000.0,3780000.0,73195.50144802,274651654425.7455
2022-01-11 09:00:00,3781000.0,3978000.0,3727000.0,3965000.0,55654.95136052,214232366219.36185
2022-01-12 09:00:00,3965000.0,4144000.0,3921000.0,4092000.0,47291.24124517,190387598398.24484
2022-01-13 09:00:00,4092000.0,4143000.0,3940000.0,3946000.0,38600.59591717,156194495550.72705
2022-01-14 09:00:00,3947000.0,4056000.0,3895000.0,4011000.0,30750.07027076,122067486853.21088
2022-01-15 09:00:00,4012000.0,4082000.0,3975000.0,4037000.0,17033.09353903,68630103142.41846
2022-01-16 09:00:00,4037000.0,4100000.0,3990000.0,4047000.0,18065.98309858,72977433217.40543
2022-01-17 09:00:00,4049000.0,4062000.0,3838000.0,3917000.0,27376.0171205,108322794278.55981
2022-01-18 09:00:00,3917000.0,3939000.0,3750000.0,3821000.0,30446.39056344,116678297425.8401
2022-01-19 09:00:00,3821000.0,3842000.0,3688000.0,3720000.0,30321.86844904,113953499378.775
2022-01-20 09:00:00,3725000.0,3935000.0,3644000.0,3660000.0,40113.6227371,151834231759.27908
2022-01-21 09:00:00,3660000.0,3692000.0,3098000.0,3196000.0,125351.41975165,426709244589.57886
2022-01-22 09:00:00,3197000.0,3244000.0,2886000.0,2987000.0,148898.03976371,453478133769.0801
2022-01-23 09:00:00,2988000.0,3130000.0,2930000.0,3097000.0,69286.35272975,210160724336.96478
2022-01-24 09:00:00,3100000.0,3101000.0,2672000.0,2980000.0,183862.16762787,522767948650.5325
2022-01-25 09:00:00,2980000.0,3044000.0,2860000.0,2986000.0,86202.77205434,254167276469.5026
2022-01-26 09:00:00,2987000.0,3318000.0,2944000.0,3017000.0,154884.87661006,480520994619.42725
2022-01-27 09:00:00,3016000.0,3093000.0,2884000.0,2987000.0,107811.16720991,321600946482.8601
2022-01-28 09:00:00,2989000.0,3158000.0,2931000.0,3139000.0,87197.50029696,262664365463.8354
2022-01-29 09:00:00,3139000.0,3249000.0,3121000.0,3217000.0,68155.74949735,215973892287.4941
2022-01-30 09:00:00,3218000.0,3278000.0,3165000.0,3243000.0,42594.33578366,137306271507.63676
2022-01-31 09:00:00,3241000.0,3330000.0,3080000.0,3301000.0,56375.81855823,180499880511.92792
2022-02-01 09:00:00,3301000.0,3457000.0,3290000.0,3440000.0,51964.70016778,176423501970.77878
2022-02-02 09:00:00,3440000.0,3459000.0,3255000.0,3303000.0,63925.04833746,215041812476.35135
2022-02-03 09:00:00,3300000.0,3368000.0,3184000.0,3308000.0,54440.06189202,177574843051.52408
2022-02-04 09:00:00,3307000.0,3654000.0,3280000.0,3650000.0,93357.01729261,324433068312.7668
2022-02-05 09:00:00,3651000.0,3759000.0,3613000.0,3695000.0,63702.12950414,234372047716.52576
2022-02-06 09:00:00,3697000.0,3753000.0,3610000.0,3733000.0,46035.86645817,169875741804.7713
2022-02-07 09:00:00,3733000.0,3880000.0,3670000.0,3830000.0,63054.5463089,237992122737.6449
2022-02-08 09:00:00,3828000.0,3934000.0,3693000.0,3801000.0,76304.13924537,290004025020.64594
2022-02-09 09:00:00,3801000.0,3944000.0,3722000.0,3916000.0,40165.23919525,153630183448.02805
2022-02-10 09:00:00,3917000.0,3956000.0,3741000.0,3754000.0,77904.66846625,300580661371.73676
2022-02-11 09:00:00,3752000.0,3804000.0,3510000.0,3578000.0,63212.77979229,233143894230.696
2022-02-12 09:00:00,3582000.0,3630000.0,3490000.0,3565000.0,47259.82847851,168526786647.80826
2022-02-13 09:00:00,3567000.0,3609000.0,3503000.0,3519000.0,25522.19160474,90949768410.69162
2022-02-14 09:00:00,3519000.0,3605000.0,3458000.0,3553000.0,42478.6819087,149616288812.71115
2022-02-15 09:00:00,3553000.0,3859000.0,3536000.0,3847000.0,52135.85630429,193771414573.97656
2022-02-16 09:00:00,3847000.0,3858000.0,3710000.0,3793000.0,46109.7965995,174922696286.3192
2022-02-17 09:00:00,3791000.0,3828000.0,3496000.0,3527000.0,71881.41186376,263165144193.0863
2022-02-18 09:00:00,3527000.0,3580000.0,3372000.0,3410000.0,66458.08128818,231974618110.2473
2022-02-19 09:00:00,3410000.0,3461000.0,3291000.0,3383000.0,41697.56482326,140513230736.3024
2022-02-20 09:00:00,3383000.0,3383000.0,3166000.0,3218000.0,56692.22005006,184000675861.44193
2022-02-21 09:00:00,3219000.0,3357000.0,3128000.0,3149000.0,88888.68086172,289538928195.02234
2022-02-22 09:00:00,3149000.0,3246000.0,3066000.0,3209000.0,74273.55852501,234050844724.40714
2022-02-23 09:00:00,3209000.0,3352000.0,3150000.0,3154000.0,62008.14153107,201245256452.72794
2022-02-24 09:00:00,3155000.0,3318000.0,2860000.0,3184000.0,165160.64730522,498896271013.6363
2022-02-25 09:00:00,3185000.0,3452000.0,3151000.0,3376000.0,82006.48009629,267610331354.92822
2022-02-26 09:00:00,3373000.0,3499000.0,3340000.0,3402000.0,54513.02520941,185628570667.23386
2022-02-27 09:00:00,3403000.0,3454000.0,3158000.0,3217000.0,88005.61635412,292365546391.07306
2022-02-28 09:00:00,3217000.0,3548000.0,3163000.0,3534000.0,110013.72098857,366129838738.6108
2022-03-01 09:00:00,3534000.0,3678000.0,3473000.0,3605000.0,99849.56779748,356786387690.92175
2022-03-02 09:00:00,3605000.0,3673000.0,3541000.0,3587000.0,71023.67883474,256465656765.47073
2022-03-03 09:00:00,3587000.0,3612000.0,3415000.0,3460000.0,60602.47499213,212926176063.0734
2022-03-04 09:00:00,3460000.0,3465000.0,3204000.0,3247000.0,69744.31428106,231612320898.92032
2022-03-05 09:00:00,3247000.0,3310000.0,3210000.0,3290000.0,34010.56847448,110955465853.63278
2022-03-06 09:00:00,3290000.0,3307000.0,3163000.0,3177000.0,32930.15642305,106890771172.42073
2022-03-07 09:00:00,3177000.0,3278000.0,3063000.0,3105000.0,66629.01255852,210835931961.5965
2022-03-08 09:00:00,3108000.0,3260000.0,3099000.0,3203000.0,47433.94052758,151175788094.8742
2022-03-09 09:00:00,3207000.0,3417000.0,3200000.0,3355000.0,72614.18726011,243172845750.28616
2022-03-10 09:00:00,3355000.0,3367000.0,3186000.0,3233000.0,56239.67319363,182747914965.30084
2022-03-11 09:00:00,3235000.0,3325000.0,3155000.0,3193000.0,49198.13050214,158773941843.87628
2022-03-12 09:00:00,3193000.0,3251000.0,3190000.0,3210000.0,21787.82842157,70154627051.1325
2022-03-13 09:00:00,3207000.0,3241000.0,3135000.0,3154000.0,28798.84373267,92001125221.55122
2022-03-14 09:00:00,3154000.0,3245000.0,3134000.0,3210000.0,39914.06359074,127528302108.98364
2022-03-15 09:00:00,3211000.0,3291000.0,3144000.0,3235000.0,39597.05525928,126568306321.11546
2022-03-16 09:00:00,3236000.0,3426000.0,3221000.0,3396000.0,69660.86794033,231232664921.51593
2022-03-17 09:00:00,3396000.0,3463000.0,3360000.0,3440000.0,36843.21317396,125530163693.73878
2022-03-18 09:00:00,3436000.0,3618000.0,3386000.0,3575000.0,51271.625161,178981052020.64108
2022-03-19 09:00:00,3575000.0,3631000.0,3524000.0,3580000.0,37087.05286837,133075391240.04784
2022-03-20 09:00:00,3580000.0,3597000.0,3455000.0,3503000.0,37091.37202412,130958880907.52402
2022-03-21 09:00:00,3504000.0,3610000.0,3470000.0,3533000.0,37449.33115047,132538152305.66235
2022-03-22 09:00:00,3532000.0,3692000.0,3532000.0,3626000.0,52824.64437649,192362308191.3957
2022-03-23 09:00:00,3626000.0,3700000.0,3578000.0,3689000.0,43065.59326015,156345895926.0959
2022-03-24 09:00:00,3688000.0,3770000.0,3650000.0,3735000.0,47114.65382643,174706418801.67456
2022-03-25 09:00:00,3738000.0,3843000.0,3710000.0,3770000.0,39130.86488684,148117654372.2317
2022-03-26 09:00:00,3770000.0,3816000.0,3737000.0,3810000.0,20494.74821835,77593715867.82774
2022-03-27 09:00:00,3810000.0,3940000.0,3780000.0,3931000.0,31376.80514549,120637677099.78406
2022-03-28 09:00:00,3931000.0,4101000.0,3905000.0,4025000.0,50651.35727207,203023839277.12424
2022-03-29 09:00:00,4026000.0,4202000.0,4020000.0,4086000.0,56433.99849142,231788267856.3865
2022-03-30 09:00:00,4086000.0,4116000.0,4007000.0,4066000.0,41753.07299914,169837984166.8185
2022-03-31 09:00:00,4066000.0,4141000.0,3965000.0,3990000.0,43688.57812174,177715321984.13095
2022-04-01 09:00:00,3990000.0,4220000.0,3926000.0,4205000.0,48847.2981487,198586606924.4001
2022-04-02 09:00:00,4205000.0,4300000.0,4188000.0,4210000.0,35242.09886732,149388443461.36862
2022-04-03 09:00:00,4211000.0,4348000.0,4180000.0,4300000.0,28025.43768065,119391029297.79343
2022-04-04 09:00:00,4300000.0,4337000.0,4190000.0,4313000.0,34779.52077611,148307388573.42432
2022-04-05 09:00:00,4309000.0,4344000.0,4209000.0,4213000.0,31142.12730041,133239801859.97012
2022-04-06 09:00:00,4213000.0,4215000.0,3891000.0,3898000.0,73360.04460645,296397301859.45416
2022-04-07 09:00:00,3899000.0,4050000.0,3875000.0,3995000.0,46952.59373046,186092447943.1356
2022-04-08 09:00:00,3995000.0,4120000.0,3983000.0,4004000.0,42130.80023532,170766363101.72488
2022-04-09 09:00:00,4004000.0,4077000.0,3983000.0,4061000.0,18781.5411496,75482588916.85144
2022-04-10 09:00:00,4061000.0,4110000.0,4008000.0,4016000.0,16300.75696583,66122079666.73279
2022-04-11 09:00:00,4016000.0,4027000.0,3760000.0,3774000.0,69912.8622571,269996348769.3111
2022-04-12 09:00:00,3774000.0,3886000.0,3713000.0,3822000.0,63144.91290791,240017444346.27057
2022-04-13 09:00:00,3821000.0,3929000.0,3781000.0,3912000.0,39485.10327985,152039281101.7627
2022-04-14 09:00:00,3912000.0,3932000.0,3751000.0,3797000.0,41424.23365776,159685630375.86835
2022-04-15 09:00:00,3796000.0,3830000.0,3766000.0,3813000.0,22385.16635451,85013215828.36325
2022-04-16 09:00:00,3813000.0,3861000.0,3781000.0,3827000.0,14300.73188653,54473789379.96599
2022-04-17 09:00:00,3823000.0,3845000.0,3756000.0,3766000.0,16250.6855719,61860932625.41913
2022-04-18 09:00:00,3766000.0,3838000.0,3635000.0,3808000.0,42857.78374517,159157936362.1561
2022-04-19 09:00:00,3808000.0,3879000.0,3770000.0,3845000.0,34143.66389879,130765819449.80804
2022-04-20 09:00:00,3846000.0,3919000.0,3792000.0,3823000.0,27374.73284002,105442875138.01099
2022-04-21 09:00:00,3823000.0,3925000.0,3719000.0,3751000.0,34359.07120923,131807019995.14445
2022-04-22 09:00:00,3751000.0,3776000.0,3695000.0,3720000.0,25711.28886244,96199345300.47429
2022-04-23 09:00:00,3720000.0,3740000.0,3671000.0,3702000.0,13455.52258428,49989089445.94153
2022-04-24 09:00:00,3702000.0,3724000.0,3670000.0,3677000.0,14905.4264984,55135258619.85614
2022-04-25 09:00:00,3677000.0,3798000.0,3551000.0,3765000.0,42520.39062027,154908103038.55774
2022-04-26 09:00:00,3766000.0,3799000.0,3553000.0,3596000.0,39317.76054752,144903248081.44562
2022-04-27 09:00:00,3597000.0,3702000.0,3580000.0,3677000.0,24282.80747333,88548828688.10548
2022-04-28 09:00:00,3677000.0,3786000.0,3646000.0,3737000.0,26791.87550921,99426527734.26614
2022-04-29 09:00:00,3737000.0,3753000.0,3603000.0,3628000.0,26801.56704786,98394104872.86331
2022-04-30 09:00:00,3630000.0,3656000.0,3564000.0,3570000.0,17625.43521376,63781250319.53114
2022-05-01 09:00:00,3570000.0,3650000.0,3530000.0,3625000.0,23539.08408716,84345421231.71576
2022-05-02 09:00:00,3625000.0,3690000.0,3575000.0,3668000.0,28558.40556765,103782174253.9549
2022-05-03 09:00:00,3667000.0,3675000.0,3570000.0,3592000.0,22905.50654984,83070066416.85416
2022-05-04 09:00:00,3595000.0,3783000.0,3585000.0,3751000.0,32342.58245616,118580165966.56248
2022-05-05 09:00:00,3752000.0,3775000.0,3525000.0,3576000.0,44544.97316833,162081920675.23267
2022-05-06 09:00:00,3576000.0,3589000.0,3445000.0,3516000.0,35364.11836744,124285381802.65521
2022-05-07 09:00:00,3516000.0,3519000.0,3425000.0,3456000.0,15633.49455129,54460035759.33753
2022-05-08 09:00:00,3456000.0,3463000.0,3285000.0,3311000.0,32698.30972128,109684182917.6429
2022-05-09 09:00:00,3312000.0,3333000.0,3025000.0,3038000.0,92388.66206083,291222948236.28815
2022-05-10 09:00:00,3038000.0,3225000.0,2968000.0,3095000.0,90011.24187953,280700299716.4725
2022-05-11 09:00:00,3097000.0,3299000.0,2812000.0,2884000.0,197471.71707922,605144687161.0381
2022-05-12 09:00:00,2884000.0,2984000.0,2450000.0,2648000.0,205240.63886799,546890751956.0728
2022-05-13 09:00:00,2647000.0,2841000.0,2616000.0,2694000.0,120831.64523344,332745981020.5682
2022-05-14 09:00:00,2694000.0,2780000.0,2609000.0,2733000.0,58405.11587875,158140676751.03912
2022-05-15 09:00:00,2732000.0,2826000.0,2667000.0,2806000.0,41871.49679296,114723383762.19476
2022-05-16 09:00:00,2806000.0,2809000.0,2622000.0,2660000.0,56260.19328081,151401701766.46097
2022-05-17 09:00:00,2661000.0,2742000.0,2617000.0,2695000.0,50208.23970187,134759529542.21405
2022-05-18 09:00:00,2696000.0,2715000.0,2465000.0,2472000.0,59690.49480803,154048479621.01157
2022-05-19 09:00:00,2473000.0,2610000.0,2450000.0,2583000.0,53482.29408966,135070332097.94434
2022-05-20 09:00:00,2582000.0,2649000.0,2491000.0,2538000.0,43075.36229295,110917000433.67976
2022-05-21 09:00:00,2537000.0,2565000.0,2513000.0,2552000.0,19261.93397533,48999660186.0579
2022-05-22 09:00:00,2552000.0,2640000.0,2543000.0,2627000.0,23558.4776052,61023064019.73132
2022-05-23 09:00:00,2626000.0,2666000.0,2512000.0,2533000.0,40295.78705015,104983242210.2991
2022-05-24 09:00:00,2533000.0,2553000.0,2450000.0,2525000.0,36764.88947898,92251527003.25043
2022-05-25 09:00:00,2525000.0,2564000.0,2478000.0,2494000.0,33407.42272637,84111796331.72502
2022-05-26 09:00:00,2495000.0,2513000.0,2252000.0,2314000.0,95110.33605038,226257512123.19876
2022-05-27 09:00:00,2314000.0,2331000.0,2201000.0,2225000.0,79286.2646599,179097885044.6717
2022-05-28 09:00:00,2224000.0,2305000.0,2215000.0,2286000.0,36021.51531835,81432223441.44817
2022-05-29 09:00:00,2284000.0,2327000.0,2250000.0,2306000.0,24902.90143411,56988946003.92613
2022-05-30 09:00:00,2305000.0,2519000.0,2290000.0,2494000.0,53397.95269205,128170068120.8211
2022-05-31 09:00:00,2494000.0,2517000.0,2421000.0,2439000.0,49419.62944699,122184077567.29393
2022-06-01 09:00:00,2439000.0,2476000.0,2255000.0,2312000.0,55116.37970652,131775092489.48619
2022-06-02 09:00:00,2313000.0,2338000.0,2263000.0,2313000.0,41476.56731005,95581518385.2862
2022-06-03 09:00:00,2314000.0,2319000.0,2220000.0,2262000.0,42175.56090269,95528779262.53906
2022-06-04 09:00:00,2262000.0,2304000.0,2235000.0,2291000.0,17061.98617453,38552923839.52855
2022-06-05 09:00:00,2290000.0,2319000.0,2255000.0,2296000.0,17244.84958029,39383694187.69209
2022-06-06 09:00:00,2295000.0,2412000.0,2292000.0,2346000.0,40136.37012001,95098952320.3937
2022-06-07 09:00:00,2346000.0,2366000.0,2213000.0,2296000.0,70598.49647443,159530796095.0496
2022-06-08 09:00:00,2296000.0,2330000.0,2251000.0,2286000.0,34792.74294188,79603110028.30067
2022-06-09 09:00:00,2286000.0,2321000.0,2265000.0,2273000.0,26390.6466693,60306704016.1736
2022-06-10 09:00:00,2273000.0,2291000.0,2150000.0,2156000.0,52867.74297214,117325010312.92293
2022-06-11 09:00:00,2156000.0,2178000.0,1956000.0,2001000.0,126370.28881024,257906649957.03098
2022-06-12 09:00:00,2001000.0,2011000.0,1855000.0,1873500.0,106369.66771498,203764315913.7205
2022-06-13 09:00:00,1873500.0,1895000.0,1524500.0,1577500.0,355457.20955066,589404696551.2993
2022-06-14 09:00:00,1576000.0,1637500.0,1407000.0,1573500.0,296154.22378216,456264295698.04254
2022-06-15 09:00:00,1573500.0,1620000.0,1350000.0,1601500.0,465129.37958289,685409940844.5015
2022-06-16 09:00:00,1601500.0,1621000.0,1388500.0,1408000.0,225398.70182606,337115687972.48676
2022-06-17 09:00:00,1408000.0,1462500.0,1378500.0,1432500.0,135065.08203595,192792498590.64236
2022-06-18 09:00:00,1432000.0,1445500.0,1201500.0,1313000.0,268059.05323275,350980975632.78906
2022-06-19 09:00:00,1312500.0,1487500.0,1237500.0,1462000.0,275753.35360358,377143596577.1303
2022-06-20 09:00:00,1462000.0,1516000.0,1373000.0,1460500.0,222374.50569095,321114390295.92267
2022-06-21 09:00:00,1460500.0,1535500.0,1440000.0,1466500.0,167537.16091613,249535652186.18726
2022-06-22 09:00:00,1466500.0,1468000.0,1374000.0,1378000.0,124033.77233742,176491955219.74014
2022-06-23 09:00:00,1378000.0,1495000.0,1373500.0,1481500.0,92824.65778478,133490849353.95209
2022-06-24 09:00:00,1481500.0,1613500.0,1468500.0,1591500.0,115083.32085358,176671084620.9381
2022-06-25 09:00:00,1592000.0,1630000.0,1536500.0,1608500.0,77594.97887183,122836582762.7896
2022-06-26 09:00:00,1608000.0,1660000.0,1560000.0,1564500.0,75761.6078682,121910899748.95718
2022-06-27 09:00:00,1563500.0,1604000.0,1528000.0,1553000.0,73384.76766253,115030117044.86818
2022-06-28 09:00:00,1553000.0,1600500.0,1490500.0,1498000.0,77320.59417323,119332715640.22128
2022-06-29 09:00:00,1498000.0,1510000.0,1435500.0,1453000.0,75102.95523452,110798956613.25607
2022-06-30 09:00:00,1453000.0,1462000.0,1331500.0,1400500.0,100591.49476261,138513409990.66605
2022-07-01 09:00:00,1398500.0,1450000.0,1365000.0,1403500.0,101323.79220658,142208338852.03918
2022-07-02 09:00:00,1405000.0,1424000.0,1364000.0,1409500.0,42066.22324614,58517932849.08219
2022-07-03 09:00:00,1409500.0,1433500.0,1381500.0,1416000.0,37904.04946525,53328185296.65972
2022-07-04 09:00:00,1416000.0,1514500.0,1380000.0,1500000.0,75465.56686933,108503352129.02858
2022-07-05 09:00:00,1501000.0,1539500.0,1432000.0,1491500.0,91375.82056706,136243000501.61783
2022-07-06 09:00:00,1491000.0,1576000.0,1468500.0,1553500.0,75022.15020396,113215485322.83221
2022-07-07 09:00:00,1553500.0,1628000.0,1527000.0,1607500.0,69315.71204157,109185587967.44456
2022-07-08 09:00:00,1607000.0,1651000.0,1567000.0,1590000.0,97530.60463689,156938220113.36545
2022-07-09 09:00:00,1590000.0,1607000.0,1575000.0,1588000.0,33637.7630676,53457809599.89213
2022-07-10 09:00:00,1587500.0,1592000.0,1516500.0,1530000.0,42677.09468012,66012146984.74809
2022-07-11 09:00:00,1530000.0,1537000.0,1451000.0,1454500.0,56091.08838472,84072765660.0976
2022-07-12 09:00:00,1454500.0,1456500.0,1378000.0,1381000.0,74666.41992519,105921954202.00853
2022-07-13 09:00:00,1380500.0,1468000.0,1345500.0,1466500.0,120082.70369892,168105669620.92642
2022-07-14 09:00:00,1466500.0,1596000.0,1423000.0,1571000.0,100722.61070183,150585577410.8559
2022-07-15 09:00:00,1571000.0,1693000.0,1556500.0,1627000.0,98180.14470438,158155202780.53372
2022-07-16 09:00:00,1625500.0,1857500.0,1577500.0,1780500.0,140751.06067051,239998919500.46524
2022-07-17 09:00:00,1780500.0,1820000.0,1742000.0,1767500.0,117113.6074361,208908511123.2119
2022-07-18 09:00:00,1767500.0,2092000.0,1764000.0,2072000.0,185860.47179199,357242600697.55676
2022-07-19 09:00:00,2072000.0,2135000.0,1965000.0,2027000.0,184621.23102597,375119567884.9929
2022-07-20 09:00:00,2027000.0,2124000.0,1974000.0,1999000.0,156830.45497546,321994156628.2839
2022-07-21 09:00:00,2000000.0,2108000.0,1936000.0,2068000.0,118447.39370384,237430191670.66367
2022-07-22 09:00:00,2067000.0,2166000.0,2012000.0,2033000.0,113668.10271551,238318064405.7184
2022-07-23 09:00:00,2036000.0,2102000.0,1985000.0,2049000.0,75889.32780029,155127131331.11377
2022-07-24 09:00:00,2049000.0,2184000.0,2046000.0,2109000.0,107719.82301329,227248159349.5799
2022-07-25 09:00:00,2111000.0,2127000.0,1926500.0,1932000.0,138488.87743122,279208674505.4448
2022-07-26 09:00:00,1932000.0,1944000.0,1818500.0,1936500.0,128053.76286449,241291275305.01987
2022-07-27 09:00:00,1937000.0,2159000.0,1902500.0,2153000.0,155223.37232726,313186568853.13635
2022-07-28 09:00:00,2152000.0,2328000.0,2106000.0,2256000.0,174828.14347247,383259186250.1904
2022-07-29 09:00:00,2256000.0,2325000.0,2189000.0,2275000.0,130199.32382854,293865374017.02216
2022-07-30 09:00:00,2275000.0,2295000.0,2221000.0,2243000.0,70837.76991132,160120207458.5159
2022-07-31 09:00:00,2243000.0,2299000.0,2205000.0,2215000.0,58264.26142957,130993897197.39735
2022-08-01 09:00:00,2215000.0,2246000.0,2139000.0,2167000.0,60371.54762382,132869223576.31882
2022-08-02 09:00:00,2166000.0,2223000.0,2082000.0,2183000.0,89154.46927378,190971096703.0954
2022-08-03 09:00:00,2186000.0,2239000.0,2141000.0,2178000.0,62501.80645118,136872956063.4605
2022-08-04 09:00:00,2179000.0,2215000.0,2125000.0,2151000.0,56928.04169836,123548518763.86002
2022-08-05 09:00:00,2154000.0,2297000.0,2148000.0,2293000.0,82392.36236105,183516912305.61313
2022-08-06 09:00:00,2293000.0,2314000.0,2241000.0,2247000.0,43800.97341668,99978137989.23006
2022-08-07 09:00:00,2247000.0,2283000.0,2223000.0,2254000.0,33461.90984268,75266059250.64198
2022-08-08 09:00:00,2254000.0,2390000.0,2249000.0,2348000.0,74919.47021129,174462387049.59262
2022-08-09 09:00:00,2345000.0,2370000.0,2236000.0,2280000.0,79232.51817752,182363971627.1987
2022-08-10 09:00:00,2281000.0,2485000.0,2232000.0,2445000.0,140841.91742328,332917055245.8659
2022-08-11 09:00:00,2445000.0,2561000.0,2442000.0,2497000.0,123980.30363001,310779497349.46936
2022-08-12 09:00:00,2495000.0,2604000.0,2472000.0,2597000.0,65164.83866398,164749516106.4614
2022-08-13 09:00:00,2598000.0,2676000.0,2583000.0,2644000.0,71717.54285086,189182069281.75128
2022-08-14 09:00:00,2644000.0,2694000.0,2554000.0,2594000.0,64628.39473699,170039279264.01144
2022-08-15 09:00:00,2594000.0,2673000.0,2525000.0,2561000.0,81769.50668028,211138547177.32095
2022-08-16 09:00:00,2561000.0,2573000.0,2501000.0,2524000.0,53258.02056165,134959650973.4285
2022-08-17 09:00:00,2524000.0,2606000.0,2451000.0,2482000.0,81404.27555476,205054852306.85724
2022-08-18 09:00:00,2482000.0,2543000.0,2469000.0,2529000.0,44019.75852175,110446801783.21062
2022-08-19 09:00:00,2529000.0,2531000.0,2205000.0,2212000.0,154699.60806269,366921543710.0419
2022-08-20 09:00:00,2210000.0,2287000.0,2110000.0,2191000.0,90251.24350029,200765969776.57904
2022-08-21 09:00:00,2190000.0,2251000.0,2149000.0,2216000.0,63612.43451599,140412793221.41196
2022-08-22 09:00:00,2216000.0,2224000.0,2112000.0,2221000.0,78025.55255116,168963728285.40982
2022-08-23 09:00:00,2221000.0,2277000.0,2142000.0,2263000.0,75519.49567835,167195943708.38538
2022-08-24 09:00:00,2262000.0,2300000.0,2202000.0,2255000.0,60758.06197723,136637420449.11765
2022-08-25 09:00:00,2255000.0,2335000.0,2251000.0,2300000.0,48167.54069692,110754656991.51288
2022-08-26 09:00:00,2302000.0,2315000.0,2060000.0,2086000.0,134844.99961486,298576992851.59143
2022-08-27 09:00:00,2086000.0,2102000.0,2010000.0,2063000.0,65272.84085762,134647599812.40726
2022-08-28 09:00:00,2063000.0,2090000.0,1975000.0,1979500.0,42888.04738823,87467460530.23451
2022-08-29 09:00:00,1978000.0,2138000.0,1970500.0,2127000.0,74358.77669216,152315066121.40573
2022-08-30 09:00:00,2126000.0,2203000.0,2047000.0,2103000.0,94895.85651126,202500054228.69333
2022-08-31 09:00:00,2101000.0,2209000.0,2100000.0,2136000.0,89723.27581206,194103998395.4236
2022-09-01 09:00:00,2136000.0,2193000.0,2098000.0,2175000.0,76365.25878029,163585697814.19833
2022-09-02 09:00:00,2176000.0,2260000.0,2145000.0,2176000.0,97587.30500072,214881159136.77457
2022-09-03 09:00:00,2176000.0,2189000.0,2131000.0,2152000.0,37260.34287108,80366888160.73984
2022-09-04 09:00:00,2153000.0,2184000.0,2135000.0,2173000.0,28386.65885899,61221611093.1573
2022-09-05 09:00:00,2174000.0,2247000.0,2153000.0,2228000.0,61973.01936844,135750120540.85236
2022-09-06 09:00:00,2226000.0,2321000.0,2178000.0,2183000.0,121839.9062408,275595198519.5428
2022-09-07 09:00:00,2183000.0,2295000.0,2103000.0,2262000.0,91984.82916811,200250546316.33698
2022-09-08 09:00:00,2262000.0,2300000.0,2225000.0,2270000.0,58246.54243785,131921429028.16817
2022-09-09 09:00:00,2271000.0,2376000.0,2267000.0,2355000.0,68702.92218077,160632726375.16324
2022-09-10 09:00:00,2353000.0,2430000.0,2335000.0,2416000.0,41928.39890199,99457097650.84038
2022-09-11 09:00:00,2414000.0,2431000.0,2373000.0,2407000.0,38460.47103801,92397900399.16684
2022-09-12 09:00:00,2407000.0,2427000.0,2320000.0,2346000.0,60911.50652523,144742750403.25772
2022-09-13 09:00:00,2346000.0,2384000.0,2163000.0,2184000.0,107648.9831191,242809340589.65463
2022-09-14 09:00:00,2183000.0,2303000.0,2160000.0,2291000.0,74307.19599593,165634499045.09576
2022-09-15 09:00:00,2290000.0,2342000.0,2110000.0,2128000.0,176152.22708184,392510831420.4816
2022-09-16 09:00:00,2128000.0,2132000.0,2000000.0,2025000.0,76559.08373101,157738582042.99066
2022-09-17 09:00:00,2025000.0,2069000.0,1993500.0,2058000.0,46838.07809105,95011724297.89688
2022-09-18 09:00:00,2059000.0,2060000.0,1872000.0,1891500.0,75313.04333253,147388499831.6635
2022-09-19 09:00:00,1891500.0,1965000.0,1827500.0,1940500.0,94088.49472047,177102460467.9704
2022-09-20 09:00:00,1941000.0,1955000.0,1862000.0,1876000.0,46218.56556958,88399184299.86623
2022-09-21 09:00:00,1877000.0,1977000.0,1758000.0,1792000.0,92873.63134318,173306735356.07474
2022-09-22 09:00:00,1791000.0,1916500.0,1781500.0,1884500.0,77566.50325844,142386934625.2645
2022-09-23 09:00:00,1885000.0,1936000.0,1817500.0,1899500.0,76845.60696966,144475066910.04434
2022-09-24 09:00:00,1899000.0,1936500.0,1880000.0,1898500.0,35926.22204513,68545656487.0577
2022-09-25 09:00:00,1899500.0,1917000.0,1835000.0,1864000.0,31052.69584987,58503477533.69439
2022-09-26 09:00:00,1862000.0,1920000.0,1848000.0,1916000.0,47431.3927679,89517064193.76021
2022-09-27 09:00:00,1916000.0,1995000.0,1880500.0,1914000.0,73822.0026406,143903948620.72134
2022-09-28 09:00:00,1915500.0,1948000.0,1830000.0,1924000.0,64703.99805668,122115498229.62772
2022-09-29 09:00:00,1923000.0,1948000.0,1864500.0,1910500.0,51168.69648733,97785611983.19449
2022-09-30 09:00:00,1910000.0,1964000.0,1892500.0,1911000.0,43457.25421101,83458740837.1484
2022-10-01 09:00:00,1909000.0,1920000.0,1884500.0,1896500.0,16267.92768355,31001648371.883755
2022-10-02 09:00:00,1896500.0,1901500.0,1850000.0,1858500.0,20412.14703543,38355965591.14375
2022-10-03 09:00:00,1858500.0,1917500.0,1842500.0,1906000.0,26808.03074008,50628004135.77595
2022-10-04 09:00:00,1904500.0,1950000.0,1901500.0,1940000.0,33773.94138755,65183089834.69298
2022-10-05 09:00:00,1941000.0,1944500.0,1890000.0,1926000.0,32019.5797596,61447977779.23106
2022-10-06 09:00:00,1926000.0,1956500.0,1916000.0,1924500.0,34152.03550581,66136307307.3257
2022-10-07 09:00:00,1922500.0,1937500.0,1881500.0,1895500.0,30949.93175791,59124049103.02814
2022-10-08 09:00:00,1895000.0,1904000.0,1870000.0,1880000.0,13556.55780948,25643420411.008293
2022-10-09 09:00:00,1879000.0,1895500.0,1870500.0,1886000.0,10945.68468209,20594551912.59772
2022-10-10 09:00:00,1884000.0,1905000.0,1848000.0,1849500.0,21362.50137419,40056446161.550476
2022-10-11 09:00:00,1848000.0,1860000.0,1821500.0,1837000.0,25606.38459016,47091373556.99697
2022-10-12 09:00:00,1836500.0,1871500.0,1832500.0,1855500.0,16729.52029344,31030672176.82745
2022-10-13 09:00:00,1854000.0,1871500.0,1730500.0,1848000.0,62168.07247711,111894571191.97801
2022-10-14 09:00:00,1848000.0,1922000.0,1841500.0,1869000.0,37584.03472847,71104629683.35362
2022-10-15 09:00:00,1868500.0,1874500.0,1828000.0,1841000.0,12730.5289991,23612641998.826157
2022-10-16 09:00:00,1841000.0,1891500.0,1841000.0,1875000.0,11775.96745396,21935397949.164536
2022-10-17 09:00:00,1875000.0,1916000.0,1861000.0,1904500.0,22658.67867432,42874186471.05257
2022-10-18 09:00:00,1904500.0,1920000.0,1856500.0,1884500.0,26722.47034139,50665057052.74121
2022-10-19 09:00:00,1884500.0,1888000.0,1851000.0,1856500.0,19567.43082187,36581868180.26014
2022-10-20 09:00:00,1857000.0,1883000.0,1840000.0,1852500.0,19019.0417125,35336553915.80535
2022-10-21 09:00:00,1850500.0,1880000.0,1820500.0,1873000.0,21268.10721478,39430633706.78191
2022-10-22 09:00:00,1872000.0,1896500.0,1865000.0,1887000.0,12044.13378539,22652229338.411144
2022-10-23 09:00:00,1888500.0,1959500.0,1875000.0,1951500.0,22786.8753008,43608832860.99844
2022-10-24 09:00:00,1950000.0,1963000.0,1910000.0,1931500.0,24414.14305213,47282660925.4281
2022-10-25 09:00:00,1932000.0,2150000.0,1918000.0,2072000.0,63350.10661563,128726082300.11053
2022-10-26 09:00:00,2072000.0,2234000.0,2067000.0,2193000.0,79074.25710068,170828301446.35675
2022-10-27 09:00:00,2194000.0,2208000.0,2120000.0,2133000.0,53601.07121186,116519030368.9388
2022-10-28 09:00:00,2133000.0,2211000.0,2103000.0,2186000.0,45917.62433924,98782566656.883
2022-10-29 09:00:00,2184000.0,2310000.0,2177000.0,2265000.0,59175.04040145,133982969058.3425
2022-10-30 09:00:00,2263000.0,2300000.0,2218000.0,2231000.0,29756.86074612,67100385313.8704
2022-10-31 09:00:00,2234000.0,2291000.0,2184000.0,2208000.0,38155.11993488,85097269275.84097
2022-11-01 09:00:00,2207000.0,2250000.0,2200000.0,2218000.0,26295.8236365,58476358599.08694
2022-11-02 09:00:00,2215000.0,2285000.0,2136000.0,2157000.0,55494.97503566,122484620348.4188
2022-11-03 09:00:00,2157000.0,2207000.0,2156000.0,2176000.0,25689.20587408,56130564664.83186
2022-11-04 09:00:00,2175000.0,2330000.0,2173000.0,2288000.0,58125.28789819,131111476196.01773
2022-11-05 09:00:00,2286000.0,2319000.0,2267000.0,2276000.0,25680.01447063,58829616868.64788
2022-11-06 09:00:00,2276000.0,2291000.0,2207000.0,2213000.0,19443.52880578,43871761578.052
2022-11-07 09:00:00,2210000.0,2250000.0,2182000.0,2209000.0,32548.57903294,72068914556.4595
2022-11-08 09:00:00,2206000.0,2216000.0,1860000.0,1917000.0,162725.49897791,329776704435.08777
2022-11-09 09:00:00,1917000.0,1930000.0,1548500.0,1588500.0,258495.89406217,447396296688.31714
2022-11-10 09:00:00,1589500.0,1874500.0,1573500.0,1830000.0,208222.15128443,361629546486.5822
2022-11-11 09:00:00,1832000.0,1854000.0,1675000.0,1788500.0,130043.0206583,228754736545.57074
2022-11-12 09:00:00,1788000.0,1794500.0,1714500.0,1748500.0,58148.92357943,101921770429.89806
2022-11-13 09:00:00,1748500.0,1765000.0,1671500.0,1684000.0,64133.016662,109712196174.88977
2022-11-14 09:00:00,1684500.0,1763500.0,1583000.0,1695500.0,129820.89771468,217686342235.90118
2022-11-15 09:00:00,1695500.0,1751000.0,1682000.0,1708500.0,59212.91692913,101645852077.50876
2022-11-16 09:00:00,1707000.0,1725500.0,1640000.0,1678000.0,53914.82626128,90731073957.30714
2022-11-17 09:00:00,1675500.0,1687500.0,1630000.0,1654500.0,38325.42284165,63485671763.97253
2022-11-18 09:00:00,1654000.0,1690000.0,1653500.0,1674000.0,31570.66432163,52769972239.42025
2022-11-19 09:00:00,1674000.0,1700000.0,1662500.0,1683500.0,19004.32067435,31863911388.307724
2022-11-20 09:00:00,1683500.0,1691500.0,1586500.0,1600500.0,44970.21827324,73610745919.7523
2022-11-21 09:00:00,1601500.0,1604500.0,1530500.0,1560000.0,58130.11222646,91361933631.43307
2022-11-22 09:00:00,1560000.0,1593000.0,1516500.0,1586000.0,63393.44471679,98663890597.92409
2022-11-23 09:00:00,1585500.0,1644500.0,1575000.0,1639000.0,49509.39394667,79953156319.35641
2022-11-24 09:00:00,1639500.0,1673500.0,1625500.0,1648000.0,40350.7194246,66491136682.28195
2022-11-25 09:00:00,1647500.0,1651500.0,1602000.0,1645000.0,27212.06336001,44321847536.07245
2022-11-26 09:00:00,1645000.0,1689500.0,1643500.0,1659000.0,23198.99568381,38710686522.29617
2022-11-27 09:00:00,1659000.0,1678500.0,1641000.0,1648000.0,15501.31519788,25819490964.31697
2022-11-28 09:00:00,1645500.0,1651000.0,1600000.0,1609000.0,28742.94119608,46536773961.65374
2022-11-29 09:00:00,1609500.0,1672000.0,1595000.0,1657000.0,33161.62513414,54527166386.91002
2022-11-30 09:00:00,1657000.0,1766500.0,1655000.0,1752500.0,50982.60763895,87964238429.10722
2022-12-01 09:00:00,1752500.0,1754500.0,1710000.0,1729000.0,29415.60567537,50990524695.3476
2022-12-02 09:00:00,1729000.0,1742500.0,1701000.0,1735500.0,25238.85332789,43415970311.50549
2022-12-03 09:00:00,1735500.0,1747000.0,1675000.0,1679000.0,18346.12178334,31304937757.0601
2022-12-04 09:00:00,1679000.0,1722500.0,1677500.0,1713500.0,19206.2947805,32586603965.32487
2022-12-05 09:00:00,1712500.0,1736000.0,1678000.0,1688000.0,27626.89059598,47360280335.58779
2022-12-06 09:00:00,1688000.0,1702500.0,1668500.0,1699000.0,18723.2152135,31593946211.3745
2022-12-07 09:00:00,1699000.0,1706000.0,1634500.0,1651000.0,26828.18280443,44482878652.72713
2022-12-08 09:00:00,1651000.0,1720000.0,1640000.0,1703500.0,23448.70305849,39232909463.18479
2022-12-09 09:00:00,1703500.0,1722500.0,1680000.0,1685000.0,23495.11937177,39931357248.88188
2022-12-10 09:00:00,1685000.0,1707500.0,1681500.0,1687500.0,12815.65008258,21653241308.79677
2022-12-11 09:00:00,1687500.0,1704000.0,1675500.0,1683500.0,9875.75455867,16696965742.829475
2022-12-12 09:00:00,1682000.0,1696500.0,1652500.0,1694500.0,20297.26232075,33864499981.31113
2022-12-13 09:00:00,1693000.0,1762500.0,1658000.0,1721500.0,57381.66818205,98411218714.33356
2022-12-14 09:00:00,1721500.0,1761000.0,1706500.0,1707500.0,32061.15570552,55504527146.04187
2022-12-15 09:00:00,1708000.0,1717000.0,1666500.0,1674000.0,26876.15691993,45363986179.79208
2022-12-16 09:00:00,1674000.0,1682500.0,1547500.0,1563500.0,57734.68015563,92914823876.8965
2022-12-17 09:00:00,1563000.0,1575500.0,1538500.0,1575000.0,26096.69784848,40717283078.90595
2022-12-18 09:00:00,1574500.0,1584000.0,1557500.0,1571000.0,13864.55169752,21776846699.556644
2022-12-19 09:00:00,1570500.0,1580000.0,1518500.0,1537000.0,22686.95713957,35230705692.01427
2022-12-20 09:00:00,1537000.0,1603000.0,1531500.0,1586000.0,38125.49864738,60138691783.90965
2022-12-21 09:00:00,1584000.0,1595000.0,1569500.0,1582500.0,21225.55903531,33582972431.15557
2022-12-22 09:00:00,1582500.0,1609000.0,1546500.0,1583000.0,24386.49342984,38381172425.41427
2022-12-23 09:00:00,1583000.0,1600000.0,1575500.0,1588500.0,19943.34580122,31651223187.671974
2022-12-24 09:00:00,1588500.0,1599000.0,1584000.0,1590500.0,7103.47327831,11289507513.29591
2022-12-25 09:00:00,1590500.0,1596500.0,1560000.0,1580500.0,11979.05613206,18931265993.085766
2022-12-26 09:00:00,1580500.0,1582500.0,1557500.0,1573500.0,13217.72941708,20738435318.745415
2022-12-27 09:00:00,1573000.0,1580000.0,1538500.0,1547000.0,14958.7106907,23299058701.564045
2022-12-28 09:00:00,1547000.0,1549500.0,1506000.0,1514500.0,30225.1559503,45949324902.700165
2022-12-29 09:00:00,1514500.0,1541000.0,1503000.0,1531500.0,20298.10904091,30885537085.867516
2022-12-30 09:00:00,1530000.0,1532000.0,1500000.0,1524000.0,19483.61525262,29471077893.66816
2022-12-31 09:00:00,1524000.0,1537000.0,1514000.0,1525000.0,10909.81178105,16629168260.79408
2023-01-01 09:00:00,1524000.0,1535500.0,1519000.0,1528000.0,6939.24978598,10585761629.68307
2023-01-02 09:00:00,1526500.0,1559500.0,1517500.0,1543500.0,15985.15740468,24645927521.108807
2023-01-03 09:00:00,1542500.0,1561000.0,1541500.0,1554500.0,13129.52565995,20386043318.343586
2023-01-04 09:00:00,1554500.0,1622500.0,1553500.0,1610000.0,24454.26040321,39024414057.45501
2023-01-05 09:00:00,1610000.0,1614000.0,1589000.0,1602500.0,15009.41414501,24035390201.5543
2023-01-06 09:00:00,1602500.0,1619500.0,1575500.0,1610000.0,17944.20535514,28642782290.45908
2023-01-07 09:00:00,1609500.0,1615500.0,1603500.0,1609000.0,8188.42654967,13168060165.941416
2023-01-08 09:00:00,1608000.0,1639500.0,1600000.0,1634500.0,9740.45544412,15716872311.444904
2023-01-09 09:00:00,1633500.0,1688000.0,1627000.0,1663500.0,27871.12087451,46209558164.13791
2023-01-10 09:00:00,1661000.0,1693000.0,1654500.0,1680500.0,19557.02169213,32742171387.532677
2023-01-11 09:00:00,1680500.0,1745000.0,1668000.0,1739500.0,20554.06036094,34755055938.04014
2023-01-12 09:00:00,1738000.0,1800000.0,1718500.0,1770500.0,47485.94533828,83479577997.10413
2023-01-13 09:00:00,1770000.0,1824000.0,1753000.0,1807000.0,34629.79180923,61663275790.71977
2023-01-14 09:00:00,1807000.0,1947500.0,1803500.0,1912000.0,90423.82535039,171979417403.1146
2023-01-15 09:00:00,1912000.0,1936000.0,1876000.0,1921000.0,24401.15547827,46390615201.47928
2023-01-16 09:00:00,1922000.0,1988000.0,1895000.0,1961000.0,31947.05590299,61887378863.842926
2023-01-17 09:00:00,1959500.0,1988000.0,1918500.0,1945000.0,25945.82345604,50649901177.344246
2023-01-18 09:00:00,1945000.0,1995000.0,1875000.0,1881000.0,48284.07794865,93722052538.25331
2023-01-19 09:00:00,1880500.0,1943500.0,1876000.0,1931500.0,20150.04124129,38411160872.64972
2023-01-20 09:00:00,1929000.0,2060000.0,1926000.0,2050000.0,30816.94716617,61009776961.28999
2023-01-21 09:00:00,2049000.0,2091000.0,2020000.0,2025000.0,37878.83663199,77803984038.61105
2023-01-22 09:00:00,2025000.0,2065000.0,2011000.0,2036000.0,20565.76734139,41817658100.83074
2023-01-23 09:00:00,2033000.0,2055000.0,1995000.0,2032000.0,22976.03736418,46776456706.50542
2023-01-24 09:00:00,2032000.0,2053000.0,1926000.0,1951500.0,30171.07216408,60552400812.77796
2023-01-25 09:00:00,1950500.0,2036000.0,1904000.0,2008000.0,38782.30756307,75787539936.20059
2023-01-26 09:00:00,2008000.0,2034000.0,1990000.0,2014000.0,23814.51888877,48000120329.83877
2023-01-27 09:00:00,2014000.0,2025000.0,1960500.0,2005000.0,24645.68520936,48959412787.03065
2023-01-28 09:00:00,2006000.0,2016000.0,1970000.0,1987000.0,15830.04379059,31602710646.951256
2023-01-29 09:00:00,1987000.0,2073000.0,1980500.0,2055000.0,28137.01155837,56984495968.64615
2023-01-30 09:00:00,2054000.0,2060000.0,1938000.0,1969500.0,34622.60834159,69112677403.17416
2023-01-31 09:00:00,1969500.0,2011000.0,1952000.0,1992500.0,21724.12665767,43002844038.7737
2023-02-01 09:00:00,1992500.0,2060000.0,1957500.0,2048000.0,32184.49044106,64638302315.18338
2023-02-02 09:00:00,2046000.0,2138000.0,2046000.0,2072000.0,39206.03462398,82009776024.92003
2023-02-03 09:00:00,2068000.0,2101000.0,2047000.0,2091000.0,28141.30390457,58300148769.64866
2023-02-04 09:00:00,2089000.0,2130000.0,2080000.0,2098000.0,17423.07542741,36635868531.37358
2023-02-05 09:00:00,2098000.0,2110000.0,2040000.0,2058000.0,22748.59299063,47263650577.21196
2023-02-06 09:00:00,2058000.0,2106000.0,2035000.0,2070000.0,23958.11129238,49605827487.33629
2023-02-07 09:00:00,2070000.0,2121000.0,2067000.0,2116000.0,26775.07269888,56000556753.14311
2023-02-08 09:00:00,2116000.0,2141000.0,2083000.0,2105000.0,24319.28089463,51495885230.20758
2023-02-09 09:00:00,2105000.0,2113000.0,1987000.0,1997500.0,38116.9182666,78344847803.19926
2023-02-10 09:00:00,1997500.0,2007000.0,1942500.0,1968500.0,30826.68228942,61127213671.06335
2023-02-11 09:00:00,1969000.0,1998500.0,1962000.0,1996500.0,11283.77242243,22305340742.64103
2023-02-12 09:00:00,1996500.0,1999000.0,1947000.0,1965500.0,12255.51122468,24266147372.396595
2023-02-13 09:00:00,1965500.0,1977000.0,1908000.0,1957500.0,24013.81481564,46633800930.54544
2023-02-14 09:00:00,1958500.0,2022000.0,1926500.0,2016000.0,30715.37434156,60635709161.76563
2023-02-15 09:00:00,2015000.0,2161000.0,2002000.0,2148000.0,40171.95514925,83286531918.26604
2023-02-16 09:00:00,2148000.0,2238000.0,2109000.0,2119000.0,46336.61980939,100552490964.02802
2023-02-17 09:00:00,2119000.0,2211000.0,2110000.0,2182000.0,28593.91282163,61908380961.2939
2023-02-18 09:00:00,2182000.0,2203000.0,2171000.0,2183000.0,12752.74176602,27908690176.67296
2023-02-19 09:00:00,2183000.0,2215000.0,2165000.0,2176000.0,17396.48168394,38098068319.39229
2023-02-20 09:00:00,2173000.0,2211000.0,2144000.0,2187000.0,23634.93365643,51633125983.1783
2023-02-21 09:00:00,2185000.0,2213000.0,2134000.0,2153000.0,25780.5372663,56213801407.57452
2023-02-22 09:00:00,2153000.0,2166000.0,2095000.0,2151000.0,21781.47976324,46441459151.89287
2023-02-23 09:00:00,2151000.0,2182000.0,2132000.0,2164000.0,19451.10183339,42033296911.01125
2023-02-24 09:00:00,2161000.0,2173000.0,2101000.0,2142000.0,20676.0305149,44275240785.93021
2023-02-25 09:00:00,2138000.0,2142000.0,2090000.0,2132000.0,10833.04554015,22965885757.29468
2023-02-26 09:00:00,2132000.0,2184000.0,2113000.0,2178000.0,12162.92540296,26116353592.49711
2023-02-27 09:00:00,2178000.0,2210000.0,2150000.0,2174000.0,20636.19825638,45049190282.63448
2023-02-28 09:00:00,2175000.0,2177000.0,2159000.0,2166000.0,4005.140381,8675431531.63069
