2020-06-04 09:00:00,2130.0,2370.0,2050.0,2115.0,256944.87519006,555063088.2413417
2020-06-05 09:00:00,2115.0,2210.0,2065.0,2135.0,153070.27615352,326711823.1710312
2020-06-06 09:00:00,2130.0,2200.0,2050.0,2065.0,144675.67301075,303977985.61740947
2020-06-07 09:00:00,2065.0,2075.0,1925.0,2005.0,96332.9098832,192734122.318237
2020-06-08 09:00:00,1995.0,2085.0,1940.0,2030.0,65593.17133985,131689785.21767685
2020-06-09 09:00:00,2020.0,2135.0,1950.0,2120.0,74565.79840194,150371282.08540496
2020-06-10 09:00:00,2120.0,2175.0,2025.0,2115.0,83635.58817554,175226719.2847732
2020-06-11 09:00:00,2115.0,2215.0,1895.0,1895.0,135016.1152078,278769796.7947642
2020-06-12 09:00:00,1895.0,2070.0,1870.0,1975.0,88760.46098425,175564594.201079
2020-06-13 09:00:00,1985.0,2215.0,1970.0,2065.0,349131.15719167,725946509.9304719
2020-06-14 09:00:00,2080.0,2185.0,2000.0,2025.0,78410.26581195,163784915.32873806
2020-06-15 09:00:00,2025.0,2035.0,1800.0,2030.0,111002.80430041,213403738.1232851
2020-06-16 09:00:00,2010.0,2095.0,1955.0,2030.0,71311.98789196,143900736.4606573
2020-06-17 09:00:00,2030.0,2190.0,2005.0,2090.0,379414.66017288,797667997.2999059
2020-06-18 09:00:00,2090.0,2225.0,2070.0,2175.0,160048.70029226,344140165.4898657
2020-06-19 09:00:00,2175.0,2195.0,2045.0,2080.0,70612.42871915,148676355.50113136
2020-06-20 09:00:00,2080.0,2195.0,2050.0,2125.0,106602.51881096,225437611.7721267
2020-06-21 09:00:00,2120.0,2165.0,2095.0,2120.0,22663.52239376,48114005.2045367
2020-06-22 09:00:00,2120.0,2355.0,2110.0,2140.0,295693.2998863,657683579.4468083
2020-06-23 09:00:00,2130.0,2175.0,2045.0,2075.0,93868.02614562,196582146.47094744
2020-06-24 09:00:00,2075.0,2165.0,1975.0,2005.0,136820.20006099,281226997.8538716
2020-06-25 09:00:00,2020.0,2210.0,1865.0,2015.0,305781.71700475,623130406.0172187
2020-06-26 09:00:00,2005.0,2395.0,1995.0,2250.0,1154880.48494705,2504978558.709577
2020-06-27 09:00:00,2250.0,2520.0,2005.0,2080.0,625491.77045249,1421927656.243232
2020-06-28 09:00:00,2080.0,2240.0,1915.0,2125.0,271266.84959811,559707213.8621591
2020-06-29 09:00:00,2125.0,2360.0,2075.0,2310.0,646272.65199506,1442778895.1287336
2020-06-30 09:00:00,2310.0,2330.0,2140.0,2155.0,161498.87671546,359434341.7572253
2020-07-01 09:00:00,2135.0,2150.0,2060.0,2145.0,71158.20785978,149187619.26890504
2020-07-02 09:00:00,2145.0,2165.0,1960.0,1995.0,66361.54985836,135782898.11087576
2020-07-03 09:00:00,2000.0,2035.0,1940.0,1955.0,47516.38058716,94304886.02000394
2020-07-04 09:00:00,1975.0,2100.0,1960.0,2045.0,100036.26607592,205846651.7090991
2020-07-05 09:00:00,2045.0,2045.0,1995.0,2035.0,18485.46619331,37277740.87331445
2020-07-06 09:00:00,2035.0,2060.0,2000.0,2015.0,32441.74590297,65608824.26386015
2020-07-07 09:00:00,2015.0,2040.0,1990.0,2020.0,38989.38438686,78207507.14651646
2020-07-08 09:00:00,2020.0,2070.0,1995.0,2055.0,58742.9448991,119125849.308291
2020-07-09 09:00:00,2050.0,2070.0,1925.0,1980.0,81758.33692945,164020180.5000138
2020-07-10 09:00:00,1980.0,1995.0,1935.0,1985.0,42832.36287854,84031468.611056
2020-07-11 09:00:00,1980.0,2030.0,1980.0,2010.0,36132.02861191,72266651.89811115
2020-07-12 09:00:00,2010.0,2020.0,1965.0,1980.0,20405.57571635,40584465.5789598
2020-07-13 09:00:00,1990.0,2040.0,1955.0,2040.0,51427.47357699,102448900.09437194
2020-07-14 09:00:00,2040.0,2185.0,1980.0,2100.0,293976.47683673,617262989.4294788
2020-07-15 09:00:00,2100.0,2145.0,1995.0,2065.0,59393.16581773,124332419.65683465
2020-07-16 09:00:00,2065.0,2065.0,1890.0,1980.0,54168.62654096,106893632.5045561
2020-07-17 09:00:00,1980.0,1980.0,1920.0,1950.0,14132.94698757,27535863.5022198
2020-07-18 09:00:00,1950.0,1965.0,1925.0,1955.0,14122.51379455,27405972.71326215
2020-07-19 09:00:00,1955.0,2010.0,1950.0,1975.0,30706.86636449,60622484.97457635
2020-07-20 09:00:00,1975.0,2010.0,1940.0,1995.0,36611.46575021,71919360.92564236
2020-07-21 09:00:00,1995.0,2080.0,1965.0,2045.0,71478.39467437,144008153.96060845
2020-07-22 09:00:00,2050.0,2285.0,2030.0,2220.0,400051.43375377,872566077.6732608
2020-07-23 09:00:00,2220.0,2240.0,2120.0,2160.0,59569.26101587,129762225.29022674
2020-07-24 09:00:00,2160.0,2185.0,2100.0,2165.0,24908.59877619,53432126.28522165
2020-07-25 09:00:00,2165.0,2195.0,2105.0,2115.0,26706.62261955,57270898.73783105
2020-07-26 09:00:00,2120.0,2195.0,2035.0,2080.0,87496.5393557,182945481.0393001
2020-07-27 09:00:00,2070.0,2080.0,1880.0,1930.0,163248.23706024,320858491.5255796
2020-07-28 09:00:00,1940.0,2025.0,1915.0,1965.0,43368.04013255,85695901.13081695
2020-07-29 09:00:00,1970.0,2105.0,1960.0,2020.0,282390.34280032,569090132.3917277
2020-07-30 09:00:00,2010.0,2035.0,1965.0,1980.0,92627.24114021,184930563.9121168
2020-07-31 09:00:00,1970.0,2005.0,1970.0,1995.0,40454.08746215,80247600.1008129
2020-08-01 09:00:00,1995.0,2055.0,1965.0,2055.0,81784.76133101,164413509.8662345
2020-08-02 09:00:00,2055.0,2170.0,1895.0,1940.0,389918.95171593,805231787.9489378
2020-08-03 09:00:00,1945.0,2010.0,1940.0,1975.0,41458.31024405,82399764.78433685
2020-08-04 09:00:00,1975.0,2020.0,1945.0,2000.0,60191.4664581,119293621.18933114
2020-08-05 09:00:00,1990.0,2090.0,1975.0,2005.0,154563.87842543,314625436.6093543
2020-08-06 09:00:00,2005.0,2080.0,1970.0,1990.0,130645.69907363,263481173.59967545
2020-08-07 09:00:00,1995.0,2020.0,1950.0,1980.0,109077.01183324,216533604.0772193
2020-08-08 09:00:00,1985.0,2080.0,1970.0,2070.0,72596.93081795,146829628.0028139
2020-08-09 09:00:00,2065.0,2165.0,2040.0,2120.0,133650.91797918,280256334.4220027
2020-08-10 09:00:00,2120.0,2240.0,2060.0,2215.0,332005.95091807,727581192.0741725
2020-08-11 09:00:00,2215.0,2315.0,2000.0,2065.0,355882.50844858,786899142.6146736
2020-08-12 09:00:00,2065.0,2100.0,1990.0,2080.0,58082.80619297,119166635.7603687
2020-08-13 09:00:00,2080.0,2240.0,2030.0,2160.0,136417.6851551,287959897.370826
2020-08-14 09:00:00,2165.0,2195.0,2105.0,2165.0,119300.23398361,257265102.16399205
2020-08-15 09:00:00,2160.0,2230.0,2120.0,2175.0,58263.88066966,126160785.07192215
2020-08-16 09:00:00,2170.0,2225.0,2120.0,2165.0,81512.30969223,177337155.23473656
2020-08-17 09:00:00,2170.0,2265.0,2145.0,2235.0,179121.9432884,396518522.1453507
2020-08-18 09:00:00,2235.0,2300.0,2125.0,2255.0,140963.20132082,317421642.953776
2020-08-19 09:00:00,2250.0,2280.0,2040.0,2095.0,126018.6149338,268021782.7739049
2020-08-20 09:00:00,2095.0,2750.0,2035.0,2640.0,528635.61394108,1273550034.6653347
2020-08-21 09:00:00,2640.0,2850.0,2345.0,2395.0,491062.38650774,1269728417.3854601
2020-08-22 09:00:00,2395.0,2840.0,2225.0,2535.0,1257368.5587004,3182438850.397769
2020-08-23 09:00:00,2540.0,2725.0,2375.0,2435.0,323550.36363476,826061193.5579733
2020-08-24 09:00:00,2435.0,2620.0,2370.0,2450.0,288736.92385143,720708611.1213431
2020-08-25 09:00:00,2450.0,2620.0,2285.0,2415.0,630886.47396721,1579829837.7879853
2020-08-26 09:00:00,2400.0,2415.0,2250.0,2400.0,148832.50204841,348860346.5608863
2020-08-27 09:00:00,2400.0,2520.0,2320.0,2430.0,412313.96263102,1001929899.3738774
2020-08-28 09:00:00,2430.0,2565.0,2395.0,2525.0,163170.06835555,403531362.8929859
2020-08-29 09:00:00,2525.0,2795.0,2475.0,2695.0,282220.19073399,731219167.2300204
2020-08-30 09:00:00,2685.0,3140.0,2650.0,2690.0,938926.89190482,2748999350.1510286
2020-08-31 09:00:00,2685.0,2710.0,2560.0,2585.0,170686.89033381,449064008.09896165
2020-09-01 09:00:00,2580.0,2775.0,2405.0,2505.0,354065.58295861,893463016.9867958
2020-09-02 09:00:00,2500.0,2510.0,2170.0,2325.0,144363.40678507,337640813.1740719
2020-09-03 09:00:00,2325.0,2325.0,1960.0,1970.0,116345.49051131,250010063.3226429
2020-09-04 09:00:00,1970.0,2200.0,1885.0,2090.0,222306.29434849,454327059.7474675
2020-09-05 09:00:00,2075.0,2105.0,1835.0,1915.0,58646.11963414,114695683.07519655
2020-09-06 09:00:00,1900.0,2020.0,1790.0,1980.0,68967.49106095,128216938.5335441
2020-09-07 09:00:00,1980.0,2005.0,1805.0,1970.0,35672.3997158,67455927.1748248
2020-09-08 09:00:00,1970.0,2060.0,1830.0,1935.0,100577.48796964,194924174.45152965
2020-09-09 09:00:00,1935.0,2085.0,1935.0,2020.0,134824.5330163,270621952.1507298
2020-09-10 09:00:00,2015.0,2090.0,1980.0,2085.0,56184.82283857,114835174.1999806
2020-09-11 09:00:00,2085.0,2220.0,2015.0,2190.0,76562.70583905,162398255.147845
2020-09-12 09:00:00,2215.0,2255.0,2120.0,2245.0,87301.24295685,190881119.8593257
2020-09-13 09:00:00,2245.0,2275.0,2040.0,2115.0,104558.12527206,224108272.77551335
2020-09-14 09:00:00,2115.0,2215.0,2055.0,2185.0,60385.11146111,128576522.3643138
2020-09-15 09:00:00,2185.0,2230.0,2040.0,2175.0,65460.92837797,140245802.91406316
2020-09-16 09:00:00,2170.0,2250.0,2005.0,2135.0,79004.23030753,164320114.70508286
2020-09-17 09:00:00,2130.0,2310.0,1995.0,2305.0,124041.63523828,267186354.8730365
2020-09-18 09:00:00,2305.0,2465.0,2220.0,2355.0,174779.60044184,408897404.4039477
2020-09-19 09:00:00,2355.0,2365.0,2135.0,2205.0,47392.77560493,106043176.71183775
2020-09-20 09:00:00,2205.0,2230.0,1990.0,2060.0,59202.73824567,124103617.14197175
2020-09-21 09:00:00,2060.0,2105.0,1855.0,1890.0,77659.18655764,152778163.3444928
2020-09-22 09:00:00,1890.0,2295.0,1840.0,1950.0,534678.83248244,1102395207.4308298
2020-09-23 09:00:00,1945.0,2115.0,1845.0,1855.0,142377.5386689,273249721.0644066
2020-09-24 09:00:00,1855.0,1990.0,1840.0,1935.0,143936.1683108,275440941.3875663
2020-09-25 09:00:00,1940.0,2020.0,1875.0,1945.0,120567.04725073,235213409.0811004
2020-09-26 09:00:00,1950.0,2000.0,1920.0,1955.0,76219.07933313,149353112.10562104
2020-09-27 09:00:00,1955.0,1975.0,1890.0,1940.0,47661.20211045,91678634.21321525
2020-09-28 09:00:00,1945.0,1960.0,1890.0,1890.0,48929.69376385,94112778.9012076
2020-09-29 09:00:00,1890.0,1985.0,1850.0,1870.0,67297.90226441,126978297.4953757
2020-09-30 09:00:00,1870.0,1880.0,1815.0,1860.0,43440.55793694,80163470.3214755
2020-10-01 09:00:00,1865.0,1965.0,1820.0,1875.0,267848.4675998,512393112.2448962
2020-10-02 09:00:00,1875.0,1965.0,1750.0,1825.0,193197.70822836,361946438.1679847
2020-10-03 09:00:00,1825.0,1835.0,1765.0,1825.0,25369.23105396,45641311.72820525
2020-10-04 09:00:00,1800.0,1870.0,1775.0,1785.0,90507.29271772,164938795.5966191
2020-10-05 09:00:00,1795.0,1800.0,1745.0,1755.0,23758.70142774,41866050.98901455
2020-10-06 09:00:00,1750.0,1780.0,1650.0,1650.0,57195.88992728,98137044.3780007
2020-10-07 09:00:00,1650.0,1690.0,1590.0,1645.0,33894.00312963,54825745.25749085
2020-10-08 09:00:00,1645.0,1700.0,1615.0,1695.0,57294.54420589,94431837.94398116
2020-10-09 09:00:00,1695.0,1810.0,1655.0,1810.0,90460.93900701,156186163.2381128
2020-10-10 09:00:00,1815.0,1915.0,1775.0,1845.0,154253.18713922,283471563.6088664
2020-10-11 09:00:00,1850.0,1950.0,1750.0,1780.0,346583.04861564,643634845.0158186
2020-10-12 09:00:00,1780.0,1795.0,1745.0,1765.0,71963.84747576,127252804.6592183
2020-10-13 09:00:00,1770.0,1775.0,1735.0,1770.0,39103.0869654,68646316.2943049
2020-10-14 09:00:00,1770.0,1855.0,1760.0,1795.0,282863.66572754,509718346.8098475
2020-10-15 09:00:00,1785.0,1795.0,1720.0,1735.0,58776.28531927,102567663.53724645
2020-10-16 09:00:00,1745.0,1780.0,1675.0,1695.0,72298.19066816,124055975.65096325
2020-10-17 09:00:00,1695.0,1795.0,1620.0,1785.0,33328.76624173,57067136.1424342
2020-10-18 09:00:00,1785.0,1785.0,1715.0,1725.0,10334.96145564,17970393.2751129
2020-10-19 09:00:00,1725.0,1725.0,1660.0,1710.0,24398.2377723,41384403.87391065
2020-10-20 09:00:00,1710.0,1755.0,1620.0,1640.0,79595.75399664,135058982.5273089
2020-10-21 09:00:00,1635.0,1715.0,1635.0,1650.0,39648.96183754,65949342.1952787
2020-10-22 09:00:00,1650.0,1765.0,1650.0,1675.0,89483.53169744,153252328.86007926
2020-10-23 09:00:00,1675.0,1730.0,1665.0,1715.0,37389.26298768,63477891.9686493
2020-10-24 09:00:00,1715.0,1740.0,1655.0,1700.0,47065.22717231,80079684.1880009
2020-10-25 09:00:00,1690.0,1700.0,1640.0,1655.0,74650.78332449,124639623.0049134
2020-10-26 09:00:00,1650.0,1710.0,1615.0,1635.0,63831.2862945,106162839.819106
2020-10-27 09:00:00,1635.0,1755.0,1605.0,1620.0,157726.76092001,266580457.93479586
2020-10-28 09:00:00,1620.0,1635.0,1500.0,1535.0,62604.18400294,97758882.12113775
2020-10-29 09:00:00,1535.0,1545.0,1455.0,1465.0,34492.3780568,51621186.4249368
2020-10-30 09:00:00,1470.0,1515.0,1345.0,1380.0,58371.95002551,81238338.21930365
2020-10-31 09:00:00,1390.0,1465.0,1370.0,1380.0,86407.97486918,121877168.9036967
2020-11-01 09:00:00,1390.0,1395.0,1350.0,1375.0,14088.03253776,19282298.01604555
2020-11-02 09:00:00,1390.0,1420.0,1335.0,1395.0,34648.06602278,47754001.37023615
2020-11-03 09:00:00,1405.0,1405.0,1295.0,1330.0,41662.38352772,55331314.69912685
2020-11-04 09:00:00,1330.0,1335.0,1245.0,1300.0,58302.02618766,75145632.36318885
2020-11-05 09:00:00,1295.0,1360.0,1245.0,1325.0,50737.29822932,65758098.70867555
2020-11-06 09:00:00,1335.0,1470.0,1315.0,1465.0,144229.30912426,201644683.07797
2020-11-07 09:00:00,1455.0,1505.0,1340.0,1380.0,84891.15726963,122764926.95140855
2020-11-08 09:00:00,1380.0,1600.0,1380.0,1455.0,417279.85310572,616205694.4615822
2020-11-09 09:00:00,1450.0,1725.0,1430.0,1655.0,884211.86082903,1409177604.9896479
2020-11-10 09:00:00,1660.0,1730.0,1530.0,1565.0,579909.60042872,918362120.8576026
2020-11-11 09:00:00,1565.0,1570.0,1505.0,1510.0,111330.27242666,170322582.0363511
2020-11-12 09:00:00,1520.0,1605.0,1420.0,1430.0,195384.5270657,295229437.7779108
2020-11-13 09:00:00,1440.0,1570.0,1410.0,1505.0,211351.70461799,313684100.8781952
2020-11-14 09:00:00,1505.0,1505.0,1460.0,1490.0,31249.50106046,46130141.5559696
2020-11-15 09:00:00,1490.0,1645.0,1410.0,1455.0,576232.53992775,893470533.5880355
2020-11-16 09:00:00,1460.0,1570.0,1420.0,1470.0,301732.21745954,450430620.05723155
2020-11-17 09:00:00,1480.0,1540.0,1450.0,1475.0,109439.07100215,162890742.0523597
2020-11-18 09:00:00,1480.0,1600.0,1375.0,1515.0,715345.13362109,1082984735.3282144
2020-11-19 09:00:00,1515.0,1555.0,1445.0,1475.0,337105.67465221,503998213.39215326
2020-11-20 09:00:00,1475.0,1540.0,1450.0,1505.0,299519.3019604,445738694.6510058
2020-11-21 09:00:00,1505.0,1550.0,1470.0,1520.0,368278.11292647,556802612.1839875
2020-11-22 09:00:00,1520.0,1630.0,1460.0,1520.0,606737.04307598,933869505.8829246
2020-11-23 09:00:00,1520.0,1585.0,1485.0,1575.0,719493.68023729,1093001554.504069
2020-11-24 09:00:00,1570.0,1795.0,1510.0,1730.0,1955716.31363766,3246827928.4757524
2020-11-25 09:00:00,1730.0,2445.0,1655.0,2285.0,3493121.23149015,7007302029.07164
2020-11-26 09:00:00,2300.0,2350.0,1525.0,1680.0,1799905.21639679,3269767723.085927
2020-11-27 09:00:00,1680.0,1965.0,1525.0,1680.0,877932.72079484,1491945181.5783026
2020-11-28 09:00:00,1680.0,1890.0,1595.0,1780.0,770525.11299078,1364418441.2143135
2020-11-29 09:00:00,1780.0,1840.0,1700.0,1765.0,344362.79324232,604711637.7681185
2020-11-30 09:00:00,1760.0,1775.0,1665.0,1735.0,209013.24709011,357185974.24504924
2020-12-01 09:00:00,1735.0,2600.0,1625.0,1900.0,3330938.48237504,6666850845.053525
2020-12-02 09:00:00,1900.0,2470.0,1820.0,2030.0,2794214.48882214,5742003080.883856
2020-12-03 09:00:00,2030.0,2260.0,1920.0,2005.0,1389879.47018283,2878658428.6048474
2020-12-04 09:00:00,1990.0,2000.0,1780.0,1810.0,297965.22242423,557674869.9698871
2020-12-05 09:00:00,1795.0,2100.0,1740.0,1920.0,1131971.39717676,2139771803.223415
2020-12-06 09:00:00,1910.0,1980.0,1835.0,1885.0,207138.12135268,393346208.5560557
2020-12-07 09:00:00,1885.0,1885.0,1805.0,1860.0,171960.6777182,315082067.38098234
2020-12-08 09:00:00,1845.0,1940.0,1710.0,1755.0,444322.81823871,816970440.9692429
2020-12-09 09:00:00,1755.0,1795.0,1625.0,1790.0,138332.46671251,235757129.9261802
2020-12-10 09:00:00,1790.0,1790.0,1660.0,1700.0,121291.92832817,209100601.88273305
2020-12-11 09:00:00,1720.0,1880.0,1610.0,1630.0,340651.64116596,590951533.8017825
2020-12-12 09:00:00,1630.0,1785.0,1605.0,1740.0,443278.92657507,751916048.5362855
2020-12-13 09:00:00,1740.0,1770.0,1680.0,1745.0,293945.52923872,509048503.6685642
2020-12-14 09:00:00,1735.0,1740.0,1695.0,1735.0,113005.02298095,193748550.7068211
2020-12-15 09:00:00,1735.0,1740.0,1685.0,1710.0,88209.13242098,151303208.169671
2020-12-16 09:00:00,1715.0,1760.0,1655.0,1750.0,197320.80101874,336833913.995244
2020-12-17 09:00:00,1755.0,1770.0,1690.0,1735.0,245274.46727794,424174977.95514244
2020-12-18 09:00:00,1735.0,1990.0,1690.0,1845.0,942046.49680353,1692043107.7094576
2020-12-19 09:00:00,1845.0,2035.0,1820.0,1940.0,724371.55102832,1389935930.1147282
2020-12-20 09:00:00,1940.0,2440.0,1875.0,1960.0,3468497.81678023,7162137906.783334
2020-12-21 09:00:00,1950.0,2050.0,1765.0,1880.0,523436.56787156,985458652.9076483
2020-12-22 09:00:00,1885.0,2020.0,1755.0,1890.0,456706.8422277,851250829.3197945
2020-12-23 09:00:00,1900.0,1900.0,1620.0,1670.0,246078.97562062,429520456.2462173
2020-12-24 09:00:00,1670.0,1785.0,1575.0,1785.0,199144.51063919,334062404.14581895
2020-12-25 09:00:00,1785.0,1790.0,1670.0,1715.0,113711.87514021,198339964.2836933
2020-12-26 09:00:00,1715.0,1805.0,1645.0,1735.0,266797.60747818,463936745.7342605
2020-12-27 09:00:00,1725.0,1795.0,1650.0,1715.0,407770.22089066,703679083.9196833
2020-12-28 09:00:00,1710.0,1800.0,1680.0,1790.0,268615.82720466,466645716.4924943
2020-12-29 09:00:00,1785.0,1785.0,1595.0,1715.0,291938.13376459,489311611.2325191
2020-12-30 09:00:00,1715.0,1815.0,1620.0,1675.0,770806.23036811,1332906332.8512855
2020-12-31 09:00:00,1675.0,1800.0,1605.0,1685.0,1238629.93806145,2116748762.237138
2021-01-01 09:00:00,1680.0,1740.0,1670.0,1720.0,249445.76233798,423659516.5501074
2021-01-02 09:00:00,1715.0,1775.0,1655.0,1705.0,593941.44156902,1020812497.1654694
2021-01-03 09:00:00,1705.0,1765.0,1650.0,1760.0,651793.12900725,1106004890.9753184
2021-01-04 09:00:00,1750.0,1790.0,1640.0,1710.0,820124.49596807,1409983636.3113227
2021-01-05 09:00:00,1720.0,1730.0,1635.0,1715.0,342888.73608972,577635506.1204396
2021-01-06 09:00:00,1715.0,1880.0,1675.0,1800.0,926056.56850372,1644959235.1692863
2021-01-07 09:00:00,1805.0,1965.0,1730.0,1890.0,878198.51004171,1626010649.2089021
2021-01-08 09:00:00,1890.0,2000.0,1745.0,1995.0,670445.37751488,1262070128.7357337
2021-01-09 09:00:00,1995.0,2190.0,1885.0,2095.0,1018373.60611134,2075973710.4230797
2021-01-10 09:00:00,2100.0,2345.0,1760.0,2175.0,1601255.24232632,3393340796.2860603
2021-01-11 09:00:00,2200.0,2370.0,1750.0,2005.0,1325199.8383173,2695739767.871542
2021-01-12 09:00:00,1995.0,2005.0,1800.0,1890.0,480027.31291078,911030571.6381097
2021-01-13 09:00:00,1915.0,1945.0,1810.0,1915.0,210811.76497304,396369602.1671189
2021-01-14 09:00:00,1910.0,2000.0,1870.0,1975.0,280682.12972179,544873032.6543376
2021-01-15 09:00:00,1975.0,2000.0,1815.0,1940.0,439201.9034277,842595100.729175
2021-01-16 09:00:00,1935.0,2050.0,1885.0,2040.0,422291.43644847,829228414.9649692
2021-01-17 09:00:00,2045.0,2525.0,1895.0,1985.0,1865562.66131486,4032315779.015116
2021-01-18 09:00:00,1985.0,2425.0,1945.0,2260.0,2563777.73413599,5409981909.48333
2021-01-19 09:00:00,2265.0,2265.0,2080.0,2125.0,482181.13136359,1034702238.9558452
2021-01-20 09:00:00,2130.0,2250.0,1965.0,2115.0,587410.05732513,1236961281.9069757
2021-01-21 09:00:00,2120.0,2170.0,1885.0,1895.0,373932.772803,754539326.5457312
2021-01-22 09:00:00,1895.0,2000.0,1680.0,1975.0,340376.90967417,629139909.9117626
2021-01-23 09:00:00,1975.0,1995.0,1885.0,1960.0,187176.90637209,362694587.7398215
2021-01-24 09:00:00,1960.0,2470.0,1930.0,2115.0,7020228.45345279,15283186960.623598
2021-01-25 09:00:00,2105.0,2120.0,2025.0,2075.0,401927.13019991,830525891.8619294
2021-01-26 09:00:00,2075.0,2080.0,1940.0,2015.0,194360.703164,388452079.1937299
2021-01-27 09:00:00,2015.0,2020.0,1805.0,1915.0,291463.98670237,553320894.2586565
2021-01-28 09:00:00,1915.0,2035.0,1875.0,2030.0,243232.66057187,477337126.8361771
2021-01-29 09:00:00,2035.0,2180.0,1985.0,2060.0,1096915.97875338,2271670744.2394667
2021-01-30 09:00:00,2060.0,2110.0,1960.0,2015.0,181974.13008172,368855510.4584931
2021-01-31 09:00:00,2015.0,2255.0,1970.0,2175.0,560464.89578671,1177281656.660676
2021-02-01 09:00:00,2175.0,2240.0,1995.0,2075.0,327735.17746801,685931421.8626275
2021-02-02 09:00:00,2075.0,2105.0,2020.0,2090.0,153789.04101485,316420060.19465315
2021-02-03 09:00:00,2085.0,2520.0,2085.0,2265.0,3775930.9369232,8861057641.44427
2021-02-04 09:00:00,2265.0,2455.0,2085.0,2345.0,850963.92504982,1978264772.866737
2021-02-05 09:00:00,2340.0,2500.0,2290.0,2480.0,375096.16660497,890760587.7045056
2021-02-06 09:00:00,2480.0,2670.0,2340.0,2410.0,721628.82364322,1800843459.108313
2021-02-07 09:00:00,2415.0,2500.0,2275.0,2375.0,360702.68684976,856421749.9833252
2021-02-08 09:00:00,2375.0,2500.0,2310.0,2475.0,282831.76016961,679418954.088682
2021-02-09 09:00:00,2470.0,2865.0,2430.0,2740.0,741568.80393868,1966735983.8116214
2021-02-10 09:00:00,2740.0,4280.0,2650.0,3360.0,5381344.93932651,18556898676.754974
2021-02-11 09:00:00,3385.0,4000.0,3315.0,3590.0,1810490.69971024,6549640787.303882
2021-02-12 09:00:00,3590.0,3770.0,3330.0,3770.0,552125.44577476,1976600218.2888827
2021-02-13 09:00:00,3770.0,4545.0,3465.0,4225.0,1476664.45120851,5874912021.630415
2021-02-14 09:00:00,4225.0,5200.0,4055.0,4815.0,1515076.1875711,7061603445.504854
2021-02-15 09:00:00,4885.0,5055.0,3605.0,4460.0,568867.05278916,2503749802.062869
2021-02-16 09:00:00,4460.0,4850.0,4195.0,4440.0,768519.71766498,3510008210.157275
2021-02-17 09:00:00,4465.0,4585.0,4050.0,4395.0,512859.59658917,2203140836.790146
2021-02-18 09:00:00,4395.0,5165.0,4340.0,4830.0,745954.88633269,3467980861.3464646
2021-02-19 09:00:00,4835.0,5990.0,4625.0,5405.0,2911783.84099163,15377380424.931664
2021-02-20 09:00:00,5400.0,5880.0,4910.0,5325.0,1069689.54623955,5882515111.036609
2021-02-21 09:00:00,5495.0,37000.0,5390.0,11270.0,59310208.54318782,979229115546.9408
2021-02-22 09:00:00,11270.0,11670.0,8500.0,9535.0,7836684.08900058,76913679715.93188
2021-02-23 09:00:00,9535.0,9935.0,6300.0,7545.0,3214542.81357809,26158738783.994102
2021-02-24 09:00:00,7490.0,19650.0,7470.0,13820.0,79812896.06795155,1073497791716.108
2021-02-25 09:00:00,13800.0,18800.0,13200.0,14330.0,42630245.05165365,700357869335.6315
2021-02-26 09:00:00,14330.0,16600.0,12280.0,13630.0,10756073.79671997,152860712251.417
2021-02-27 09:00:00,13630.0,13700.0,11000.0,11830.0,2707619.08210652,32982120991.997173
2021-02-28 09:00:00,11830.0,15190.0,9725.0,13600.0,9367434.96993207,116519956545.66971
2021-03-01 09:00:00,13600.0,14660.0,11680.0,13860.0,12203625.38209034,157934367631.09747
2021-03-02 09:00:00,13890.0,14200.0,12800.0,13200.0,3987752.90159565,52908416295.81773
2021-03-03 09:00:00,13210.0,14100.0,12500.0,13200.0,4784028.74208301,62253498347.868324
2021-03-04 09:00:00,13200.0,13690.0,12370.0,12700.0,3222352.33932485,41555612645.75569
2021-03-05 09:00:00,12710.0,16980.0,12450.0,14600.0,18255682.66744154,263081998522.95676
2021-03-06 09:00:00,14600.0,16390.0,13500.0,14900.0,8177239.99061339,125479361759.04681
2021-03-07 09:00:00,14900.0,14910.0,13930.0,14460.0,1537322.5805936,21884047916.72711
2021-03-08 09:00:00,14460.0,15270.0,13500.0,14250.0,1747884.67392724,24808684011.588287
2021-03-09 09:00:00,14250.0,14820.0,13740.0,14760.0,1718461.51100881,24389530953.43788
2021-03-10 09:00:00,14740.0,15920.0,13540.0,15670.0,3639684.52795685,54012126139.672646
2021-03-11 09:00:00,15680.0,16210.0,14000.0,15480.0,4516398.28585723,67698133469.921715
2021-03-12 09:00:00,15510.0,15590.0,14310.0,15110.0,2659502.78589986,39780885288.69317
2021-03-13 09:00:00,15130.0,15630.0,14100.0,15470.0,2800511.11626366,41078497216.8738
2021-03-14 09:00:00,15470.0,15560.0,14120.0,14600.0,2580333.89162254,38115933397.86875
2021-03-15 09:00:00,14600.0,15390.0,12610.0,13960.0,2667556.99445468,38080688918.48581
2021-03-16 09:00:00,13960.0,14050.0,12900.0,13570.0,1270764.6936038,16954971300.866419
2021-03-17 09:00:00,13560.0,15100.0,11900.0,14080.0,3848676.43211672,53570156715.55175
2021-03-18 09:00:00,14080.0,14900.0,13620.0,13900.0,1798726.95534153,25299344923.326717
2021-03-19 09:00:00,13900.0,14320.0,13550.0,14060.0,1363860.27106656,19017173374.561394
2021-03-20 09:00:00,14070.0,14560.0,13000.0,13400.0,2074829.4438554,29188045698.04612
2021-03-21 09:00:00,13390.0,15250.0,12910.0,14050.0,3344794.40034817,47105053285.692406
2021-03-22 09:00:00,14040.0,18200.0,13500.0,14810.0,14452008.44285212,231914747656.06757
2021-03-23 09:00:00,14810.0,17080.0,13930.0,15880.0,5315650.17481232,81730522661.40271
2021-03-24 09:00:00,15870.0,15870.0,13790.0,14300.0,2113175.39940927,31582731380.384525
2021-03-25 09:00:00,14300.0,14730.0,12900.0,13580.0,1252441.07006178,16981838340.224178
2021-03-26 09:00:00,13550.0,13970.0,13360.0,13960.0,1004710.48363803,13800905309.887371
2021-03-27 09:00:00,13960.0,16020.0,13870.0,14870.0,6460827.7004577,96493084836.46149
2021-03-28 09:00:00,14870.0,15080.0,14270.0,15000.0,1461170.45460259,21435341623.928066
2021-03-29 09:00:00,15010.0,16200.0,14600.0,16020.0,1954487.08117409,29817515392.56704
2021-03-30 09:00:00,16100.0,17600.0,15440.0,17050.0,3517442.19392745,57940210382.325226
2021-03-31 09:00:00,17050.0,19410.0,15530.0,19280.0,5186606.68228181,91127076932.86603
2021-04-01 09:00:00,19270.0,22850.0,18070.0,18450.0,5041105.22151782,100324279430.81487
2021-04-02 09:00:00,18450.0,22000.0,17050.0,19730.0,5074437.35567976,95850833343.31194
2021-04-03 09:00:00,19710.0,22450.0,17200.0,18070.0,6280492.63111786,128361078331.35078
2021-04-04 09:00:00,18070.0,21550.0,17320.0,19800.0,4018257.09777388,78379926826.23987
2021-04-05 09:00:00,19790.0,19890.0,18060.0,19030.0,1948166.75439417,37068018369.015816
2021-04-06 09:00:00,19030.0,19310.0,16900.0,18020.0,1686451.81530594,30327604793.42907
2021-04-07 09:00:00,17990.0,20510.0,12810.0,15450.0,4189565.41897189,72618369631.2659
2021-04-08 09:00:00,15450.0,17210.0,14420.0,17080.0,1584263.19092026,25638725199.537457
2021-04-09 09:00:00,17070.0,20680.0,16390.0,18670.0,4589664.4838586,85143359004.09508
2021-04-10 09:00:00,18670.0,20170.0,17600.0,18980.0,2583465.13292374,48909440790.262924
2021-04-11 09:00:00,18970.0,19790.0,16000.0,18530.0,2473207.87344053,45429356080.46443
2021-04-12 09:00:00,18520.0,18540.0,17440.0,17940.0,943282.12550623,16815059485.920593
2021-04-13 09:00:00,17930.0,18380.0,16800.0,17470.0,1037634.14390777,18098848656.05751
2021-04-14 09:00:00,17490.0,17970.0,15830.0,16780.0,1340473.7456904,22494455468.08027
2021-04-15 09:00:00,16950.0,18200.0,16300.0,17840.0,1501304.86468654,25736323381.80671
2021-04-16 09:00:00,17850.0,30330.0,17480.0,23420.0,55430337.93173291,1364059673647.5205
2021-04-17 09:00:00,23420.0,27610.0,20270.0,22690.0,12560755.1218089,302011005320.76324
2021-04-18 09:00:00,22690.0,28450.0,21550.0,26880.0,23098809.38928551,578846437304.8221
2021-04-19 09:00:00,26890.0,28080.0,21830.0,22920.0,5691926.5094628,143232181662.12677
2021-04-20 09:00:00,22910.0,23050.0,18000.0,21130.0,4719609.85150632,96280402633.17648
2021-04-21 09:00:00,21070.0,21740.0,19180.0,19920.0,1896015.63230459,38080817710.82726
2021-04-22 09:00:00,19930.0,19980.0,13560.0,15420.0,3097503.20450176,54222565071.70657
2021-04-23 09:00:00,15450.0,15920.0,10110.0,14810.0,2519451.95619583,33227489741.371956
2021-04-24 09:00:00,14770.0,15330.0,13110.0,13930.0,1652617.46639026,23576045182.146507
2021-04-25 09:00:00,13930.0,16510.0,13060.0,14380.0,5247956.94721695,79207101295.95557
2021-04-26 09:00:00,14380.0,19700.0,13840.0,17240.0,13686639.5998714,237363916442.8544
2021-04-27 09:00:00,17240.0,20240.0,16620.0,18460.0,8109182.79637815,151458050388.29108
2021-04-28 09:00:00,18440.0,18820.0,15840.0,17450.0,2137097.61869375,37339425365.951164
2021-04-29 09:00:00,17450.0,18500.0,16460.0,17570.0,2286594.25125745,40045291116.12606
2021-04-30 09:00:00,17570.0,19300.0,17550.0,18320.0,5047398.6333387,91616489365.69136
2021-05-01 09:00:00,18320.0,18800.0,17680.0,18490.0,1926749.49475314,35072921241.39492
2021-05-02 09:00:00,18460.0,21600.0,18230.0,19760.0,12087430.6729065,241559407343.9175
2021-05-03 09:00:00,19760.0,21290.0,19390.0,20050.0,6528456.40462372,133195381532.8103
2021-05-04 09:00:00,20070.0,20170.0,17770.0,18120.0,1833141.06748814,34628128139.5562
2021-05-05 09:00:00,18120.0,19630.0,17890.0,19140.0,2950463.10461726,55061878095.29102
2021-05-06 09:00:00,19140.0,20450.0,18290.0,20440.0,3270290.60767002,63282570646.04437
2021-05-07 09:00:00,20440.0,22470.0,18410.0,19520.0,4218217.3281553,85979476157.20334
2021-05-08 09:00:00,19520.0,20410.0,18500.0,19110.0,1358757.25665772,25996220968.00521
2021-05-09 09:00:00,19120.0,19470.0,17780.0,18660.0,1225431.78060676,22894279085.054173
2021-05-10 09:00:00,18660.0,19090.0,17020.0,17260.0,1053934.54489825,19360593039.445335
2021-05-11 09:00:00,17240.0,18260.0,16280.0,18150.0,1247155.58825903,21717666527.137493
2021-05-12 09:00:00,18150.0,18570.0,14350.0,14490.0,1093244.34805362,18853026971.484005
2021-05-13 09:00:00,14490.0,18750.0,13240.0,15690.0,3116436.37120093,50197619008.3277
2021-05-14 09:00:00,15690.0,18300.0,15650.0,16760.0,2805345.0537237,46524351706.892494
2021-05-15 09:00:00,16760.0,17090.0,15050.0,15490.0,749564.00297793,12018560726.158173
2021-05-16 09:00:00,15490.0,15970.0,14530.0,15330.0,704587.42214951,10870639009.821203
2021-05-17 09:00:00,15330.0,15970.0,12650.0,14010.0,1059359.97466569,14826612694.24942
2021-05-18 09:00:00,14010.0,17060.0,13520.0,14760.0,2694325.17290571,40599303253.2633
2021-05-19 09:00:00,14730.0,15820.0,7590.0,11350.0,5224179.40749596,72142777611.8271
2021-05-20 09:00:00,11350.0,24980.0,9695.0,17550.0,26057370.39553179,383296313574.35675
2021-05-21 09:00:00,17570.0,19590.0,11410.0,12970.0,8566915.16588016,126648573550.88087
2021-05-22 09:00:00,12960.0,13000.0,10330.0,11200.0,1525731.66617477,17535347355.30572
2021-05-23 09:00:00,11200.0,12810.0,8000.0,9615.0,3042147.61324857,33808241975.30397
2021-05-24 09:00:00,9615.0,11240.0,8555.0,10900.0,3569461.77891841,35855060847.140785
2021-05-25 09:00:00,10900.0,12480.0,10040.0,11550.0,4163481.56942536,46873937999.71235
2021-05-26 09:00:00,11550.0,12500.0,10800.0,12160.0,4220683.39205877,49326797550.54459
2021-05-27 09:00:00,12130.0,12170.0,11020.0,11690.0,1128704.53534123,13033594477.738707
2021-05-28 09:00:00,11700.0,12580.0,10240.0,11100.0,5063918.85594284,59004431996.409454
2021-05-29 09:00:00,11100.0,12000.0,9945.0,10600.0,1499898.95724745,16547533925.105747
2021-05-30 09:00:00,10610.0,10760.0,9620.0,10530.0,654126.91592553,6714311242.037501
2021-05-31 09:00:00,10530.0,10570.0,9850.0,10520.0,743227.9813991,7591042788.414836
2021-06-01 09:00:00,10520.0,11590.0,10150.0,10840.0,5000303.10339637,54886631706.14073
2021-06-02 09:00:00,10830.0,11250.0,10520.0,10930.0,2108480.7953919,22829542311.91775
2021-06-03 09:00:00,10920.0,12980.0,10920.0,11710.0,15356599.1528902,185466804251.45807
2021-06-04 09:00:00,11700.0,11720.0,10310.0,10750.0,1131960.1378138,12430764634.630613
2021-06-05 09:00:00,10770.0,11110.0,10310.0,10690.0,596194.36920086,6408269395.042903
2021-06-06 09:00:00,10650.0,11700.0,10450.0,10960.0,2441776.96726918,27071560278.974525
2021-06-07 09:00:00,10960.0,11300.0,9960.0,10150.0,954052.26651334,10313497543.905315
2021-06-08 09:00:00,10170.0,10480.0,8730.0,9740.0,756982.64650394,7284568891.870246
2021-06-09 09:00:00,9750.0,11350.0,9155.0,10790.0,3176373.59525061,32955262357.468826
2021-06-10 09:00:00,10790.0,11330.0,10100.0,10520.0,2147809.35839903,22747696171.760582
2021-06-11 09:00:00,10550.0,10790.0,9630.0,9780.0,780472.53070375,7844546731.610963
2021-06-12 09:00:00,9795.0,9810.0,8100.0,8810.0,826338.80947452,7253832231.498359
2021-06-13 09:00:00,8820.0,9485.0,8600.0,9325.0,2090302.83698585,19109666049.85984
2021-06-14 09:00:00,9325.0,9655.0,8995.0,9430.0,1094216.69965552,10124436117.041464
2021-06-15 09:00:00,9415.0,9430.0,9130.0,9275.0,405861.20085567,3762367595.509833
2021-06-16 09:00:00,9275.0,9455.0,8870.0,9120.0,484317.9180055,4416095974.981903
2021-06-17 09:00:00,9120.0,9195.0,8645.0,8875.0,337989.95524173,3025767032.8643794
2021-06-18 09:00:00,8875.0,8875.0,8030.0,8225.0,475447.00946841,3967346434.081452
2021-06-19 09:00:00,8230.0,8575.0,7800.0,8040.0,585851.83555961,4796519079.501119
2021-06-20 09:00:00,8025.0,8165.0,6830.0,7625.0,516638.93305265,3849225580.0239854
2021-06-21 09:00:00,7625.0,7670.0,5315.0,5440.0,704630.22856491,4490558761.560561
2021-06-22 09:00:00,5440.0,6200.0,4025.0,4765.0,1148612.39665407,5740548396.213341
2021-06-23 09:00:00,4765.0,5335.0,4460.0,5215.0,601338.45941874,3040273998.7305274
2021-06-24 09:00:00,5180.0,5795.0,4980.0,5785.0,743570.88431488,3988469093.6400113
2021-06-25 09:00:00,5785.0,6220.0,5200.0,5315.0,1033744.96118546,5955161188.223751
2021-06-26 09:00:00,5300.0,6920.0,5285.0,5855.0,7764851.70945373,46961817653.98139
2021-06-27 09:00:00,5845.0,5880.0,5425.0,5880.0,1004538.86990362,5656689308.729344
2021-06-28 09:00:00,5880.0,6230.0,5615.0,6230.0,1250917.51526279,7323492901.782194
2021-06-29 09:00:00,6230.0,6870.0,6090.0,6815.0,1665259.94299331,10836525962.836998
2021-06-30 09:00:00,6815.0,8655.0,6705.0,7475.0,9577557.85238125,72575465395.28018
2021-07-01 09:00:00,7470.0,7470.0,6620.0,7065.0,1025876.43054641,7154672436.182577
2021-07-02 09:00:00,7120.0,7915.0,6650.0,7185.0,2903899.37322211,20876748708.4867
2021-07-03 09:00:00,7185.0,7360.0,6855.0,7340.0,1294519.78273996,9239846883.087063
2021-07-04 09:00:00,7345.0,7545.0,7075.0,7495.0,1303315.09313953,9496474665.066488
2021-07-05 09:00:00,7495.0,7600.0,6845.0,7575.0,1528818.95774258,11180480000.073128
2021-07-06 09:00:00,7600.0,7600.0,7210.0,7540.0,1249683.47453925,9240396105.285597
2021-07-07 09:00:00,7540.0,8535.0,7360.0,7680.0,3350538.85291365,25975288303.39678
2021-07-08 09:00:00,7685.0,7685.0,6645.0,7070.0,946066.30664294,6730360710.029033
2021-07-09 09:00:00,7070.0,7095.0,6450.0,6990.0,719910.13497548,4841924651.976783
2021-07-10 09:00:00,6990.0,7235.0,6715.0,6830.0,735575.63656975,5120759631.525236
2021-07-11 09:00:00,6830.0,7355.0,6725.0,7145.0,2478909.78325841,17487865590.02289
2021-07-12 09:00:00,7145.0,7485.0,6950.0,7460.0,1897180.12341831,13659402711.522629
2021-07-13 09:00:00,7470.0,10920.0,7150.0,10890.0,45696458.82515233,410950988091.80566
2021-07-14 09:00:00,10780.0,11630.0,8550.0,8735.0,18650988.58245383,169828200465.20346
2021-07-15 09:00:00,8755.0,9340.0,8020.0,8245.0,6406562.28889607,54635104393.76376
2021-07-16 09:00:00,8255.0,8270.0,7300.0,7415.0,3202643.97404845,24850229923.60763
2021-07-17 09:00:00,7440.0,7910.0,6905.0,7250.0,1698562.67251042,12517462365.88937
2021-07-18 09:00:00,7250.0,7670.0,7095.0,7300.0,1355929.74199131,9922894761.075796
2021-07-19 09:00:00,7320.0,7340.0,6545.0,6790.0,747625.96228939,5145179619.07887
2021-07-20 09:00:00,6800.0,6810.0,4000.0,6170.0,1866529.75803147,11189827277.712288
2021-07-21 09:00:00,6170.0,6905.0,5815.0,6710.0,2431905.26100729,15707189848.065823
2021-07-22 09:00:00,6715.0,6940.0,6500.0,6880.0,1176640.20594485,7939748188.836635
2021-07-23 09:00:00,6875.0,6965.0,6670.0,6940.0,859723.79629916,5866019428.977506
2021-07-24 09:00:00,6940.0,8445.0,6755.0,7740.0,16018886.54364624,125114507982.27217
2021-07-25 09:00:00,7740.0,7940.0,7230.0,7650.0,2443652.19690723,18396116900.652687
2021-07-26 09:00:00,7645.0,12070.0,7530.0,9435.0,64939458.90392021,655376838789.1772
2021-07-27 09:00:00,9435.0,10300.0,7895.0,9300.0,21026598.39236997,194599373673.89844
2021-07-28 09:00:00,9300.0,11270.0,9150.0,9770.0,23092605.47151165,233531378002.0519
2021-07-29 09:00:00,9770.0,9865.0,9055.0,9405.0,3843374.13652873,36070892991.276985
2021-07-30 09:00:00,9410.0,10150.0,8625.0,9745.0,6300244.37160357,60064190622.235756
2021-07-31 09:00:00,9730.0,10350.0,9400.0,10120.0,4575051.87716782,44651326427.36222
2021-08-01 09:00:00,10120.0,10170.0,9330.0,9405.0,2026581.95887219,19698351569.62147
2021-08-02 09:00:00,9405.0,9940.0,9015.0,9525.0,3193346.37107515,30608112306.90931
2021-08-03 09:00:00,9510.0,9590.0,9020.0,9265.0,1107549.58599531,10293619289.443933
2021-08-04 09:00:00,9285.0,9985.0,9200.0,9580.0,4319595.47688839,41139901869.94662
2021-08-05 09:00:00,9580.0,9600.0,9250.0,9585.0,1278018.51471376,12013429841.968061
2021-08-06 09:00:00,9585.0,9785.0,9350.0,9675.0,1378546.12275226,13150949173.133144
2021-08-07 09:00:00,9705.0,10450.0,9650.0,9995.0,5230470.37326979,52323718140.08464
2021-08-08 09:00:00,9990.0,12700.0,9990.0,10650.0,30007758.20586684,340560452627.8205
2021-08-09 09:00:00,10670.0,10900.0,9900.0,10650.0,3716519.18472584,38185562244.47438
2021-08-10 09:00:00,10640.0,10980.0,10340.0,10620.0,2645927.09405601,27820374173.26729
2021-08-11 09:00:00,10620.0,10920.0,10350.0,10800.0,3603436.53360545,38490835207.11423
2021-08-12 09:00:00,10800.0,11250.0,10170.0,10920.0,4137930.56105529,44700846430.534706
2021-08-13 09:00:00,10920.0,11580.0,10540.0,11500.0,4228936.26090494,46992702878.56812
2021-08-14 09:00:00,11510.0,13680.0,11470.0,11990.0,17457622.03004175,220638640413.28934
2021-08-15 09:00:00,11990.0,12170.0,11370.0,12030.0,1956059.65472413,23068046960.570164
2021-08-16 09:00:00,12030.0,12570.0,11580.0,11700.0,2608310.44527767,31402656179.28775
2021-08-17 09:00:00,11700.0,11890.0,11000.0,11100.0,1451450.97590381,16765334574.633266
2021-08-18 09:00:00,11100.0,11560.0,10490.0,11400.0,2282997.91369512,25465048308.597084
2021-08-19 09:00:00,11400.0,11780.0,10860.0,11670.0,1857521.77517262,21040141586.80185
2021-08-20 09:00:00,11680.0,12000.0,11380.0,11970.0,1689918.59658111,19775089036.46459
2021-08-21 09:00:00,11970.0,12470.0,11690.0,12020.0,2836383.25217085,33970185181.884617
2021-08-22 09:00:00,12020.0,12070.0,11440.0,11810.0,1305767.59440892,15460589625.83322
2021-08-23 09:00:00,11820.0,12550.0,11580.0,12400.0,3280059.33499421,39691762985.27687
2021-08-24 09:00:00,12440.0,15100.0,11870.0,12010.0,25006986.77841617,339452724216.70953
2021-08-25 09:00:00,12010.0,12210.0,11080.0,12170.0,2091485.01950017,24329285505.098274
2021-08-26 09:00:00,12180.0,14180.0,11340.0,11660.0,5423611.43464241,68050587432.36789
2021-08-27 09:00:00,11660.0,12350.0,11050.0,12310.0,1620260.8764637,18867787283.97674
2021-08-28 09:00:00,12300.0,12670.0,11920.0,12380.0,2358408.61751485,28816325925.924526
2021-08-29 09:00:00,12380.0,12380.0,11770.0,12120.0,1352242.27011138,16229418698.179201
2021-08-30 09:00:00,12140.0,12160.0,11720.0,11880.0,777475.58671077,9210885656.269604
2021-08-31 09:00:00,11820.0,12290.0,11670.0,11990.0,3019240.48278162,36155950213.61866
2021-09-01 09:00:00,11980.0,12300.0,11580.0,12270.0,1280075.69272548,15297440051.986105
2021-09-02 09:00:00,12270.0,12500.0,12040.0,12440.0,1491466.11498605,18309767833.010033
2021-09-03 09:00:00,12440.0,13110.0,12050.0,12970.0,3530349.03422786,44362518860.99506
2021-09-04 09:00:00,12970.0,13590.0,12650.0,13560.0,3210228.83016419,42068617567.51654
2021-09-05 09:00:00,13560.0,14960.0,12660.0,14340.0,7452399.00040511,104193305447.81697
2021-09-06 09:00:00,14340.0,14360.0,13390.0,14190.0,2821017.22442767,39053538601.80386
2021-09-07 09:00:00,14180.0,14240.0,10800.0,11950.0,2385092.88297156,30755787345.41057
2021-09-08 09:00:00,11950.0,12390.0,10140.0,11870.0,1640848.9280003,18617149721.89556
2021-09-09 09:00:00,11870.0,12350.0,11430.0,12230.0,1219715.8710666,14541798032.067608
2021-09-10 09:00:00,12240.0,12560.0,11140.0,11680.0,1126702.68047406,13462727326.759338
2021-09-11 09:00:00,11680.0,12290.0,11200.0,12000.0,817181.76090459,9588476940.113712
2021-09-12 09:00:00,12000.0,12110.0,11500.0,12060.0,699736.76156721,8277878811.472532
2021-09-13 09:00:00,12070.0,12100.0,11100.0,11570.0,738395.23118323,8528159488.737242
2021-09-14 09:00:00,11560.0,13230.0,11410.0,12250.0,13188421.31209416,163784292142.26874
2021-09-15 09:00:00,12260.0,12320.0,11800.0,12060.0,1249947.45132486,14979205449.392963
2021-09-16 09:00:00,12080.0,12110.0,11580.0,11790.0,657510.42964861,7771664542.4223
2021-09-17 09:00:00,11800.0,12250.0,11590.0,11930.0,1245797.4824369,14786965090.490997
2021-09-18 09:00:00,11930.0,11940.0,11730.0,11870.0,473227.25856498,5601139871.135836
2021-09-19 09:00:00,11880.0,11880.0,11500.0,11620.0,346020.03862058,4049158871.663567
2021-09-20 09:00:00,11620.0,12200.0,9850.0,10030.0,1863191.99915623,20931332287.14433
2021-09-21 09:00:00,10030.0,10600.0,9000.0,9170.0,1086350.36822233,10686666722.382877
2021-09-22 09:00:00,9125.0,10270.0,8685.0,10230.0,805766.69823237,7648147737.396513
2021-09-23 09:00:00,10220.0,10450.0,9650.0,10340.0,677746.51961727,6873845343.221864
2021-09-24 09:00:00,10310.0,10850.0,9270.0,10040.0,2763784.73291659,28393152379.538315
2021-09-25 09:00:00,10050.0,10050.0,9435.0,9920.0,426809.14141605,4167406963.1438546
2021-09-26 09:00:00,9920.0,10550.0,9250.0,9650.0,2927437.31875216,29548222194.8175
2021-09-27 09:00:00,9635.0,9710.0,9300.0,9340.0,396391.37708325,3759534690.2534876
2021-09-28 09:00:00,9365.0,10150.0,9000.0,9015.0,3405298.65173895,32823206682.47714
2021-09-29 09:00:00,9010.0,9450.0,8715.0,9065.0,617053.90366212,5634532879.049765
2021-09-30 09:00:00,9065.0,9800.0,8975.0,9690.0,1467166.6475371,13921859024.335957
2021-10-01 09:00:00,9695.0,10400.0,9455.0,10380.0,1292375.74557693,12846349784.841112
2021-10-02 09:00:00,10380.0,10710.0,10070.0,10670.0,1134766.10850056,11840223606.852375
2021-10-03 09:00:00,10670.0,11190.0,10080.0,10700.0,2655021.0174826,28549689797.65175
2021-10-04 09:00:00,10700.0,10930.0,10040.0,10490.0,940729.82798237,9821614530.227318
2021-10-05 09:00:00,10500.0,11680.0,10500.0,10820.0,12876489.66316659,143879843199.20413
2021-10-06 09:00:00,10960.0,11600.0,10320.0,11340.0,2660736.74954341,29375555984.42442
2021-10-07 09:00:00,11340.0,12400.0,11010.0,11470.0,6905150.93803426,80818135065.48009
2021-10-08 09:00:00,11470.0,12320.0,11100.0,12290.0,2385688.86593851,27871886979.34953
2021-10-09 09:00:00,12290.0,12450.0,11150.0,11740.0,2154122.24605576,25503137485.660732
2021-10-10 09:00:00,11750.0,13350.0,11420.0,12810.0,4689307.1134748,57944355775.974045
2021-10-11 09:00:00,12620.0,12810.0,11740.0,12190.0,1548796.67657997,18591010414.821606
2021-10-12 09:00:00,12180.0,12570.0,10610.0,11300.0,1909933.42651691,21754148037.85969
2021-10-13 09:00:00,11290.0,11550.0,10880.0,11530.0,873499.19481642,9816175620.299366
2021-10-14 09:00:00,11530.0,11580.0,11240.0,11550.0,572522.08098173,6524252841.5518875
2021-10-15 09:00:00,11550.0,11550.0,10400.0,10860.0,1024183.4070196,11158421562.011118
2021-10-16 09:00:00,10860.0,10920.0,10590.0,10800.0,416456.62414478,4478674209.228581
2021-10-17 09:00:00,10800.0,10820.0,10400.0,10630.0,266004.22729024,2821010612.8243737
2021-10-18 09:00:00,10640.0,10640.0,10200.0,10610.0,290655.37201954,3023625448.9757676
2021-10-19 09:00:00,10610.0,10680.0,10240.0,10570.0,280214.36424751,2922569637.660291
2021-10-20 09:00:00,10580.0,10870.0,10270.0,10860.0,524632.92631421,5526051294.423438
2021-10-21 09:00:00,10860.0,10990.0,10500.0,10620.0,546496.51664768,5868165833.389334
2021-10-22 09:00:00,10620.0,11050.0,10510.0,10920.0,675046.60895231,7296664415.933527
2021-10-23 09:00:00,10910.0,11770.0,10810.0,11130.0,3693077.03276077,41668374121.39241
2021-10-24 09:00:00,11140.0,13450.0,10970.0,11150.0,25027966.08072477,306949079659.35156
2021-10-25 09:00:00,11150.0,11250.0,10700.0,10950.0,2067582.98226238,22437888487.222332
2021-10-26 09:00:00,10930.0,10930.0,10600.0,10650.0,686600.56397968,7387144370.494042
2021-10-27 09:00:00,10660.0,10700.0,9090.0,9750.0,1304551.45614672,12895548765.255503
2021-10-28 09:00:00,9750.0,10450.0,9400.0,10300.0,654761.470695,6561195299.588152
2021-10-29 09:00:00,10290.0,10480.0,10090.0,10440.0,601906.29069865,6181922214.382108
2021-10-30 09:00:00,10450.0,10500.0,10120.0,10480.0,564499.54186725,5818825396.642803
2021-10-31 09:00:00,10480.0,10840.0,10120.0,10790.0,1175402.68478611,12336779142.765028
2021-11-01 09:00:00,10820.0,11480.0,10230.0,10660.0,1420565.90158151,15230847845.125877
2021-11-02 09:00:00,10650.0,10800.0,10410.0,10800.0,764039.06766556,8088132921.497464
2021-11-03 09:00:00,10800.0,10800.0,10190.0,10670.0,850802.60645769,8950601374.161045
2021-11-04 09:00:00,10670.0,10840.0,10480.0,10830.0,659587.84938384,7030153837.385783
2021-11-05 09:00:00,10810.0,10900.0,10550.0,10850.0,518029.65178091,5549705497.4730015
2021-11-06 09:00:00,10850.0,10850.0,10480.0,10660.0,405717.27847026,4326966784.552693
2021-11-07 09:00:00,10670.0,10750.0,10580.0,10720.0,287348.55294352,3068852955.6604238
2021-11-08 09:00:00,10740.0,11320.0,10600.0,11070.0,4248450.99878354,46535406231.9238
2021-11-09 09:00:00,11060.0,11160.0,10700.0,11070.0,1080110.98524803,11795994102.577036
2021-11-10 09:00:00,11060.0,11480.0,10510.0,10630.0,1478093.03791257,16304097850.886591
2021-11-11 09:00:00,10630.0,10730.0,10330.0,10570.0,359077.74434187,3771875427.5401692
2021-11-12 09:00:00,10580.0,11040.0,10230.0,10410.0,610298.03721954,6433898713.381693
2021-11-13 09:00:00,10410.0,10650.0,10330.0,10500.0,388674.06542012,4060893095.221128
2021-11-14 09:00:00,10490.0,10580.0,10350.0,10490.0,239805.82429018,2500884149.4588265
2021-11-15 09:00:00,10480.0,10620.0,10330.0,10570.0,471692.06847563,4935298465.120518
2021-11-16 09:00:00,10570.0,10590.0,9995.0,10320.0,587582.94696147,6022736196.3364725
2021-11-17 09:00:00,10520.0,11150.0,10040.0,10720.0,1817085.0252604,19025485572.792675
2021-11-18 09:00:00,10710.0,10940.0,9870.0,9915.0,1025366.81016667,10627058410.87871
2021-11-19 09:00:00,9920.0,10340.0,9600.0,10180.0,514946.88344541,5155256801.539264
2021-11-20 09:00:00,10210.0,10420.0,10110.0,10420.0,447120.91094689,4586449905.706742
2021-11-21 09:00:00,10410.0,10620.0,10220.0,10460.0,549327.95240836,5715534333.234082
2021-11-22 09:00:00,10470.0,10480.0,10130.0,10250.0,385987.60037602,3959919600.6349883
2021-11-23 09:00:00,10260.0,10260.0,10000.0,10230.0,348886.19726692,3537575430.731534
2021-11-24 09:00:00,10240.0,10250.0,9900.0,10100.0,423720.81683557,4255919187.1319103
2021-11-25 09:00:00,10120.0,10350.0,9935.0,10250.0,900056.39132406,9116266197.744165
2021-11-26 09:00:00,10250.0,10440.0,9780.0,9940.0,821306.41983232,8295142475.744035
2021-11-27 09:00:00,9945.0,10130.0,9865.0,10080.0,328165.63597206,3289085236.691561
2021-11-28 09:00:00,10090.0,10160.0,9755.0,9970.0,341457.63379811,3382130919.691821
2021-11-29 09:00:00,9970.0,10130.0,9870.0,10070.0,346737.88030617,3464274611.527056
2021-11-30 09:00:00,10090.0,10090.0,9840.0,9920.0,362060.65108742,3600758261.78166
2021-12-01 09:00:00,9920.0,10420.0,9855.0,9920.0,1060685.37995816,10675150997.99616
2021-12-02 09:00:00,9920.0,9920.0,9700.0,9835.0,276351.53432641,2705413147.71804
2021-12-03 09:00:00,9835.0,10190.0,9500.0,9555.0,760584.94854234,7491267217.926532
2021-12-04 09:00:00,9550.0,9700.0,6375.0,7975.0,1001914.33319142,8044970228.373979
2021-12-05 09:00:00,7980.0,8700.0,7440.0,7685.0,708320.0986233,5730063313.138557
2021-12-06 09:00:00,7700.0,8580.0,6725.0,8145.0,2902368.14365514,22588569955.05761
2021-12-07 09:00:00,8145.0,8405.0,7800.0,8215.0,508239.93430516,4126329251.0064235
2021-12-08 09:00:00,8210.0,8545.0,7860.0,8400.0,611943.93700182,5067017719.300451
2021-12-09 09:00:00,8400.0,8450.0,7815.0,7875.0,288242.37830899,2325643974.5183554
2021-12-10 09:00:00,7875.0,8300.0,7525.0,7800.0,433936.23347416,3427371293.177196
2021-12-11 09:00:00,7810.0,8390.0,7750.0,7890.0,533859.09603577,4244638468.165639
2021-12-12 09:00:00,7955.0,8075.0,7705.0,7820.0,240082.35324131,1881029481.6605673
2021-12-13 09:00:00,7840.0,7865.0,7110.0,7170.0,207624.07440335,1556073546.680538
2021-12-14 09:00:00,7175.0,7505.0,6720.0,7125.0,388226.14571406,2748738043.765633
2021-12-15 09:00:00,7115.0,7510.0,6840.0,7500.0,326177.30941676,2337241770.2067213
2021-12-16 09:00:00,7500.0,7650.0,7355.0,7550.0,228759.05306052,1714194870.9228606
2021-12-17 09:00:00,7550.0,7750.0,7165.0,7420.0,576334.87964183,4320483703.108665
2021-12-18 09:00:00,7430.0,7430.0,7170.0,7380.0,287271.63414987,2096165741.4827933
2021-12-19 09:00:00,7380.0,7390.0,7260.0,7280.0,146511.14351442,1071632479.4780225
2021-12-20 09:00:00,7275.0,7305.0,6850.0,7020.0,188432.31886311,1330319159.2982118
2021-12-21 09:00:00,7015.0,7255.0,6835.0,7135.0,322809.99403152,2296926312.108059
2021-12-22 09:00:00,7140.0,8020.0,7050.0,7290.0,2231262.86492823,16706831649.916916
2021-12-23 09:00:00,7290.0,7985.0,7285.0,7630.0,4074270.9789531,30915298908.66746
2021-12-24 09:00:00,7630.0,8375.0,7420.0,7780.0,3705743.34839268,29465921079.00443
2021-12-25 09:00:00,7775.0,8350.0,7695.0,7925.0,1775716.03437955,14142674745.90235
2021-12-26 09:00:00,7925.0,7935.0,7615.0,7860.0,498826.68384618,3874785965.269138
2021-12-27 09:00:00,7865.0,8300.0,7690.0,7940.0,2568412.70532824,20488227812.24065
2021-12-28 09:00:00,7950.0,7975.0,7175.0,7320.0,730331.04650589,5550341135.301233
2021-12-29 09:00:00,7320.0,7370.0,6950.0,7050.0,423193.29824948,3021234526.7825446
2021-12-30 09:00:00,7050.0,7335.0,6810.0,7090.0,394188.43031161,2775265040.2294207
2021-12-31 09:00:00,7090.0,7385.0,6955.0,7155.0,556072.15926562,3972553703.6552377
2022-01-01 09:00:00,7155.0,7315.0,7050.0,7270.0,368131.89639473,2640344134.666221
2022-01-02 09:00:00,7270.0,8040.0,7265.0,7570.0,7980688.19562458,60904250478.98121
2022-01-03 09:00:00,7580.0,7595.0,7265.0,7470.0,903222.97513521,6747937261.39809
2022-01-04 09:00:00,7470.0,7605.0,7090.0,7280.0,506192.46576454,3691485205.9959874
2022-01-05 09:00:00,7265.0,7385.0,6700.0,6950.0,381987.92663976,2728314984.1041765
2022-01-06 09:00:00,6950.0,7100.0,6595.0,7025.0,304241.60535978,2067050123.253806
2022-01-07 09:00:00,7025.0,7740.0,6500.0,6625.0,4541972.13610484,32704617697.23961
2022-01-08 09:00:00,6635.0,6685.0,6465.0,6575.0,353598.75288172,2324129572.74383
2022-01-09 09:00:00,6565.0,6655.0,6430.0,6590.0,347401.55450009,2257782315.335474
2022-01-10 09:00:00,6590.0,6780.0,5815.0,6245.0,720786.80199216,4605473390.002061
2022-01-11 09:00:00,6240.0,6620.0,5980.0,6415.0,908693.75114012,5719336831.019927
2022-01-12 09:00:00,6410.0,6600.0,6215.0,6600.0,422596.62544181,2700821414.3652606
2022-01-13 09:00:00,6600.0,6630.0,6315.0,6405.0,388052.10623703,2517045019.6952205
2022-01-14 09:00:00,6385.0,6605.0,6290.0,6570.0,328876.38614162,2116817141.8554902
2022-01-15 09:00:00,6570.0,6995.0,6400.0,6625.0,1441296.1949836,9628995858.656513
2022-01-16 09:00:00,6630.0,6870.0,6500.0,6600.0,961817.53385338,6415026540.799454
2022-01-17 09:00:00,6600.0,6605.0,6340.0,6415.0,221010.76704118,1426786074.5982442
2022-01-18 09:00:00,6405.0,6565.0,6215.0,6485.0,613530.96062961,3925525651.5393524
2022-01-19 09:00:00,6485.0,6875.0,6195.0,6295.0,2023894.0723921,13311941516.811092
2022-01-20 09:00:00,6295.0,6425.0,6100.0,6125.0,319873.56486896,2007078966.9791667
2022-01-21 09:00:00,6125.0,6290.0,5390.0,5420.0,417365.44538615,2463195619.5360303
2022-01-22 09:00:00,5425.0,6180.0,4650.0,5050.0,8500634.01767867,47267744562.41222
2022-01-23 09:00:00,5060.0,6480.0,5030.0,5405.0,21614935.40247998,129260352360.63354
2022-01-24 09:00:00,5400.0,5425.0,4560.0,5020.0,2229125.77436878,11171283818.108412
2022-01-25 09:00:00,5020.0,5020.0,4630.0,4890.0,818147.10463089,3912639410.735117
2022-01-26 09:00:00,4890.0,5250.0,4800.0,5025.0,1211043.84800241,6077030211.424741
2022-01-27 09:00:00,5010.0,5060.0,4855.0,5040.0,477311.84725098,2368413802.5815682
2022-01-28 09:00:00,5050.0,5175.0,4950.0,5160.0,440528.90991826,2223077781.3584595
2022-01-29 09:00:00,5165.0,5310.0,5100.0,5305.0,676801.93929277,3510125571.4768896
2022-01-30 09:00:00,5380.0,6715.0,5310.0,5860.0,24485942.94659604,152363558587.93045
2022-01-31 09:00:00,5860.0,5915.0,5415.0,5630.0,2617141.87248613,14570191781.151686
2022-02-01 09:00:00,5630.0,5640.0,5450.0,5575.0,707093.04984229,3909915804.3788466
2022-02-02 09:00:00,5600.0,8065.0,5580.0,5960.0,34786534.67322708,221746285320.56384
2022-02-03 09:00:00,5960.0,6275.0,5670.0,5910.0,5520459.89369715,32546871074.751503
2022-02-04 09:00:00,5910.0,6790.0,5780.0,6280.0,8529787.41354819,53642583758.34205
2022-02-05 09:00:00,6290.0,7455.0,6275.0,6800.0,16508735.68818224,115692201243.39659
2022-02-06 09:00:00,6795.0,6850.0,6465.0,6780.0,2392992.01743902,16010470046.278212
2022-02-07 09:00:00,6800.0,6915.0,6560.0,6900.0,1752727.02636117,11769406627.184433
2022-02-08 09:00:00,6910.0,7375.0,6350.0,6825.0,4373841.2632316,30475171210.854332
2022-02-09 09:00:00,6825.0,6885.0,6460.0,6860.0,926105.51934314,6159872337.50858
2022-02-10 09:00:00,6860.0,7095.0,6500.0,6650.0,1667799.25531875,11261134455.034262
2022-02-11 09:00:00,6665.0,6835.0,6235.0,6485.0,1740197.68376325,11520258424.235096
2022-02-12 09:00:00,6450.0,6450.0,6005.0,6380.0,749257.83318087,4654149758.750903
2022-02-13 09:00:00,6380.0,6800.0,6220.0,6650.0,1647679.42555085,10747668541.465202
2022-02-14 09:00:00,6650.0,6940.0,6160.0,6465.0,5059693.3259881,32996463602.516506
2022-02-15 09:00:00,6445.0,6830.0,6410.0,6750.0,3493548.76953085,23059362885.054333
2022-02-16 09:00:00,6750.0,7120.0,6590.0,7025.0,3406578.97694157,23172668841.719997
2022-02-17 09:00:00,7025.0,7250.0,6350.0,6455.0,2207941.90856868,15054709638.997826
2022-02-18 09:00:00,6455.0,6725.0,6340.0,6660.0,1887124.30148945,12344614119.065714
2022-02-19 09:00:00,6660.0,6665.0,6190.0,6410.0,855285.26799604,5487820064.186371
2022-02-20 09:00:00,6415.0,6930.0,5915.0,6065.0,3082438.63498576,19814495192.826954
2022-02-21 09:00:00,6070.0,6210.0,5500.0,5675.0,999334.64987085,5965474167.473574
2022-02-22 09:00:00,5675.0,5810.0,5330.0,5800.0,797659.53094301,4440866113.688424
2022-02-23 09:00:00,5800.0,5900.0,5560.0,5690.0,739122.84222827,4237448263.907351
2022-02-24 09:00:00,5690.0,5995.0,4905.0,5625.0,5125975.48686444,28567290873.462963
2022-02-25 09:00:00,5625.0,5920.0,5390.0,5900.0,3173798.26296783,17890102416.16966
2022-02-26 09:00:00,5900.0,6055.0,5730.0,6055.0,1286532.61487095,7575195604.37349
2022-02-27 09:00:00,6055.0,6060.0,5745.0,5900.0,1208743.87013471,7088894582.773389
2022-02-28 09:00:00,5890.0,6220.0,5630.0,6220.0,1354275.24399399,7980522622.775927
2022-03-01 09:00:00,6220.0,6360.0,6045.0,6265.0,1793391.53863583,11108075437.021425
2022-03-02 09:00:00,6265.0,6270.0,5910.0,6075.0,901846.54435163,5457582176.035976
2022-03-03 09:00:00,6075.0,6250.0,5815.0,5975.0,797909.08279705,4787601816.309572
2022-03-04 09:00:00,6000.0,6195.0,5660.0,5730.0,819446.69168831,4774153809.823584
2022-03-05 09:00:00,5730.0,5860.0,5545.0,5765.0,523931.89094998,2990220914.9797263
2022-03-06 09:00:00,5765.0,5765.0,5520.0,5590.0,417509.16803062,2345710929.1568336
2022-03-07 09:00:00,5585.0,5590.0,5315.0,5515.0,482731.01019372,2640166445.346694
2022-03-08 09:00:00,5515.0,5740.0,5410.0,5730.0,636380.24320692,3514307328.192514
2022-03-09 09:00:00,5740.0,5865.0,5585.0,5855.0,819591.09950621,4690902774.383773
2022-03-10 09:00:00,5865.0,5865.0,5590.0,5730.0,539524.44725323,3073273722.70809
2022-03-11 09:00:00,5730.0,6680.0,5725.0,5835.0,15243182.80401247,93254861734.68246
2022-03-12 09:00:00,5840.0,5840.0,5670.0,5755.0,1104782.98133253,6336661724.573905
2022-03-13 09:00:00,5745.0,5755.0,5525.0,5565.0,563730.71397719,3180455211.9669766
2022-03-14 09:00:00,5565.0,5635.0,5380.0,5570.0,702794.4500094,3848517272.8884645
2022-03-15 09:00:00,5645.0,5775.0,5385.0,5520.0,1386345.54271366,7725423778.693825
2022-03-16 09:00:00,5510.0,5595.0,5400.0,5585.0,542478.94550145,2974282935.386052
2022-03-17 09:00:00,5590.0,5625.0,5480.0,5595.0,482925.14905857,2676958400.300636
2022-03-18 09:00:00,5590.0,5650.0,5490.0,5630.0,486617.29168031,2702588132.761725
2022-03-19 09:00:00,5630.0,5790.0,5575.0,5765.0,764610.12632169,4324269927.855716
2022-03-20 09:00:00,5770.0,5940.0,5675.0,5855.0,2082865.95390099,12094746646.026562
2022-03-21 09:00:00,5855.0,5855.0,5690.0,5800.0,510931.61629723,2947921771.8520927
2022-03-22 09:00:00,5805.0,5955.0,5755.0,5950.0,784571.34776915,4588258072.78212
2022-03-23 09:00:00,5945.0,5985.0,5840.0,5985.0,809586.13756887,4786929596.388287
2022-03-24 09:00:00,5985.0,6090.0,5880.0,6070.0,965213.80393262,5768193577.326584
2022-03-25 09:00:00,6070.0,6115.0,6010.0,6100.0,893647.41651423,5413199411.339964
2022-03-26 09:00:00,6095.0,6275.0,5980.0,6275.0,935893.91158107,5710372309.011614
2022-03-27 09:00:00,6270.0,7435.0,6195.0,6545.0,10539097.26136701,71403424218.5117
2022-03-28 09:00:00,6550.0,7125.0,6480.0,6800.0,4340911.70754473,29300784557.34049
2022-03-29 09:00:00,6820.0,7240.0,6550.0,6930.0,4443336.11551995,30699554711.15946
2022-03-30 09:00:00,6930.0,7000.0,6600.0,6970.0,1630719.16815505,11106056936.470325
2022-03-31 09:00:00,6970.0,7860.0,6680.0,7315.0,5076763.36562005,36889048457.11824
2022-04-01 09:00:00,7305.0,8000.0,6925.0,7785.0,5027411.58920015,36812242939.167366
2022-04-02 09:00:00,7790.0,7895.0,7420.0,7660.0,4061917.35328016,30989558487.614754
2022-04-03 09:00:00,7660.0,7665.0,7235.0,7400.0,1103373.61316165,8168807726.640314
2022-04-04 09:00:00,7400.0,7410.0,6820.0,7045.0,867073.69903001,6150367873.374248
2022-04-05 09:00:00,7045.0,7120.0,6870.0,6900.0,551060.95831381,3863101128.0739865
2022-04-06 09:00:00,6905.0,6905.0,6200.0,6220.0,849919.19620641,5516782885.664162
2022-04-07 09:00:00,6220.0,6580.0,6050.0,6560.0,917189.70929419,5803358765.260522
2022-04-08 09:00:00,6560.0,6585.0,6290.0,6350.0,359343.96904013,2320646744.4571815
2022-04-09 09:00:00,6365.0,6425.0,6250.0,6395.0,191708.35842698,1211570393.626747
2022-04-10 09:00:00,6395.0,6405.0,6165.0,6230.0,211726.23393568,1326634919.7987344
2022-04-11 09:00:00,6210.0,6455.0,5670.0,5760.0,586093.98536381,3530051530.270558
2022-04-12 09:00:00,5760.0,6110.0,5600.0,6005.0,742230.55129281,4339573363.865382
2022-04-13 09:00:00,6005.0,6245.0,5890.0,6240.0,513653.03671077,3133081403.2033377
2022-04-14 09:00:00,6240.0,6265.0,5980.0,6140.0,325444.16326573,2007573434.5624793
2022-04-15 09:00:00,6140.0,6200.0,6040.0,6175.0,185670.63918847,1133119898.253258
2022-04-16 09:00:00,6175.0,6355.0,6070.0,6145.0,452261.05787926,2805792967.691683
2022-04-17 09:00:00,6145.0,6170.0,5970.0,6015.0,158834.75490086,962911965.8793757
2022-04-18 09:00:00,6015.0,6105.0,5745.0,6060.0,494976.15181619,2931841351.1698084
2022-04-19 09:00:00,6055.0,6260.0,5970.0,6255.0,744644.50912928,4572498984.873751
2022-04-20 09:00:00,6245.0,6555.0,6110.0,6290.0,1975248.25407752,12618353866.608797
2022-04-21 09:00:00,6275.0,6855.0,6140.0,6360.0,2327323.61449437,15032849731.714216
2022-04-22 09:00:00,6360.0,6435.0,6210.0,6375.0,721777.79351821,4553390928.216632
2022-04-23 09:00:00,6375.0,6375.0,6235.0,6345.0,332654.71985005,2086703101.2131472
2022-04-24 09:00:00,6350.0,6365.0,6115.0,6165.0,318445.58918846,1978375105.2460103
2022-04-25 09:00:00,6185.0,6770.0,5715.0,6000.0,2373031.93364131,14787964711.790236
2022-04-26 09:00:00,6020.0,6090.0,5720.0,5740.0,473727.59913448,2783536862.1324544
2022-04-27 09:00:00,5740.0,5935.0,5600.0,5820.0,787895.09129823,4517239497.213853
2022-04-28 09:00:00,5810.0,6035.0,5745.0,5875.0,1402244.72290648,8281747965.747323
2022-04-29 09:00:00,5860.0,6060.0,5615.0,5630.0,610455.47508973,3542383294.5031776
2022-04-30 09:00:00,5635.0,5650.0,5235.0,5280.0,266219.8369815,1463211639.314638
2022-05-01 09:00:00,5280.0,5460.0,5050.0,5345.0,292021.76464326,1529477132.8914056
2022-05-02 09:00:00,5350.0,5380.0,5140.0,5285.0,235373.93496619,1238357356.8514822
2022-05-03 09:00:00,5280.0,5400.0,5200.0,5250.0,276347.69987019,1463671203.7543294
2022-05-04 09:00:00,5250.0,5575.0,5090.0,5565.0,1188545.2383874,6358770138.494394
2022-05-05 09:00:00,5565.0,5675.0,5100.0,5190.0,635934.28959718,3471754523.667343
2022-05-06 09:00:00,5185.0,5200.0,4950.0,5095.0,293369.06295144,1477927566.9360254
2022-05-07 09:00:00,5095.0,5095.0,4850.0,4900.0,203467.66473386,1013937551.4040664
2022-05-08 09:00:00,4905.0,5070.0,4625.0,4710.0,351010.43097797,1679588749.905853
2022-05-09 09:00:00,4690.0,5040.0,4100.0,4115.0,1210426.37879095,5623148787.785176
2022-05-10 09:00:00,4115.0,4355.0,3860.0,4075.0,888676.44151386,3683495553.4367437
2022-05-11 09:00:00,4075.0,4115.0,3025.0,3240.0,1027249.97995177,3711813467.256942
2022-05-12 09:00:00,3225.0,3460.0,2365.0,2805.0,2135826.27112527,6176109191.661368
2022-05-13 09:00:00,2805.0,3245.0,2770.0,3105.0,2787034.30493108,8414224635.1874895
2022-05-14 09:00:00,3120.0,3325.0,2945.0,3260.0,1090489.60257783,3457073412.662079
2022-05-15 09:00:00,3270.0,3465.0,3115.0,3440.0,590095.41118523,1923516405.1360848
2022-05-16 09:00:00,3440.0,3950.0,3330.0,3450.0,4614129.45376676,16677385716.969244
2022-05-17 09:00:00,3475.0,3500.0,3200.0,3495.0,890006.03175349,2977977719.3931823
2022-05-18 09:00:00,3485.0,3550.0,3090.0,3160.0,602159.82690486,2002132297.1808531
2022-05-19 09:00:00,3165.0,3330.0,2910.0,3225.0,1076726.98514603,3336522198.0282483
2022-05-20 09:00:00,3225.0,3225.0,3015.0,3110.0,560004.23392374,1756883131.0426373
2022-05-21 09:00:00,3110.0,3135.0,2940.0,3135.0,371256.95459597,1133902881.126637
2022-05-22 09:00:00,3130.0,3930.0,3090.0,3415.0,10091043.99387134,35346464862.59031
2022-05-23 09:00:00,3410.0,4850.0,3405.0,3580.0,49535120.56199239,215670446775.56866
2022-05-24 09:00:00,3590.0,3730.0,3165.0,3530.0,4526834.24112572,15614567164.421642
2022-05-25 09:00:00,3580.0,4135.0,3510.0,3750.0,12396823.50366248,47865535004.8589
2022-05-26 09:00:00,3760.0,3760.0,3270.0,3530.0,1792251.35458777,6304870195.383375
2022-05-27 09:00:00,3530.0,3555.0,3250.0,3430.0,1218414.43799386,4121604701.5707154
2022-05-28 09:00:00,3510.0,3760.0,3305.0,3515.0,2646143.83475139,9376605646.376408
2022-05-29 09:00:00,3575.0,3740.0,3345.0,3610.0,2921715.86758189,10305393279.270498
2022-05-30 09:00:00,3610.0,3840.0,3495.0,3840.0,3183896.83721138,11566324568.702534
2022-05-31 09:00:00,3835.0,3840.0,3585.0,3770.0,2462807.09971406,9118920814.541094
2022-06-01 09:00:00,3770.0,4075.0,3535.0,3625.0,4570168.60597888,17250712378.897274
2022-06-02 09:00:00,3625.0,3740.0,3505.0,3710.0,1810930.16651208,6573386868.688394
2022-06-03 09:00:00,3730.0,3830.0,3490.0,3630.0,2013450.7399471,7409189755.873402
2022-06-04 09:00:00,3630.0,3900.0,3490.0,3635.0,2377724.49200122,8751147936.25813
2022-06-05 09:00:00,3635.0,5245.0,3540.0,3975.0,57155694.79081813,250214563194.0736
2022-06-06 09:00:00,3980.0,4635.0,3945.0,4050.0,17954452.90222262,77250448004.02507
2022-06-07 09:00:00,4050.0,4055.0,3670.0,3870.0,1866625.05401864,7113173947.906095
2022-06-08 09:00:00,3860.0,3920.0,3710.0,3905.0,1202445.69222276,4589047188.95951
2022-06-09 09:00:00,3900.0,3990.0,3780.0,3840.0,1318209.71387819,5093216299.121535
2022-06-10 09:00:00,3835.0,3855.0,3600.0,3850.0,782970.87774687,2927981192.446895
2022-06-11 09:00:00,3850.0,4200.0,3660.0,4190.0,7008482.15904186,27498540279.011425
2022-06-12 09:00:00,4190.0,4200.0,3645.0,3860.0,3298055.31979703,12710800308.933481
2022-06-13 09:00:00,3865.0,3910.0,2990.0,3190.0,3519833.7339125,11763461529.307436
2022-06-14 09:00:00,3190.0,3330.0,2745.0,3200.0,3344444.4115114,10139445015.078442
2022-06-15 09:00:00,3205.0,3550.0,2805.0,3410.0,4286823.67066377,13784990062.27664
2022-06-16 09:00:00,3410.0,3530.0,3135.0,3350.0,3594361.17054005,12052147949.316519
2022-06-17 09:00:00,3345.0,3555.0,3170.0,3550.0,2809756.68393176,9404836321.392855
2022-06-18 09:00:00,3610.0,3770.0,3170.0,3320.0,3002731.7066152,10304366245.0873
2022-06-19 09:00:00,3320.0,3430.0,3160.0,3425.0,1420348.19136279,4664307526.7013235
2022-06-20 09:00:00,3425.0,3470.0,3250.0,3435.0,1432343.52392821,4794842328.581103
2022-06-21 09:00:00,3455.0,3620.0,3355.0,3555.0,3649456.06817149,12672830118.526405
2022-06-22 09:00:00,3555.0,3630.0,3370.0,3510.0,1822704.83675687,6335689788.71166
2022-06-23 09:00:00,3510.0,3650.0,3400.0,3635.0,2001915.82258474,7034137934.2557745
2022-06-24 09:00:00,3635.0,3730.0,3525.0,3725.0,1798653.95332896,6470657673.206629
2022-06-25 09:00:00,3725.0,3725.0,3540.0,3695.0,1328186.81158659,4836826249.720361
2022-06-26 09:00:00,3770.0,4080.0,3695.0,3760.0,7215404.08690326,27797176192.546177
2022-06-27 09:00:00,3765.0,3950.0,3590.0,3820.0,4308234.69738226,16152673080.073719
2022-06-28 09:00:00,3825.0,3830.0,3660.0,3720.0,1649410.0539107,6164922887.839731
2022-06-29 09:00:00,3725.0,3735.0,3485.0,3620.0,960942.78199407,3460960485.08899
2022-06-30 09:00:00,3620.0,3630.0,3200.0,3410.0,948185.86473539,3207007744.321021
2022-07-01 09:00:00,3400.0,3490.0,3235.0,3480.0,769610.2202661,2602723991.6314945
2022-07-02 09:00:00,3525.0,3715.0,3350.0,3520.0,1340362.48660936,4686703538.173105
2022-07-03 09:00:00,3520.0,3540.0,3390.0,3485.0,513327.06364994,1767005551.653014
2022-07-04 09:00:00,3480.0,3610.0,3370.0,3535.0,1968916.49782792,6877509711.541546
2022-07-05 09:00:00,3525.0,3760.0,3425.0,3585.0,2395382.73038542,8576970724.031439
2022-07-06 09:00:00,3585.0,3625.0,3460.0,3595.0,806486.67990404,2850614922.764941
2022-07-07 09:00:00,3595.0,3695.0,3520.0,3680.0,704259.54607521,2533217755.386303
2022-07-08 09:00:00,3680.0,3730.0,3590.0,3710.0,1777172.16060597,6507087659.893433
2022-07-09 09:00:00,3715.0,3790.0,3650.0,3785.0,1557475.20191738,5801187264.885359
2022-07-10 09:00:00,3780.0,3785.0,3610.0,3645.0,894091.81199799,3302130538.3044457
2022-07-11 09:00:00,3645.0,3735.0,3460.0,3505.0,851101.56151716,3019700799.1857896
2022-07-12 09:00:00,3510.0,3510.0,3355.0,3365.0,624709.77415093,2130202351.5026908
2022-07-13 09:00:00,3370.0,3500.0,3195.0,3460.0,1012196.50105476,3406949896.4785333
2022-07-14 09:00:00,3455.0,3515.0,3340.0,3515.0,401820.22595049,1376374813.4891737
2022-07-15 09:00:00,3510.0,3575.0,3435.0,3555.0,818509.29731916,2867010022.693086
2022-07-16 09:00:00,3555.0,3610.0,3495.0,3610.0,516522.01117836,1833030559.7012684
2022-07-17 09:00:00,3595.0,3645.0,3515.0,3540.0,638958.34107089,2281678124.927347
2022-07-18 09:00:00,3540.0,3725.0,3500.0,3700.0,1206097.3958671,4369884941.767542
2022-07-19 09:00:00,3700.0,3820.0,3600.0,3800.0,1510464.37141245,5580870996.252739
2022-07-20 09:00:00,3805.0,4020.0,3590.0,3665.0,3234295.89867772,12354769484.51626
2022-07-21 09:00:00,3665.0,3745.0,3520.0,3680.0,962395.1340924,3496281093.533984
2022-07-22 09:00:00,3690.0,3930.0,3635.0,3840.0,4053624.53689908,15349054567.08832
2022-07-23 09:00:00,3845.0,3865.0,3660.0,3755.0,1063596.64459609,3984714752.7403703
2022-07-24 09:00:00,3750.0,3750.0,3675.0,3705.0,542255.725313,2012305600.8659534
2022-07-25 09:00:00,3700.0,3845.0,3525.0,3540.0,2117692.59091537,7783092477.4335165
2022-07-26 09:00:00,3555.0,3675.0,3420.0,3520.0,1471128.57651528,5211569486.18793
2022-07-27 09:00:00,3520.0,3670.0,3465.0,3650.0,673697.72828758,2391892139.1919923
2022-07-28 09:00:00,3670.0,3770.0,3565.0,3770.0,2028850.64696957,7445035340.931581
2022-07-29 09:00:00,3765.0,3995.0,3710.0,3870.0,5126447.94317515,19804258167.830402
2022-07-30 09:00:00,3865.0,3890.0,3775.0,3840.0,967379.96327169,3707670418.3806186
2022-07-31 09:00:00,3840.0,3975.0,3785.0,3940.0,2675630.74032349,10384904767.234083
2022-08-01 09:00:00,3930.0,4195.0,3860.0,4130.0,2839422.54535701,11397612453.070124
2022-08-02 09:00:00,4130.0,4160.0,3795.0,3935.0,1618511.97883458,6338083733.080748
2022-08-03 09:00:00,3935.0,3945.0,3825.0,3915.0,606438.9885864,2358557244.5731606
2022-08-04 09:00:00,3920.0,3925.0,3825.0,3920.0,557698.92501961,2164948473.3770843
2022-08-05 09:00:00,3925.0,4190.0,3870.0,4020.0,2879722.5014902,11498461688.673697
2022-08-06 09:00:00,4020.0,4025.0,3960.0,3995.0,605990.03928757,2414202914.4919457
2022-08-07 09:00:00,3995.0,4085.0,3945.0,3985.0,700625.97922594,2793197874.814076
2022-08-08 09:00:00,3985.0,4020.0,3930.0,4000.0,756317.24200643,3009544677.8106194
2022-08-09 09:00:00,4000.0,4000.0,3830.0,3895.0,624247.20973668,2438487099.4302955
2022-08-10 09:00:00,3895.0,4015.0,3830.0,4015.0,874453.07796073,3426945100.77741
2022-08-11 09:00:00,4015.0,4225.0,3980.0,4165.0,1834278.39324219,7491947591.909547
2022-08-12 09:00:00,4150.0,4220.0,4035.0,4220.0,1238258.96936166,5108075033.767012
2022-08-13 09:00:00,4220.0,4270.0,4155.0,4260.0,1234301.07410835,5198838611.455458
2022-08-14 09:00:00,4270.0,4270.0,4145.0,4195.0,825532.35189644,3468041041.5951915
2022-08-15 09:00:00,4195.0,4245.0,4065.0,4165.0,1040266.75822644,4316744976.576851
2022-08-16 09:00:00,4150.0,4340.0,4015.0,4085.0,2660240.87192079,11154670201.760525
2022-08-17 09:00:00,4085.0,4150.0,3895.0,3985.0,980948.9335494,3964197479.485607
2022-08-18 09:00:00,3985.0,4000.0,3905.0,3955.0,349654.4971778,1382270951.7636838
2022-08-19 09:00:00,3935.0,3950.0,3470.0,3525.0,877622.2091874,3221317594.065495
2022-08-20 09:00:00,3525.0,3735.0,3460.0,3565.0,520092.70877449,1854816395.5639422
2022-08-21 09:00:00,3570.0,3710.0,3525.0,3605.0,430332.39360975,1544369383.615184
2022-08-22 09:00:00,3585.0,3675.0,3410.0,3505.0,485589.51301129,1703577382.6360126
2022-08-23 09:00:00,3520.0,3550.0,3415.0,3545.0,270406.97494861,942276530.7592905
2022-08-24 09:00:00,3540.0,3570.0,3460.0,3515.0,287888.85414178,1011753162.6549168
2022-08-25 09:00:00,3525.0,3645.0,3490.0,3640.0,372954.78868695,1329794770.5010278
2022-08-26 09:00:00,3635.0,3640.0,3400.0,3410.0,403073.11384906,1422670076.3670034
2022-08-27 09:00:00,3405.0,3765.0,3310.0,3390.0,1542120.09273689,5463255137.761616
2022-08-28 09:00:00,3395.0,3420.0,3310.0,3310.0,225071.90585446,761075687.3010837
2022-08-29 09:00:00,3320.0,3425.0,3260.0,3370.0,302243.62348554,1010441310.2407247
2022-08-30 09:00:00,3385.0,3980.0,3360.0,3500.0,22493868.67481075,83995711298.8831
2022-08-31 09:00:00,3500.0,3500.0,3420.0,3475.0,1476372.99365105,5091048849.705081
2022-09-01 09:00:00,3475.0,3485.0,3325.0,3405.0,784749.9430662,2651451325.705517
2022-09-02 09:00:00,3400.0,3400.0,3340.0,3375.0,523160.98742002,1760463082.5439785
2022-09-03 09:00:00,3375.0,3385.0,3345.0,3365.0,160661.44772182,540201581.0564919
2022-09-04 09:00:00,3365.0,3375.0,3335.0,3355.0,225369.67783641,755452926.4873977
2022-09-05 09:00:00,3360.0,3370.0,3305.0,3360.0,322981.12662068,1076853718.9544232
2022-09-06 09:00:00,3360.0,3390.0,3220.0,3245.0,554181.64858911,1845680711.11685
2022-09-07 09:00:00,3245.0,3315.0,3140.0,3285.0,449207.86918586,1445951552.384613
2022-09-08 09:00:00,3285.0,3675.0,3265.0,3370.0,5314507.75546602,18198884174.195465
2022-09-09 09:00:00,3370.0,3465.0,3355.0,3445.0,1030669.11395716,3500762126.1832285
2022-09-10 09:00:00,3445.0,3600.0,3380.0,3450.0,2494146.40849337,8753639678.469202
2022-09-11 09:00:00,3445.0,3480.0,3395.0,3460.0,570666.61438073,1960605576.0690212
2022-09-12 09:00:00,3460.0,3515.0,3420.0,3485.0,930797.00477153,3223386452.657805
2022-09-13 09:00:00,3480.0,3595.0,3260.0,3290.0,1427529.05374164,4889713257.233396
2022-09-14 09:00:00,3290.0,3445.0,3265.0,3345.0,894195.57067702,2979758006.148442
2022-09-15 09:00:00,3345.0,4080.0,3290.0,3820.0,31181881.05408754,118179919324.3507
2022-09-16 09:00:00,3815.0,4570.0,3735.0,4025.0,45236575.73167868,189337551584.36255
2022-09-17 09:00:00,4025.0,4190.0,3685.0,3785.0,8937341.15679015,35017152998.63329
2022-09-18 09:00:00,3785.0,3800.0,3305.0,3435.0,3478642.85306003,12447404916.48401
2022-09-19 09:00:00,3435.0,3445.0,3195.0,3430.0,2688678.3535321,8890082417.10334
2022-09-20 09:00:00,3415.0,3435.0,3260.0,3290.0,1400894.43972531,4647624081.013965
2022-09-21 09:00:00,3295.0,3395.0,3160.0,3220.0,2207685.59041217,7234186214.255077
2022-09-22 09:00:00,3220.0,3385.0,3185.0,3355.0,1676882.53593846,5547272024.596394
2022-09-23 09:00:00,3355.0,3370.0,3240.0,3330.0,1525058.60941699,5048690056.503847
2022-09-24 09:00:00,3330.0,3345.0,3285.0,3315.0,616566.46428801,2043274291.752546
2022-09-25 09:00:00,3310.0,3325.0,3255.0,3290.0,619188.19548531,2040548686.301871
2022-09-26 09:00:00,3290.0,3300.0,3205.0,3280.0,949253.30977411,3081377091.100492
2022-09-27 09:00:00,3270.0,3435.0,3270.0,3360.0,4225501.79884322,14207195058.39763
2022-09-28 09:00:00,3360.0,3375.0,3260.0,3325.0,827756.10162808,2731307257.6518593
2022-09-29 09:00:00,3315.0,3345.0,3250.0,3305.0,581633.25926766,1914622038.9747488
2022-09-30 09:00:00,3295.0,3305.0,3250.0,3285.0,592520.50503392,1940850219.770428
2022-10-01 09:00:00,3285.0,3310.0,3260.0,3280.0,454236.77358066,1488407024.5416083
2022-10-02 09:00:00,3280.0,3330.0,3210.0,3240.0,1259533.89398263,4138342722.26915
2022-10-03 09:00:00,3240.0,3285.0,3225.0,3255.0,336214.54139784,1092532947.8717012
2022-10-04 09:00:00,3255.0,3285.0,3240.0,3280.0,377548.02877241,1231216951.2335198
2022-10-05 09:00:00,3275.0,3280.0,3220.0,3260.0,474054.64067084,1539901133.6976712
2022-10-06 09:00:00,3260.0,3295.0,3235.0,3245.0,463679.64237509,1510244915.8173103
2022-10-07 09:00:00,3240.0,3255.0,3205.0,3250.0,505231.77969001,1632531518.3711162
2022-10-08 09:00:00,3250.0,3805.0,3230.0,3360.0,13379995.8067923,47065964003.43068
2022-10-09 09:00:00,3355.0,3355.0,3240.0,3275.0,1592925.7088257,5219071936.582131
2022-10-10 09:00:00,3275.0,3335.0,3215.0,3230.0,1283704.55626397,4182248383.9249825
2022-10-11 09:00:00,3235.0,3300.0,3080.0,3135.0,826964.73226479,2621772553.391211
2022-10-12 09:00:00,3140.0,3140.0,3100.0,3115.0,304528.14671111,947976028.2518795
2022-10-13 09:00:00,3115.0,3120.0,2835.0,3055.0,912480.92160533,2717744699.4613767
2022-10-14 09:00:00,3050.0,3110.0,3005.0,3055.0,530859.78591312,1626053290.7935038
2022-10-15 09:00:00,3055.0,3070.0,3005.0,3040.0,243442.60699472,737632484.0632473
2022-10-16 09:00:00,3035.0,3065.0,3015.0,3055.0,291519.16511618,885287636.2169759
2022-10-17 09:00:00,3050.0,3275.0,3025.0,3090.0,4958297.62543212,15597008602.167253
2022-10-18 09:00:00,3090.0,3155.0,3045.0,3130.0,1183868.81392783,3657251435.9975443
2022-10-19 09:00:00,3130.0,3200.0,3055.0,3125.0,622154.04088499,1928722444.6234608
2022-10-20 09:00:00,3110.0,3250.0,3060.0,3130.0,1057134.85008413,3313715364.4260163
2022-10-21 09:00:00,3130.0,3175.0,3065.0,3165.0,371985.54775468,1157144202.5800536
2022-10-22 09:00:00,3165.0,3360.0,3135.0,3195.0,1517231.95190338,4909919380.077787
2022-10-23 09:00:00,3195.0,5900.0,3145.0,3765.0,54512532.56770643,216647886650.68207
2022-10-24 09:00:00,3765.0,4220.0,3400.0,3440.0,33113973.56592781,125208852002.41835
2022-10-25 09:00:00,3440.0,3590.0,3300.0,3340.0,8718082.79939035,29660450457.510307
2022-10-26 09:00:00,3340.0,3365.0,3300.0,3325.0,2000171.32714832,6643825232.871995
2022-10-27 09:00:00,3325.0,3405.0,3255.0,3280.0,2422900.42997,8049676502.241558
2022-10-28 09:00:00,3275.0,3425.0,3210.0,3325.0,4829589.12428099,16054640369.649216
2022-10-29 09:00:00,3330.0,3360.0,3240.0,3285.0,1883501.29940724,6207178919.439655
2022-10-30 09:00:00,3285.0,3310.0,3210.0,3250.0,1163735.28487923,3781915989.439796
2022-10-31 09:00:00,3250.0,4465.0,3215.0,3625.0,84026818.274086,326400269810.4771
2022-11-01 09:00:00,3625.0,3910.0,3385.0,3430.0,11950141.8809594,43003505224.256
2022-11-02 09:00:00,3430.0,3645.0,3265.0,3325.0,5997452.0451475,20606602667.779655
2022-11-03 09:00:00,3325.0,3370.0,3275.0,3360.0,1230205.07346766,4102976939.4873033
2022-11-04 09:00:00,3365.0,3610.0,3355.0,3495.0,8343003.23524477,29056855477.635067
2022-11-05 09:00:00,3495.0,4005.0,3455.0,3670.0,20358294.08595599,75915842552.63533
2022-11-06 09:00:00,3670.0,3675.0,3500.0,3525.0,1939403.25456368,6947924387.767917
2022-11-07 09:00:00,3525.0,3650.0,3400.0,3540.0,2246816.78748678,7947457018.066389
2022-11-08 09:00:00,3540.0,3540.0,3160.0,3240.0,2198246.67104632,7299113169.02731
2022-11-09 09:00:00,3240.0,3395.0,2500.0,2635.0,2423104.97787849,7147752794.880758
2022-11-10 09:00:00,2635.0,3040.0,2555.0,3040.0,2402020.30226766,6751855824.607853
2022-11-11 09:00:00,3035.0,3095.0,2710.0,2885.0,1515933.18361941,4391931802.477999
2022-11-12 09:00:00,2875.0,3080.0,2815.0,3010.0,3533126.00957577,10365829828.902897
2022-11-13 09:00:00,3015.0,3015.0,2710.0,2845.0,1766419.67495544,5041628499.769767
2022-11-14 09:00:00,2850.0,2850.0,2510.0,2820.0,1846264.4161944,4982841001.746125
2022-11-15 09:00:00,2825.0,2915.0,2750.0,2905.0,1725396.75910454,4930176168.45123
2022-11-16 09:00:00,2900.0,3075.0,2790.0,2895.0,2872436.33726735,8384900594.456399
2022-11-17 09:00:00,2885.0,2895.0,2770.0,2840.0,537838.12272368,1519790452.1279845
2022-11-18 09:00:00,2830.0,2895.0,2820.0,2890.0,734228.34888992,2096028628.0457618
2022-11-19 09:00:00,2890.0,3035.0,2865.0,3030.0,2151169.960693,6345441794.830199
2022-11-20 09:00:00,3030.0,3365.0,2905.0,2950.0,8949160.17825278,27962199873.613235
2022-11-21 09:00:00,2940.0,2950.0,2790.0,2900.0,1872363.39367557,5351616337.285041
2022-11-22 09:00:00,2900.0,2970.0,2800.0,2920.0,1216345.80810912,3470463946.739556
2022-11-23 09:00:00,2920.0,3035.0,2880.0,3030.0,1140747.90874308,3358525255.4398746
2022-11-24 09:00:00,3040.0,3045.0,2820.0,2975.0,1502351.94063588,4425213854.3227825
2022-11-25 09:00:00,2965.0,3070.0,2885.0,2995.0,1360045.00678651,4033703296.59725
2022-11-26 09:00:00,2995.0,3025.0,2940.0,3020.0,754822.10503461,2247138488.1340775
2022-11-27 09:00:00,3025.0,3225.0,3000.0,3065.0,4085288.56575504,12588607494.716722
2022-11-28 09:00:00,3065.0,3150.0,2935.0,3145.0,1304074.9221729,3943699890.5376887
2022-11-29 09:00:00,3145.0,3410.0,2990.0,3070.0,7000897.81635918,22084319648.934647
2022-11-30 09:00:00,3070.0,3080.0,3005.0,3080.0,1774366.5413175,5391765686.102318
2022-12-01 09:00:00,3075.0,3075.0,3000.0,3020.0,879101.56591249,2657966251.5009675
2022-12-02 09:00:00,3015.0,3015.0,2890.0,2990.0,898470.82600135,2656065340.035755
2022-12-03 09:00:00,2985.0,3010.0,2950.0,3010.0,410513.99634239,1220991344.5613492
2022-12-04 09:00:00,3010.0,3010.0,2950.0,2980.0,561686.90487402,1666931914.8256755
2022-12-05 09:00:00,2980.0,2980.0,2935.0,2935.0,496978.08619156,1467912012.0771065
2022-12-06 09:00:00,2940.0,2965.0,2920.0,2960.0,374151.48516854,1099591505.9616165
2022-12-07 09:00:00,2960.0,2960.0,2810.0,2940.0,864716.18968693,2485777272.8452573
2022-12-08 09:00:00,2935.0,3085.0,2835.0,2960.0,2974593.43360197,8815815260.090614
2022-12-09 09:00:00,2955.0,3080.0,2955.0,3070.0,4049693.40126502,12255350030.549116
2022-12-10 09:00:00,3075.0,3210.0,3005.0,3080.0,5001854.4563656,15527752860.000387
2022-12-11 09:00:00,3070.0,3375.0,3030.0,3095.0,7537067.21655106,23858514310.89404
2022-12-12 09:00:00,3095.0,3095.0,2885.0,2995.0,1711599.93917187,5095199414.710763
2022-12-13 09:00:00,3000.0,3175.0,2935.0,3075.0,5058395.45321955,15415419183.248156
2022-12-14 09:00:00,3070.0,3105.0,3015.0,3040.0,976580.45839197,2977778449.0318766
2022-12-15 09:00:00,3030.0,3060.0,2935.0,2965.0,762005.06845702,2266321024.3241053
2022-12-16 09:00:00,2965.0,3035.0,2730.0,2795.0,1071209.89262688,3116476612.851992
2022-12-17 09:00:00,2795.0,2820.0,2635.0,2745.0,444370.71109553,1203649639.730918
2022-12-18 09:00:00,2740.0,2870.0,2695.0,2775.0,690180.62873636,1914470876.8784382
2022-12-19 09:00:00,2780.0,2845.0,2675.0,2725.0,1243852.98552719,3460018377.2140923
2022-12-20 09:00:00,2720.0,2850.0,2665.0,2830.0,756593.56117477,2093048535.9901187
2022-12-21 09:00:00,2835.0,2840.0,2765.0,2830.0,371909.38091408,1041831909.4456507
2022-12-22 09:00:00,2825.0,2830.0,2730.0,2780.0,455396.36588001,1262144055.815052
2022-12-23 09:00:00,2780.0,2830.0,2760.0,2800.0,290054.74220015,807274847.7800221
2022-12-24 09:00:00,2795.0,2835.0,2780.0,2835.0,305743.21682803,857462026.9257228
2022-12-25 09:00:00,2830.0,2860.0,2740.0,2765.0,572029.5394694,1600508820.5946202
2022-12-26 09:00:00,2765.0,2765.0,2680.0,2725.0,384595.60883647,1045741104.3334168
2022-12-27 09:00:00,2715.0,2725.0,2665.0,2685.0,240662.04600116,648299763.3924533
2022-12-28 09:00:00,2675.0,2690.0,2520.0,2555.0,606959.33095325,1568555720.9600334
2022-12-29 09:00:00,2555.0,2590.0,2455.0,2560.0,413259.7448909,1041151905.041949
2022-12-30 09:00:00,2560.0,2560.0,2400.0,2470.0,402850.06382144,988583295.8750937
2022-12-31 09:00:00,2470.0,2560.0,2440.0,2520.0,608917.51042965,1525218692.8093498
2023-01-01 09:00:00,2515.0,2585.0,2480.0,2570.0,352281.83138779,886445621.4934945
2023-01-02 09:00:00,2570.0,2605.0,2510.0,2590.0,875907.19639748,2247732261.7692556
2023-01-03 09:00:00,2590.0,2600.0,2550.0,2575.0,341759.78579223,879445283.7750565
2023-01-04 09:00:00,2580.0,2625.0,2560.0,2620.0,469615.4028504,1217459741.3555148
2023-01-05 09:00:00,2620.0,2620.0,2555.0,2605.0,501288.48573678,1299472902.9186466
2023-01-06 09:00:00,2610.0,2610.0,2500.0,2575.0,400476.96592109,1021252240.604506
2023-01-07 09:00:00,2565.0,2585.0,2550.0,2580.0,158143.3864918,406560879.1858796
2023-01-08 09:00:00,2575.0,2620.0,2560.0,2620.0,393781.30408084,1017843096.024082
2023-01-09 09:00:00,2620.0,2705.0,2600.0,2695.0,888787.91748756,2353795396.633862
2023-01-10 09:00:00,2700.0,2745.0,2630.0,2735.0,1105769.70949403,2972069074.5723934
2023-01-11 09:00:00,2735.0,2815.0,2700.0,2800.0,1562867.23135256,4301574450.0216055
2023-01-12 09:00:00,2800.0,2830.0,2680.0,2815.0,1667300.95300026,4597633664.821158
2023-01-13 09:00:00,2815.0,2890.0,2750.0,2875.0,1178729.815658,3320554740.424482
2023-01-14 09:00:00,2875.0,3020.0,2780.0,2950.0,3701074.28217082,10749778651.074675
2023-01-15 09:00:00,2950.0,3220.0,2870.0,3030.0,6384754.95423246,19237860054.500004
2023-01-16 09:00:00,3020.0,3040.0,2880.0,3025.0,1986354.82005892,5898215561.804118
2023-01-17 09:00:00,3025.0,3070.0,2930.0,3035.0,1841480.13033737,5506140835.509786
2023-01-18 09:00:00,3040.0,3200.0,2850.0,2970.0,5311791.62771012,16223988486.7119
2023-01-19 09:00:00,2970.0,3070.0,2905.0,3065.0,1406654.03586291,4180690735.619148
2023-01-20 09:00:00,3065.0,3205.0,2980.0,3200.0,1686658.06504195,5164922980.122863
2023-01-21 09:00:00,3170.0,3985.0,3090.0,3290.0,33887774.78468697,119425289072.57364
2023-01-22 09:00:00,3295.0,3300.0,3190.0,3235.0,3596342.2354834,11627373462.420986
2023-01-23 09:00:00,3235.0,3250.0,3155.0,3250.0,2233967.2898067,7154320470.652718
2023-01-24 09:00:00,3250.0,3325.0,3040.0,3125.0,3928986.63177484,12655812565.644016
2023-01-25 09:00:00,3125.0,3265.0,3000.0,3190.0,3381543.00937147,10551950167.099447
2023-01-26 09:00:00,3190.0,3240.0,3125.0,3195.0,2260961.68050395,7167812148.2549095
2023-01-27 09:00:00,3195.0,3360.0,3105.0,3295.0,5656145.47683618,18334936167.508076
2023-01-28 09:00:00,3295.0,3295.0,3170.0,3260.0,1189404.68291896,3857461866.5053363
2023-01-29 09:00:00,3255.0,3280.0,3190.0,3270.0,948103.32843521,3062089558.621891
2023-01-30 09:00:00,3270.0,3375.0,3015.0,3075.0,5304739.24798219,17171980682.027386
2023-01-31 09:00:00,3075.0,3110.0,2985.0,3100.0,862649.72726105,2624779148.6555324
2023-02-01 09:00:00,3095.0,3155.0,2965.0,3150.0,1251939.2643612,3838464104.2676034
2023-02-02 09:00:00,3150.0,3260.0,3130.0,3215.0,1656768.02881012,5276529404.080708
2023-02-03 09:00:00,3225.0,3310.0,3170.0,3310.0,2040556.49950211,6597870441.6585455
2023-02-04 09:00:00,3310.0,3475.0,3255.0,3455.0,3021766.16367427,10095447889.578894
2023-02-05 09:00:00,3460.0,3965.0,3160.0,3370.0,26390959.10246185,95494756495.99673
2023-02-06 09:00:00,3370.0,3880.0,3320.0,3450.0,18433507.92357612,65976827277.371346
2023-02-07 09:00:00,3440.0,3450.0,3265.0,3385.0,2660334.21322881,8875155809.432299
2023-02-08 09:00:00,3390.0,3450.0,3310.0,3445.0,2032530.23097123,6874556194.974053
2023-02-09 09:00:00,3440.0,7420.0,3275.0,4970.0,127049454.29424226,658009852701.9236
2023-02-10 09:00:00,4960.0,5040.0,4155.0,4275.0,62231348.96746415,282647286036.51447
2023-02-11 09:00:00,4275.0,4275.0,4005.0,4120.0,8722164.27573576,35592122420.76057
2023-02-12 09:00:00,4125.0,4365.0,3905.0,3995.0,13707242.25232683,57252581010.54199
2023-02-13 09:00:00,4000.0,4140.0,3670.0,3865.0,6319599.48127503,24506120439.73944
2023-02-14 09:00:00,3870.0,3960.0,3655.0,3960.0,3981753.60711943,15142480246.751373
2023-02-15 09:00:00,3965.0,4405.0,3910.0,4170.0,22192117.97809274,92105798855.59526
2023-02-16 09:00:00,4170.0,4335.0,4010.0,4040.0,10173569.54964661,42531733793.13539
2023-02-17 09:00:00,4055.0,4285.0,3955.0,4275.0,4697041.70569171,19467509856.869854
2023-02-18 09:00:00,4275.0,5010.0,4250.0,4675.0,37882752.35419088,176349861760.04434
2023-02-19 09:00:00,4680.0,4680.0,4460.0,4505.0,9581253.96935571,43498746927.3364
2023-02-20 09:00:00,4500.0,4955.0,4300.0,4830.0,16631126.68629282,77352871254.41423
2023-02-21 09:00:00,4830.0,5735.0,4550.0,4720.0,43488043.18779193,227165432151.72275
2023-02-22 09:00:00,4730.0,5190.0,4690.0,4940.0,14728943.04258448,72199715375.38101
2023-02-23 09:00:00,4940.0,4945.0,4680.0,4815.0,3553637.28150503,17011178040.55533
2023-02-24 09:00:00,4805.0,4815.0,4485.0,4575.0,3823163.95032946,17597030228.239582
2023-02-25 09:00:00,4575.0,4750.0,4320.0,4475.0,3182955.32426827,14478842601.463753
2023-02-26 09:00:00,4475.0,4815.0,4385.0,4660.0,7239504.71754269,33745736137.665443
2023-02-27 09:00:00,4670.0,5315.0,4580.0,4860.0,17951909.43065352,88439964193.88947
2023-02-28 09:00:00,4860.0,4860.0,4585.0,4600.0,1988810.37229217,9344244872.751343
