2020-06-04 09:00:00,59.7,62.1,58.9,61.2,10922990.93183625,663431662.708751
2020-06-05 09:00:00,61.2,63.8,59.9,60.4,10223643.32710248,630638136.1623209
2020-06-06 09:00:00,60.4,62.0,59.9,61.3,2545484.28893618,155505122.08636153
2020-06-07 09:00:00,61.3,61.7,57.4,59.8,5561606.74154005,329927429.7706356
2020-06-08 09:00:00,59.7,61.4,57.9,61.2,4942449.00026277,294903640.19713247
2020-06-09 09:00:00,61.1,61.6,59.8,61.0,2576396.30695163,156157279.23494738
2020-06-10 09:00:00,61.3,64.6,60.6,62.9,5563482.15577382,347812482.7876624
2020-06-11 09:00:00,62.9,68.0,57.4,58.0,14474324.85219556,929944694.6221663
2020-06-12 09:00:00,58.0,63.7,57.3,63.2,4866492.18328252,295174982.59671366
2020-06-13 09:00:00,63.2,66.8,62.0,66.4,4049888.14886087,260833705.03364474
2020-06-14 09:00:00,66.4,69.3,61.8,63.6,11487683.24126227,760777938.9243603
2020-06-15 09:00:00,63.6,68.0,57.6,65.1,12900353.46550856,808943541.6802727
2020-06-16 09:00:00,65.3,65.3,62.1,63.1,6384369.0901991,402810551.0817479
2020-06-17 09:00:00,63.1,63.8,60.5,62.9,7198020.98284754,448474268.7923621
2020-06-18 09:00:00,62.8,64.5,62.2,64.0,7277626.13872548,461103821.99524343
2020-06-19 09:00:00,64.0,67.0,60.4,63.9,9225707.66887869,592084836.1570816
2020-06-20 09:00:00,63.8,66.5,63.5,65.0,6839439.79508627,442324806.2499634
2020-06-21 09:00:00,65.4,69.5,64.8,66.1,10249487.68141649,685754649.8602952
2020-06-22 09:00:00,65.8,67.3,65.3,66.3,5311003.5967816,351745824.29013985
2020-06-23 09:00:00,66.3,67.1,63.9,64.0,3341216.64237965,217642016.3576455
2020-06-24 09:00:00,64.2,64.8,59.9,60.7,4123413.63819425,254223082.72108072
2020-06-25 09:00:00,60.8,63.7,57.1,59.4,4084897.47443982,244018438.3459815
2020-06-26 09:00:00,59.4,65.2,58.8,62.2,10874998.06142262,681001854.3142761
2020-06-27 09:00:00,62.0,62.6,57.0,57.7,2517009.43509116,151929212.00894183
2020-06-28 09:00:00,57.8,59.3,55.5,58.3,2842637.52581944,163371938.5876382
2020-06-29 09:00:00,58.1,58.6,56.7,57.8,787559.95119202,45417509.86249381
2020-06-30 09:00:00,58.1,59.1,56.3,56.7,2189168.03087811,125631580.05692694
2020-07-01 09:00:00,56.7,57.7,56.0,57.4,1797292.52818716,101788687.40573363
2020-07-02 09:00:00,57.5,57.9,55.8,56.1,1731075.9991023,98224173.95482193
2020-07-03 09:00:00,56.1,59.7,55.9,59.7,1096407.13395525,62760768.81069904
2020-07-04 09:00:00,59.7,60.8,57.5,59.7,2063989.00090945,121819864.92873602
2020-07-05 09:00:00,59.4,61.2,58.5,61.2,1435279.3404157,85752137.70690063
2020-07-06 09:00:00,60.5,63.4,59.7,61.5,4556486.09077168,280927793.5226684
2020-07-07 09:00:00,62.1,63.5,59.2,60.5,3783514.92047788,231927247.08647487
2020-07-08 09:00:00,60.3,63.8,59.9,63.4,8812568.7142161,544661286.491994
2020-07-09 09:00:00,63.4,65.5,60.6,63.2,10628653.10961243,677426393.5310423
2020-07-10 09:00:00,63.0,63.1,60.5,62.2,3156238.02887218,193838871.13333422
2020-07-11 09:00:00,62.3,63.8,61.6,63.3,3595088.6897408,225297730.72576517
2020-07-12 09:00:00,63.3,63.5,61.6,62.6,1078149.61467467,67481297.55772674
2020-07-13 09:00:00,62.5,65.0,61.8,62.3,3747849.52121144,237988630.97140977
2020-07-14 09:00:00,62.5,63.5,60.1,61.0,4435355.42533581,271430542.45312285
2020-07-15 09:00:00,61.7,65.0,60.9,64.2,6585638.08528978,416400876.6017787
2020-07-16 09:00:00,64.2,77.4,62.7,72.7,33910373.33228672,2403389253.901078
2020-07-17 09:00:00,72.7,77.8,68.2,70.4,28452709.98508243,2066760841.8535235
2020-07-18 09:00:00,70.4,71.0,66.5,69.7,12430355.70050279,849427442.9394333
2020-07-19 09:00:00,69.7,69.7,66.1,67.2,7620363.89017202,513566139.9361512
2020-07-20 09:00:00,67.2,75.5,66.4,71.3,29246444.28349178,2062693253.0998318
2020-07-21 09:00:00,71.3,72.9,68.1,71.0,9443563.60656809,664221672.209638
2020-07-22 09:00:00,71.0,74.3,69.5,70.3,8491417.16676312,611668224.139981
2020-07-23 09:00:00,70.6,77.3,70.4,73.5,32450891.12792763,2384272523.2533693
2020-07-24 09:00:00,73.6,74.1,70.4,71.2,7000597.43942584,505050973.03364605
2020-07-25 09:00:00,71.0,72.5,67.7,69.2,7297582.59382852,511198609.0043737
2020-07-26 09:00:00,69.0,70.0,65.6,66.3,9211119.86111671,624068609.1954215
2020-07-27 09:00:00,66.2,71.6,58.5,61.9,26392590.38989684,1738196451.7825096
2020-07-28 09:00:00,61.9,66.1,60.7,64.6,7954365.47750356,505342576.20350176
2020-07-29 09:00:00,64.6,69.1,63.5,68.5,10626239.02435584,703497734.3403006
2020-07-30 09:00:00,68.2,70.9,66.9,68.0,13837437.2257866,946265412.0727745
2020-07-31 09:00:00,67.8,68.4,66.1,67.0,7092201.42193054,477530360.68558997
2020-08-01 09:00:00,67.1,68.1,66.0,67.0,5283494.64274867,352743000.97130084
2020-08-02 09:00:00,67.0,70.5,63.2,65.6,16200153.24559578,1084432752.636667
2020-08-03 09:00:00,65.8,69.3,65.1,65.9,5989592.70776292,401827175.28659755
2020-08-04 09:00:00,66.1,70.2,65.8,69.1,10493651.6906214,707127445.1710473
2020-08-05 09:00:00,69.1,72.4,68.0,71.6,19870694.9743922,1393930605.3975396
2020-08-06 09:00:00,71.6,79.7,70.8,78.8,20277134.0402293,1535274150.7033281
2020-08-07 09:00:00,78.6,84.0,77.0,81.9,14178942.93445271,1124063885.3623855
2020-08-08 09:00:00,81.8,84.5,80.0,80.7,9277214.42066068,758701117.2299263
2020-08-09 09:00:00,80.7,82.1,76.6,81.6,13585947.28848626,1077363757.529157
2020-08-10 09:00:00,81.6,89.0,77.0,86.8,24484668.65090203,1995362965.4120023
2020-08-11 09:00:00,86.7,94.7,79.3,81.6,49197313.28085243,4367054844.916943
2020-08-12 09:00:00,81.6,84.2,74.6,82.3,13207853.71346576,1034656315.8662626
2020-08-13 09:00:00,82.3,82.6,77.6,79.7,5492207.6845414,438680264.8277869
2020-08-14 09:00:00,79.7,82.4,78.6,80.0,8192475.57852183,657752280.7228806
2020-08-15 09:00:00,80.0,80.1,77.6,78.1,3602794.14086913,283274259.0967407
2020-08-16 09:00:00,78.2,79.6,76.6,79.3,4589597.83587306,356681356.1636776
2020-08-17 09:00:00,79.3,84.3,78.7,82.2,15614127.64079686,1273119688.3914657
2020-08-18 09:00:00,82.0,102.0,81.5,89.2,109444442.05866969,10156876223.119623
2020-08-19 09:00:00,89.6,90.0,77.7,80.3,28656122.02025298,2381888905.331189
2020-08-20 09:00:00,80.1,87.9,77.1,86.2,22779674.17134894,1872536863.9567864
2020-08-21 09:00:00,86.0,89.5,80.0,82.1,20934244.07329334,1784603563.629169
2020-08-22 09:00:00,82.1,92.4,79.1,91.7,11244033.87772792,962251429.8116255
2020-08-23 09:00:00,91.6,96.1,86.0,91.3,26257215.98430494,2404099170.4177732
2020-08-24 09:00:00,91.4,94.9,87.5,92.6,12879283.08753838,1180414058.4275248
2020-08-25 09:00:00,92.8,98.1,87.1,96.4,21925831.84560181,2053352644.738997
2020-08-26 09:00:00,96.9,115.0,91.8,105.0,40325269.69908796,4046131852.4188995
2020-08-27 09:00:00,105.0,106.0,89.0,94.9,20795381.75382883,2017644154.0995464
2020-08-28 09:00:00,94.6,99.0,89.9,91.9,13922853.0681673,1305172771.5199223
2020-08-29 09:00:00,91.7,95.9,88.8,95.2,15122540.29088195,1380057341.6390092
2020-08-30 09:00:00,95.0,103.0,93.1,101.0,17737365.58883005,1746177398.6867578
2020-08-31 09:00:00,100.0,105.0,96.4,102.0,12223142.05398429,1223829495.7076967
2020-09-01 09:00:00,101.0,103.0,94.4,95.3,9887223.36498835,961311867.694652
2020-09-02 09:00:00,96.4,97.0,86.7,90.8,12232621.70903172,1114179514.3473437
2020-09-03 09:00:00,90.9,91.2,69.3,70.5,17216863.26709878,1392522266.9485464
2020-09-04 09:00:00,70.4,77.8,69.2,74.5,11950524.34796892,866819586.406199
2020-09-05 09:00:00,74.3,75.4,65.0,66.8,11132261.57849428,763406996.6152949
2020-09-06 09:00:00,67.0,68.5,63.6,67.2,4828241.88142691,319839708.59423065
2020-09-07 09:00:00,67.8,69.4,61.7,68.0,5807335.79320332,379124789.6537033
2020-09-08 09:00:00,67.9,75.4,63.3,66.7,8160017.17637805,543719650.2021499
2020-09-09 09:00:00,66.5,71.4,65.5,70.1,7857723.43100253,540737260.6209766
2020-09-10 09:00:00,71.0,80.7,69.8,78.9,14831497.67788078,1125407435.7372136
2020-09-11 09:00:00,78.8,81.0,71.7,78.9,8445198.89052117,637937749.1043994
2020-09-12 09:00:00,79.6,82.6,78.9,80.7,4620730.29952574,372667468.68631774
2020-09-13 09:00:00,80.6,83.5,72.2,75.3,7552328.14505608,593515433.2629492
2020-09-14 09:00:00,75.0,77.9,73.8,76.9,2781498.72785137,210148061.91492212
2020-09-15 09:00:00,76.9,78.0,72.0,72.6,5310881.21519425,397727015.60064346
2020-09-16 09:00:00,72.7,74.2,69.9,71.8,3844339.46273654,275557554.40070236
2020-09-17 09:00:00,71.8,79.5,71.0,77.1,10949093.25931336,822909835.3979845
2020-09-18 09:00:00,77.2,80.0,74.0,76.7,15353971.09430128,1185720573.4928825
2020-09-19 09:00:00,76.7,80.8,76.3,78.0,4843526.06755887,378899772.92373645
2020-09-20 09:00:00,78.0,81.7,75.0,76.9,7231419.39702132,568181503.1515992
2020-09-21 09:00:00,77.0,79.0,64.5,67.4,10300275.26398188,732448659.2593555
2020-09-22 09:00:00,67.0,67.7,63.8,65.3,2669397.26443727,174338918.20572382
2020-09-23 09:00:00,65.5,78.0,59.7,59.9,109938655.55237658,7871555124.935856
2020-09-24 09:00:00,59.9,63.4,57.7,62.7,7348115.77437097,436487385.4308518
2020-09-25 09:00:00,62.7,63.2,59.4,62.4,5319946.73219535,323523014.8374032
2020-09-26 09:00:00,62.4,63.8,61.0,62.7,3264182.85255859,203580563.90939438
2020-09-27 09:00:00,63.0,63.8,59.1,61.1,4241330.60664813,258309585.113659
2020-09-28 09:00:00,61.1,64.0,60.3,61.6,5302275.38341766,327312280.0529477
2020-09-29 09:00:00,61.6,62.2,60.1,60.8,4189262.80448699,256587708.04186904
2020-09-30 09:00:00,60.8,61.2,59.0,59.6,2552121.17528851,152489157.33765593
2020-10-01 09:00:00,59.6,60.9,55.7,57.1,5973187.36606055,352035275.3770708
2020-10-02 09:00:00,57.1,59.0,53.2,55.3,5660605.5090264,315166813.4286719
2020-10-03 09:00:00,55.3,57.3,54.8,55.3,1289526.97242338,72223856.25370064
2020-10-04 09:00:00,55.6,55.7,54.2,55.0,1294892.21371521,71226343.40866472
2020-10-05 09:00:00,55.1,57.1,54.6,56.3,2525024.73366636,141049999.76190445
2020-10-06 09:00:00,56.3,56.6,53.2,53.7,2757178.00856104,150861906.5354109
2020-10-07 09:00:00,53.8,55.2,50.9,52.6,4452288.78388605,233891924.27804357
2020-10-08 09:00:00,52.6,55.8,52.0,54.1,9303264.84023621,502548780.3385553
2020-10-09 09:00:00,54.0,59.3,53.6,58.4,6538452.35695776,368632476.78588927
2020-10-10 09:00:00,58.2,63.7,57.6,60.1,8433832.05949075,510068058.31780505
2020-10-11 09:00:00,60.1,74.0,57.8,61.4,68064068.0641436,4500309082.44647
2020-10-12 09:00:00,61.4,63.1,58.9,60.9,7327898.44402132,445310408.652516
2020-10-13 09:00:00,60.8,61.0,58.9,59.7,2227223.58874441,133255929.52966541
2020-10-14 09:00:00,59.3,61.4,56.9,57.8,4870441.47467723,290215696.0678423
2020-10-15 09:00:00,57.8,58.0,54.9,56.3,1592470.99845499,90001263.61591832
2020-10-16 09:00:00,56.3,56.8,53.1,54.1,3362010.53439191,181949054.28882277
2020-10-17 09:00:00,54.1,55.5,53.8,55.5,675363.8846831,36828499.16498509
2020-10-18 09:00:00,55.5,58.4,54.4,55.6,1181784.93617449,65560269.49661054
2020-10-19 09:00:00,55.6,56.5,54.2,55.9,1112674.53450189,61360030.45127406
2020-10-20 09:00:00,56.1,56.5,55.0,56.2,1256433.46531843,69908885.50911134
2020-10-21 09:00:00,55.7,58.4,54.9,57.4,3923447.15503159,222225623.46376377
2020-10-22 09:00:00,57.4,58.9,56.0,57.8,1872015.10517455,107671772.73334067
2020-10-23 09:00:00,57.9,68.0,56.6,59.3,21330282.09032933,1327658761.7670348
2020-10-24 09:00:00,59.3,66.9,59.2,61.9,20426047.82101664,1281821056.8744128
2020-10-25 09:00:00,61.9,62.6,58.1,58.7,5767781.1688123,346697194.05267394
2020-10-26 09:00:00,58.8,61.0,57.0,58.3,5144741.59069116,303546035.5616299
2020-10-27 09:00:00,57.9,71.0,56.5,59.3,74076800.71488188,4686268691.305006
2020-10-28 09:00:00,59.3,61.8,56.0,56.9,11676825.05788559,684447598.8180763
2020-10-29 09:00:00,56.8,57.8,54.8,55.2,3134853.68719556,175446586.00240633
2020-10-30 09:00:00,55.2,57.7,52.8,53.4,7738305.23461493,419295700.4060583
2020-10-31 09:00:00,53.5,55.7,53.0,53.8,2556647.49906462,137816411.55447778
2020-11-01 09:00:00,53.9,54.4,52.5,53.8,2760643.77286587,147292595.00721544
2020-11-02 09:00:00,53.6,64.0,53.2,57.4,33397956.09613111,1931899481.5125632
2020-11-03 09:00:00,57.5,57.6,52.2,53.4,6874646.5299155,368544644.0461945
2020-11-04 09:00:00,53.4,54.4,51.9,53.6,3616556.95409497,191084518.2946355
2020-11-05 09:00:00,53.3,54.8,52.2,54.3,4540792.10895199,243085093.03261065
2020-11-06 09:00:00,54.2,60.6,53.5,59.6,14957208.50464873,854176178.7755797
2020-11-07 09:00:00,59.6,62.3,55.5,56.3,17580442.67465686,1045968305.3652854
2020-11-08 09:00:00,56.5,58.3,55.8,57.8,4028808.13147307,230144410.6264593
2020-11-09 09:00:00,58.0,66.0,56.5,63.5,32000263.79632594,1962510309.4207113
2020-11-10 09:00:00,63.4,64.9,60.5,63.0,14636156.31116107,921693406.6841054
2020-11-11 09:00:00,62.6,64.0,60.6,61.6,9569794.02386586,595156212.1281642
2020-11-12 09:00:00,61.6,62.7,58.7,59.0,6530688.26626352,396041298.39932495
2020-11-13 09:00:00,59.1,60.9,58.7,60.0,4603356.91743089,275829828.921985
2020-11-14 09:00:00,60.2,68.4,60.0,62.3,42375165.7424478,2710184503.1383495
2020-11-15 09:00:00,62.6,65.0,59.7,60.8,10510143.5887859,655592712.5758766
2020-11-16 09:00:00,60.6,61.1,59.4,60.4,3808872.82461115,229238907.05658406
2020-11-17 09:00:00,60.3,63.9,59.1,60.6,15223998.9669177,943668461.7094765
2020-11-18 09:00:00,60.6,60.9,56.4,58.1,7814018.82784991,453776665.13189495
2020-11-19 09:00:00,58.1,61.9,56.6,58.6,14756596.53822221,874079370.366613
2020-11-20 09:00:00,58.6,60.0,57.8,59.0,6440161.33397921,378399339.9451025
2020-11-21 09:00:00,59.0,62.0,57.7,62.0,14274118.46241898,858350595.812043
2020-11-22 09:00:00,62.0,66.5,60.0,64.7,23258831.83581679,1462856589.2347555
2020-11-23 09:00:00,64.7,66.7,61.6,66.7,10604407.19629976,682700667.0496638
2020-11-24 09:00:00,66.7,76.0,65.1,72.5,28305272.84198762,1995075589.499421
2020-11-25 09:00:00,72.8,87.0,70.2,79.3,97981731.72909199,7863209895.337084
2020-11-26 09:00:00,79.3,107.0,68.2,73.9,313793462.9926043,27798371692.67497
2020-11-27 09:00:00,74.0,77.2,65.3,72.6,57251312.82382554,4034001406.030293
2020-11-28 09:00:00,72.6,82.9,71.6,75.2,117557384.09224202,8872920122.252638
2020-11-29 09:00:00,75.3,77.6,71.8,74.6,46233060.85868012,3472070948.8308315
2020-11-30 09:00:00,74.6,94.5,74.2,79.9,333923045.9131024,27767463124.306763
2020-12-01 09:00:00,79.9,87.5,74.3,79.2,175953173.115659,14433118235.582985
2020-12-02 09:00:00,79.2,82.3,74.6,80.2,37508731.69227719,2923982005.8856792
2020-12-03 09:00:00,80.0,85.4,77.7,80.4,46850222.03686978,3807664434.253872
2020-12-04 09:00:00,80.3,80.6,71.3,71.9,13776463.97516786,1041438251.996873
2020-12-05 09:00:00,71.9,76.5,71.0,74.2,13565728.42813796,995597577.0810019
2020-12-06 09:00:00,74.2,81.6,73.8,76.5,29097845.39214713,2238957851.398349
2020-12-07 09:00:00,76.4,76.7,73.5,75.4,7703336.67751055,573397219.5967898
2020-12-08 09:00:00,75.4,77.0,68.7,69.1,13359235.4604249,977592312.7425536
2020-12-09 09:00:00,69.1,72.5,63.6,71.4,10801760.10515858,736633508.8721837
2020-12-10 09:00:00,71.4,72.0,66.4,67.9,6092845.78937597,415293785.06296384
2020-12-11 09:00:00,67.9,69.9,64.6,64.7,5605764.49363066,372691666.646848
2020-12-12 09:00:00,64.6,69.8,64.1,68.1,5535382.51250824,367753743.5613336
2020-12-13 09:00:00,68.4,72.5,67.3,70.6,18007882.56774295,1263952830.5040703
2020-12-14 09:00:00,70.6,73.5,70.0,72.2,12063851.18769324,864677338.9239739
2020-12-15 09:00:00,72.2,77.4,69.7,74.1,11047337.97362884,819323652.3343177
2020-12-16 09:00:00,74.0,75.0,71.0,74.1,5876167.04283389,427183938.15612173
2020-12-17 09:00:00,74.1,79.0,72.7,74.1,16327872.51077105,1233718813.0901966
2020-12-18 09:00:00,74.2,79.0,72.5,77.3,12932418.5927667,986434607.0197107
2020-12-19 09:00:00,77.6,87.7,77.1,82.1,74902622.04487652,6176729235.137592
2020-12-20 09:00:00,82.4,100.0,79.0,81.2,216017391.3989652,19288259303.221146
2020-12-21 09:00:00,81.0,83.5,73.1,77.0,23087149.61358306,1794679549.0336592
2020-12-22 09:00:00,76.9,77.7,73.1,77.3,7128766.85335729,539027167.012855
2020-12-23 09:00:00,77.2,79.2,68.4,69.3,11419111.22001135,836523966.5458738
2020-12-24 09:00:00,69.3,78.5,67.3,78.4,10900981.15516622,786523911.8018414
2020-12-25 09:00:00,78.4,78.4,71.5,74.0,13410869.24129837,1006724730.1478794
2020-12-26 09:00:00,74.0,74.2,71.5,72.8,5802228.46280411,420361350.2157912
2020-12-27 09:00:00,72.9,82.4,71.4,74.1,44142196.07350136,3363832524.375645
2020-12-28 09:00:00,74.3,78.9,73.6,75.8,14720581.67737688,1117557098.9945393
2020-12-29 09:00:00,75.8,75.8,69.8,72.1,10351407.09142588,741233493.1680502
2020-12-30 09:00:00,72.1,95.0,71.0,81.2,103094379.39760523,8244947751.059463
2020-12-31 09:00:00,81.1,81.6,76.3,79.4,22748474.04669929,1779808296.1940558
2021-01-01 09:00:00,79.4,94.9,78.3,91.7,163602027.19755337,14330350338.335674
2021-01-02 09:00:00,91.9,98.9,82.5,84.8,50595951.32071942,4458358317.671338
2021-01-03 09:00:00,84.8,88.1,82.0,87.9,33559495.60005009,2853358641.935149
2021-01-04 09:00:00,87.9,90.0,75.4,82.2,24523392.08928692,2040250021.1891468
2021-01-05 09:00:00,82.0,83.3,78.6,82.1,11184834.21364965,907202975.6944916
2021-01-06 09:00:00,82.1,88.0,80.5,87.4,34249019.87360427,2884705631.259797
2021-01-07 09:00:00,87.3,108.0,85.2,104.0,157927611.70434988,15495733074.771498
2021-01-08 09:00:00,104.0,104.0,88.1,97.2,47785382.94594536,4555887585.93205
2021-01-09 09:00:00,97.2,105.0,92.1,102.0,29993368.02185025,2897813161.2197804
2021-01-10 09:00:00,101.0,102.0,90.1,96.0,32217528.27415839,3093654544.970886
2021-01-11 09:00:00,96.0,98.6,74.8,82.8,21528557.77311553,1842490834.0245214
2021-01-12 09:00:00,82.9,85.0,76.2,80.8,14137568.09526538,1137042388.6987643
2021-01-13 09:00:00,80.6,87.6,78.4,86.6,11572737.80550443,944829336.9875151
2021-01-14 09:00:00,86.6,101.0,83.5,89.7,86847297.49941386,8036155127.733762
2021-01-15 09:00:00,89.7,95.3,81.4,87.7,23441106.73812466,2062616917.8611712
2021-01-16 09:00:00,87.7,94.1,86.2,91.6,19774834.62716104,1781900537.2079196
2021-01-17 09:00:00,91.5,115.0,86.9,93.1,97817118.59853908,9521955046.684301
2021-01-18 09:00:00,93.0,95.6,88.6,94.3,16077382.01050013,1473078341.289979
2021-01-19 09:00:00,94.3,98.8,92.5,97.0,22035002.44845263,2114794185.7966914
2021-01-20 09:00:00,97.0,97.9,89.1,95.1,16012903.86458424,1483143284.976625
2021-01-21 09:00:00,95.1,102.0,85.4,85.8,31739094.92787911,2972122228.038763
2021-01-22 09:00:00,85.9,95.9,80.0,91.3,20074549.27890585,1761471849.477016
2021-01-23 09:00:00,91.3,94.8,87.5,92.2,8314132.94127145,759928710.7944156
2021-01-24 09:00:00,92.2,93.3,89.4,92.2,5355612.50190421,488601860.8140899
2021-01-25 09:00:00,92.2,92.3,89.5,91.1,5880295.28397569,535608994.90878725
2021-01-26 09:00:00,91.1,93.7,86.4,89.3,7958254.05596234,711347491.832501
2021-01-27 09:00:00,89.2,89.4,80.1,82.0,7827816.12661837,653144252.5582085
2021-01-28 09:00:00,81.9,87.4,80.0,86.2,7035520.24117745,590245311.1987864
2021-01-29 09:00:00,86.6,93.6,83.2,88.1,15283569.9212228,1351062684.5059147
2021-01-30 09:00:00,88.1,88.4,83.3,85.8,5783782.8538652,496717601.5679428
2021-01-31 09:00:00,85.8,88.4,84.1,86.9,5854662.09180566,503757269.73649514
2021-02-01 09:00:00,86.8,88.5,84.6,88.1,6047093.1334819,522895265.0447318
2021-02-02 09:00:00,87.9,92.0,86.7,89.2,6753149.96209097,602690788.6874166
2021-02-03 09:00:00,89.6,97.2,89.2,93.3,21637985.46099456,2006081581.0999577
2021-02-04 09:00:00,93.3,95.1,85.1,92.8,11842945.52408667,1085289086.4045286
2021-02-05 09:00:00,92.7,103.0,91.6,103.0,31450026.4171586,3106698364.6650662
2021-02-06 09:00:00,103.0,128.0,96.6,112.0,114019042.78305109,12966966476.092613
2021-02-07 09:00:00,113.0,113.0,99.3,104.0,25684319.06890524,2694282236.9678955
2021-02-08 09:00:00,104.0,113.0,101.0,107.0,22906643.82075913,2446252911.6176105
2021-02-09 09:00:00,108.0,120.0,107.0,113.0,24839783.70302547,2769283289.167883
2021-02-10 09:00:00,113.0,131.0,111.0,122.0,62966824.01220074,7640323853.403197
2021-02-11 09:00:00,122.0,142.0,120.0,136.0,50091690.64067705,6687506152.841363
2021-02-12 09:00:00,137.0,144.0,130.0,142.0,25406899.10045727,3477673218.824908
2021-02-13 09:00:00,141.0,154.0,134.0,151.0,31767157.00808374,4576723687.839192
2021-02-14 09:00:00,151.0,153.0,134.0,146.0,27246237.34343295,3978778871.294846
2021-02-15 09:00:00,146.0,226.0,144.0,204.0,549781419.1428255,109032839527.08182
2021-02-16 09:00:00,205.0,212.0,184.0,193.0,108912376.1393889,21551948051.171043
2021-02-17 09:00:00,193.0,194.0,173.0,185.0,63610089.39453354,11676542925.220003
2021-02-18 09:00:00,185.0,230.0,184.0,229.0,106819353.57031249,21816972791.16729
2021-02-19 09:00:00,229.0,295.0,200.0,233.0,78090867.5461627,17841858348.202377
2021-02-20 09:00:00,233.0,236.0,213.0,219.0,46454069.28886828,10425563933.743635
2021-02-21 09:00:00,220.0,277.0,216.0,237.0,149339092.8062032,36705661607.97734
2021-02-22 09:00:00,236.0,245.0,178.0,213.0,61365643.61011662,12931050181.459707
2021-02-23 09:00:00,212.0,213.0,137.0,161.0,47362195.75542607,7736830882.343016
2021-02-24 09:00:00,167.0,197.0,140.0,173.0,52458009.39961858,8888961727.738224
2021-02-25 09:00:00,173.0,203.0,172.0,176.0,79010701.51977003,14848371893.134604
2021-02-26 09:00:00,176.0,183.0,160.0,179.0,26750965.8862669,4610824840.050368
2021-02-27 09:00:00,179.0,206.0,175.0,192.0,55291208.74574613,10512649459.69652
2021-02-28 09:00:00,193.0,206.0,161.0,181.0,43743742.59716758,8078550369.377977
2021-03-01 09:00:00,182.0,245.0,182.0,200.0,209039725.23687255,42848909021.53085
2021-03-02 09:00:00,200.0,201.0,189.0,200.0,23751597.14514342,4606592583.25925
2021-03-03 09:00:00,200.0,216.0,194.0,211.0,42020315.26362318,8623256263.603857
2021-03-04 09:00:00,211.0,221.0,200.0,220.0,51949295.57978365,10990232175.076456
2021-03-05 09:00:00,219.0,252.0,201.0,249.0,54096968.14259192,12104996662.379826
2021-03-06 09:00:00,249.0,251.0,220.0,239.0,40500027.14603694,9505264485.915268
2021-03-07 09:00:00,239.0,244.0,226.0,237.0,23040826.97381526,5367883367.626234
2021-03-08 09:00:00,237.0,237.0,219.0,237.0,29073134.39651058,6616568722.786187
2021-03-09 09:00:00,237.0,271.0,228.0,262.0,104229847.17371973,26396919837.515556
2021-03-10 09:00:00,261.0,262.0,233.0,250.0,32597335.80591174,8146701846.310547
2021-03-11 09:00:00,250.0,252.0,235.0,249.0,24310241.16259632,5957269385.087795
2021-03-12 09:00:00,250.0,278.0,242.0,265.0,69598545.478507,18374507807.44808
2021-03-13 09:00:00,266.0,283.0,251.0,269.0,46880317.88972285,12541359286.27744
2021-03-14 09:00:00,269.0,333.0,261.0,293.0,139383674.63821793,42113737566.03583
2021-03-15 09:00:00,293.0,308.0,258.0,283.0,46135044.93899708,12957752444.312714
2021-03-16 09:00:00,283.0,290.0,260.0,288.0,28215172.83108377,7674206970.850518
2021-03-17 09:00:00,295.0,341.0,262.0,307.0,108975467.0672259,33079233810.189346
2021-03-18 09:00:00,309.0,327.0,293.0,316.0,49359646.27803689,15479311261.117844
2021-03-19 09:00:00,316.0,329.0,298.0,328.0,36026756.44266267,11367334017.70837
2021-03-20 09:00:00,328.0,354.0,308.0,313.0,41348992.93133665,13860730826.23412
2021-03-21 09:00:00,314.0,342.0,306.0,328.0,35344499.79970107,11440488523.226816
2021-03-22 09:00:00,328.0,369.0,313.0,336.0,51506154.92915912,17488733554.466343
2021-03-23 09:00:00,335.0,359.0,299.0,358.0,49689191.08324053,16186955121.983873
2021-03-24 09:00:00,357.0,387.0,313.0,322.0,40717825.36535264,14009670353.325922
2021-03-25 09:00:00,323.0,331.0,286.0,305.0,27457985.10294091,8423710667.593537
2021-03-26 09:00:00,305.0,322.0,302.0,321.0,20588258.08045578,6397828440.935681
2021-03-27 09:00:00,319.0,349.0,312.0,347.0,24863136.0324468,8171452355.549948
2021-03-28 09:00:00,349.0,387.0,341.0,374.0,67965999.05620182,24946120779.939255
2021-03-29 09:00:00,374.0,478.0,357.0,423.0,92380767.95743039,37160965830.690384
2021-03-30 09:00:00,423.0,530.0,403.0,484.0,116548701.82698505,54341627297.356995
2021-03-31 09:00:00,484.0,519.0,411.0,471.0,58512877.06793688,27632924774.96019
2021-04-01 09:00:00,472.0,540.0,467.0,501.0,78632745.66070351,39688512555.36867
2021-04-02 09:00:00,501.0,532.0,472.0,512.0,57487149.56135974,28165404945.51585
2021-04-03 09:00:00,512.0,518.0,446.0,461.0,42007921.79583673,20271419370.86689
2021-04-04 09:00:00,461.0,614.0,460.0,530.0,219735123.47861552,115576552353.72006
2021-04-05 09:00:00,529.0,536.0,477.0,499.0,41768748.11629549,21083769954.52944
2021-04-06 09:00:00,497.0,520.0,430.0,480.0,29105276.04042419,13758432959.567408
2021-04-07 09:00:00,481.0,486.0,300.0,395.0,45606590.66716002,18106021732.004967
2021-04-08 09:00:00,394.0,444.0,370.0,444.0,25496663.4848311,10455122601.918463
2021-04-09 09:00:00,442.0,750.0,423.0,642.0,341592885.6299264,196625491906.41104
2021-04-10 09:00:00,650.0,1075.0,647.0,746.0,1266412242.7891324,1122894474838.0715
2021-04-11 09:00:00,746.0,748.0,598.0,680.0,148635014.79765287,99314444713.09795
2021-04-12 09:00:00,680.0,680.0,612.0,633.0,47859879.19000006,30217935368.22421
2021-04-13 09:00:00,633.0,755.0,601.0,639.0,220317149.303468,148382705072.15186
2021-04-14 09:00:00,639.0,643.0,550.0,594.0,49239068.40018038,28748528024.054905
2021-04-15 09:00:00,594.0,616.0,561.0,616.0,31511794.69151938,18484352689.71153
2021-04-16 09:00:00,616.0,616.0,541.0,578.0,38793173.22119521,22155420111.4996
2021-04-17 09:00:00,577.0,579.0,544.0,574.0,23256541.22566557,13016625595.63723
2021-04-18 09:00:00,574.0,576.0,453.0,518.0,47651615.53939773,24131639792.42781
2021-04-19 09:00:00,518.0,541.0,460.0,464.0,36387558.2257017,18133483230.148716
2021-04-20 09:00:00,463.0,643.0,390.0,566.0,438846468.3750913,236207791303.9048
2021-04-21 09:00:00,564.0,575.0,493.0,506.0,85395837.00361606,44050327382.3122
2021-04-22 09:00:00,506.0,509.0,350.0,372.0,56643907.25253006,24920369760.75416
2021-04-23 09:00:00,373.0,395.0,271.0,361.0,50205133.74001122,16287654039.657469
2021-04-24 09:00:00,361.0,436.0,337.0,368.0,136995938.12156066,52380548958.760056
2021-04-25 09:00:00,368.0,418.0,335.0,378.0,84675449.82527879,32306439158.597355
2021-04-26 09:00:00,377.0,427.0,354.0,427.0,64573769.5849533,25880762559.32749
2021-04-27 09:00:00,427.0,472.0,403.0,468.0,66652564.83446357,29303192578.781647
2021-04-28 09:00:00,467.0,523.0,400.0,450.0,89112116.35903604,41017305423.602295
2021-04-29 09:00:00,465.0,522.0,422.0,465.0,80992427.3396047,37575382172.93961
2021-04-30 09:00:00,465.0,509.0,436.0,486.0,62331928.96931751,28864102280.64239
2021-05-01 09:00:00,486.0,486.0,455.0,482.0,35951165.21510675,16897002016.991846
2021-05-02 09:00:00,482.0,483.0,444.0,480.0,32637517.77598837,15170958769.37696
2021-05-03 09:00:00,479.0,492.0,465.0,484.0,44955748.45407572,21467874360.99881
2021-05-04 09:00:00,484.0,550.0,426.0,450.0,108110957.9418669,52676172392.36834
2021-05-05 09:00:00,450.0,463.0,428.0,461.0,29323684.46826005,13009278810.307983
2021-05-06 09:00:00,461.0,500.0,444.0,497.0,51199744.39855209,24068549372.103016
2021-05-07 09:00:00,498.0,634.0,455.0,519.0,152587714.47182068,81744773244.33218
2021-05-08 09:00:00,517.0,555.0,486.0,532.0,69182968.8509137,35825439469.2519
2021-05-09 09:00:00,531.0,562.0,502.0,521.0,50492824.4051786,26692153356.5342
2021-05-10 09:00:00,520.0,524.0,450.0,459.0,40293755.85006176,19902528992.09466
2021-05-11 09:00:00,460.0,485.0,423.0,472.0,51221148.61581703,23442016148.185036
2021-05-12 09:00:00,472.0,485.0,390.0,391.0,36393228.43017633,16605071264.967115
2021-05-13 09:00:00,395.0,425.0,382.0,407.0,47505144.46948208,19195043835.65501
2021-05-14 09:00:00,406.0,430.0,393.0,422.0,20092801.91228901,8251666661.830341
2021-05-15 09:00:00,422.0,430.0,387.0,398.0,16744484.96949346,6832589613.015254
2021-05-16 09:00:00,398.0,422.0,367.0,393.0,20962610.52328179,8404474198.96296
2021-05-17 09:00:00,394.0,415.0,318.0,368.0,60358207.01246589,22464828503.29539
2021-05-18 09:00:00,368.0,409.0,350.0,387.0,57102217.1573054,21729545330.670387
2021-05-19 09:00:00,387.0,400.0,202.0,287.0,66867888.7871308,21335573619.899406
2021-05-20 09:00:00,293.0,324.0,248.0,322.0,39657421.23443384,11424460817.603714
2021-05-21 09:00:00,320.0,398.0,279.0,338.0,142321379.65602678,48010947819.54436
2021-05-22 09:00:00,339.0,439.0,282.0,347.0,265697621.32974365,95862020840.68459
2021-05-23 09:00:00,347.0,348.0,214.0,269.0,64206501.19956679,18067432631.07691
2021-05-24 09:00:00,269.0,293.0,223.0,285.0,37558815.01106955,9771617995.993145
2021-05-25 09:00:00,288.0,305.0,249.0,277.0,32268214.8770644,8861368722.359312
2021-05-26 09:00:00,277.0,294.0,268.0,294.0,38840028.95870263,10983152470.656975
2021-05-27 09:00:00,295.0,319.0,273.0,302.0,60274341.94290248,17986747689.658382
2021-05-28 09:00:00,302.0,313.0,254.0,273.0,26357124.33891622,7391095040.798821
2021-05-29 09:00:00,272.0,310.0,244.0,261.0,45511256.68286641,12662766406.795156
2021-05-30 09:00:00,263.0,277.0,240.0,260.0,24670352.53027305,6378198085.328731
2021-05-31 09:00:00,260.0,263.0,244.0,263.0,8376807.14506259,2113788031.1925187
2021-06-01 09:00:00,262.0,263.0,248.0,257.0,10710833.42595252,2737517844.537556
2021-06-02 09:00:00,257.0,276.0,252.0,274.0,13778501.42484757,3617392015.959388
2021-06-03 09:00:00,274.0,281.0,266.0,279.0,9303044.92800881,2555037544.8806405
2021-06-04 09:00:00,278.0,279.0,249.0,259.0,12180235.06536966,3197249286.5024476
2021-06-05 09:00:00,259.0,264.0,248.0,253.0,5995659.75455289,1533858489.0520241
2021-06-06 09:00:00,253.0,275.0,247.0,258.0,25583072.07111234,6651759636.963023
2021-06-07 09:00:00,258.0,279.0,236.0,240.0,51578542.57703499,13685589529.669565
2021-06-08 09:00:00,243.0,245.0,207.0,226.0,17923945.16138572,4040056753.465945
2021-06-09 09:00:00,226.0,236.0,210.0,232.0,19521867.99027985,4387877339.634601
2021-06-10 09:00:00,232.0,250.0,226.0,240.0,25969435.34560314,6201996445.952129
2021-06-11 09:00:00,240.0,255.0,210.0,213.0,29613393.71156158,6985651663.265957
2021-06-12 09:00:00,213.0,220.0,184.0,191.0,15494883.57509712,3020775167.7986956
2021-06-13 09:00:00,191.0,204.0,183.0,201.0,9963380.33259422,1901311743.3848557
2021-06-14 09:00:00,203.0,238.0,198.0,211.0,78648830.70760772,16471979753.025362
2021-06-15 09:00:00,210.0,213.0,203.0,207.0,11019171.23623984,2274732728.7037354
2021-06-16 09:00:00,207.0,208.0,190.0,197.0,11811531.13912719,2342539238.080903
2021-06-17 09:00:00,197.0,201.0,190.0,195.0,7624706.63581997,1488192440.2495391
2021-06-18 09:00:00,193.0,200.0,182.0,189.0,18404278.32232397,3520040101.1031094
2021-06-19 09:00:00,188.0,189.0,178.0,180.0,5873256.33111714,1069953989.6342965
2021-06-20 09:00:00,180.0,185.0,158.0,178.0,17053572.32818124,2971446266.001485
2021-06-21 09:00:00,178.0,198.0,129.0,132.0,68943932.31326377,12078013282.883965
2021-06-22 09:00:00,131.0,144.0,102.0,119.0,34349843.17679318,4247644838.138884
2021-06-23 09:00:00,119.0,131.0,113.0,127.0,12634349.95670468,1571628089.0119162
2021-06-24 09:00:00,125.0,136.0,120.0,135.0,20685873.22438528,2650903028.5815315
2021-06-25 09:00:00,136.0,139.0,121.0,123.0,25852395.94378971,3354616444.1048374
2021-06-26 09:00:00,123.0,127.0,114.0,125.0,15717885.12012807,1909385019.4452512
2021-06-27 09:00:00,126.0,143.0,120.0,127.0,41705147.18489339,5316737655.991667
2021-06-28 09:00:00,127.0,142.0,122.0,141.0,54666998.09506119,7185044311.9231415
2021-06-29 09:00:00,141.0,159.0,138.0,154.0,42169887.32121509,6290321440.175758
2021-06-30 09:00:00,154.0,217.0,150.0,182.0,359443843.3176702,64903964807.34657
2021-07-01 09:00:00,182.0,235.0,171.0,216.0,405290592.8488553,84592191076.5733
2021-07-02 09:00:00,216.0,216.0,174.0,191.0,57336801.30378094,10922401412.364813
2021-07-03 09:00:00,191.0,202.0,183.0,202.0,61937865.52648937,11973891737.98927
2021-07-04 09:00:00,202.0,277.0,202.0,214.0,365106158.3660439,86923874548.27403
2021-07-05 09:00:00,213.0,217.0,195.0,207.0,45453397.92348944,9407935720.273932
2021-07-06 09:00:00,207.0,215.0,201.0,209.0,26146162.80249906,5409500973.406112
2021-07-07 09:00:00,209.0,210.0,200.0,208.0,18577231.11884224,3802146360.301705
2021-07-08 09:00:00,209.0,209.0,177.0,187.0,25843140.66349592,4956149619.837947
2021-07-09 09:00:00,196.0,212.0,182.0,192.0,69116533.79028146,13372819654.459702
2021-07-10 09:00:00,192.0,200.0,186.0,191.0,21657020.51222092,4160103428.501718
2021-07-11 09:00:00,190.0,196.0,183.0,194.0,15321582.8493472,2907101412.7001085
2021-07-12 09:00:00,195.0,212.0,190.0,195.0,54759286.85687123,10792014609.032627
2021-07-13 09:00:00,196.0,204.0,185.0,196.0,38884431.61260869,7577706788.216774
2021-07-14 09:00:00,196.0,196.0,178.0,188.0,20248687.76315354,3765012916.9043465
2021-07-15 09:00:00,188.0,198.0,181.0,192.0,62875237.04696011,11973640195.554832
2021-07-16 09:00:00,191.0,191.0,168.0,173.0,20516123.38381529,3641992507.4988046
2021-07-17 09:00:00,172.0,177.0,168.0,176.0,15672991.08626287,2715453160.601898
2021-07-18 09:00:00,175.0,178.0,171.0,175.0,7885866.87590041,1376331691.0021787
2021-07-19 09:00:00,176.0,179.0,158.0,161.0,16520641.45551674,2775343079.8366785
2021-07-20 09:00:00,161.0,166.0,139.0,149.0,30897978.01186468,4647489724.825963
2021-07-21 09:00:00,149.0,160.0,141.0,159.0,26320856.63995455,4012927051.355306
2021-07-22 09:00:00,158.0,166.0,154.0,164.0,19475265.41053023,3095641745.8288655
2021-07-23 09:00:00,165.0,167.0,157.0,165.0,17804637.01909524,2885565832.362811
2021-07-24 09:00:00,166.0,183.0,164.0,170.0,48714070.48792062,8255233821.556908
2021-07-25 09:00:00,170.0,171.0,164.0,170.0,16621619.14684161,2775060222.4414625
2021-07-26 09:00:00,169.0,183.0,167.0,175.0,38350152.91958311,6700413989.789008
2021-07-27 09:00:00,175.0,188.0,173.0,188.0,47827496.87115512,8698376800.085154
2021-07-28 09:00:00,188.0,193.0,180.0,193.0,40078609.3562392,7467835519.081656
2021-07-29 09:00:00,193.0,231.0,186.0,219.0,137253290.85174704,28467784455.149647
2021-07-30 09:00:00,219.0,233.0,202.0,228.0,95611263.566363,20549648522.296127
2021-07-31 09:00:00,226.0,456.0,224.0,357.0,2347998604.402693,856296734605.7584
2021-08-01 09:00:00,358.0,363.0,283.0,287.0,306361150.9611805,96836285288.37021
2021-08-02 09:00:00,286.0,297.0,262.0,295.0,112408354.46899208,31178445388.657997
2021-08-03 09:00:00,295.0,295.0,271.0,284.0,72532062.81395563,20477288723.672802
2021-08-04 09:00:00,284.0,285.0,265.0,284.0,42442657.30806659,11669761651.239141
2021-08-05 09:00:00,283.0,313.0,272.0,287.0,147066959.44962358,42797094781.94392
2021-08-06 09:00:00,286.0,292.0,279.0,291.0,55958386.38569636,15983641237.899742
2021-08-07 09:00:00,291.0,297.0,286.0,294.0,62181057.83442006,18115450326.256504
2021-08-08 09:00:00,294.0,295.0,283.0,290.0,27942135.03814448,8032674913.946481
2021-08-09 09:00:00,290.0,295.0,274.0,294.0,38661021.06524481,11110738858.215458
2021-08-10 09:00:00,293.0,308.0,288.0,307.0,94694998.90446413,28163607937.273994
2021-08-11 09:00:00,307.0,318.0,300.0,313.0,67560189.96494512,20804856980.23164
2021-08-12 09:00:00,313.0,322.0,295.0,304.0,71495824.4710304,21921954991.75564
2021-08-13 09:00:00,304.0,322.0,297.0,318.0,54814312.97631546,17062469132.963116
2021-08-14 09:00:00,318.0,330.0,305.0,328.0,52553937.46846453,16666986121.988695
2021-08-15 09:00:00,329.0,331.0,310.0,331.0,49839435.13949514,16048034036.546072
2021-08-16 09:00:00,330.0,337.0,320.0,333.0,40439791.52907639,13282587513.698002
2021-08-17 09:00:00,333.0,333.0,305.0,307.0,46332742.01054473,14880601600.1363
2021-08-18 09:00:00,307.0,312.0,285.0,296.0,39134613.71758647,11566141970.772608
2021-08-19 09:00:00,295.0,311.0,287.0,308.0,28608173.50237123,8494885288.757501
2021-08-20 09:00:00,309.0,332.0,302.0,321.0,35393672.52056597,11087710206.354008
2021-08-21 09:00:00,320.0,322.0,312.0,318.0,30792844.7285964,9742836904.426989
2021-08-22 09:00:00,320.0,320.0,305.0,314.0,24367107.20709786,7645694730.489644
2021-08-23 09:00:00,313.0,371.0,306.0,335.0,345152791.0968071,118078596169.78568
2021-08-24 09:00:00,336.0,368.0,322.0,359.0,174352592.3641873,60251806382.91575
2021-08-25 09:00:00,361.0,363.0,322.0,361.0,91449808.53394347,31117269452.427258
2021-08-26 09:00:00,361.0,362.0,327.0,337.0,50773924.96388881,17291864988.01693
2021-08-27 09:00:00,337.0,349.0,325.0,348.0,77925377.43073298,26293135395.594547
2021-08-28 09:00:00,348.0,348.0,335.0,340.0,24883146.45512578,8432947256.807317
2021-08-29 09:00:00,340.0,341.0,323.0,338.0,31344544.42726449,10399168005.59594
2021-08-30 09:00:00,337.0,338.0,325.0,331.0,23788419.0207338,7850917482.719382
2021-08-31 09:00:00,332.0,358.0,325.0,343.0,55273673.43504256,18728697324.310574
2021-09-01 09:00:00,343.0,355.0,328.0,350.0,47995301.79106587,16390542339.66018
2021-09-02 09:00:00,349.0,358.0,342.0,352.0,40726631.19655192,14204270454.096289
2021-09-03 09:00:00,352.0,404.0,343.0,379.0,217938286.96866885,81607938968.89703
2021-09-04 09:00:00,379.0,582.0,379.0,517.0,1352417400.3181841,663091594330.0305
2021-09-05 09:00:00,517.0,872.0,451.0,461.0,1418614472.4537148,940005189197.0488
2021-09-06 09:00:00,462.0,507.0,435.0,474.0,152990380.30446953,71739499974.87616
2021-09-07 09:00:00,473.0,507.0,357.0,407.0,121977112.01015516,56341406628.05669
2021-09-08 09:00:00,407.0,443.0,366.0,424.0,87180779.27654721,36242561553.30708
2021-09-09 09:00:00,426.0,460.0,412.0,457.0,58297686.44811772,25335150731.312935
2021-09-10 09:00:00,458.0,459.0,410.0,425.0,32319229.55532506,14017338807.613361
2021-09-11 09:00:00,425.0,426.0,394.0,412.0,16658455.14339564,6812462846.437093
2021-09-12 09:00:00,412.0,419.0,396.0,409.0,11225472.43825969,4551685876.365543
2021-09-13 09:00:00,409.0,434.0,383.0,399.0,69848314.72164007,28682361533.16763
2021-09-14 09:00:00,398.0,413.0,394.0,412.0,22139404.57356731,8918263536.186867
2021-09-15 09:00:00,412.0,428.0,400.0,427.0,17070114.25162921,7031871430.562659
2021-09-16 09:00:00,427.0,494.0,414.0,494.0,277825276.9174534,129722619656.07126
2021-09-17 09:00:00,494.0,497.0,446.0,457.0,91877422.72897446,42598847301.030426
2021-09-18 09:00:00,457.0,475.0,451.0,459.0,50153822.86484063,23192139642.506237
2021-09-19 09:00:00,459.0,477.0,455.0,465.0,67899814.31745902,31590418929.657696
2021-09-20 09:00:00,464.0,465.0,376.0,387.0,59302751.53475955,24417822523.369682
2021-09-21 09:00:00,386.0,390.0,338.0,341.0,28612316.12122138,10510710550.134176
2021-09-22 09:00:00,341.0,383.0,333.0,379.0,67104075.72813954,24155922871.69211
2021-09-23 09:00:00,380.0,386.0,351.0,382.0,31061483.86761176,11527197617.056932
2021-09-24 09:00:00,382.0,385.0,335.0,352.0,26418796.62527868,9376504714.72503
2021-09-25 09:00:00,352.0,375.0,339.0,369.0,41898745.53545548,15076594325.992151
2021-09-26 09:00:00,370.0,370.0,338.0,353.0,21712299.20095287,7638866424.812964
2021-09-27 09:00:00,352.0,358.0,336.0,338.0,15067610.42417255,5221009615.913663
2021-09-28 09:00:00,338.0,351.0,305.0,306.0,19568390.4652785,6309903661.733716
2021-09-29 09:00:00,306.0,318.0,295.0,308.0,15193705.68099506,4696545367.378404
2021-09-30 09:00:00,308.0,385.0,304.0,343.0,147009940.76156512,50790756414.161064
2021-10-01 09:00:00,342.0,378.0,336.0,374.0,48470236.78172252,17324098505.515366
2021-10-02 09:00:00,374.0,408.0,361.0,397.0,68784649.02258542,26891316332.171986
2021-10-03 09:00:00,397.0,409.0,383.0,404.0,28199202.29266339,11237160567.595518
2021-10-04 09:00:00,404.0,427.0,373.0,398.0,51323835.13574315,20500650622.440178
2021-10-05 09:00:00,397.0,435.0,378.0,417.0,60745997.43192901,24405282637.505993
2021-10-06 09:00:00,417.0,545.0,407.0,447.0,329263006.45682436,150533111151.02432
2021-10-07 09:00:00,447.0,447.0,422.0,435.0,40150696.01090165,17231014002.07512
2021-10-08 09:00:00,435.0,518.0,427.0,482.0,209660498.39577553,99276447714.25998
2021-10-09 09:00:00,483.0,515.0,432.0,451.0,120698164.73446932,57269338199.04417
2021-10-10 09:00:00,451.0,550.0,436.0,476.0,157665778.43427628,76840429189.92139
2021-10-11 09:00:00,475.0,476.0,438.0,446.0,31723546.20819811,14254143001.583809
2021-10-12 09:00:00,446.0,447.0,381.0,414.0,38798141.70593121,15841674456.50962
2021-10-13 09:00:00,415.0,428.0,400.0,424.0,33948921.06333496,14165204569.825962
2021-10-14 09:00:00,424.0,429.0,416.0,427.0,15321930.67414593,6483574044.003144
2021-10-15 09:00:00,428.0,467.0,378.0,398.0,139472325.057279,60630608148.113106
2021-10-16 09:00:00,398.0,411.0,383.0,395.0,17049597.93981269,6764019407.236141
2021-10-17 09:00:00,395.0,408.0,388.0,393.0,14684809.41376131,5826438593.504183
2021-10-18 09:00:00,395.0,395.0,371.0,385.0,12008258.02731932,4583555430.565972
2021-10-19 09:00:00,386.0,403.0,378.0,391.0,23268728.6465761,9116994659.818953
2021-10-20 09:00:00,391.0,397.0,378.0,395.0,14228413.79633671,5513160636.665943
2021-10-21 09:00:00,394.0,399.0,380.0,386.0,12038529.92390848,4700769720.174749
2021-10-22 09:00:00,386.0,415.0,380.0,405.0,24301766.28424658,9610006429.402857
2021-10-23 09:00:00,404.0,406.0,392.0,401.0,11360253.98103289,4539123010.732764
2021-10-24 09:00:00,400.0,404.0,388.0,391.0,10256366.08438958,4062855452.869242
2021-10-25 09:00:00,392.0,397.0,389.0,395.0,8239305.25164224,3229666827.836218
2021-10-26 09:00:00,396.0,438.0,391.0,395.0,67779230.4631146,27826543205.86924
2021-10-27 09:00:00,395.0,395.0,332.0,354.0,30351118.90783057,10985219430.735218
2021-10-28 09:00:00,354.0,367.0,335.0,366.0,15038957.3766985,5319791585.033982
2021-10-29 09:00:00,366.0,379.0,359.0,377.0,10431246.29282442,3836093726.4606013
2021-10-30 09:00:00,377.0,392.0,371.0,387.0,28110667.41346642,10744299451.688107
2021-10-31 09:00:00,386.0,410.0,370.0,404.0,39535280.51679101,15371377706.758326
2021-11-01 09:00:00,405.0,413.0,379.0,407.0,33858758.53461662,13445349936.375105
2021-11-02 09:00:00,406.0,409.0,394.0,409.0,24664408.58828591,9897549508.540516
2021-11-03 09:00:00,409.0,414.0,386.0,404.0,28522423.72339689,11420439111.504383
2021-11-04 09:00:00,404.0,419.0,401.0,416.0,43758865.31466596,17998516655.459637
2021-11-05 09:00:00,416.0,416.0,405.0,411.0,17370227.06192636,7097584084.374177
2021-11-06 09:00:00,412.0,506.0,412.0,433.0,498745879.7590666,227985251149.11716
2021-11-07 09:00:00,432.0,433.0,413.0,416.0,33288358.16905436,13950723553.930077
2021-11-08 09:00:00,416.0,417.0,398.0,405.0,23655582.19955953,9527346341.304497
2021-11-09 09:00:00,405.0,416.0,397.0,403.0,26636043.27493848,10801255942.204538
2021-11-10 09:00:00,403.0,403.0,381.0,388.0,17180905.1435405,6780397418.468901
2021-11-11 09:00:00,387.0,400.0,381.0,395.0,8653189.23488046,3380086814.6484404
2021-11-12 09:00:00,396.0,399.0,380.0,387.0,8249032.28364833,3184115515.41397
2021-11-13 09:00:00,386.0,394.0,384.0,393.0,9495410.03258924,3692872176.1793942
2021-11-14 09:00:00,393.0,397.0,386.0,397.0,8841090.81311056,3466654505.075058
2021-11-15 09:00:00,396.0,426.0,390.0,415.0,44680940.19522827,18233148042.483097
2021-11-16 09:00:00,416.0,433.0,391.0,424.0,95772547.57087128,39568539796.8087
2021-11-17 09:00:00,424.0,448.0,401.0,447.0,78144508.1963077,33182605195.78124
2021-11-18 09:00:00,447.0,496.0,375.0,381.0,177149465.87695873,78361452805.5531
2021-11-19 09:00:00,381.0,399.0,368.0,397.0,26354152.07065863,10141149251.556896
2021-11-20 09:00:00,397.0,422.0,391.0,417.0,53336708.77894327,21741450884.48852
2021-11-21 09:00:00,418.0,424.0,408.0,419.0,23678228.38728918,9822791744.082994
2021-11-22 09:00:00,419.0,419.0,395.0,398.0,20032234.51880853,8072367254.82169
2021-11-23 09:00:00,396.0,414.0,387.0,409.0,26839559.61775214,10776423475.701977
2021-11-24 09:00:00,410.0,411.0,390.0,402.0,21142630.32797683,8406293357.595935
2021-11-25 09:00:00,402.0,419.0,393.0,410.0,43105983.63051244,17482406184.282555
2021-11-26 09:00:00,409.0,443.0,386.0,429.0,116483712.69078533,48850262962.90306
2021-11-27 09:00:00,430.0,464.0,411.0,457.0,78928829.57304563,34420739615.72704
2021-11-28 09:00:00,457.0,458.0,412.0,428.0,37902025.41632092,16322966947.73674
2021-11-29 09:00:00,429.0,476.0,417.0,473.0,78067608.90656702,35314422181.81882
2021-11-30 09:00:00,473.0,473.0,426.0,451.0,49043880.29050841,22016380068.99044
2021-12-01 09:00:00,452.0,495.0,438.0,450.0,127401233.30288385,59248640186.419914
2021-12-02 09:00:00,452.0,457.0,419.0,436.0,29173036.37522855,12613400446.198553
2021-12-03 09:00:00,436.0,467.0,419.0,426.0,46581298.34372492,20543606070.08691
2021-12-04 09:00:00,426.0,427.0,300.0,358.0,44260463.892009,15874636766.824818
2021-12-05 09:00:00,358.0,366.0,305.0,320.0,20693996.07244819,6869219521.877357
2021-12-06 09:00:00,320.0,332.0,276.0,330.0,35529330.41680387,10857283557.840755
2021-12-07 09:00:00,330.0,362.0,318.0,342.0,42849761.8011692,14565943248.896744
2021-12-08 09:00:00,343.0,366.0,321.0,347.0,24963693.35996592,8492093527.829304
2021-12-09 09:00:00,347.0,352.0,313.0,316.0,13388468.74159388,4471670481.540948
2021-12-10 09:00:00,315.0,329.0,296.0,307.0,13271404.51187009,4173073311.117645
2021-12-11 09:00:00,307.0,312.0,290.0,312.0,6291406.70902539,1919057048.5658882
2021-12-12 09:00:00,312.0,312.0,299.0,307.0,4504730.78761508,1375367822.5564122
2021-12-13 09:00:00,307.0,309.0,275.0,279.0,8757236.77700217,2550020494.196202
2021-12-14 09:00:00,279.0,300.0,256.0,284.0,14388040.55621901,3966488447.932347
2021-12-15 09:00:00,285.0,309.0,262.0,292.0,26237772.0899742,7587128629.186553
2021-12-16 09:00:00,293.0,300.0,285.0,290.0,12134155.72008007,3545085917.074542
2021-12-17 09:00:00,289.0,303.0,279.0,293.0,16202376.14144998,4719381656.41331
2021-12-18 09:00:00,293.0,300.0,285.0,295.0,6180862.43108142,1804417317.4371405
2021-12-19 09:00:00,295.0,298.0,287.0,289.0,4035179.8509027,1179606201.5166738
2021-12-20 09:00:00,288.0,290.0,269.0,276.0,5922724.14530624,1650194276.5788739
2021-12-21 09:00:00,276.0,287.0,270.0,283.0,6829440.18712359,1916558864.424985
2021-12-22 09:00:00,284.0,309.0,281.0,295.0,33980407.43367483,10082621468.13056
2021-12-23 09:00:00,295.0,307.0,289.0,307.0,9296225.33664718,2759293710.7767696
2021-12-24 09:00:00,305.0,316.0,300.0,305.0,12050363.99233784,3731720421.308818
2021-12-25 09:00:00,305.0,309.0,300.0,307.0,4797602.52603267,1461860726.5354896
2021-12-26 09:00:00,307.0,310.0,300.0,309.0,5902617.61804976,1796923868.790497
2021-12-27 09:00:00,309.0,325.0,302.0,314.0,12453448.09091015,3883566478.600947
2021-12-28 09:00:00,315.0,317.0,280.0,284.0,11971765.3382445,3554811992.5493946
2021-12-29 09:00:00,285.0,288.0,271.0,275.0,6500144.36303523,1814878552.2123404
2021-12-30 09:00:00,276.0,279.0,267.0,276.0,7279913.10647793,1990280766.3009918
2021-12-31 09:00:00,276.0,282.0,271.0,276.0,5020289.56503355,1388317975.521894
2022-01-01 09:00:00,277.0,281.0,274.0,279.0,3961269.98651212,1098663940.4522455
2022-01-02 09:00:00,280.0,438.0,280.0,333.0,765444362.0924511,277686529118.7281
2022-01-03 09:00:00,332.0,390.0,311.0,318.0,198754897.31197205,69014109037.40933
2022-01-04 09:00:00,317.0,325.0,296.0,304.0,36307824.98735513,11168278036.883982
2022-01-05 09:00:00,305.0,312.0,276.0,285.0,19953609.72084336,5998857320.4253025
2022-01-06 09:00:00,285.0,295.0,274.0,285.0,16551155.87140353,4676823419.700981
2022-01-07 09:00:00,284.0,284.0,256.0,263.0,18800477.01496891,5017200229.746452
2022-01-08 09:00:00,263.0,269.0,252.0,259.0,9010136.78921246,2363193976.9015455
2022-01-09 09:00:00,258.0,306.0,255.0,270.0,134422564.18922758,38043321943.74412
2022-01-10 09:00:00,271.0,313.0,257.0,278.0,162370660.83636367,46141961211.72978
2022-01-11 09:00:00,279.0,279.0,253.0,271.0,30826192.41460621,8124084034.412987
2022-01-12 09:00:00,270.0,276.0,260.0,274.0,21263174.74343541,5690650249.810634
2022-01-13 09:00:00,275.0,304.0,273.0,280.0,133621056.34444672,38678451469.04179
2022-01-14 09:00:00,279.0,281.0,265.0,280.0,20123311.21448985,5487320902.959293
2022-01-15 09:00:00,281.0,282.0,275.0,281.0,8795825.20212409,2441766030.0176797
2022-01-16 09:00:00,280.0,286.0,276.0,282.0,18337575.54563038,5148400309.508629
2022-01-17 09:00:00,281.0,281.0,266.0,272.0,10429159.37155269,2839695397.958253
2022-01-18 09:00:00,271.0,272.0,257.0,264.0,7461828.3304942,1965711183.7061324
2022-01-19 09:00:00,264.0,270.0,252.0,257.0,9096075.02514182,2361591043.5939274
2022-01-20 09:00:00,256.0,266.0,250.0,252.0,6384919.9952671,1650097642.6550252
2022-01-21 09:00:00,252.0,253.0,219.0,225.0,14076787.40930699,3314382449.2278337
2022-01-22 09:00:00,225.0,227.0,185.0,201.0,17077050.58127797,3437046147.527203
2022-01-23 09:00:00,201.0,208.0,195.0,206.0,12593493.66902875,2543513015.32205
2022-01-24 09:00:00,207.0,211.0,180.0,198.0,16099902.23865737,3117897470.426499
2022-01-25 09:00:00,199.0,231.0,198.0,203.0,174195454.87637132,37475437545.11931
2022-01-26 09:00:00,203.0,219.0,196.0,207.0,45315441.27332646,9420958860.104345
2022-01-27 09:00:00,206.0,212.0,198.0,210.0,18568284.90844764,3813550101.9884095
2022-01-28 09:00:00,209.0,218.0,205.0,217.0,14239055.60139847,2978952042.3742447
2022-01-29 09:00:00,216.0,221.0,213.0,221.0,14215393.25736848,3084890467.585255
2022-01-30 09:00:00,221.0,223.0,213.0,219.0,11602026.06410807,2539892597.239118
2022-01-31 09:00:00,218.0,230.0,212.0,220.0,46733019.73419189,10374720883.446537
2022-02-01 09:00:00,221.0,243.0,220.0,226.0,80708677.53694995,18690902642.152317
2022-02-02 09:00:00,226.0,236.0,222.0,232.0,36627879.58996932,8309935398.9194975
2022-02-03 09:00:00,231.0,256.0,225.0,244.0,77799838.1974314,18664792233.356754
2022-02-04 09:00:00,244.0,258.0,236.0,257.0,29409473.76839183,7208585117.197087
2022-02-05 09:00:00,257.0,274.0,252.0,273.0,24999664.53740913,6514306903.089875
2022-02-06 09:00:00,273.0,330.0,270.0,284.0,206170315.3950566,62287155403.937294
2022-02-07 09:00:00,284.0,285.0,273.0,283.0,30781769.63563868,8566891675.838032
2022-02-08 09:00:00,295.0,311.0,256.0,273.0,81858422.04651189,23568558133.160545
2022-02-09 09:00:00,273.0,279.0,263.0,279.0,14340491.38967318,3890016935.8271055
2022-02-10 09:00:00,278.0,278.0,261.0,269.0,14814037.01606252,4002637553.123512
2022-02-11 09:00:00,269.0,271.0,253.0,263.0,12114525.48848972,3203471613.759006
2022-02-12 09:00:00,264.0,264.0,244.0,258.0,14527961.48484767,3663692834.6566553
2022-02-13 09:00:00,258.0,272.0,249.0,256.0,18208058.22098298,4703085241.690433
2022-02-14 09:00:00,255.0,255.0,243.0,253.0,9739544.68665788,2411743153.544279
2022-02-15 09:00:00,253.0,267.0,243.0,266.0,15722062.49501976,4032933821.120304
2022-02-16 09:00:00,267.0,267.0,257.0,262.0,8235578.18398873,2153159027.4036965
2022-02-17 09:00:00,262.0,262.0,239.0,243.0,10783338.32389332,2702003963.6797404
2022-02-18 09:00:00,242.0,246.0,233.0,238.0,8074083.7383443,1944539680.893391
2022-02-19 09:00:00,238.0,240.0,226.0,236.0,6041241.42137345,1399187777.698645
2022-02-20 09:00:00,235.0,236.0,221.0,227.0,8763488.07166666,1997842557.218999
2022-02-21 09:00:00,228.0,239.0,213.0,215.0,18836750.14966657,4269468859.4072466
2022-02-22 09:00:00,216.0,224.0,204.0,222.0,10576584.71340791,2250468397.522798
2022-02-23 09:00:00,223.0,237.0,213.0,219.0,19667995.26336192,4389061935.716885
2022-02-24 09:00:00,218.0,219.0,193.0,213.0,17551373.57782733,3564279531.231193
2022-02-25 09:00:00,213.0,236.0,209.0,234.0,59763582.49781563,13378479118.296259
2022-02-26 09:00:00,233.0,261.0,230.0,251.0,206387279.62113827,51632978742.830605
2022-02-27 09:00:00,253.0,254.0,232.0,233.0,38056720.1021959,9204069726.688046
2022-02-28 09:00:00,233.0,279.0,233.0,249.0,360073322.5604115,92895126513.78392
2022-03-01 09:00:00,249.0,252.0,243.0,249.0,36107103.49073255,8911619944.717468
2022-03-02 09:00:00,249.0,250.0,234.0,241.0,22315430.42196148,5371009408.7117195
2022-03-03 09:00:00,241.0,242.0,231.0,238.0,11504332.38404537,2710524282.0586333
2022-03-04 09:00:00,237.0,244.0,228.0,236.0,31801411.33763012,7540784885.550441
2022-03-05 09:00:00,236.0,238.0,226.0,238.0,9929536.56801846,2300275572.355708
2022-03-06 09:00:00,238.0,238.0,229.0,231.0,7681272.24995136,1782328668.3057895
2022-03-07 09:00:00,231.0,234.0,222.0,234.0,11806275.11044363,2692137862.439199
2022-03-08 09:00:00,233.0,247.0,228.0,243.0,40936590.48353356,9778763064.524797
2022-03-09 09:00:00,242.0,255.0,238.0,254.0,22012967.61847641,5381821452.764866
2022-03-10 09:00:00,254.0,255.0,238.0,246.0,20146363.47019638,4922550341.34897
2022-03-11 09:00:00,248.0,265.0,236.0,241.0,27954380.12409663,6928028858.746078
2022-03-12 09:00:00,242.0,242.0,238.0,242.0,3941464.11093906,947020436.808316
2022-03-13 09:00:00,241.0,242.0,230.0,231.0,5729727.67967859,1348279565.6352322
2022-03-14 09:00:00,231.0,239.0,226.0,234.0,11730037.72723793,2727087827.659403
2022-03-15 09:00:00,233.0,253.0,229.0,235.0,60357784.39064858,14529475293.244272
2022-03-16 09:00:00,236.0,240.0,229.0,240.0,15313649.17880762,3575491345.788757
2022-03-17 09:00:00,240.0,240.0,232.0,238.0,9724794.38270065,2295686359.052457
2022-03-18 09:00:00,238.0,243.0,234.0,242.0,8254708.3111566,1958137257.7074761
2022-03-19 09:00:00,242.0,247.0,238.0,246.0,13430642.03880749,3250226837.152867
2022-03-20 09:00:00,245.0,247.0,240.0,243.0,9370451.83150849,2277119667.242324
2022-03-21 09:00:00,241.0,246.0,236.0,243.0,10423791.05933642,2506544147.4011426
2022-03-22 09:00:00,244.0,257.0,240.0,247.0,33018619.69197344,8143583113.671813
2022-03-23 09:00:00,246.0,250.0,242.0,248.0,14426406.7424397,3549409501.5108824
2022-03-24 09:00:00,248.0,255.0,245.0,253.0,20330826.09251207,5069767644.583388
2022-03-25 09:00:00,253.0,259.0,249.0,256.0,14873078.24001918,3765472957.7702346
2022-03-26 09:00:00,256.0,268.0,251.0,266.0,18389396.08651616,4751658921.118696
2022-03-27 09:00:00,267.0,308.0,263.0,285.0,160514207.31491652,45567202160.62475
2022-03-28 09:00:00,284.0,318.0,284.0,287.0,142372980.89529726,42162297308.85308
2022-03-29 09:00:00,287.0,296.0,276.0,285.0,42093434.52436927,12058693328.818083
2022-03-30 09:00:00,285.0,301.0,273.0,301.0,67557462.85697629,19412742744.188183
2022-03-31 09:00:00,301.0,313.0,285.0,311.0,71471063.03242406,21464817505.274975
2022-04-01 09:00:00,312.0,322.0,291.0,322.0,35018720.51994789,10618627117.892284
2022-04-02 09:00:00,322.0,345.0,310.0,342.0,65526154.95080633,21177628130.245583
2022-04-03 09:00:00,341.0,341.0,314.0,323.0,40328188.71628994,13007616223.686295
2022-04-04 09:00:00,323.0,375.0,294.0,309.0,272427677.93458664,92478557367.58781
2022-04-05 09:00:00,310.0,318.0,295.0,303.0,40170567.27545029,12206464919.6495
2022-04-06 09:00:00,305.0,324.0,263.0,266.0,55776125.03081771,16550747244.22438
2022-04-07 09:00:00,265.0,281.0,260.0,280.0,18185856.1135027,4968055663.652487
2022-04-08 09:00:00,280.0,289.0,274.0,286.0,22458440.74826354,6304266807.0150175
2022-04-09 09:00:00,287.0,287.0,274.0,284.0,17666743.95900392,4925585495.138166
2022-04-10 09:00:00,287.0,294.0,275.0,279.0,32744447.25361264,9311178094.759623
2022-04-11 09:00:00,278.0,278.0,251.0,257.0,13814211.30257031,3637974811.427897
2022-04-12 09:00:00,256.0,272.0,246.0,271.0,21510547.20037455,5616162756.057854
2022-04-13 09:00:00,269.0,284.0,265.0,283.0,18986844.02282579,5203286689.60605
2022-04-14 09:00:00,283.0,285.0,268.0,276.0,13425711.70256963,3704791833.933486
2022-04-15 09:00:00,275.0,278.0,267.0,277.0,8559218.82736806,2327335825.5263414
2022-04-16 09:00:00,276.0,276.0,269.0,274.0,4154702.74692076,1133569282.2452712
2022-04-17 09:00:00,273.0,274.0,265.0,268.0,4923636.93268924,1331224020.5019207
2022-04-18 09:00:00,267.0,270.0,250.0,268.0,12959196.09246505,3353340748.9215097
2022-04-19 09:00:00,267.0,275.0,263.0,274.0,12392437.6350507,3320189581.565102
2022-04-20 09:00:00,273.0,274.0,264.0,270.0,13510290.96302245,3645881135.064821
2022-04-21 09:00:00,270.0,302.0,268.0,281.0,148219751.80742627,42431253695.96418
2022-04-22 09:00:00,282.0,297.0,273.0,283.0,63818743.77975399,17943386858.94053
2022-04-23 09:00:00,283.0,325.0,280.0,301.0,124938735.91516109,37352905700.46921
2022-04-24 09:00:00,300.0,301.0,275.0,280.0,47586563.99545597,13617246017.624453
2022-04-25 09:00:00,280.0,280.0,258.0,274.0,26244750.79246208,7007019771.577179
2022-04-26 09:00:00,273.0,273.0,257.0,260.0,18180251.69990728,4823402606.522365
2022-04-27 09:00:00,259.0,274.0,256.0,270.0,28888504.11480729,7657583736.511597
2022-04-28 09:00:00,270.0,273.0,261.0,272.0,16015599.99015957,4296993257.031568
2022-04-29 09:00:00,270.0,272.0,259.0,264.0,12871752.56922877,3412112133.8551574
2022-04-30 09:00:00,264.0,264.0,234.0,238.0,18893451.32272623,4687878023.821725
2022-05-01 09:00:00,238.0,238.0,224.0,236.0,17690978.80993285,4087560481.6850467
2022-05-02 09:00:00,235.0,237.0,224.0,231.0,12934999.77436768,2992647942.2994084
2022-05-03 09:00:00,230.0,235.0,226.0,231.0,11611506.10381814,2668527046.339931
2022-05-04 09:00:00,243.0,245.0,224.0,242.0,25643819.10611798,5978759186.24821
2022-05-05 09:00:00,244.0,247.0,220.0,226.0,16681183.81071453,3922465951.376995
2022-05-06 09:00:00,225.0,228.0,213.0,220.0,11120549.0827174,2438263689.9190745
2022-05-07 09:00:00,220.0,221.0,211.0,214.0,4411778.63875357,952190990.6822175
2022-05-08 09:00:00,213.0,215.0,203.0,206.0,7653487.61610872,1588305233.5670202
2022-05-09 09:00:00,206.0,207.0,173.0,175.0,18113732.16815121,3458421558.794086
2022-05-10 09:00:00,173.0,188.0,167.0,177.0,21023222.16152515,3747109649.38107
2022-05-11 09:00:00,178.0,180.0,133.0,142.0,31842090.08576294,4950585761.63118
2022-05-12 09:00:00,142.0,153.0,111.0,122.0,32195179.24413724,3979928037.8815804
2022-05-13 09:00:00,121.0,141.0,118.0,140.0,20052703.34086125,2668108921.948456
2022-05-14 09:00:00,138.0,161.0,134.0,149.0,44193572.30799725,6482883455.907204
2022-05-15 09:00:00,148.0,157.0,143.0,156.0,16731101.14210838,2481112230.6258807
2022-05-16 09:00:00,156.0,162.0,140.0,145.0,29350060.59636537,4338867349.865576
2022-05-17 09:00:00,144.0,152.0,141.0,151.0,12722110.1084271,1855665406.8604734
2022-05-18 09:00:00,152.0,152.0,134.0,136.0,16826350.08461001,2438526201.3209357
2022-05-19 09:00:00,135.0,147.0,131.0,143.0,36552498.93365688,5123560176.744961
2022-05-20 09:00:00,142.0,145.0,137.0,142.0,18150935.42399446,2566818164.2007008
2022-05-21 09:00:00,142.0,147.0,138.0,146.0,7751467.18299672,1104615512.373632
2022-05-22 09:00:00,146.0,163.0,143.0,157.0,43272304.03883176,6653529532.741781
2022-05-23 09:00:00,158.0,175.0,145.0,148.0,58695399.67022331,9418804853.417147
2022-05-24 09:00:00,148.0,152.0,136.0,151.0,23571692.56392227,3413930517.8765006
2022-05-25 09:00:00,150.0,152.0,142.0,150.0,14908757.35942741,2179825680.7253256
2022-05-26 09:00:00,150.0,150.0,135.0,143.0,12112927.55084103,1732258553.3100498
2022-05-27 09:00:00,143.0,147.0,135.0,141.0,15689169.55395763,2193612561.6438494
2022-05-28 09:00:00,141.0,143.0,138.0,143.0,2981237.89856421,418864953.66140103
2022-05-29 09:00:00,143.0,153.0,141.0,147.0,12978510.11443288,1896010316.5485444
2022-05-30 09:00:00,147.0,157.0,143.0,155.0,13706051.88021651,2056983099.1658173
2022-05-31 09:00:00,155.0,159.0,147.0,154.0,16583075.43592133,2532060196.7567253
2022-06-01 09:00:00,152.0,172.0,144.0,154.0,98987390.51501995,15871666410.841116
2022-06-02 09:00:00,154.0,190.0,151.0,162.0,90449732.58650152,14560658125.749516
2022-06-03 09:00:00,162.0,201.0,162.0,176.0,267602474.7783872,47881062312.47311
2022-06-04 09:00:00,176.0,176.0,164.0,169.0,29070455.3285327,4857797396.530527
2022-06-05 09:00:00,169.0,171.0,161.0,170.0,21863583.11805128,3624638862.0087013
2022-06-06 09:00:00,174.0,179.0,167.0,171.0,37684333.56843606,6446950085.3438425
2022-06-07 09:00:00,170.0,171.0,157.0,166.0,19082368.45966797,3110009608.5054994
2022-06-08 09:00:00,165.0,166.0,158.0,161.0,8771746.48340866,1411191092.448064
2022-06-09 09:00:00,161.0,161.0,155.0,160.0,7978588.7325284,1260971679.3719325
2022-06-10 09:00:00,158.0,159.0,147.0,156.0,11150501.66149912,1709070242.9418323
2022-06-11 09:00:00,153.0,159.0,144.0,151.0,9617777.20977764,1453775113.9931395
2022-06-12 09:00:00,149.0,151.0,133.0,139.0,13043696.06012342,1812030389.1819892
2022-06-13 09:00:00,139.0,139.0,114.0,117.0,26170957.10376189,3188716359.5224247
2022-06-14 09:00:00,116.0,119.0,102.0,116.0,47233141.29804217,5281779426.178459
2022-06-15 09:00:00,115.0,123.0,104.0,122.0,24013231.07646056,2705966415.413277
2022-06-16 09:00:00,121.0,125.0,116.0,122.0,24621310.18115244,2967138114.564666
2022-06-17 09:00:00,122.0,130.0,116.0,129.0,28927255.39120005,3578616447.202436
2022-06-18 09:00:00,128.0,130.0,114.0,121.0,16999363.73832358,2083852752.791825
2022-06-19 09:00:00,121.0,126.0,114.0,126.0,18923564.85073361,2265178582.9733205
2022-06-20 09:00:00,126.0,128.0,119.0,127.0,16999754.32191784,2104071068.7854798
2022-06-21 09:00:00,126.0,135.0,124.0,133.0,23085222.98043084,2980452152.6418085
2022-06-22 09:00:00,133.0,133.0,125.0,128.0,18161623.54443856,2341594402.81689
2022-06-23 09:00:00,128.0,134.0,127.0,134.0,16314927.18849319,2117439010.6601272
2022-06-24 09:00:00,133.0,137.0,130.0,136.0,17304976.1349761,2303297733.853129
2022-06-25 09:00:00,135.0,136.0,131.0,135.0,9895491.63004304,1326100849.4183676
2022-06-26 09:00:00,135.0,136.0,132.0,134.0,7250572.73474796,969228570.3094751
2022-06-27 09:00:00,133.0,147.0,131.0,142.0,74134302.24674647,10333731079.05065
2022-06-28 09:00:00,141.0,147.0,135.0,137.0,37557703.71455229,5238754321.976303
2022-06-29 09:00:00,137.0,140.0,130.0,132.0,16135323.45160534,2156768954.3300486
2022-06-30 09:00:00,132.0,134.0,118.0,127.0,18582374.41098347,2339980538.3299894
2022-07-01 09:00:00,127.0,138.0,122.0,132.0,41516430.50733913,5446748126.024491
2022-07-02 09:00:00,131.0,136.0,128.0,135.0,11279983.45590648,1483093327.4983416
2022-07-03 09:00:00,135.0,136.0,131.0,136.0,5972120.06299791,794220352.971719
2022-07-04 09:00:00,135.0,139.0,130.0,139.0,20201056.47409225,2701040126.21791
2022-07-05 09:00:00,138.0,138.0,131.0,136.0,15440073.98549465,2085038389.7677255
2022-07-06 09:00:00,135.0,137.0,132.0,136.0,6713426.39944928,903391342.3230354
2022-07-07 09:00:00,136.0,139.0,134.0,138.0,10302246.64677416,1407110211.870029
2022-07-08 09:00:00,138.0,142.0,136.0,139.0,18708465.55268827,2596808906.5411053
2022-07-09 09:00:00,140.0,144.0,137.0,144.0,10258271.4798619,1442469639.2700355
2022-07-10 09:00:00,144.0,162.0,139.0,142.0,103825029.78268151,15580891645.546509
2022-07-11 09:00:00,142.0,144.0,130.0,133.0,21271853.9802176,2901438209.359496
2022-07-12 09:00:00,134.0,137.0,126.0,127.0,23228768.49910847,3036223222.8584886
2022-07-13 09:00:00,127.0,130.0,121.0,130.0,10679897.12072933,1348659544.5896077
2022-07-14 09:00:00,130.0,133.0,124.0,131.0,13401631.63057077,1730077901.0649195
2022-07-15 09:00:00,131.0,135.0,128.0,134.0,12444016.94623526,1640368669.0328035
2022-07-16 09:00:00,134.0,137.0,132.0,137.0,7803632.46690543,1048177767.0754459
2022-07-17 09:00:00,137.0,139.0,134.0,135.0,13336217.31642362,1820927950.0957692
2022-07-18 09:00:00,134.0,141.0,134.0,141.0,18980776.79505176,2617848910.0403295
2022-07-19 09:00:00,141.0,147.0,137.0,146.0,23544141.02192931,3328778763.04061
2022-07-20 09:00:00,146.0,148.0,137.0,141.0,25603735.31984018,3723609998.945182
2022-07-21 09:00:00,140.0,144.0,136.0,143.0,12527240.66238703,1742191067.262639
2022-07-22 09:00:00,143.0,146.0,138.0,141.0,13911731.85372688,1981472259.4748657
2022-07-23 09:00:00,141.0,144.0,137.0,141.0,10970100.99222579,1541107209.759977
2022-07-24 09:00:00,141.0,143.0,139.0,140.0,9537879.86163905,1341419389.7198544
2022-07-25 09:00:00,140.0,141.0,131.0,132.0,10002762.86051611,1350892496.7358103
2022-07-26 09:00:00,132.0,132.0,128.0,132.0,5128370.27734347,666571025.2216519
2022-07-27 09:00:00,132.0,138.0,131.0,138.0,14128746.55117043,1894276290.5297387
2022-07-28 09:00:00,138.0,142.0,135.0,140.0,13793737.29791702,1896449333.267816
2022-07-29 09:00:00,140.0,142.0,137.0,141.0,16783187.54025814,2350544255.7096877
2022-07-30 09:00:00,141.0,144.0,139.0,141.0,20444777.79006484,2892400652.9084435
2022-07-31 09:00:00,141.0,155.0,139.0,148.0,91144443.84569342,13446211160.3846
2022-08-01 09:00:00,148.0,171.0,146.0,155.0,80821121.70660561,12472000286.943531
2022-08-02 09:00:00,155.0,157.0,146.0,152.0,27540712.54512903,4152858293.4053507
2022-08-03 09:00:00,151.0,153.0,146.0,151.0,11041884.54814001,1643390506.8678617
2022-08-04 09:00:00,151.0,169.0,147.0,149.0,61051253.04230517,9613078549.242176
2022-08-05 09:00:00,162.0,164.0,146.0,153.0,57551966.9407078,8675097209.880997
2022-08-06 09:00:00,153.0,153.0,150.0,151.0,15559104.78259667,2355045459.4543257
2022-08-07 09:00:00,151.0,152.0,148.0,152.0,11262219.54715476,1693821906.0264165
2022-08-08 09:00:00,152.0,154.0,149.0,153.0,14669769.36360701,2227971695.544793
2022-08-09 09:00:00,152.0,154.0,147.0,149.0,14967190.50068481,2250478990.3166595
2022-08-10 09:00:00,148.0,154.0,146.0,154.0,18203185.62672395,2739292505.029265
2022-08-11 09:00:00,153.0,170.0,153.0,162.0,68349267.3852498,10915484025.151987
2022-08-12 09:00:00,169.0,239.0,162.0,174.0,605654726.3912781,118919825996.18185
2022-08-13 09:00:00,174.0,174.0,167.0,169.0,51180618.87095116,8627322363.075762
2022-08-14 09:00:00,169.0,169.0,166.0,167.0,19639901.10307855,3289888965.1110363
2022-08-15 09:00:00,168.0,171.0,164.0,168.0,30731736.31815535,5154598198.111785
2022-08-16 09:00:00,167.0,168.0,163.0,165.0,13538406.3211082,2232757218.441908
2022-08-17 09:00:00,166.0,166.0,159.0,163.0,9956704.28100176,1621522805.1350896
2022-08-18 09:00:00,162.0,163.0,160.0,161.0,6126032.04748626,989072247.2219107
2022-08-19 09:00:00,161.0,161.0,143.0,150.0,35186525.64589943,5329209584.731935
2022-08-20 09:00:00,149.0,154.0,146.0,151.0,12088822.07001286,1817943698.7859805
2022-08-21 09:00:00,150.0,152.0,148.0,152.0,5756285.57195854,863743536.2837118
2022-08-22 09:00:00,152.0,152.0,143.0,147.0,7960198.1620351,1170212360.4423482
2022-08-23 09:00:00,148.0,154.0,145.0,152.0,11818248.2966568,1765533902.6457827
2022-08-24 09:00:00,152.0,153.0,149.0,150.0,6987875.53117408,1049044439.4834548
2022-08-25 09:00:00,150.0,156.0,149.0,155.0,19897803.25567827,3033971259.977936
2022-08-26 09:00:00,154.0,155.0,143.0,143.0,14583484.67559434,2182681182.204074
2022-08-27 09:00:00,145.0,147.0,140.0,143.0,9096432.1364329,1303442416.2415307
2022-08-28 09:00:00,142.0,146.0,138.0,139.0,9633898.78005516,1375187762.2052317
2022-08-29 09:00:00,139.0,145.0,137.0,144.0,7886019.75242867,1106069464.4556227
2022-08-30 09:00:00,144.0,148.0,141.0,146.0,14179081.24462839,2050606822.5277166
2022-08-31 09:00:00,146.0,147.0,143.0,145.0,8859042.15515443,1285741038.8046875
2022-09-01 09:00:00,144.0,146.0,141.0,143.0,6154702.1858736,879014137.0526761
2022-09-02 09:00:00,143.0,145.0,142.0,144.0,4637157.15909835,664510537.9418291
2022-09-03 09:00:00,143.0,144.0,142.0,143.0,1670388.42498416,238751612.34952068
2022-09-04 09:00:00,144.0,144.0,141.0,142.0,2552507.88774204,362962136.16120005
2022-09-05 09:00:00,143.0,144.0,140.0,143.0,6196159.82947446,875963151.2127872
2022-09-06 09:00:00,142.0,147.0,141.0,146.0,13848423.99249889,1982338928.7015612
2022-09-07 09:00:00,145.0,147.0,140.0,147.0,13921183.87417002,1993830748.1005087
2022-09-08 09:00:00,146.0,162.0,144.0,154.0,57457057.02761365,8727584963.79866
2022-09-09 09:00:00,153.0,158.0,150.0,158.0,28780764.60932263,4422999511.435274
2022-09-10 09:00:00,156.0,158.0,152.0,157.0,19990731.30613612,3102545455.6817837
2022-09-11 09:00:00,157.0,169.0,153.0,163.0,110556536.255468,17918952544.368916
2022-09-12 09:00:00,164.0,165.0,158.0,160.0,40258447.00044201,6475254417.597187
2022-09-13 09:00:00,161.0,161.0,145.0,146.0,31079356.16500901,4721215383.721813
2022-09-14 09:00:00,146.0,149.0,143.0,148.0,15628528.81892075,2284804668.841719
2022-09-15 09:00:00,147.0,148.0,143.0,145.0,12505099.95558389,1814960058.2318912
2022-09-16 09:00:00,144.0,146.0,142.0,145.0,8253694.25923413,1188717563.1313303
2022-09-17 09:00:00,146.0,147.0,144.0,146.0,4614764.46891086,671122603.8153464
2022-09-18 09:00:00,147.0,148.0,136.0,139.0,10127580.6047525,1450388880.1255732
2022-09-19 09:00:00,139.0,141.0,133.0,140.0,10305978.69559355,1408448464.3164585
2022-09-20 09:00:00,141.0,141.0,136.0,137.0,5703256.96385846,786147518.7420906
2022-09-21 09:00:00,138.0,150.0,134.0,137.0,48916964.88734768,6963324585.322532
2022-09-22 09:00:00,137.0,143.0,135.0,143.0,9358510.44073611,1301678911.5286317
2022-09-23 09:00:00,143.0,144.0,139.0,144.0,11180193.84635558,1585476886.9672625
2022-09-24 09:00:00,144.0,145.0,142.0,144.0,6263084.07235044,897617763.4342319
2022-09-25 09:00:00,144.0,146.0,141.0,141.0,5144291.82072305,736420077.1412432
2022-09-26 09:00:00,141.0,142.0,136.0,140.0,10304322.81178094,1439406941.9298778
2022-09-27 09:00:00,140.0,144.0,138.0,140.0,8702153.19885561,1232392574.4949083
2022-09-28 09:00:00,140.0,143.0,136.0,142.0,5989611.00889252,835466203.2649249
2022-09-29 09:00:00,142.0,142.0,138.0,139.0,4897447.29973814,686982236.9469702
2022-09-30 09:00:00,140.0,142.0,139.0,140.0,5724055.37452785,804213061.580971
2022-10-01 09:00:00,140.0,141.0,137.0,138.0,8758561.0792431,1212493324.1355078
2022-10-02 09:00:00,138.0,139.0,136.0,136.0,2836558.41559901,389469927.4735566
2022-10-03 09:00:00,137.0,138.0,136.0,137.0,2121133.17911818,290835719.8567827
2022-10-04 09:00:00,138.0,139.0,137.0,139.0,4133056.51194809,570692345.4042962
2022-10-05 09:00:00,139.0,139.0,136.0,137.0,4068786.66241574,559095612.9572972
2022-10-06 09:00:00,138.0,139.0,137.0,137.0,3227090.26994757,444035866.21519756
2022-10-07 09:00:00,137.0,139.0,135.0,137.0,8972894.0307737,1229830168.6472557
2022-10-08 09:00:00,138.0,146.0,137.0,143.0,31473221.51405788,4478550864.7614
2022-10-09 09:00:00,143.0,143.0,139.0,141.0,9974471.14367777,1410601918.2839217
2022-10-10 09:00:00,142.0,142.0,137.0,137.0,6903192.73194948,963071044.5215831
2022-10-11 09:00:00,138.0,139.0,134.0,137.0,7278303.36074654,990632239.0180813
2022-10-12 09:00:00,135.0,137.0,135.0,135.0,3688277.53274326,499533627.5225332
2022-10-13 09:00:00,136.0,137.0,127.0,134.0,10998854.24554636,1445825784.4463189
2022-10-14 09:00:00,134.0,136.0,132.0,133.0,5890526.17523287,791534871.0506485
2022-10-15 09:00:00,133.0,135.0,132.0,133.0,2272791.34374102,302437136.0661327
2022-10-16 09:00:00,133.0,140.0,131.0,132.0,7698765.62841224,1034608919.7985268
2022-10-17 09:00:00,133.0,142.0,132.0,138.0,25274689.47780373,3471491765.4539795
2022-10-18 09:00:00,137.0,138.0,135.0,135.0,7069239.28427251,960589763.9920658
2022-10-19 09:00:00,136.0,136.0,131.0,132.0,4938559.64436399,656601023.3048857
2022-10-20 09:00:00,133.0,136.0,131.0,131.0,3927936.19201739,521644107.62819064
2022-10-21 09:00:00,131.0,134.0,130.0,132.0,4958466.09124077,653981540.4421159
2022-10-22 09:00:00,133.0,135.0,132.0,133.0,3240209.02785421,431931476.77685046
2022-10-23 09:00:00,133.0,137.0,132.0,135.0,7415057.38417562,995033011.3793327
2022-10-24 09:00:00,136.0,137.0,132.0,136.0,7024101.16880486,943600443.4962265
2022-10-25 09:00:00,137.0,138.0,134.0,138.0,8023178.87425285,1090971200.0627844
2022-10-26 09:00:00,137.0,140.0,136.0,137.0,7028810.15066478,965946599.6107752
2022-10-27 09:00:00,137.0,138.0,134.0,134.0,6045106.79229017,824056734.4990164
2022-10-28 09:00:00,135.0,137.0,133.0,136.0,3543181.25235678,477266001.2247699
2022-10-29 09:00:00,136.0,146.0,136.0,139.0,14350434.4542074,1999228875.5147536
2022-10-30 09:00:00,139.0,140.0,130.0,134.0,8465549.04752266,1154887252.3490868
2022-10-31 09:00:00,135.0,139.0,133.0,136.0,9243686.06787215,1256671483.6104014
2022-11-01 09:00:00,137.0,138.0,133.0,135.0,6591812.68477112,895162640.129938
2022-11-02 09:00:00,136.0,136.0,132.0,133.0,5974444.60474678,797522235.6378021
2022-11-03 09:00:00,134.0,137.0,132.0,137.0,5128381.89752014,690041060.7686565
2022-11-04 09:00:00,137.0,141.0,134.0,140.0,10097971.28405386,1391480875.0143254
2022-11-05 09:00:00,140.0,142.0,139.0,141.0,6546419.99196657,919558049.1101155
2022-11-06 09:00:00,140.0,141.0,136.0,138.0,3917621.79711092,544171103.2108877
2022-11-07 09:00:00,138.0,143.0,133.0,136.0,8002862.51943493,1100021486.7429082
2022-11-08 09:00:00,137.0,137.0,121.0,122.0,15572771.19795289,2013940118.6533663
2022-11-09 09:00:00,123.0,124.0,95.7,98.6,17961150.93440785,1951635252.0978234
2022-11-10 09:00:00,98.7,110.0,98.6,109.0,38679629.18222072,4028071016.3107657
2022-11-11 09:00:00,110.0,111.0,99.0,102.0,18517871.14906554,1936087022.528175
2022-11-12 09:00:00,103.0,105.0,95.1,97.9,15350844.17411356,1535742444.3278458
2022-11-13 09:00:00,97.9,101.0,87.2,91.1,23880418.26196182,2237272124.8812604
2022-11-14 09:00:00,91.1,98.0,79.4,89.7,27907290.87480431,2435257646.5593863
2022-11-15 09:00:00,89.6,98.0,89.3,92.4,41918347.08016263,3900306079.042678
2022-11-16 09:00:00,92.6,96.7,90.0,93.9,14312906.05039889,1326735218.6666293
2022-11-17 09:00:00,93.3,101.0,90.8,94.1,54595182.38214255,5285197393.263831
2022-11-18 09:00:00,94.2,99.2,93.2,96.8,27844242.48737959,2658137766.799719
2022-11-19 09:00:00,96.4,105.0,95.3,104.0,26589670.93690719,2639828417.4206586
2022-11-20 09:00:00,103.0,109.0,98.0,99.9,52162696.02475784,5349243367.247872
2022-11-21 09:00:00,99.5,99.8,94.3,97.2,14456520.96595442,1407143228.8015609
2022-11-22 09:00:00,97.2,103.0,96.3,103.0,25743851.89147781,2574446067.2545233
2022-11-23 09:00:00,102.0,108.0,100.0,108.0,16235498.54570798,1693032891.3467662
2022-11-24 09:00:00,107.0,110.0,101.0,109.0,21140810.74134811,2230519013.578096
2022-11-25 09:00:00,109.0,111.0,105.0,111.0,13850732.48023923,1485947906.8991113
2022-11-26 09:00:00,110.0,110.0,106.0,108.0,11701940.2610338,1261391391.828701
2022-11-27 09:00:00,107.0,108.0,103.0,105.0,8598858.21696938,910518823.423268
2022-11-28 09:00:00,105.0,105.0,100.0,103.0,11223121.39995432,1143356475.1537695
2022-11-29 09:00:00,102.0,104.0,101.0,103.0,5940920.41349694,608523106.3031529
2022-11-30 09:00:00,103.0,106.0,102.0,105.0,9946591.08344888,1031932872.8159715
2022-12-01 09:00:00,104.0,109.0,103.0,108.0,11556622.8633335,1218319311.6947453
2022-12-02 09:00:00,109.0,109.0,103.0,105.0,10887741.56742333,1143973750.9246886
2022-12-03 09:00:00,105.0,106.0,103.0,103.0,3442279.25859242,357674115.2666922
2022-12-04 09:00:00,104.0,105.0,103.0,105.0,5941202.01967605,617329443.6647587
2022-12-05 09:00:00,104.0,105.0,103.0,105.0,5211325.06635105,541325484.201186
2022-12-06 09:00:00,104.0,105.0,103.0,104.0,3005468.62862083,310663447.00042623
2022-12-07 09:00:00,104.0,105.0,94.0,98.8,10342005.52365604,1030092558.9071261
2022-12-08 09:00:00,98.8,102.0,97.5,101.0,5195016.54962737,518348721.7067869
2022-12-09 09:00:00,101.0,105.0,100.0,105.0,6323161.17054553,647879852.3300856
2022-12-10 09:00:00,105.0,134.0,102.0,107.0,200379039.65099764,24173581239.8878
2022-12-11 09:00:00,107.0,109.0,102.0,103.0,45126986.81818256,4775971791.940385
2022-12-12 09:00:00,103.0,103.0,97.1,99.3,19987440.42660127,1981296413.7117252
2022-12-13 09:00:00,99.0,101.0,94.5,98.6,14356664.15732679,1398450323.479796
2022-12-14 09:00:00,98.7,99.8,97.1,98.2,7146328.75742306,701547835.5594499
2022-12-15 09:00:00,98.4,98.4,95.5,96.0,7292675.84313494,701792535.44089
2022-12-16 09:00:00,95.8,102.0,89.3,90.6,15228189.02410096,1447943031.4555466
2022-12-17 09:00:00,91.7,92.9,85.4,88.7,7934906.80092554,701136660.3239514
2022-12-18 09:00:00,88.7,101.0,88.1,90.5,131605634.83923185,12432849382.843872
2022-12-19 09:00:00,90.5,91.2,81.4,84.6,26184156.90505381,2318923315.2989435
2022-12-20 09:00:00,85.0,95.7,83.3,88.5,46076298.55652219,4119150618.3790045
2022-12-21 09:00:00,88.2,93.7,87.5,89.3,109086089.57860056,9891719389.707037
2022-12-22 09:00:00,89.0,102.0,89.0,91.2,514228891.6547997,49670622752.527794
2022-12-23 09:00:00,91.3,91.4,88.7,90.6,40678909.86404957,3656258865.1689725
2022-12-24 09:00:00,90.5,103.0,89.6,93.1,219004982.0545755,21089237021.352684
2022-12-25 09:00:00,93.0,103.0,90.8,94.1,258726998.2404146,24987729417.585236
2022-12-26 09:00:00,94.1,102.0,92.3,97.2,240394998.3117968,23533062684.938435
2022-12-27 09:00:00,97.2,97.5,91.5,93.6,68551334.27091023,6430204058.7035475
2022-12-28 09:00:00,93.6,95.6,86.7,87.6,68020414.91117789,6234536123.896262
2022-12-29 09:00:00,87.3,87.9,82.8,85.5,23152287.66420546,1972959052.0053473
2022-12-30 09:00:00,85.4,87.6,80.0,82.4,19434009.45559417,1620781719.9219213
2022-12-31 09:00:00,82.3,85.7,81.5,84.8,31480356.31566371,2634050372.671634
2023-01-01 09:00:00,84.8,89.9,84.1,87.0,83395708.84212244,7304196354.286325
2023-01-02 09:00:00,87.0,88.8,86.3,87.1,35630859.76595333,3111254905.2940774
2023-01-03 09:00:00,87.2,87.3,84.8,85.8,16693865.88000865,1438522382.651158
2023-01-04 09:00:00,85.6,86.8,85.1,86.6,15213649.88135489,1308174853.0140607
2023-01-05 09:00:00,86.8,86.8,84.4,86.0,12484691.64520442,1068111078.9634181
2023-01-06 09:00:00,85.7,87.3,81.2,84.8,17633770.33271786,1491091178.2142074
2023-01-07 09:00:00,84.8,87.5,84.4,85.7,27500797.92493517,2364707756.0040617
2023-01-08 09:00:00,85.6,86.4,84.6,86.2,10487702.035277,896180802.5074388
2023-01-09 09:00:00,86.3,89.4,85.5,89.4,28464067.44516774,2488770403.4652348
2023-01-10 09:00:00,89.3,94.8,88.3,90.6,96667803.29530369,8862893951.61001
2023-01-11 09:00:00,90.6,93.5,89.2,91.2,39787225.09772561,3609470357.625352
2023-01-12 09:00:00,91.3,92.7,88.5,91.8,30325174.95756128,2745178931.6848803
2023-01-13 09:00:00,91.9,95.0,91.1,94.9,38445437.17179235,3576636862.0855675
2023-01-14 09:00:00,94.9,99.8,92.8,97.7,92056433.10331383,8905649270.341038
2023-01-15 09:00:00,98.0,111.0,97.0,101.0,125847297.03825432,12923194489.119865
2023-01-16 09:00:00,101.0,103.0,97.6,101.0,35467572.11534694,3563022059.8768716
2023-01-17 09:00:00,101.0,103.0,98.6,102.0,28027523.84783014,2823386145.538314
2023-01-18 09:00:00,103.0,104.0,95.5,97.2,55654804.3007007,5595297544.4497595
2023-01-19 09:00:00,97.2,103.0,96.3,103.0,22327233.26662242,2218556626.2980657
2023-01-20 09:00:00,103.0,108.0,100.0,108.0,26432689.46976843,2725499473.0494733
2023-01-21 09:00:00,108.0,109.0,105.0,108.0,34842866.55911347,3735145257.705466
2023-01-22 09:00:00,108.0,109.0,106.0,107.0,22434850.47674793,2397272938.1757407
2023-01-23 09:00:00,108.0,110.0,106.0,109.0,21533267.00513841,2322540223.267494
2023-01-24 09:00:00,109.0,121.0,106.0,107.0,96486180.98342328,10907854083.741104
2023-01-25 09:00:00,108.0,116.0,102.0,110.0,96097999.46857908,10477624120.68001
2023-01-26 09:00:00,110.0,111.0,108.0,111.0,19884766.09725243,2171598831.4506044
2023-01-27 09:00:00,110.0,117.0,107.0,117.0,48574209.96783794,5479101686.210494
2023-01-28 09:00:00,117.0,123.0,111.0,121.0,44205728.19352009,5142703888.646344
2023-01-29 09:00:00,121.0,122.0,116.0,119.0,32716003.38522805,3869556832.773903
2023-01-30 09:00:00,120.0,125.0,105.0,109.0,66395827.04484855,7712862155.088895
2023-01-31 09:00:00,109.0,110.0,105.0,109.0,22223058.11445354,2394766725.69498
2023-02-01 09:00:00,109.0,113.0,104.0,113.0,20960788.14413331,2263000399.106492
2023-02-02 09:00:00,112.0,117.0,111.0,116.0,27835611.70636826,3188422644.4121614
2023-02-03 09:00:00,117.0,121.0,114.0,120.0,27754287.50869459,3256771592.828576
2023-02-04 09:00:00,121.0,132.0,119.0,127.0,71912865.69214563,9050451891.40057
2023-02-05 09:00:00,128.0,147.0,118.0,123.0,132595062.49585524,17172159188.651525
2023-02-06 09:00:00,124.0,138.0,122.0,128.0,59373761.81314134,7500113531.705545
2023-02-07 09:00:00,128.0,128.0,122.0,128.0,26586246.66755401,3314569206.1714687
2023-02-08 09:00:00,128.0,130.0,123.0,127.0,20919978.83030484,2647842371.357431
2023-02-09 09:00:00,127.0,138.0,121.0,122.0,83952675.52174324,10847744703.929218
2023-02-10 09:00:00,122.0,134.0,117.0,129.0,56871676.90243049,7234191046.124171
2023-02-11 09:00:00,129.0,129.0,125.0,127.0,12757694.98915097,1609543566.0659864
2023-02-12 09:00:00,126.0,127.0,122.0,122.0,11102197.06917328,1377587850.708135
2023-02-13 09:00:00,122.0,123.0,114.0,117.0,14810427.00747186,1736460719.1330636
2023-02-14 09:00:00,117.0,126.0,113.0,123.0,16724514.8657307,1973522192.050426
2023-02-15 09:00:00,123.0,131.0,119.0,131.0,29065887.98026763,3601790067.6432457
2023-02-16 09:00:00,130.0,139.0,128.0,133.0,66414143.1395122,8943330699.979595
2023-02-17 09:00:00,133.0,138.0,131.0,138.0,25089617.12258032,3358074585.227721
2023-02-18 09:00:00,138.0,138.0,133.0,135.0,18169325.79083646,2456084332.3018713
2023-02-19 09:00:00,135.0,136.0,132.0,135.0,12872996.87490787,1719980928.450195
2023-02-20 09:00:00,134.0,142.0,131.0,141.0,27438600.23695821,3739146272.3219686
2023-02-21 09:00:00,141.0,142.0,134.0,138.0,33318864.62128375,4597548541.1362295
2023-02-22 09:00:00,139.0,140.0,131.0,138.0,21786399.37294772,2941998959.447491
2023-02-23 09:00:00,138.0,142.0,134.0,141.0,21027392.40817579,2900566432.4435863
2023-02-24 09:00:00,141.0,156.0,139.0,154.0,111605677.86162125,16372279072.077368
2023-02-25 09:00:00,153.0,154.0,138.0,147.0,43032784.52492647,6195252801.390638
2023-02-26 09:00:00,146.0,160.0,140.0,144.0,60041806.97079303,8889241457.609646
2023-02-27 09:00:00,143.0,144.0,138.0,141.0,22984762.94819581,3227839877.01736
2023-02-28 09:00:00,141.0,141.0,139.0,140.0,4357766.88466971,609017956.6714473
