2020-06-04 09:00:00,272.0,295.0,269.0,290.0,2264272.33481629,636906106.7564782
2020-06-05 09:00:00,291.0,298.0,285.0,295.0,1806961.57751319,527740689.96245366
2020-06-06 09:00:00,294.0,295.0,283.0,286.0,879616.62610046,253830356.1526435
2020-06-07 09:00:00,286.0,288.0,273.0,282.0,1068566.88172985,298936825.48314106
2020-06-08 09:00:00,282.0,308.0,278.0,307.0,2601392.61413495,769324545.5301375
2020-06-09 09:00:00,307.0,314.0,298.0,302.0,1313634.40687308,401569594.5815309
2020-06-10 09:00:00,301.0,301.0,291.0,298.0,1133938.90239776,336414423.89644617
2020-06-11 09:00:00,298.0,303.0,263.0,267.0,1778254.27763899,504815944.97387403
2020-06-12 09:00:00,266.0,283.0,248.0,277.0,1375545.49194059,370818969.0686201
2020-06-13 09:00:00,277.0,282.0,270.0,280.0,860528.34557321,236378261.20070198
2020-06-14 09:00:00,281.0,287.0,268.0,269.0,853806.36182227,238624508.81865174
2020-06-15 09:00:00,269.0,270.0,251.0,269.0,1243488.27153091,325107601.34040993
2020-06-16 09:00:00,268.0,273.0,263.0,271.0,406007.63703452,108920749.74643102
2020-06-17 09:00:00,271.0,274.0,265.0,270.0,558211.62201427,150406560.41309208
2020-06-18 09:00:00,270.0,272.0,260.0,264.0,770871.76632247,205068027.87155333
2020-06-19 09:00:00,264.0,269.0,259.0,264.0,511041.41357607,134817086.1868012
2020-06-20 09:00:00,265.0,282.0,262.0,280.0,1664575.03172438,455251701.13904876
2020-06-21 09:00:00,280.0,303.0,276.0,292.0,2442763.80883834,703989154.6874098
2020-06-22 09:00:00,292.0,303.0,288.0,293.0,1132065.96628116,334892350.70206416
2020-06-23 09:00:00,294.0,313.0,290.0,307.0,675689.65599071,204044352.77179018
2020-06-24 09:00:00,307.0,316.0,291.0,300.0,1345720.18437301,412657135.9881284
2020-06-25 09:00:00,301.0,326.0,285.0,326.0,2712058.21257922,833946841.8611662
2020-06-26 09:00:00,325.0,330.0,306.0,326.0,1230134.85008559,390281527.78258264
2020-06-27 09:00:00,327.0,360.0,321.0,330.0,4156604.61462597,1409154303.2306762
2020-06-28 09:00:00,330.0,330.0,309.0,317.0,3218902.02950931,1024500888.9792516
2020-06-29 09:00:00,318.0,324.0,304.0,314.0,1361301.29111587,424093824.380113
2020-06-30 09:00:00,314.0,315.0,299.0,300.0,801551.96149018,245400184.45673522
2020-07-01 09:00:00,300.0,315.0,297.0,307.0,821430.40088679,250224508.11667168
2020-07-02 09:00:00,306.0,312.0,290.0,290.0,1484613.16826133,449422915.7585459
2020-07-03 09:00:00,290.0,298.0,288.0,291.0,1792779.66872622,524395035.43334633
2020-07-04 09:00:00,290.0,305.0,289.0,297.0,1173003.99038951,348503778.78803176
2020-07-05 09:00:00,297.0,299.0,289.0,295.0,964937.96858714,283146432.8216936
2020-07-06 09:00:00,295.0,311.0,291.0,309.0,975726.41050653,293263579.56916165
2020-07-07 09:00:00,308.0,313.0,299.0,303.0,942990.33018985,287158884.5871151
2020-07-08 09:00:00,303.0,319.0,299.0,313.0,1518221.94010527,465720804.66682756
2020-07-09 09:00:00,313.0,323.0,301.0,311.0,2276374.69089437,710378835.0353987
2020-07-10 09:00:00,311.0,311.0,293.0,303.0,1606270.92330355,481006378.2749892
2020-07-11 09:00:00,303.0,308.0,299.0,307.0,1021261.24016343,310375871.5256472
2020-07-12 09:00:00,307.0,312.0,301.0,308.0,1012900.91267091,309161551.57667655
2020-07-13 09:00:00,308.0,332.0,303.0,314.0,3374023.4932369,1071939773.265294
2020-07-14 09:00:00,313.0,320.0,305.0,312.0,1514766.87846731,471627846.6810672
2020-07-15 09:00:00,312.0,316.0,306.0,309.0,1563617.2256512,485031200.79665184
2020-07-16 09:00:00,311.0,328.0,283.0,312.0,2929180.68629799,881677846.8032746
2020-07-17 09:00:00,312.0,332.0,310.0,318.0,4762312.42769983,1524349605.0590925
2020-07-18 09:00:00,317.0,322.0,309.0,321.0,2364644.90237683,748488408.9364043
2020-07-19 09:00:00,320.0,334.0,320.0,326.0,2196970.45860748,717791658.959402
2020-07-20 09:00:00,326.0,328.0,308.0,310.0,2532741.06293305,804599750.4705564
2020-07-21 09:00:00,309.0,316.0,303.0,309.0,1804752.70448889,558010875.832383
2020-07-22 09:00:00,310.0,316.0,304.0,311.0,822233.98992232,254160239.773157
2020-07-23 09:00:00,310.0,318.0,307.0,312.0,1558271.59794239,487895192.1954951
2020-07-24 09:00:00,312.0,312.0,303.0,305.0,1077615.39880517,330477832.2523676
2020-07-25 09:00:00,305.0,313.0,305.0,311.0,671223.65485551,208307315.88534185
2020-07-26 09:00:00,311.0,316.0,299.0,300.0,1715836.34838142,527895595.8338818
2020-07-27 09:00:00,300.0,303.0,273.0,290.0,2675798.44904979,776076602.8276415
2020-07-28 09:00:00,290.0,301.0,286.0,294.0,1608775.38505897,471537651.1443428
2020-07-29 09:00:00,294.0,302.0,292.0,293.0,1627309.42135422,484959738.31494886
2020-07-30 09:00:00,293.0,298.0,291.0,292.0,1305322.5741037,384693582.64207244
2020-07-31 09:00:00,292.0,301.0,291.0,299.0,1058419.47198357,313097724.8233981
2020-08-01 09:00:00,300.0,307.0,294.0,305.0,1797776.48340554,540729157.1283247
2020-08-02 09:00:00,306.0,312.0,272.0,288.0,2877738.55758114,848593496.9976413
2020-08-03 09:00:00,286.0,303.0,284.0,297.0,921151.62431858,273237757.81149995
2020-08-04 09:00:00,297.0,313.0,297.0,313.0,962641.42524213,292553654.60595953
2020-08-05 09:00:00,312.0,314.0,300.0,305.0,816876.19363998,250500671.51383033
2020-08-06 09:00:00,303.0,307.0,299.0,305.0,1061081.96955168,321250854.38342416
2020-08-07 09:00:00,306.0,314.0,294.0,302.0,1411409.90441281,430680865.9213801
2020-08-08 09:00:00,302.0,312.0,300.0,308.0,3249498.55616558,994116531.5810926
2020-08-09 09:00:00,308.0,321.0,307.0,317.0,5016372.91162123,1577177322.184991
2020-08-10 09:00:00,315.0,340.0,310.0,338.0,4728809.50587206,1516538217.4942532
2020-08-11 09:00:00,336.0,339.0,301.0,312.0,5014823.20976644,1599784515.9308457
2020-08-12 09:00:00,313.0,324.0,300.0,322.0,2314540.61587658,722896464.8938231
2020-08-13 09:00:00,322.0,324.0,305.0,315.0,2023204.74203199,634660995.675718
2020-08-14 09:00:00,316.0,330.0,308.0,326.0,3614085.18788767,1152916585.1029382
2020-08-15 09:00:00,329.0,331.0,318.0,321.0,1429819.11886927,462701535.984406
2020-08-16 09:00:00,321.0,397.0,316.0,379.0,6909781.42964015,2458758965.3518577
2020-08-17 09:00:00,380.0,410.0,346.0,366.0,11243327.6127089,4205119322.0925717
2020-08-18 09:00:00,366.0,441.0,366.0,410.0,16208867.33742109,6602509501.404302
2020-08-19 09:00:00,410.0,420.0,369.0,376.0,5786582.37699265,2286890207.7274594
2020-08-20 09:00:00,375.0,438.0,375.0,426.0,9385126.01144076,3855598069.38785
2020-08-21 09:00:00,426.0,543.0,413.0,451.0,47770412.19015905,22898220498.291634
2020-08-22 09:00:00,451.0,483.0,404.0,472.0,9520703.58919017,4194185011.365693
2020-08-23 09:00:00,472.0,507.0,435.0,475.0,6848670.61504749,3227727892.5209556
2020-08-24 09:00:00,475.0,520.0,457.0,468.0,6524828.58284803,3207485149.366839
2020-08-25 09:00:00,468.0,470.0,402.0,411.0,4203713.87604671,1853458425.5997224
2020-08-26 09:00:00,411.0,436.0,403.0,416.0,4323039.97340129,1811134204.1868963
2020-08-27 09:00:00,417.0,420.0,379.0,387.0,2628328.99255961,1044554691.7315755
2020-08-28 09:00:00,387.0,415.0,379.0,410.0,2008321.52205577,803429933.826432
2020-08-29 09:00:00,410.0,431.0,408.0,414.0,1928638.06652074,811408756.1201
2020-08-30 09:00:00,414.0,427.0,404.0,404.0,1815341.4840906,756026640.8339179
2020-08-31 09:00:00,404.0,420.0,396.0,411.0,1322813.33452363,541758961.6788555
2020-09-01 09:00:00,409.0,415.0,389.0,394.0,2242564.72270818,898919957.042131
2020-09-02 09:00:00,394.0,398.0,360.0,377.0,2565352.81140372,972513912.8807706
2020-09-03 09:00:00,377.0,382.0,303.0,305.0,3367197.66410762,1153568272.519884
2020-09-04 09:00:00,307.0,332.0,303.0,321.0,3476261.12947322,1101216985.8703
2020-09-05 09:00:00,320.0,329.0,280.0,288.0,2065999.25138732,625854769.9734312
2020-09-06 09:00:00,289.0,314.0,273.0,310.0,1466300.78403122,428380334.8760439
2020-09-07 09:00:00,311.0,315.0,285.0,303.0,1377817.81752362,411710395.88203263
2020-09-08 09:00:00,302.0,316.0,294.0,300.0,1515401.24626579,460023374.1098209
2020-09-09 09:00:00,300.0,314.0,289.0,307.0,1457425.26986742,435980541.8218055
2020-09-10 09:00:00,305.0,324.0,303.0,321.0,2295269.76672727,721834576.3063905
2020-09-11 09:00:00,321.0,322.0,306.0,316.0,2944166.4571039,915396865.8430127
2020-09-12 09:00:00,316.0,328.0,311.0,326.0,1885554.33552458,599808099.3948253
2020-09-13 09:00:00,324.0,325.0,298.0,309.0,2314302.37759563,718075110.1690916
2020-09-14 09:00:00,307.0,313.0,299.0,304.0,1415042.00910304,431369153.17206436
2020-09-15 09:00:00,306.0,308.0,289.0,292.0,1417582.84067404,422832711.8179123
2020-09-16 09:00:00,293.0,301.0,282.0,297.0,1505390.20849003,442535276.8675516
2020-09-17 09:00:00,296.0,303.0,289.0,293.0,866199.42000905,255804200.62616825
2020-09-18 09:00:00,294.0,298.0,280.0,284.0,1362331.2634411,393394481.73744524
2020-09-19 09:00:00,284.0,289.0,283.0,285.0,431587.95954638,123033688.3058441
2020-09-20 09:00:00,285.0,286.0,269.0,279.0,878354.25128044,243769647.6646034
2020-09-21 09:00:00,278.0,282.0,242.0,253.0,2294786.81003821,596738307.3731872
2020-09-22 09:00:00,252.0,268.0,249.0,268.0,1028550.98143611,265873224.59352195
2020-09-23 09:00:00,269.0,272.0,246.0,249.0,735140.71619216,191705069.80236357
2020-09-24 09:00:00,249.0,266.0,246.0,264.0,701692.47502646,179900085.9425682
2020-09-25 09:00:00,264.0,275.0,256.0,271.0,740543.01099709,196118140.69210398
2020-09-26 09:00:00,272.0,275.0,266.0,272.0,621349.68665014,167592446.8074589
2020-09-27 09:00:00,272.0,276.0,260.0,267.0,753526.1058762,201519339.02047592
2020-09-28 09:00:00,267.0,282.0,267.0,274.0,1362668.95633916,373503741.1326866
2020-09-29 09:00:00,272.0,279.0,267.0,278.0,1107681.2949811,301932485.6807687
2020-09-30 09:00:00,278.0,291.0,272.0,279.0,4827827.09934798,1349019294.9798543
2020-10-01 09:00:00,279.0,287.0,263.0,270.0,1534652.7219342,424645553.99265635
2020-10-02 09:00:00,269.0,272.0,249.0,264.0,1435334.23132525,371139475.6448461
2020-10-03 09:00:00,263.0,265.0,259.0,260.0,374252.78295624,97838064.89960206
2020-10-04 09:00:00,259.0,263.0,254.0,262.0,622923.740541,160850543.24818298
2020-10-05 09:00:00,262.0,265.0,253.0,258.0,428352.08556244,110917354.25921446
2020-10-06 09:00:00,259.0,259.0,242.0,248.0,691381.76907123,173908819.1657755
2020-10-07 09:00:00,247.0,251.0,241.0,249.0,622168.26469662,153331073.78201154
2020-10-08 09:00:00,249.0,252.0,242.0,251.0,1998364.02398454,494049148.1660911
2020-10-09 09:00:00,251.0,258.0,247.0,255.0,1657418.71173797,420019343.66512614
2020-10-10 09:00:00,254.0,266.0,249.0,251.0,2887507.11798812,741563407.314205
2020-10-11 09:00:00,251.0,254.0,247.0,252.0,2095188.60610188,525199334.02315986
2020-10-12 09:00:00,252.0,256.0,246.0,252.0,2385622.25670904,600289659.0137062
2020-10-13 09:00:00,252.0,258.0,247.0,250.0,1899425.21781006,479557996.02737993
2020-10-14 09:00:00,250.0,255.0,244.0,248.0,1252100.12460787,310512761.18875206
2020-10-15 09:00:00,248.0,248.0,241.0,245.0,860258.54371379,209983877.64469132
2020-10-16 09:00:00,245.0,247.0,236.0,239.0,1196589.60873323,288137623.0717257
2020-10-17 09:00:00,239.0,249.0,236.0,248.0,772109.77708764,188371508.39224485
2020-10-18 09:00:00,248.0,250.0,245.0,245.0,225714.54769834,55936819.0163281
2020-10-19 09:00:00,246.0,247.0,241.0,244.0,516731.33971299,125873266.28442733
2020-10-20 09:00:00,245.0,245.0,230.0,238.0,1270760.07036636,303168995.1993425
2020-10-21 09:00:00,238.0,247.0,237.0,243.0,1111027.75694098,270279642.3681891
2020-10-22 09:00:00,243.0,255.0,243.0,250.0,1212533.07217613,302235349.1844427
2020-10-23 09:00:00,251.0,254.0,245.0,250.0,778939.27040732,194016634.12797987
2020-10-24 09:00:00,250.0,250.0,246.0,249.0,677730.2258118,168188016.31016824
2020-10-25 09:00:00,247.0,249.0,240.0,244.0,662260.41923652,161525204.02185005
2020-10-26 09:00:00,243.0,250.0,238.0,242.0,980123.2515742,239580885.86126953
2020-10-27 09:00:00,241.0,243.0,235.0,240.0,667426.97888116,159135813.49845546
2020-10-28 09:00:00,239.0,241.0,217.0,223.0,1642293.30121296,373651460.9154719
2020-10-29 09:00:00,223.0,225.0,213.0,215.0,877688.17133137,191587244.76464784
2020-10-30 09:00:00,214.0,216.0,201.0,212.0,1940068.69666172,403497835.6389508
2020-10-31 09:00:00,213.0,215.0,208.0,211.0,187514.72742362,39871489.49897179
2020-11-01 09:00:00,211.0,216.0,209.0,216.0,117235.4627024,24797806.19933917
2020-11-02 09:00:00,216.0,218.0,207.0,210.0,454910.28225634,96348346.00428908
2020-11-03 09:00:00,208.0,210.0,201.0,205.0,851177.45698671,173856436.25480536
2020-11-04 09:00:00,204.0,210.0,200.0,210.0,429292.47376561,87911850.47232322
2020-11-05 09:00:00,210.0,216.0,203.0,213.0,928520.42637993,195884839.7517124
2020-11-06 09:00:00,214.0,233.0,211.0,229.0,2937384.4556732,652617324.6724005
2020-11-07 09:00:00,228.0,237.0,211.0,218.0,2336180.04585935,524404376.93213594
2020-11-08 09:00:00,216.0,228.0,214.0,224.0,1404153.02852461,308252142.59889805
2020-11-09 09:00:00,223.0,223.0,211.0,217.0,2181308.79600807,471205511.06701785
2020-11-10 09:00:00,217.0,231.0,216.0,225.0,3892173.61573133,874340360.3169334
2020-11-11 09:00:00,225.0,232.0,221.0,224.0,3256704.00906816,732964979.6316473
2020-11-12 09:00:00,223.0,228.0,214.0,217.0,3346902.12696461,743401234.6864289
2020-11-13 09:00:00,217.0,226.0,213.0,223.0,2142781.07550753,472220096.7110939
2020-11-14 09:00:00,224.0,225.0,215.0,218.0,1620572.64270219,355883277.3486376
2020-11-15 09:00:00,218.0,222.0,210.0,217.0,2242709.43693778,487136163.96462315
2020-11-16 09:00:00,215.0,221.0,212.0,217.0,1338284.70071822,289645701.6823126
2020-11-17 09:00:00,217.0,228.0,216.0,225.0,2817153.54989729,626355246.4588531
2020-11-18 09:00:00,224.0,227.0,212.0,222.0,2705513.28957741,595894530.3549533
2020-11-19 09:00:00,222.0,227.0,217.0,220.0,2156904.24179396,478969517.3829562
2020-11-20 09:00:00,219.0,226.0,217.0,225.0,3745866.89839538,827006836.053136
2020-11-21 09:00:00,225.0,255.0,224.0,254.0,9865272.21906504,2324913458.4637885
2020-11-22 09:00:00,254.0,257.0,225.0,243.0,6272919.89052836,1515240100.238424
2020-11-23 09:00:00,243.0,290.0,237.0,279.0,7011844.77188127,1855673457.025605
2020-11-24 09:00:00,279.0,301.0,258.0,286.0,7805220.72103209,2212675147.3262615
2020-11-25 09:00:00,288.0,314.0,277.0,285.0,6378780.24679488,1856703625.5093117
2020-11-26 09:00:00,285.0,291.0,236.0,250.0,7238639.72265522,1849424889.3356152
2020-11-27 09:00:00,252.0,259.0,238.0,250.0,1885593.57107994,465261935.2534418
2020-11-28 09:00:00,250.0,259.0,243.0,252.0,2151258.70492184,541563244.2083985
2020-11-29 09:00:00,254.0,260.0,247.0,259.0,1956376.65125371,497264024.2784525
2020-11-30 09:00:00,260.0,266.0,251.0,264.0,2280094.4704604,589840943.3654764
2020-12-01 09:00:00,265.0,285.0,256.0,262.0,4463943.2077264,1202361627.4027832
2020-12-02 09:00:00,261.0,270.0,255.0,267.0,3021538.85252351,793714474.5658232
2020-12-03 09:00:00,266.0,272.0,262.0,265.0,3259516.07588461,869009636.0828857
2020-12-04 09:00:00,265.0,280.0,248.0,252.0,8483854.8800785,2258419471.4000964
2020-12-05 09:00:00,252.0,258.0,248.0,256.0,1899861.22662991,482098268.9663578
2020-12-06 09:00:00,256.0,259.0,248.0,257.0,2014144.04589964,509205852.47709584
2020-12-07 09:00:00,256.0,260.0,252.0,257.0,2257755.31312437,577202769.0809455
2020-12-08 09:00:00,258.0,260.0,238.0,241.0,3886173.58529624,974326410.4120485
2020-12-09 09:00:00,240.0,241.0,223.0,241.0,2602766.59985253,610122046.2843299
2020-12-10 09:00:00,240.0,241.0,228.0,230.0,1092111.20997263,254944295.0758197
2020-12-11 09:00:00,230.0,230.0,221.0,221.0,1745433.30964564,390969556.7223514
2020-12-12 09:00:00,223.0,235.0,221.0,232.0,1540985.23607699,353012223.4468086
2020-12-13 09:00:00,231.0,238.0,227.0,231.0,1550491.02173255,359493349.58570755
2020-12-14 09:00:00,231.0,239.0,229.0,238.0,1664821.4598105,388104981.1581889
2020-12-15 09:00:00,238.0,242.0,232.0,238.0,1622978.57351584,383528214.71271896
2020-12-16 09:00:00,237.0,252.0,235.0,250.0,2959606.31645185,721986814.6760808
2020-12-17 09:00:00,249.0,255.0,241.0,246.0,2632393.13430849,655071553.8447087
2020-12-18 09:00:00,246.0,358.0,243.0,272.0,41408514.88727478,11865304526.998484
2020-12-19 09:00:00,272.0,297.0,266.0,268.0,18136710.06829311,5043981635.200317
2020-12-20 09:00:00,268.0,269.0,255.0,257.0,3658748.40769454,964040254.256035
2020-12-21 09:00:00,256.0,265.0,241.0,250.0,4255051.93613487,1072539822.052288
2020-12-22 09:00:00,250.0,253.0,235.0,246.0,3503188.57209603,859910843.1464468
2020-12-23 09:00:00,246.0,248.0,205.0,219.0,4439276.06579337,1023315579.9172256
2020-12-24 09:00:00,219.0,250.0,213.0,242.0,6344548.41761393,1507047832.7044978
2020-12-25 09:00:00,243.0,249.0,232.0,236.0,2765539.79690109,663075278.3793384
2020-12-26 09:00:00,236.0,240.0,226.0,237.0,2743593.08771637,639970318.2773458
2020-12-27 09:00:00,238.0,247.0,224.0,233.0,6966638.08503552,1652626416.2894843
2020-12-28 09:00:00,234.0,250.0,231.0,236.0,5322960.61245084,1268184286.8694546
2020-12-29 09:00:00,237.0,241.0,222.0,230.0,3165826.18096199,730567026.8321885
2020-12-30 09:00:00,232.0,232.0,220.0,223.0,2021702.70299559,455550924.57171017
2020-12-31 09:00:00,222.0,225.0,217.0,222.0,2513531.31366874,555695124.975373
2021-01-01 09:00:00,221.0,233.0,219.0,225.0,3512052.02861516,792724096.2689618
2021-01-02 09:00:00,225.0,231.0,220.0,227.0,3854489.69291359,867563947.9801335
2021-01-03 09:00:00,226.0,249.0,224.0,246.0,7907555.36604158,1839194327.5778852
2021-01-04 09:00:00,247.0,270.0,227.0,248.0,8750784.29802912,2179389842.428213
2021-01-05 09:00:00,250.0,291.0,243.0,261.0,20404680.98789664,5293919317.762849
2021-01-06 09:00:00,261.0,283.0,255.0,279.0,12022354.41129534,3239206642.4502506
2021-01-07 09:00:00,279.0,319.0,273.0,291.0,20940538.7289812,6245210720.42778
2021-01-08 09:00:00,291.0,346.0,272.0,292.0,24422928.24505529,7321728075.554686
2021-01-09 09:00:00,292.0,327.0,281.0,313.0,20455910.52446528,6271492229.975245
2021-01-10 09:00:00,313.0,336.0,265.0,293.0,14175436.49788414,4365470087.453025
2021-01-11 09:00:00,292.0,293.0,232.0,261.0,8264509.32190235,2131489615.228192
2021-01-12 09:00:00,262.0,278.0,248.0,263.0,4768869.59773584,1247451739.7904797
2021-01-13 09:00:00,263.0,280.0,254.0,277.0,4697500.13852278,1261052329.077447
2021-01-14 09:00:00,278.0,303.0,263.0,269.0,11570910.32538484,3183136177.012311
2021-01-15 09:00:00,270.0,291.0,255.0,275.0,12332535.18152655,3362554108.2842937
2021-01-16 09:00:00,276.0,375.0,276.0,296.0,107868683.10526186,33920425604.633755
2021-01-17 09:00:00,296.0,308.0,277.0,302.0,10557834.2433389,3088431006.2548704
2021-01-18 09:00:00,303.0,324.0,297.0,310.0,10095206.93971559,3132286572.0625987
2021-01-19 09:00:00,310.0,319.0,296.0,298.0,6873978.51488686,2106005269.4247584
2021-01-20 09:00:00,298.0,347.0,283.0,309.0,30911235.67102016,9596916370.043066
2021-01-21 09:00:00,309.0,310.0,272.0,272.0,8374023.51523942,2435464574.38286
2021-01-22 09:00:00,274.0,384.0,247.0,347.0,78161867.92059906,26510594625.123306
2021-01-23 09:00:00,346.0,404.0,339.0,365.0,74784940.51819134,28341635657.467415
2021-01-24 09:00:00,364.0,373.0,338.0,351.0,12959093.88587811,4615489670.414426
2021-01-25 09:00:00,352.0,372.0,331.0,339.0,11967493.91716662,4225137479.5001416
2021-01-26 09:00:00,339.0,380.0,314.0,331.0,15063651.46260661,5103715209.33648
2021-01-27 09:00:00,332.0,355.0,307.0,343.0,9372352.1307274,3083085478.441949
2021-01-28 09:00:00,342.0,359.0,334.0,340.0,11780201.81472318,4064093356.9088035
2021-01-29 09:00:00,339.0,341.0,319.0,339.0,9291747.07266074,3073600014.5656004
2021-01-30 09:00:00,339.0,350.0,326.0,342.0,4906076.82980884,1653666950.6625898
2021-01-31 09:00:00,342.0,353.0,327.0,333.0,7223597.42973813,2464082877.1556535
2021-02-01 09:00:00,334.0,347.0,319.0,343.0,6177459.35658697,2033184760.0028646
2021-02-02 09:00:00,345.0,348.0,331.0,340.0,4208791.17736671,1424665246.4268625
2021-02-03 09:00:00,340.0,352.0,334.0,342.0,10138294.9873858,3453157902.35511
2021-02-04 09:00:00,342.0,346.0,314.0,338.0,14006478.43724963,4670665722.811299
2021-02-05 09:00:00,337.0,398.0,337.0,393.0,21778706.6110201,8042637029.314252
2021-02-06 09:00:00,393.0,394.0,361.0,376.0,8587108.59874136,3210575926.431279
2021-02-07 09:00:00,376.0,458.0,370.0,439.0,29503864.32030638,12217456404.74278
2021-02-08 09:00:00,440.0,464.0,422.0,440.0,8352969.20706531,3668069000.4840674
2021-02-09 09:00:00,440.0,476.0,428.0,456.0,5481843.25731822,2425667998.8878217
2021-02-10 09:00:00,455.0,487.0,428.0,480.0,9574635.51587525,4432378751.628522
2021-02-11 09:00:00,480.0,715.0,474.0,638.0,40383632.8289658,24056526648.61853
2021-02-12 09:00:00,635.0,769.0,585.0,676.0,28821992.31807848,20234652953.215973
2021-02-13 09:00:00,676.0,749.0,625.0,675.0,13617262.94471355,9335590436.19851
2021-02-14 09:00:00,675.0,677.0,579.0,610.0,9114890.47146464,5739611327.195408
2021-02-15 09:00:00,610.0,642.0,500.0,591.0,8896654.95690152,5188468321.327693
2021-02-16 09:00:00,591.0,646.0,570.0,622.0,7324061.68899339,4511804315.710924
2021-02-17 09:00:00,619.0,658.0,573.0,632.0,7768251.6726975,4783688672.734572
2021-02-18 09:00:00,632.0,724.0,632.0,714.0,13299238.28663829,8867898600.316069
2021-02-19 09:00:00,713.0,760.0,668.0,710.0,11138486.10702454,7841487499.963651
2021-02-20 09:00:00,709.0,734.0,650.0,671.0,11597137.44924418,8106691758.299134
2021-02-21 09:00:00,673.0,699.0,649.0,692.0,11170720.4610772,7525368736.600319
2021-02-22 09:00:00,691.0,888.0,540.0,615.0,45820651.31387482,31717210885.828896
2021-02-23 09:00:00,616.0,663.0,437.0,533.0,15225626.23807336,8264947120.406845
2021-02-24 09:00:00,533.0,614.0,483.0,585.0,10797259.96299523,6133226818.624849
2021-02-25 09:00:00,586.0,610.0,545.0,558.0,11077041.55212479,6472876624.516427
2021-02-26 09:00:00,556.0,641.0,515.0,612.0,12729072.25194219,7284113087.089113
2021-02-27 09:00:00,612.0,650.0,586.0,598.0,12371407.43817307,7686528475.491392
2021-02-28 09:00:00,598.0,616.0,532.0,608.0,9725629.16202803,5605031380.308054
2021-03-01 09:00:00,608.0,673.0,592.0,667.0,8851711.58491394,5602955609.605336
2021-03-02 09:00:00,665.0,717.0,635.0,699.0,9689949.22032926,6574400745.070494
2021-03-03 09:00:00,700.0,1020.0,686.0,876.0,100589802.49133886,87926548302.07729
2021-03-04 09:00:00,875.0,914.0,771.0,810.0,19253884.82141843,16310064269.087029
2021-03-05 09:00:00,810.0,841.0,746.0,789.0,10118207.26236577,7909462595.929999
2021-03-06 09:00:00,791.0,810.0,734.0,768.0,5574771.17309164,4327295501.090451
2021-03-07 09:00:00,768.0,830.0,760.0,795.0,10767875.63669535,8570558827.792042
2021-03-08 09:00:00,794.0,850.0,767.0,850.0,8695057.89870189,6948929270.275656
2021-03-09 09:00:00,850.0,873.0,815.0,862.0,11274535.1468922,9445077708.985754
2021-03-10 09:00:00,865.0,1040.0,789.0,951.0,64002719.43148313,59010386218.17121
2021-03-11 09:00:00,949.0,991.0,901.0,923.0,15603433.07577374,14650159735.22223
2021-03-12 09:00:00,922.0,935.0,855.0,881.0,11139388.87507351,9956666311.214884
2021-03-13 09:00:00,882.0,969.0,843.0,941.0,14313729.56121587,13067813906.763002
2021-03-14 09:00:00,941.0,981.0,889.0,890.0,8960725.87621816,8360944005.357115
2021-03-15 09:00:00,890.0,934.0,813.0,879.0,9915070.94166186,8685523958.04879
2021-03-16 09:00:00,882.0,1385.0,845.0,1200.0,56213140.1456937,62764501874.99933
2021-03-17 09:00:00,1200.0,1645.0,1070.0,1445.0,85763016.3653953,117794161822.07553
2021-03-18 09:00:00,1440.0,1615.0,1370.0,1400.0,25170950.17351648,37270970606.16682
2021-03-19 09:00:00,1400.0,1460.0,1335.0,1380.0,11247657.30880028,15738030560.47501
2021-03-20 09:00:00,1385.0,1440.0,1260.0,1265.0,10907027.79634803,14959030943.7034
2021-03-21 09:00:00,1270.0,1335.0,1235.0,1315.0,5856075.64669696,7551405072.402648
2021-03-22 09:00:00,1320.0,1595.0,1280.0,1300.0,22617327.32157413,31402125199.887558
2021-03-23 09:00:00,1295.0,1335.0,1220.0,1270.0,7623935.07070943,9765368667.534409
2021-03-24 09:00:00,1275.0,1345.0,1175.0,1220.0,7524294.90214548,9577482494.125622
2021-03-25 09:00:00,1230.0,1245.0,1135.0,1205.0,5630503.70204467,6733841594.900012
2021-03-26 09:00:00,1210.0,1370.0,1200.0,1290.0,10525286.14353106,13275913092.768436
2021-03-27 09:00:00,1290.0,1300.0,1225.0,1290.0,4627787.50079329,5842604859.248677
2021-03-28 09:00:00,1295.0,1540.0,1285.0,1345.0,26634056.22559604,36434120042.39383
2021-03-29 09:00:00,1350.0,1370.0,1300.0,1355.0,9056197.53742151,12053707359.179726
2021-03-30 09:00:00,1355.0,1460.0,1335.0,1415.0,16636025.01537996,23409301492.943302
2021-03-31 09:00:00,1410.0,1435.0,1300.0,1405.0,12848610.45479803,17553812726.21536
2021-04-01 09:00:00,1405.0,1450.0,1350.0,1430.0,12197751.56769559,17202028614.40914
2021-04-02 09:00:00,1430.0,1590.0,1385.0,1505.0,15870424.49740613,23539196474.288548
2021-04-03 09:00:00,1505.0,1640.0,1385.0,1410.0,19525259.72566755,29856975188.72839
2021-04-04 09:00:00,1415.0,1515.0,1360.0,1500.0,5919990.19666907,8634804723.023403
2021-04-05 09:00:00,1505.0,1725.0,1460.0,1710.0,20104555.91128605,31798080794.072746
2021-04-06 09:00:00,1710.0,2095.0,1510.0,1780.0,29699693.58492924,50342558643.389755
2021-04-07 09:00:00,1785.0,1925.0,1250.0,1540.0,18706318.54169882,31004262336.838127
2021-04-08 09:00:00,1550.0,1690.0,1480.0,1690.0,9249176.20538512,14745954881.056131
2021-04-09 09:00:00,1680.0,2150.0,1605.0,2015.0,27891563.64783777,51847343246.66361
2021-04-10 09:00:00,2015.0,2130.0,1840.0,1930.0,12059460.3191885,23543013857.99471
2021-04-11 09:00:00,1925.0,2100.0,1800.0,1895.0,16482635.64903738,32388811750.379913
2021-04-12 09:00:00,1895.0,1920.0,1815.0,1860.0,5885118.95428946,10993092035.063381
2021-04-13 09:00:00,1860.0,1960.0,1800.0,1905.0,9596899.04465376,17943990938.47492
2021-04-14 09:00:00,1910.0,2005.0,1765.0,1875.0,12178396.86694671,23087746542.27132
2021-04-15 09:00:00,1875.0,2030.0,1815.0,1925.0,9502191.0966673,18258574298.03204
2021-04-16 09:00:00,1925.0,2075.0,1805.0,1985.0,21451871.30834304,41475230520.39774
2021-04-17 09:00:00,1990.0,2040.0,1905.0,1915.0,10643764.6068464,20738963647.891273
2021-04-18 09:00:00,1915.0,1935.0,1495.0,1815.0,14884671.34840735,25603185647.22675
2021-04-19 09:00:00,1815.0,1925.0,1550.0,1700.0,11559834.86054827,20194722353.201557
2021-04-20 09:00:00,1700.0,1730.0,1425.0,1580.0,14098123.68475234,22126491448.917114
2021-04-21 09:00:00,1580.0,1640.0,1510.0,1530.0,7968796.12032757,12594908760.058477
2021-04-22 09:00:00,1530.0,1555.0,1205.0,1240.0,10220027.04924908,14362446687.432392
2021-04-23 09:00:00,1240.0,1410.0,969.0,1390.0,29315907.6878303,35687370445.893555
2021-04-24 09:00:00,1390.0,1400.0,1240.0,1260.0,5469214.83539203,7148042178.793079
2021-04-25 09:00:00,1260.0,1335.0,1160.0,1260.0,6957859.50475913,8898909118.940468
2021-04-26 09:00:00,1260.0,1395.0,1220.0,1390.0,9626432.16655543,12802192169.793772
2021-04-27 09:00:00,1390.0,1470.0,1335.0,1450.0,10870797.01807191,15408440932.22987
2021-04-28 09:00:00,1455.0,1515.0,1330.0,1410.0,8960846.17629315,12798896419.558369
2021-04-29 09:00:00,1410.0,1505.0,1360.0,1415.0,10692971.67126823,15153870090.933279
2021-04-30 09:00:00,1415.0,1515.0,1390.0,1490.0,5479446.09091265,7951259589.20807
2021-05-01 09:00:00,1490.0,1540.0,1465.0,1520.0,6013808.08065376,9018247686.249052
2021-05-02 09:00:00,1520.0,1565.0,1450.0,1520.0,6942653.9715132,10482549736.05875
2021-05-03 09:00:00,1520.0,1600.0,1510.0,1585.0,7365569.0289492,11503720766.186373
2021-05-04 09:00:00,1585.0,1590.0,1420.0,1465.0,9520677.49330272,14322249864.722788
2021-05-05 09:00:00,1465.0,1660.0,1455.0,1630.0,16896530.47875913,26532999964.658875
2021-05-06 09:00:00,1635.0,1760.0,1600.0,1715.0,21264507.94570365,35826826430.6032
2021-05-07 09:00:00,1720.0,1965.0,1600.0,1690.0,32717144.15219646,59186993954.37231
2021-05-08 09:00:00,1690.0,1820.0,1625.0,1735.0,11653553.24064609,20120272786.127834
2021-05-09 09:00:00,1730.0,1780.0,1660.0,1735.0,9451783.66143365,16243267608.686121
2021-05-10 09:00:00,1735.0,1835.0,1650.0,1665.0,25789432.23075633,45434335275.85716
2021-05-11 09:00:00,1670.0,1725.0,1565.0,1720.0,16633724.97392558,27560636567.744423
2021-05-12 09:00:00,1720.0,1735.0,1410.0,1440.0,16297355.09650776,26619076911.905666
2021-05-13 09:00:00,1445.0,1580.0,1370.0,1520.0,12108487.24027,18229379226.634586
2021-05-14 09:00:00,1515.0,1535.0,1470.0,1505.0,6755990.24798828,10156831088.345135
2021-05-15 09:00:00,1510.0,1520.0,1395.0,1420.0,7109311.84621734,10392507109.72946
2021-05-16 09:00:00,1420.0,1515.0,1350.0,1420.0,7333858.43095708,10602668864.2966
2021-05-17 09:00:00,1420.0,1425.0,1230.0,1315.0,8431761.73739718,11128414291.312162
2021-05-18 09:00:00,1315.0,1415.0,1300.0,1375.0,7216023.19175937,9856833122.987783
2021-05-19 09:00:00,1385.0,1390.0,669.0,1025.0,20035896.41426084,21683493326.07222
2021-05-20 09:00:00,1025.0,1145.0,906.0,1115.0,8433468.28434275,8783474951.546558
2021-05-21 09:00:00,1115.0,1165.0,896.0,1010.0,15718121.58675447,16516710558.496212
2021-05-22 09:00:00,1010.0,1095.0,827.0,868.0,16358178.1799642,15116841490.768051
2021-05-23 09:00:00,868.0,944.0,580.0,687.0,16576109.66810447,12460123611.37718
2021-05-24 09:00:00,690.0,893.0,650.0,878.0,66010848.90319757,52916916592.41979
2021-05-25 09:00:00,879.0,944.0,819.0,902.0,15451772.0359565,13663935071.867231
2021-05-26 09:00:00,905.0,1075.0,896.0,1065.0,18562847.75280688,17875452302.567013
2021-05-27 09:00:00,1070.0,1115.0,971.0,1025.0,12030005.19616557,12523902926.857204
2021-05-28 09:00:00,1025.0,1035.0,855.0,918.0,12301121.61717271,11519469605.960863
2021-05-29 09:00:00,918.0,954.0,795.0,842.0,8906917.12851288,7814004888.808923
2021-05-30 09:00:00,842.0,887.0,777.0,857.0,7340031.8333891,6208285305.567836
2021-05-31 09:00:00,853.0,903.0,804.0,900.0,6316114.19385169,5374904069.099149
2021-06-01 09:00:00,900.0,913.0,860.0,879.0,4827048.47028885,4278749624.1755896
2021-06-02 09:00:00,881.0,1055.0,867.0,927.0,31306248.9788228,30170995618.351097
2021-06-03 09:00:00,927.0,987.0,922.0,961.0,8728360.07883249,8353253095.359026
2021-06-04 09:00:00,962.0,964.0,853.0,884.0,7334995.25749448,6616216299.727817
2021-06-05 09:00:00,887.0,949.0,860.0,887.0,7993256.53508983,7281246579.782393
2021-06-06 09:00:00,887.0,919.0,869.0,889.0,5924450.16853523,5248997396.676434
2021-06-07 09:00:00,889.0,921.0,800.0,807.0,5751329.61574876,4996608879.60291
2021-06-08 09:00:00,807.0,825.0,710.0,774.0,6331430.14648987,4902472262.736348
2021-06-09 09:00:00,774.0,813.0,731.0,811.0,5070744.55353918,3952839150.119917
2021-06-10 09:00:00,811.0,819.0,759.0,778.0,4150111.52070698,3269025147.3665195
2021-06-11 09:00:00,778.0,832.0,748.0,754.0,11335783.78734797,8959131039.686226
2021-06-12 09:00:00,757.0,760.0,689.0,719.0,4638501.60423719,3325417145.549957
2021-06-13 09:00:00,719.0,758.0,697.0,746.0,3252003.65371408,2347110392.0200944
2021-06-14 09:00:00,746.0,779.0,732.0,772.0,3714375.4681969,2804686652.077784
2021-06-15 09:00:00,773.0,828.0,765.0,796.0,5903566.42421443,4744021902.781822
2021-06-16 09:00:00,800.0,804.0,762.0,776.0,4345498.06298045,3396465202.7498107
2021-06-17 09:00:00,777.0,803.0,763.0,777.0,2689946.97002819,2113370398.4944038
2021-06-18 09:00:00,777.0,825.0,708.0,723.0,12683085.31466282,9704706496.066723
2021-06-19 09:00:00,725.0,739.0,700.0,707.0,2183462.14658229,1574027207.3738322
2021-06-20 09:00:00,708.0,717.0,669.0,708.0,4868036.28369409,3378218111.9166408
2021-06-21 09:00:00,707.0,710.0,590.0,606.0,7183208.33461714,4558891638.2841215
2021-06-22 09:00:00,606.0,625.0,500.0,562.0,10623543.55961956,5958079247.839257
2021-06-23 09:00:00,562.0,655.0,541.0,640.0,3425138.46105391,2120289742.2970223
2021-06-24 09:00:00,640.0,669.0,614.0,660.0,2837588.34802609,1827812393.4316666
2021-06-25 09:00:00,664.0,685.0,600.0,609.0,3901903.77944319,2485286912.3973184
2021-06-26 09:00:00,612.0,622.0,571.0,597.0,3768651.06268506,2232513847.8441725
2021-06-27 09:00:00,597.0,625.0,585.0,625.0,2734103.58917299,1645974783.944886
2021-06-28 09:00:00,623.0,659.0,612.0,648.0,3774937.4045519,2381907533.0355554
2021-06-29 09:00:00,648.0,715.0,645.0,683.0,6358563.83167015,4324777501.61734
2021-06-30 09:00:00,683.0,718.0,652.0,716.0,7892848.35281149,5353690211.008493
2021-07-01 09:00:00,717.0,800.0,656.0,684.0,12631560.41576563,8947829318.686325
2021-07-02 09:00:00,684.0,691.0,642.0,677.0,3818731.80186574,2539417240.8802843
2021-07-03 09:00:00,678.0,694.0,660.0,686.0,3580813.75618319,2437889407.8884244
2021-07-04 09:00:00,686.0,718.0,665.0,702.0,4388436.23059026,3012678920.112786
2021-07-05 09:00:00,702.0,703.0,650.0,665.0,6399261.95500186,4323250405.248114
2021-07-06 09:00:00,665.0,700.0,661.0,691.0,6039832.42545382,4129432957.8515105
2021-07-07 09:00:00,691.0,755.0,684.0,719.0,11874673.28873438,8684793450.65188
2021-07-08 09:00:00,722.0,728.0,662.0,677.0,8947600.94229346,6172542054.552446
2021-07-09 09:00:00,675.0,677.0,637.0,671.0,5896626.11815719,3866016201.3437705
2021-07-10 09:00:00,672.0,683.0,649.0,658.0,3665289.322316,2435581674.550825
2021-07-11 09:00:00,658.0,666.0,644.0,662.0,2903088.72666064,1907742742.2636864
2021-07-12 09:00:00,663.0,671.0,644.0,650.0,3699792.42289709,2428160246.663898
2021-07-13 09:00:00,650.0,650.0,627.0,635.0,4395659.03220867,2808010757.953571
2021-07-14 09:00:00,634.0,638.0,591.0,625.0,5719170.89384615,3504136934.649972
2021-07-15 09:00:00,625.0,635.0,592.0,601.0,4769680.8003537,2925764104.370973
2021-07-16 09:00:00,600.0,687.0,584.0,652.0,43924630.74378063,27709910973.796318
2021-07-17 09:00:00,653.0,714.0,625.0,632.0,41061597.52515358,27781212348.357372
2021-07-18 09:00:00,632.0,652.0,610.0,617.0,6553125.57114763,4146243213.5006156
2021-07-19 09:00:00,616.0,617.0,582.0,590.0,3861071.56910792,2305130990.5617714
2021-07-20 09:00:00,591.0,598.0,541.0,553.0,4452362.2593194,2486006075.226985
2021-07-21 09:00:00,553.0,596.0,541.0,596.0,6078996.38569192,3479620526.9987435
2021-07-22 09:00:00,596.0,614.0,585.0,601.0,3485688.13803706,2089043025.741974
2021-07-23 09:00:00,602.0,619.0,590.0,610.0,5367293.96371532,3260239175.170955
2021-07-24 09:00:00,610.0,650.0,604.0,630.0,6685058.73964145,4218877820.840366
2021-07-25 09:00:00,630.0,637.0,611.0,629.0,3957917.91667742,2464627997.1990685
2021-07-26 09:00:00,629.0,697.0,626.0,632.0,11499681.22084624,7672968179.772933
2021-07-27 09:00:00,633.0,706.0,616.0,660.0,16042252.50957537,10495538023.756983
2021-07-28 09:00:00,658.0,679.0,641.0,663.0,5211240.02351533,3433785832.630871
2021-07-29 09:00:00,663.0,693.0,644.0,684.0,6272448.29795901,4206525191.6270514
2021-07-30 09:00:00,683.0,714.0,660.0,714.0,10958312.86907429,7553523038.625814
2021-07-31 09:00:00,709.0,766.0,698.0,759.0,17321318.94351256,12685668464.17509
2021-08-01 09:00:00,756.0,957.0,755.0,765.0,75684847.39763707,63606408961.30335
2021-08-02 09:00:00,765.0,776.0,730.0,762.0,8318161.43507711,6296808804.755331
2021-08-03 09:00:00,762.0,768.0,725.0,753.0,5457708.47917609,4062869609.1321764
2021-08-04 09:00:00,753.0,791.0,740.0,770.0,12638783.70432533,9736767322.05595
2021-08-05 09:00:00,770.0,799.0,756.0,786.0,7267604.25171953,5630923962.7862
2021-08-06 09:00:00,786.0,811.0,766.0,802.0,5871261.21042642,4613283148.111532
2021-08-07 09:00:00,800.0,844.0,790.0,828.0,10964007.42300522,8989653621.528587
2021-08-08 09:00:00,827.0,839.0,775.0,783.0,8716365.4934544,7030844341.588772
2021-08-09 09:00:00,783.0,812.0,752.0,804.0,15480650.32163739,12259215347.22061
2021-08-10 09:00:00,804.0,832.0,794.0,831.0,14648201.36411592,11980469459.34791
2021-08-11 09:00:00,831.0,884.0,825.0,859.0,12137662.05173656,10357099468.236256
2021-08-12 09:00:00,859.0,896.0,814.0,840.0,14977489.79768919,12655509905.774126
2021-08-13 09:00:00,840.0,915.0,825.0,910.0,11506083.96787128,10048249316.438786
2021-08-14 09:00:00,912.0,918.0,865.0,909.0,11813526.37741088,10577061108.893503
2021-08-15 09:00:00,910.0,950.0,879.0,943.0,12877197.8720696,11771938767.3201
2021-08-16 09:00:00,943.0,955.0,911.0,921.0,9326245.44677784,8723891580.088463
2021-08-17 09:00:00,920.0,944.0,865.0,868.0,10499472.54750787,9547934919.9545
2021-08-18 09:00:00,871.0,884.0,818.0,846.0,6842005.16964414,5813731112.859096
2021-08-19 09:00:00,848.0,893.0,830.0,890.0,5601287.4710064,4781744246.494944
2021-08-20 09:00:00,890.0,923.0,876.0,916.0,6203663.451239,5573784180.745742
2021-08-21 09:00:00,916.0,945.0,896.0,919.0,11482977.07691106,10563753932.084103
2021-08-22 09:00:00,919.0,1050.0,911.0,1020.0,55958730.14369281,54211171326.01663
2021-08-23 09:00:00,1015.0,1095.0,983.0,1040.0,25838995.13364072,26210438122.606956
2021-08-24 09:00:00,1040.0,1050.0,956.0,964.0,17874565.08920175,18034800871.742023
2021-08-25 09:00:00,965.0,1010.0,923.0,1010.0,12889689.84410608,12519128869.105476
2021-08-26 09:00:00,1005.0,1010.0,933.0,937.0,10530589.7208381,10157779685.973316
2021-08-27 09:00:00,937.0,992.0,895.0,990.0,10756205.38840687,10152163174.555145
2021-08-28 09:00:00,991.0,993.0,950.0,962.0,6648335.64247222,6442448530.995992
2021-08-29 09:00:00,966.0,978.0,940.0,958.0,8963530.04705336,8580333424.779048
2021-08-30 09:00:00,960.0,991.0,929.0,940.0,8744568.65723563,8311567803.421074
2021-08-31 09:00:00,940.0,988.0,925.0,952.0,9806388.11501791,9388346887.15884
2021-09-01 09:00:00,951.0,1000.0,937.0,999.0,9042902.02657587,8786505154.298246
2021-09-02 09:00:00,1000.0,1005.0,982.0,989.0,10263944.39494555,10209015584.10813
2021-09-03 09:00:00,988.0,1025.0,969.0,1015.0,9984240.11607708,10019566250.308567
2021-09-04 09:00:00,1015.0,1110.0,1010.0,1070.0,20291587.97934665,21582266051.45463
2021-09-05 09:00:00,1070.0,1150.0,1050.0,1125.0,24511034.53046875,26815822183.30741
2021-09-06 09:00:00,1130.0,1140.0,1050.0,1105.0,14116420.86045671,15654020879.570845
2021-09-07 09:00:00,1110.0,1110.0,845.0,940.0,20860537.61395643,20861120715.63111
2021-09-08 09:00:00,937.0,963.0,840.0,930.0,11555822.25694523,10431422983.082678
2021-09-09 09:00:00,930.0,1005.0,914.0,978.0,11669637.36588907,11214420054.577202
2021-09-10 09:00:00,979.0,1020.0,905.0,935.0,11816610.98341813,11440612258.603834
2021-09-11 09:00:00,935.0,960.0,920.0,939.0,4129005.42511112,3876552329.76941
2021-09-12 09:00:00,939.0,981.0,919.0,968.0,6185605.99626951,5886717573.394437
2021-09-13 09:00:00,968.0,979.0,880.0,913.0,6785684.81175159,6221683836.253978
2021-09-14 09:00:00,913.0,948.0,900.0,938.0,3878838.04173637,3585241996.665603
2021-09-15 09:00:00,937.0,953.0,929.0,943.0,5090736.7319297,4788901511.073161
2021-09-16 09:00:00,942.0,963.0,917.0,931.0,6050007.3819527,5681536133.053819
2021-09-17 09:00:00,930.0,936.0,904.0,916.0,5701605.22112795,5253563247.953033
2021-09-18 09:00:00,918.0,933.0,908.0,917.0,3442377.16850041,3166681909.7211123
2021-09-19 09:00:00,917.0,918.0,895.0,906.0,3869935.75262394,3501310066.7723207
2021-09-20 09:00:00,907.0,909.0,795.0,814.0,7431949.04886694,6288391640.433194
2021-09-21 09:00:00,813.0,832.0,750.0,756.0,4889078.67977849,3900702350.5011086
2021-09-22 09:00:00,756.0,850.0,731.0,847.0,5510588.12265575,4361190098.481075
2021-09-23 09:00:00,847.0,875.0,824.0,851.0,4083166.76559291,3466581906.1524534
2021-09-24 09:00:00,853.0,853.0,766.0,796.0,5219984.46634949,4202772696.028462
2021-09-25 09:00:00,796.0,803.0,772.0,789.0,1909200.34735514,1505657146.8382318
2021-09-26 09:00:00,789.0,803.0,743.0,780.0,3546999.96111536,2743702271.1611843
2021-09-27 09:00:00,780.0,793.0,745.0,746.0,2257166.52188867,1744619942.7117696
2021-09-28 09:00:00,745.0,753.0,711.0,714.0,2523583.12767659,1855419073.8039575
2021-09-29 09:00:00,711.0,739.0,705.0,727.0,2279665.72727862,1655139763.8129249
2021-09-30 09:00:00,726.0,855.0,725.0,772.0,23960218.45685801,19043926661.20976
2021-10-01 09:00:00,771.0,827.0,760.0,824.0,8752205.62019769,6951413724.5061865
2021-10-02 09:00:00,823.0,886.0,815.0,865.0,5064963.41381529,4268600681.4597445
2021-10-03 09:00:00,867.0,892.0,845.0,884.0,5186557.85665004,4526993735.362507
2021-10-04 09:00:00,889.0,889.0,832.0,864.0,4297135.26404065,3693863267.734978
2021-10-05 09:00:00,868.0,893.0,853.0,891.0,7368188.51454289,6397233802.527758
2021-10-06 09:00:00,890.0,898.0,844.0,895.0,9882921.00649641,8686519189.553894
2021-10-07 09:00:00,896.0,897.0,868.0,897.0,6918832.54262656,6116771885.506654
2021-10-08 09:00:00,893.0,1015.0,893.0,917.0,47892116.45289943,45140343689.57699
2021-10-09 09:00:00,917.0,945.0,901.0,937.0,12072994.25855945,11151292546.905087
2021-10-10 09:00:00,937.0,937.0,886.0,894.0,10342541.22103237,9389274077.78622
2021-10-11 09:00:00,895.0,904.0,863.0,869.0,7577101.18893885,6706275490.023097
2021-10-12 09:00:00,869.0,871.0,821.0,862.0,5541468.40706208,4678939453.577062
2021-10-13 09:00:00,862.0,876.0,841.0,862.0,8003656.34986282,6867251748.37161
2021-10-14 09:00:00,863.0,896.0,850.0,858.0,11402949.7740058,9858985650.307999
2021-10-15 09:00:00,858.0,862.0,824.0,851.0,9076884.51827004,7691021341.289439
2021-10-16 09:00:00,851.0,910.0,841.0,881.0,7231141.23594071,6299904776.099165
2021-10-17 09:00:00,881.0,885.0,839.0,854.0,3278538.81422711,2828521976.5940228
2021-10-18 09:00:00,854.0,856.0,833.0,842.0,2455879.71071574,2072333870.3220994
2021-10-19 09:00:00,842.0,858.0,827.0,835.0,3569978.79042333,3001180292.24519
2021-10-20 09:00:00,835.0,866.0,826.0,862.0,4205120.43300532,3557036356.3510447
2021-10-21 09:00:00,863.0,886.0,847.0,847.0,8995393.89777327,7819445316.013862
2021-10-22 09:00:00,848.0,872.0,846.0,855.0,4403099.55890039,3781331187.987337
2021-10-23 09:00:00,856.0,877.0,844.0,872.0,3001689.7065497,2588208819.1893086
2021-10-24 09:00:00,871.0,880.0,837.0,842.0,3188584.12554831,2728881678.0820637
2021-10-25 09:00:00,845.0,852.0,838.0,852.0,2536431.30360547,2140589561.7678812
2021-10-26 09:00:00,852.0,890.0,845.0,866.0,5134413.67423688,4439715073.379188
2021-10-27 09:00:00,867.0,883.0,784.0,786.0,10579158.13439323,8764041822.387974
2021-10-28 09:00:00,785.0,846.0,771.0,839.0,5173294.86868722,4175571725.067047
2021-10-29 09:00:00,839.0,1110.0,831.0,1020.0,231949749.71333182,232664180155.2914
2021-10-30 09:00:00,1025.0,1755.0,946.0,1460.0,533388566.3589757,722068806890.2336
2021-10-31 09:00:00,1465.0,1750.0,1140.0,1175.0,151587801.2647199,223925377440.25735
2021-11-01 09:00:00,1175.0,1300.0,1135.0,1215.0,65474082.26240303,80447810774.16829
2021-11-02 09:00:00,1215.0,1360.0,1190.0,1210.0,65806317.74337088,82387077471.08322
2021-11-03 09:00:00,1210.0,1220.0,1110.0,1150.0,19625380.4067585,22783663846.11906
2021-11-04 09:00:00,1150.0,1230.0,1120.0,1175.0,16151176.67716397,18914068239.92123
2021-11-05 09:00:00,1175.0,1245.0,1160.0,1175.0,17711468.41132358,21318922735.015083
2021-11-06 09:00:00,1175.0,1245.0,1175.0,1230.0,24382848.18479326,29511659393.846638
2021-11-07 09:00:00,1235.0,1260.0,1195.0,1210.0,8526539.8139918,10375937140.554203
2021-11-08 09:00:00,1210.0,1560.0,1170.0,1535.0,71043183.26199558,99963684192.93155
2021-11-09 09:00:00,1545.0,1720.0,1395.0,1415.0,217345397.32487857,339435491351.8428
2021-11-10 09:00:00,1415.0,1430.0,1280.0,1330.0,35378465.30639951,48810768601.223465
2021-11-11 09:00:00,1330.0,1400.0,1290.0,1360.0,13109719.74260426,17631213747.582005
2021-11-12 09:00:00,1360.0,1495.0,1335.0,1425.0,48606121.35514624,68699090896.67284
2021-11-13 09:00:00,1425.0,1500.0,1370.0,1380.0,32575173.55423392,47071777331.75154
2021-11-14 09:00:00,1380.0,1440.0,1365.0,1395.0,21784313.75459664,30647348494.28636
2021-11-15 09:00:00,1395.0,1495.0,1380.0,1400.0,32029052.75944238,45549047184.10572
2021-11-16 09:00:00,1400.0,1415.0,1220.0,1310.0,33407961.28264228,44006981805.38203
2021-11-17 09:00:00,1305.0,1400.0,1280.0,1305.0,25488361.13514716,33924112180.920773
2021-11-18 09:00:00,1305.0,1335.0,1190.0,1215.0,22060006.75314713,28021346272.242893
2021-11-19 09:00:00,1210.0,1420.0,1190.0,1395.0,39598032.67035587,53118893658.49188
2021-11-20 09:00:00,1390.0,1435.0,1325.0,1370.0,23856040.67883143,33006262942.325027
2021-11-21 09:00:00,1370.0,1385.0,1315.0,1335.0,9772571.26314056,13094997855.124361
2021-11-22 09:00:00,1335.0,1340.0,1265.0,1310.0,12409499.5156203,16204752926.609293
2021-11-23 09:00:00,1300.0,1330.0,1255.0,1325.0,12403078.74587997,15915495026.034042
2021-11-24 09:00:00,1325.0,1425.0,1275.0,1415.0,26879378.52684876,35855723382.339745
2021-11-25 09:00:00,1415.0,1850.0,1390.0,1775.0,146635232.25124785,244321648520.72644
2021-11-26 09:00:00,1775.0,2350.0,1660.0,1695.0,375437564.94817686,770621424275.6222
2021-11-27 09:00:00,1695.0,2330.0,1670.0,2275.0,204140659.56031808,407286729840.39484
2021-11-28 09:00:00,2270.0,2500.0,1965.0,2105.0,161274561.79315233,356110294099.33374
2021-11-29 09:00:00,2100.0,2160.0,1930.0,2025.0,76917988.22569942,157022619165.30908
2021-11-30 09:00:00,2020.0,2030.0,1800.0,1805.0,51148345.49127168,96364220832.92012
2021-12-01 09:00:00,1805.0,2065.0,1790.0,1855.0,96225753.51919271,186531902289.53284
2021-12-02 09:00:00,1850.0,1910.0,1725.0,1780.0,32624658.82177191,58404466302.81143
2021-12-03 09:00:00,1780.0,1780.0,1580.0,1630.0,23041355.33603291,39009984350.65606
2021-12-04 09:00:00,1625.0,1630.0,1150.0,1420.0,62007674.80657787,85969547566.8686
2021-12-05 09:00:00,1420.0,1540.0,1300.0,1465.0,56529483.55792405,81657740997.9324
2021-12-06 09:00:00,1460.0,1720.0,1380.0,1690.0,82915740.24132161,127127230870.26462
2021-12-07 09:00:00,1685.0,1740.0,1605.0,1655.0,37084613.7761077,62253121130.37564
2021-12-08 09:00:00,1660.0,1705.0,1500.0,1600.0,27774370.76671461,44325781910.46787
2021-12-09 09:00:00,1600.0,1620.0,1410.0,1420.0,20558729.7260863,31103038873.448547
2021-12-10 09:00:00,1415.0,1515.0,1340.0,1350.0,23750893.82665442,33826119669.406235
2021-12-11 09:00:00,1350.0,1435.0,1295.0,1430.0,12039531.33227101,16440306944.560234
2021-12-12 09:00:00,1435.0,1520.0,1370.0,1485.0,15724189.75979541,22665734860.67294
2021-12-13 09:00:00,1490.0,1490.0,1275.0,1295.0,23052615.4700967,31403536060.466995
2021-12-14 09:00:00,1290.0,1350.0,1230.0,1325.0,25507337.97312439,33025837041.573036
2021-12-15 09:00:00,1325.0,1445.0,1230.0,1405.0,24165152.2240591,32066291645.75456
2021-12-16 09:00:00,1405.0,1550.0,1390.0,1420.0,33430390.28717938,49011580832.53119
2021-12-17 09:00:00,1420.0,1510.0,1330.0,1440.0,34122138.34639135,48252696848.42273
2021-12-18 09:00:00,1440.0,1510.0,1380.0,1470.0,19195521.12455785,27835977412.512897
2021-12-19 09:00:00,1465.0,1495.0,1400.0,1410.0,18074532.46687193,26196046256.885933
2021-12-20 09:00:00,1410.0,1450.0,1300.0,1365.0,26115728.96799453,35531243548.50041
2021-12-21 09:00:00,1365.0,1455.0,1335.0,1435.0,21378755.36220456,30146071315.032425
2021-12-22 09:00:00,1430.0,1510.0,1405.0,1460.0,21635493.51603338,31609465744.49712
2021-12-23 09:00:00,1460.0,1635.0,1455.0,1635.0,44316875.29527401,68411849212.52209
2021-12-24 09:00:00,1630.0,1700.0,1575.0,1605.0,36343723.52749546,59288173902.37841
2021-12-25 09:00:00,1605.0,1700.0,1590.0,1615.0,29763132.53627474,48753189848.60687
2021-12-26 09:00:00,1615.0,1665.0,1565.0,1620.0,24224705.72461995,38816679547.06118
2021-12-27 09:00:00,1620.0,1750.0,1620.0,1675.0,43560751.97083367,72856194821.23326
2021-12-28 09:00:00,1675.0,1680.0,1475.0,1495.0,37789604.35719862,59655424358.65185
2021-12-29 09:00:00,1495.0,1520.0,1390.0,1415.0,32901503.41551486,47930856568.00463
2021-12-30 09:00:00,1415.0,1525.0,1355.0,1440.0,33080561.31948847,47975010894.74937
2021-12-31 09:00:00,1445.0,1555.0,1430.0,1475.0,30628689.69327641,45962254078.969315
2022-01-01 09:00:00,1480.0,1540.0,1475.0,1525.0,16173666.67761369,24384411438.841164
2022-01-02 09:00:00,1525.0,1630.0,1490.0,1585.0,23472396.61447572,36599028276.15272
2022-01-03 09:00:00,1585.0,1635.0,1530.0,1590.0,23384833.71059252,36938317936.757
2022-01-04 09:00:00,1590.0,1660.0,1515.0,1570.0,23733241.55913324,37725509193.728874
2022-01-05 09:00:00,1565.0,1635.0,1390.0,1455.0,26150594.22417849,40114671912.780266
2022-01-06 09:00:00,1455.0,1490.0,1375.0,1460.0,25367875.51579685,36178719553.63086
2022-01-07 09:00:00,1465.0,1470.0,1290.0,1335.0,51933257.57052996,69918578366.35063
2022-01-08 09:00:00,1335.0,1365.0,1245.0,1280.0,23630237.51427301,30921903752.854565
2022-01-09 09:00:00,1280.0,1305.0,1235.0,1275.0,14848634.84683876,18937936588.209114
2022-01-10 09:00:00,1275.0,1290.0,1155.0,1225.0,23978635.79925553,29150603055.09835
2022-01-11 09:00:00,1225.0,1305.0,1200.0,1295.0,17864402.52632336,22339608475.901505
2022-01-12 09:00:00,1295.0,1375.0,1270.0,1350.0,16502652.75403627,21938157066.562347
2022-01-13 09:00:00,1360.0,1365.0,1255.0,1265.0,18570421.15974655,24476223580.38445
2022-01-14 09:00:00,1265.0,1300.0,1230.0,1280.0,12728152.6767935,16128806104.896223
2022-01-15 09:00:00,1280.0,1315.0,1265.0,1290.0,7856500.4468693,10111288098.965992
2022-01-16 09:00:00,1295.0,1300.0,1265.0,1280.0,8228525.84214217,10538959395.531178
2022-01-17 09:00:00,1280.0,1285.0,1215.0,1235.0,10456711.06715156,13048626353.866442
2022-01-18 09:00:00,1235.0,1250.0,1175.0,1210.0,10872926.01712908,13112308606.097855
2022-01-19 09:00:00,1210.0,1220.0,1145.0,1155.0,9311342.44172399,10953107551.886925
2022-01-20 09:00:00,1160.0,1215.0,1105.0,1115.0,10873617.23963341,12644088563.048119
2022-01-21 09:00:00,1115.0,1135.0,981.0,1005.0,19603207.71660903,20702051118.673916
2022-01-22 09:00:00,1005.0,1030.0,845.0,890.0,24729546.29994383,22852363525.472843
2022-01-23 09:00:00,890.0,932.0,870.0,927.0,14019528.59697193,12704562879.80217
2022-01-24 09:00:00,927.0,961.0,807.0,917.0,27069308.34875762,23759760354.380222
2022-01-25 09:00:00,916.0,967.0,887.0,964.0,14655900.76449047,13465694497.729916
2022-01-26 09:00:00,964.0,1075.0,947.0,993.0,23694228.13517693,23720812292.534416
2022-01-27 09:00:00,992.0,1045.0,947.0,1025.0,15665454.29048557,15607135179.296467
2022-01-28 09:00:00,1025.0,1085.0,1010.0,1065.0,13861945.66152886,14608050665.647644
2022-01-29 09:00:00,1070.0,1110.0,1030.0,1055.0,14081001.23873571,15084264999.219128
2022-01-30 09:00:00,1055.0,1070.0,1010.0,1040.0,9077731.65458973,9501971883.544722
2022-01-31 09:00:00,1040.0,1055.0,992.0,1055.0,8776447.13895275,9000349451.819725
2022-02-01 09:00:00,1050.0,1055.0,1025.0,1045.0,6469324.64353929,6738801144.25658
2022-02-02 09:00:00,1045.0,1065.0,995.0,1000.0,11701777.31223191,12052893649.834352
2022-02-03 09:00:00,1000.0,1040.0,975.0,1015.0,10707745.41867962,10704119088.748117
2022-02-04 09:00:00,1020.0,1105.0,1005.0,1100.0,12240290.90240267,12813412875.375942
2022-02-05 09:00:00,1095.0,1170.0,1080.0,1140.0,14384220.23499486,16348544373.450684
2022-02-06 09:00:00,1135.0,1160.0,1100.0,1150.0,14027204.36514381,15932582855.46693
2022-02-07 09:00:00,1150.0,1200.0,1120.0,1180.0,16198713.40229128,18780868027.228504
2022-02-08 09:00:00,1180.0,1195.0,1075.0,1125.0,20643311.96413629,23312480836.95473
2022-02-09 09:00:00,1125.0,1150.0,1090.0,1135.0,8355937.71488812,9410521454.012497
2022-02-10 09:00:00,1135.0,1150.0,1065.0,1075.0,12733547.14130673,14172262516.196623
2022-02-11 09:00:00,1075.0,1085.0,997.0,1005.0,9733881.57042831,10258709982.089743
2022-02-12 09:00:00,1010.0,1025.0,957.0,990.0,9590065.05905996,9465940781.234655
2022-02-13 09:00:00,990.0,1015.0,972.0,988.0,6369842.87306873,6328832977.870152
2022-02-14 09:00:00,987.0,992.0,946.0,980.0,8765709.92217227,8476854598.409058
2022-02-15 09:00:00,980.0,1045.0,980.0,1040.0,6950709.73898428,7059277607.7980795
2022-02-16 09:00:00,1040.0,1050.0,990.0,1015.0,7673456.7367106,7795095102.960354
2022-02-17 09:00:00,1010.0,1025.0,924.0,927.0,11928172.15537021,11631605237.303354
2022-02-18 09:00:00,927.0,961.0,911.0,925.0,7355887.32294221,6880100784.609194
2022-02-19 09:00:00,924.0,938.0,892.0,929.0,5445562.50194648,4987914647.544444
2022-02-20 09:00:00,929.0,930.0,852.0,863.0,9851977.66135131,8664243687.878752
2022-02-21 09:00:00,864.0,898.0,786.0,790.0,13349956.61474741,11367465644.533466
2022-02-22 09:00:00,792.0,835.0,775.0,829.0,13787082.12193545,11060065832.628479
2022-02-23 09:00:00,829.0,862.0,797.0,800.0,7436457.98749974,6192460099.108476
2022-02-24 09:00:00,800.0,812.0,708.0,807.0,15544998.99263962,11720381374.880802
2022-02-25 09:00:00,807.0,863.0,796.0,855.0,10194498.72179243,8430491977.916074
2022-02-26 09:00:00,857.0,885.0,848.0,861.0,8042423.7274364,6952017019.566622
2022-02-27 09:00:00,861.0,868.0,802.0,822.0,9522107.01642898,7989581287.587751
2022-02-28 09:00:00,823.0,900.0,808.0,900.0,8090285.47990657,6906041917.556403
2022-03-01 09:00:00,900.0,930.0,887.0,914.0,11559640.98301327,10478487516.71859
2022-03-02 09:00:00,914.0,925.0,878.0,889.0,8769218.07816249,7890095910.954617
2022-03-03 09:00:00,889.0,898.0,849.0,870.0,7289760.92414906,6358332669.761174
2022-03-04 09:00:00,870.0,875.0,803.0,815.0,7439597.79739974,6203777831.623774
2022-03-05 09:00:00,815.0,839.0,796.0,833.0,4441632.43627611,3623976890.738987
2022-03-06 09:00:00,832.0,839.0,796.0,797.0,4561233.39648956,3699991250.695579
2022-03-07 09:00:00,797.0,828.0,770.0,789.0,6458949.40762096,5129105482.173544
2022-03-08 09:00:00,789.0,825.0,784.0,820.0,4225638.77941032,3407132734.156224
2022-03-09 09:00:00,820.0,853.0,813.0,843.0,5678779.60930233,4762810542.099774
2022-03-10 09:00:00,844.0,912.0,796.0,855.0,19824431.69228583,16799971366.401228
2022-03-11 09:00:00,855.0,855.0,806.0,815.0,7936003.30167585,6607210876.643062
2022-03-12 09:00:00,815.0,887.0,813.0,830.0,16565919.52714005,14234362743.347075
2022-03-13 09:00:00,831.0,923.0,825.0,848.0,114260844.73848169,101721937361.68484
2022-03-14 09:00:00,848.0,903.0,828.0,892.0,41756043.93413614,36115795667.22329
2022-03-15 09:00:00,892.0,1005.0,870.0,971.0,69641643.37651093,65247344975.499725
2022-03-16 09:00:00,971.0,1055.0,965.0,1005.0,67595440.23371142,68269113187.44475
2022-03-17 09:00:00,1005.0,1095.0,999.0,1045.0,44016642.95268568,46317156551.35694
2022-03-18 09:00:00,1040.0,1055.0,991.0,1020.0,19955829.04142532,20232890937.887966
2022-03-19 09:00:00,1025.0,1080.0,1010.0,1015.0,35892811.42219804,37654141608.98219
2022-03-20 09:00:00,1020.0,1035.0,987.0,1000.0,14809475.03395938,14991664573.046644
2022-03-21 09:00:00,1000.0,1025.0,974.0,996.0,11102510.85314928,11035658920.611881
2022-03-22 09:00:00,996.0,1005.0,982.0,995.0,11903242.52058221,11861107418.39108
2022-03-23 09:00:00,995.0,1020.0,980.0,1015.0,13585280.7175709,13566576687.837303
2022-03-24 09:00:00,1020.0,1045.0,999.0,1030.0,19275206.12178123,19752354243.304565
2022-03-25 09:00:00,1030.0,1060.0,1000.0,1015.0,15736508.97826659,16189961717.240238
2022-03-26 09:00:00,1015.0,1040.0,1000.0,1040.0,8806387.06158794,8998238241.829102
2022-03-27 09:00:00,1040.0,1100.0,1025.0,1080.0,20232801.36606489,21482331595.276096
2022-03-28 09:00:00,1080.0,1120.0,1050.0,1060.0,15627867.35333879,17182273879.699104
2022-03-29 09:00:00,1060.0,1145.0,1030.0,1075.0,20788968.92059278,22552374070.856663
2022-03-30 09:00:00,1070.0,1095.0,1030.0,1085.0,14236502.3657815,15212972130.213259
2022-03-31 09:00:00,1085.0,1135.0,1055.0,1075.0,24991255.59896655,27421697495.703587
2022-04-01 09:00:00,1080.0,1100.0,1020.0,1090.0,15837788.79661304,16807035343.629025
2022-04-02 09:00:00,1095.0,1175.0,1075.0,1125.0,25190600.05433066,28034652746.33463
2022-04-03 09:00:00,1125.0,1245.0,1115.0,1160.0,38812245.73859755,45186426420.41057
2022-04-04 09:00:00,1160.0,1160.0,1050.0,1090.0,18255391.77129965,20046282376.69867
2022-04-05 09:00:00,1095.0,1100.0,1040.0,1045.0,9299673.11120442,9965098797.124256
2022-04-06 09:00:00,1045.0,1045.0,921.0,923.0,20648083.0551977,20205536638.52491
2022-04-07 09:00:00,923.0,989.0,916.0,977.0,12202020.115091,11662167023.047783
2022-04-08 09:00:00,980.0,1000.0,924.0,931.0,10632983.96670651,10278799459.744795
2022-04-09 09:00:00,931.0,966.0,925.0,964.0,5531628.91405539,5235773185.283553
2022-04-10 09:00:00,964.0,967.0,928.0,930.0,4930422.15979772,4675951721.507467
2022-04-11 09:00:00,930.0,936.0,845.0,870.0,10901249.75221045,9722142337.891872
2022-04-12 09:00:00,870.0,917.0,857.0,907.0,7492331.67123453,6677011019.928453
2022-04-13 09:00:00,909.0,936.0,889.0,935.0,6027893.11707689,5475585274.217867
2022-04-14 09:00:00,936.0,958.0,890.0,907.0,7268338.78822077,6719123412.045788
2022-04-15 09:00:00,907.0,931.0,893.0,909.0,5120629.56933171,4669998263.722685
2022-04-16 09:00:00,909.0,982.0,905.0,969.0,33960528.98605059,32351449776.645573
2022-04-17 09:00:00,970.0,974.0,905.0,912.0,10281101.86124425,9762495215.33619
2022-04-18 09:00:00,912.0,963.0,878.0,951.0,29611039.23439381,27257983404.100014
2022-04-19 09:00:00,951.0,963.0,927.0,961.0,9600094.0404302,9049020540.628542
2022-04-20 09:00:00,962.0,962.0,921.0,952.0,9721250.04389147,9166936130.497637
2022-04-21 09:00:00,952.0,1030.0,934.0,946.0,44034185.36560729,43404331176.68302
2022-04-22 09:00:00,947.0,985.0,921.0,927.0,19571272.66399469,18641545414.719185
2022-04-23 09:00:00,927.0,945.0,907.0,928.0,7261171.80554151,6694750307.703885
2022-04-24 09:00:00,927.0,947.0,901.0,909.0,6843942.29721281,6297246481.918253
2022-04-25 09:00:00,910.0,912.0,858.0,909.0,10408212.12847098,9194465591.88017
2022-04-26 09:00:00,909.0,911.0,833.0,840.0,12642409.16628469,10999871776.727152
2022-04-27 09:00:00,839.0,861.0,828.0,854.0,6193007.51510681,5244038422.725359
2022-04-28 09:00:00,854.0,863.0,831.0,842.0,6849782.63756793,5794216335.994717
2022-04-29 09:00:00,841.0,846.0,801.0,813.0,6946586.89244221,5697252240.528885
2022-04-30 09:00:00,813.0,854.0,741.0,747.0,16501248.00820097,13354570749.004744
2022-05-01 09:00:00,747.0,783.0,730.0,774.0,9115148.83432662,6889865351.868183
2022-05-02 09:00:00,776.0,789.0,732.0,755.0,7777190.0846788,5892108088.582638
2022-05-03 09:00:00,755.0,779.0,735.0,748.0,6078202.69422846,4602202443.8011265
2022-05-04 09:00:00,750.0,852.0,741.0,836.0,23365730.03970254,18509075298.390415
2022-05-05 09:00:00,835.0,848.0,744.0,767.0,17157701.40275594,13640460703.435827
2022-05-06 09:00:00,766.0,770.0,725.0,755.0,9208088.19411718,6867593673.665087
2022-05-07 09:00:00,755.0,762.0,713.0,727.0,5405510.16398136,3986322312.870739
2022-05-08 09:00:00,726.0,734.0,701.0,718.0,7531315.75216624,5386950219.731374
2022-05-09 09:00:00,717.0,731.0,600.0,602.0,18840344.58172876,12418478437.581194
2022-05-10 09:00:00,602.0,668.0,578.0,618.0,14774954.61502122,9287531606.063538
2022-05-11 09:00:00,619.0,646.0,484.0,520.0,31548767.67165427,17957520048.814247
2022-05-12 09:00:00,522.0,535.0,423.0,483.0,28092030.09946393,13328451909.490604
2022-05-13 09:00:00,486.0,566.0,474.0,515.0,24525085.74363608,13041509360.068684
2022-05-14 09:00:00,517.0,569.0,492.0,557.0,20938018.25452188,11179699880.32294
2022-05-15 09:00:00,557.0,571.0,525.0,568.0,15730372.7535239,8591348490.37838
2022-05-16 09:00:00,568.0,568.0,508.0,519.0,14735529.09044898,7790875681.681394
2022-05-17 09:00:00,519.0,549.0,508.0,536.0,17866175.95588051,9507680387.623579
2022-05-18 09:00:00,535.0,542.0,475.0,482.0,18520179.65756057,9378999302.459812
2022-05-19 09:00:00,482.0,509.0,460.0,500.0,14714724.47996337,7177611328.560284
2022-05-20 09:00:00,501.0,526.0,480.0,496.0,23801807.87879607,12041393063.49674
2022-05-21 09:00:00,496.0,508.0,480.0,502.0,10689688.62762061,5292591370.990875
2022-05-22 09:00:00,501.0,529.0,497.0,524.0,15113490.91371591,7773295125.8494
2022-05-23 09:00:00,524.0,542.0,487.0,495.0,19340992.15352199,10109136569.587177
2022-05-24 09:00:00,495.0,509.0,471.0,503.0,17752752.76292477,8765676764.933926
2022-05-25 09:00:00,504.0,508.0,483.0,501.0,13477473.25318751,6677837806.370133
2022-05-26 09:00:00,501.0,524.0,466.0,481.0,20349951.82789199,10008343033.093798
2022-05-27 09:00:00,481.0,494.0,450.0,463.0,14009242.45101184,6551818262.109414
2022-05-28 09:00:00,464.0,476.0,457.0,470.0,5494428.92472697,2564577167.083435
2022-05-29 09:00:00,470.0,480.0,455.0,473.0,6280218.1613876,2936961051.9655776
2022-05-30 09:00:00,475.0,507.0,466.0,503.0,13069592.03539271,6373572490.430492
2022-05-31 09:00:00,504.0,517.0,492.0,506.0,14537707.82424744,7351422529.33019
2022-06-01 09:00:00,506.0,532.0,480.0,487.0,26457426.48999341,13463346327.11244
2022-06-02 09:00:00,487.0,512.0,481.0,506.0,16095729.03945773,7960167580.100444
2022-06-03 09:00:00,506.0,507.0,473.0,484.0,9660095.45742067,4700864149.204178
2022-06-04 09:00:00,485.0,490.0,473.0,484.0,4959924.44053713,2382291616.595758
2022-06-05 09:00:00,486.0,495.0,475.0,489.0,13483307.08181563,6547001450.705364
2022-06-06 09:00:00,490.0,548.0,487.0,509.0,31218769.23730308,16088345072.617954
2022-06-07 09:00:00,509.0,509.0,476.0,499.0,12269010.00754751,6006605688.372041
2022-06-08 09:00:00,499.0,517.0,492.0,505.0,14421529.22197828,7283182561.465283
2022-06-09 09:00:00,504.0,524.0,494.0,500.0,7679241.21264493,3872493725.895968
2022-06-10 09:00:00,500.0,506.0,467.0,471.0,11203910.99818077,5457278471.646287
2022-06-11 09:00:00,471.0,479.0,432.0,437.0,10188647.03364092,4612339494.656016
2022-06-12 09:00:00,437.0,441.0,399.0,401.0,12218175.41579765,5068979947.197382
2022-06-13 09:00:00,401.0,405.0,351.0,374.0,18966918.41653346,7037019215.667631
2022-06-14 09:00:00,373.0,380.0,336.0,380.0,25070902.3326294,9041801740.919882
2022-06-15 09:00:00,380.0,475.0,357.0,468.0,128878566.01647666,53831136705.31989
2022-06-16 09:00:00,469.0,473.0,408.0,425.0,36853526.46048186,16227106626.889912
2022-06-17 09:00:00,425.0,453.0,406.0,445.0,14947715.46665413,6503174028.0734
2022-06-18 09:00:00,445.0,449.0,394.0,412.0,14709825.4368561,6168715462.026105
2022-06-19 09:00:00,412.0,465.0,390.0,440.0,37339838.56304678,16158158136.031094
2022-06-20 09:00:00,441.0,505.0,434.0,468.0,99619280.79191801,47179501539.92457
2022-06-21 09:00:00,468.0,528.0,465.0,487.0,85330105.08906958,42782448007.67029
2022-06-22 09:00:00,487.0,515.0,462.0,478.0,39394896.66242928,19028824517.294266
2022-06-23 09:00:00,479.0,560.0,474.0,535.0,81017413.85477626,41785554038.16848
2022-06-24 09:00:00,535.0,619.0,535.0,567.0,109883467.17571595,63688854619.6126
2022-06-25 09:00:00,566.0,576.0,527.0,559.0,30293854.25101304,16765609945.399992
2022-06-26 09:00:00,559.0,564.0,512.0,517.0,23988335.51992462,12952229776.817022
2022-06-27 09:00:00,516.0,534.0,494.0,507.0,23865287.45441614,12290838362.069948
2022-06-28 09:00:00,507.0,537.0,482.0,487.0,37724943.51935216,19216130405.82228
2022-06-29 09:00:00,486.0,515.0,472.0,510.0,43684488.3443905,21696491350.400036
2022-06-30 09:00:00,510.0,516.0,470.0,513.0,29681944.64609071,14530695285.264671
2022-07-01 09:00:00,513.0,552.0,495.0,535.0,60797884.96691018,32019603465.554497
2022-07-02 09:00:00,535.0,555.0,522.0,544.0,34125587.99649152,18467587948.317497
2022-07-03 09:00:00,544.0,546.0,511.0,529.0,17345622.82309145,9146000940.076628
2022-07-04 09:00:00,530.0,535.0,506.0,531.0,16664923.10419758,8664296557.848183
2022-07-05 09:00:00,532.0,603.0,528.0,581.0,122593300.84592415,69645234719.12212
2022-07-06 09:00:00,581.0,590.0,559.0,577.0,36760354.12382274,21073854393.580097
2022-07-07 09:00:00,579.0,603.0,577.0,590.0,40867121.31588001,24124093162.826332
2022-07-08 09:00:00,589.0,597.0,560.0,568.0,32912499.11907055,18941378686.335438
2022-07-09 09:00:00,568.0,578.0,555.0,565.0,17956725.19556559,10137417436.470634
2022-07-10 09:00:00,565.0,572.0,529.0,535.0,17198866.44889406,9405224609.692007
2022-07-11 09:00:00,535.0,535.0,495.0,498.0,19522169.01857237,9998273206.620811
2022-07-12 09:00:00,499.0,516.0,481.0,489.0,21806454.46589307,10810362522.771376
2022-07-13 09:00:00,489.0,509.0,459.0,507.0,20107450.07749536,9728277152.461447
2022-07-14 09:00:00,505.0,513.0,480.0,513.0,18196525.35476826,9033938815.453045
2022-07-15 09:00:00,513.0,529.0,505.0,515.0,31767470.49959869,16461285982.799612
2022-07-16 09:00:00,516.0,530.0,507.0,524.0,21377131.36018771,11075849609.558989
2022-07-17 09:00:00,524.0,535.0,505.0,506.0,17739186.54124253,9214941534.504303
2022-07-18 09:00:00,506.0,547.0,505.0,540.0,28764359.89268061,15242734508.773708
2022-07-19 09:00:00,540.0,577.0,537.0,565.0,62237575.50834146,34926598429.55508
2022-07-20 09:00:00,565.0,581.0,510.0,518.0,45321394.19125542,25355947891.432014
2022-07-21 09:00:00,518.0,532.0,500.0,529.0,20992876.48839764,10835770734.298008
2022-07-22 09:00:00,530.0,548.0,506.0,515.0,23621122.10355117,12593369869.281517
2022-07-23 09:00:00,516.0,532.0,500.0,514.0,17895843.26697566,9188852277.323711
2022-07-24 09:00:00,513.0,524.0,509.0,512.0,9316203.33133836,4801433398.702375
2022-07-25 09:00:00,512.0,513.0,482.0,483.0,14645834.88402028,7263754836.647476
2022-07-26 09:00:00,483.0,490.0,466.0,488.0,12436873.71147908,5908857294.256592
2022-07-27 09:00:00,489.0,520.0,479.0,520.0,12097537.85838417,6036418216.786665
2022-07-28 09:00:00,520.0,544.0,506.0,535.0,17122205.00206101,8941304030.938253
2022-07-29 09:00:00,535.0,548.0,517.0,532.0,17286619.88787232,9259274621.448307
2022-07-30 09:00:00,531.0,563.0,530.0,535.0,22046312.33135761,12074002501.687862
2022-07-31 09:00:00,536.0,560.0,525.0,527.0,19768273.67821082,10704840061.805008
2022-08-01 09:00:00,527.0,597.0,525.0,555.0,56198608.92649131,31488888541.576733
2022-08-02 09:00:00,555.0,560.0,518.0,532.0,21307467.8331979,11348716391.360683
2022-08-03 09:00:00,532.0,544.0,516.0,532.0,14027518.17185046,7476001456.336637
2022-08-04 09:00:00,532.0,547.0,528.0,540.0,14461923.67274029,7758907813.604955
2022-08-05 09:00:00,541.0,590.0,536.0,565.0,80953477.42746937,46145192241.21786
2022-08-06 09:00:00,566.0,605.0,563.0,575.0,47679971.65397879,28004488887.896446
2022-08-07 09:00:00,575.0,576.0,561.0,569.0,12110303.29278706,6890283413.572533
2022-08-08 09:00:00,569.0,591.0,565.0,577.0,16491250.42681035,9566894449.066805
2022-08-09 09:00:00,577.0,610.0,574.0,583.0,49478635.51622921,29374944563.183456
2022-08-10 09:00:00,584.0,617.0,555.0,612.0,35477341.80884785,20618453819.666367
2022-08-11 09:00:00,612.0,627.0,600.0,611.0,28489642.87025355,17402330219.985073
2022-08-12 09:00:00,610.0,643.0,596.0,619.0,27106652.19241925,16751617227.342562
2022-08-13 09:00:00,619.0,626.0,607.0,611.0,10975536.07234962,6762117725.809529
2022-08-14 09:00:00,613.0,626.0,591.0,595.0,15900788.64066808,9693202057.090662
2022-08-15 09:00:00,595.0,618.0,586.0,596.0,20845962.98509899,12515441494.721478
2022-08-16 09:00:00,596.0,601.0,572.0,579.0,11011006.28976747,6432235159.809722
2022-08-17 09:00:00,579.0,589.0,548.0,557.0,15551458.39721692,8846371351.68766
2022-08-18 09:00:00,557.0,562.0,538.0,538.0,10154990.34138894,5600750939.0484295
2022-08-19 09:00:00,538.0,539.0,488.0,494.0,21346827.90306205,10826347997.398952
2022-08-20 09:00:00,495.0,508.0,480.0,497.0,8248046.39985563,4097571301.5318885
2022-08-21 09:00:00,496.0,509.0,488.0,505.0,5417079.82947991,2706052069.7222066
2022-08-22 09:00:00,506.0,506.0,479.0,495.0,6361931.95134599,3117081743.0606046
2022-08-23 09:00:00,495.0,507.0,482.0,505.0,5910137.54747431,2935617269.95486
2022-08-24 09:00:00,505.0,514.0,492.0,499.0,6410983.41468454,3230375662.8372073
2022-08-25 09:00:00,501.0,512.0,499.0,506.0,8793686.89886827,4444346376.672233
2022-08-26 09:00:00,506.0,509.0,460.0,466.0,14046503.26312759,6878469395.008103
2022-08-27 09:00:00,465.0,471.0,456.0,467.0,5303568.91807425,2466059130.2158227
2022-08-28 09:00:00,467.0,473.0,451.0,454.0,5263096.71609003,2450836305.8007507
2022-08-29 09:00:00,454.0,476.0,448.0,473.0,5690742.02492992,2623270856.3280015
2022-08-30 09:00:00,474.0,482.0,457.0,465.0,6388505.1147972,3010038210.0831957
2022-08-31 09:00:00,466.0,480.0,460.0,462.0,6651852.98848691,3108356399.8985205
2022-09-01 09:00:00,462.0,468.0,451.0,466.0,5729040.06896808,2621296544.7968225
2022-09-02 09:00:00,467.0,475.0,460.0,465.0,4970358.66417119,2322504748.9241796
2022-09-03 09:00:00,465.0,469.0,461.0,465.0,1715625.2738918,797782870.4333804
2022-09-04 09:00:00,464.0,482.0,463.0,480.0,4406300.25496497,2084440941.6234245
2022-09-05 09:00:00,480.0,486.0,464.0,471.0,5261438.01670556,2485860084.945616
2022-09-06 09:00:00,471.0,477.0,439.0,441.0,8630228.67916084,3974053560.455029
2022-09-07 09:00:00,440.0,458.0,433.0,450.0,6041257.3096127,2674552217.1777987
2022-09-08 09:00:00,451.0,467.0,442.0,464.0,12590767.7920915,5731956340.466819
2022-09-09 09:00:00,464.0,490.0,463.0,486.0,11410738.74727787,5444827819.920923
2022-09-10 09:00:00,485.0,492.0,476.0,485.0,7398831.88486075,3587449017.8779106
2022-09-11 09:00:00,485.0,499.0,477.0,485.0,8789576.41155274,4287136628.257076
2022-09-12 09:00:00,485.0,498.0,477.0,487.0,11998977.16972435,5859560828.331944
2022-09-13 09:00:00,487.0,497.0,451.0,453.0,14714216.28346168,7028391436.325209
2022-09-14 09:00:00,453.0,462.0,447.0,458.0,5511189.73942356,2506424224.6292505
2022-09-15 09:00:00,457.0,459.0,443.0,449.0,5319069.73543347,2392107069.7774854
2022-09-16 09:00:00,450.0,454.0,440.0,452.0,3630198.70968129,1624452676.3056128
2022-09-17 09:00:00,452.0,463.0,449.0,460.0,2564679.81715763,1167286654.5568197
2022-09-18 09:00:00,462.0,462.0,424.0,429.0,5145345.93816241,2290372686.890206
2022-09-19 09:00:00,431.0,435.0,414.0,430.0,6493666.40575597,2752348637.2019496
2022-09-20 09:00:00,432.0,434.0,422.0,425.0,4132380.72423243,1767146170.265313
2022-09-21 09:00:00,424.0,443.0,409.0,414.0,7518457.67337012,3170852019.188057
2022-09-22 09:00:00,414.0,443.0,413.0,439.0,3939772.30479429,1689892742.2550957
2022-09-23 09:00:00,440.0,460.0,432.0,448.0,7266841.63384692,3232443013.769308
2022-09-24 09:00:00,448.0,465.0,428.0,443.0,5147193.38077419,2325697127.1351895
2022-09-25 09:00:00,443.0,448.0,429.0,433.0,3663624.5039784,1607238474.8390481
2022-09-26 09:00:00,433.0,438.0,422.0,431.0,3919267.31247554,1686424137.753455
2022-09-27 09:00:00,432.0,445.0,422.0,430.0,5381494.41376621,2351793594.694282
2022-09-28 09:00:00,431.0,437.0,417.0,436.0,2748738.00382325,1170578699.8912268
2022-09-29 09:00:00,436.0,441.0,425.0,439.0,2712443.86848167,1174842754.7999651
2022-09-30 09:00:00,439.0,445.0,432.0,436.0,2998840.11118296,1314856806.4980788
2022-10-01 09:00:00,436.0,441.0,432.0,432.0,1363027.18782117,595294343.8568162
2022-10-02 09:00:00,434.0,436.0,422.0,424.0,1553874.17479173,667799561.679445
2022-10-03 09:00:00,424.0,435.0,419.0,433.0,1969491.81705683,840265006.6812509
2022-10-04 09:00:00,434.0,444.0,432.0,441.0,2443056.40242511,1068914738.9819072
2022-10-05 09:00:00,440.0,442.0,427.0,433.0,2104184.59597437,914195133.6506495
2022-10-06 09:00:00,433.0,439.0,429.0,430.0,2322248.73269511,1009819717.9778309
2022-10-07 09:00:00,430.0,434.0,420.0,428.0,3969239.22923662,1696886070.727426
2022-10-08 09:00:00,427.0,432.0,424.0,427.0,3989238.42083929,1713796834.942951
2022-10-09 09:00:00,428.0,435.0,425.0,429.0,2661675.97085545,1141710681.5737555
2022-10-10 09:00:00,429.0,433.0,414.0,415.0,4302487.75620728,1825742839.8291912
2022-10-11 09:00:00,415.0,415.0,403.0,407.0,2776551.60820926,1134628856.6502247
2022-10-12 09:00:00,409.0,411.0,403.0,405.0,1689378.95251368,688237741.5179951
2022-10-13 09:00:00,406.0,434.0,378.0,430.0,10789590.69372571,4398159693.713163
2022-10-14 09:00:00,430.0,439.0,412.0,420.0,6639987.84273696,2838681694.4506392
2022-10-15 09:00:00,420.0,422.0,407.0,409.0,2178894.8516445,903605144.9402438
2022-10-16 09:00:00,409.0,418.0,408.0,413.0,1445864.2768035,596753945.9617648
2022-10-17 09:00:00,413.0,420.0,408.0,416.0,3872122.42434666,1600846730.7793736
2022-10-18 09:00:00,418.0,421.0,402.0,410.0,5863421.09703898,2422126464.815327
2022-10-19 09:00:00,410.0,411.0,394.0,397.0,3701855.56701435,1493415388.6210701
2022-10-20 09:00:00,397.0,407.0,392.0,394.0,2582306.61901609,1028188400.3396469
2022-10-21 09:00:00,394.0,401.0,382.0,400.0,2891211.27591635,1130183264.0416684
2022-10-22 09:00:00,400.0,405.0,393.0,398.0,2000614.65868226,797807308.3147596
2022-10-23 09:00:00,399.0,407.0,394.0,406.0,2527256.07690609,1007980507.2111806
2022-10-24 09:00:00,405.0,407.0,392.0,399.0,4332372.59747211,1724075632.219048
2022-10-25 09:00:00,399.0,413.0,395.0,406.0,6135801.34323198,2481130495.27465
2022-10-26 09:00:00,408.0,415.0,404.0,408.0,4723142.7982477,1932472197.3953192
2022-10-27 09:00:00,408.0,421.0,400.0,401.0,6317648.82396012,2594954425.7996135
2022-10-28 09:00:00,401.0,412.0,396.0,408.0,4720954.33921462,1904349884.449091
2022-10-29 09:00:00,408.0,438.0,408.0,427.0,12167100.601048,5145032917.17677
2022-10-30 09:00:00,426.0,435.0,412.0,417.0,6813302.6035436,2891389036.052373
2022-10-31 09:00:00,417.0,424.0,411.0,415.0,7222463.87533431,3001777287.676373
2022-11-01 09:00:00,415.0,425.0,413.0,415.0,6081006.02915595,2546747551.9006877
2022-11-02 09:00:00,415.0,490.0,411.0,437.0,153255886.30690095,70212433195.74924
2022-11-03 09:00:00,437.0,497.0,433.0,460.0,100586003.89796008,46985785282.63721
2022-11-04 09:00:00,460.0,476.0,454.0,472.0,27546760.60120096,12799153836.842894
2022-11-05 09:00:00,471.0,482.0,460.0,467.0,10754661.70457638,5057859432.679784
2022-11-06 09:00:00,467.0,468.0,444.0,446.0,5759175.19914563,2637161775.1149254
2022-11-07 09:00:00,446.0,476.0,444.0,453.0,20608406.72925432,9454953839.769472
2022-11-08 09:00:00,453.0,460.0,381.0,399.0,24410939.25643876,10398864691.632444
2022-11-09 09:00:00,399.0,420.0,320.0,333.0,23050468.55270872,8661404503.923494
2022-11-10 09:00:00,332.0,380.0,328.0,379.0,12846972.40613557,4575149473.450513
2022-11-11 09:00:00,379.0,385.0,340.0,354.0,9038207.30268517,3270061751.1518006
2022-11-12 09:00:00,355.0,355.0,325.0,330.0,6302730.41555507,2115253916.5391624
2022-11-13 09:00:00,329.0,335.0,302.0,306.0,12678216.61238327,4018715267.6879683
2022-11-14 09:00:00,306.0,312.0,284.0,307.0,13743142.8538048,4108551337.428819
2022-11-15 09:00:00,308.0,326.0,304.0,314.0,9877160.90975376,3106404547.047087
2022-11-16 09:00:00,315.0,320.0,306.0,312.0,7661524.30128608,2396806409.148672
2022-11-17 09:00:00,311.0,315.0,301.0,306.0,4594626.95744309,1418645153.8769066
2022-11-18 09:00:00,306.0,313.0,305.0,310.0,4684114.25246345,1450796413.824764
2022-11-19 09:00:00,311.0,321.0,305.0,318.0,10455201.41399212,3260488515.975379
2022-11-20 09:00:00,317.0,333.0,303.0,306.0,20405004.65338016,6508165760.811326
2022-11-21 09:00:00,306.0,317.0,296.0,308.0,16062989.13232473,4922468230.51031
2022-11-22 09:00:00,310.0,313.0,297.0,313.0,10673455.13865073,3275317703.988737
2022-11-23 09:00:00,313.0,322.0,311.0,321.0,11215293.37003018,3548130035.9761443
2022-11-24 09:00:00,322.0,326.0,303.0,316.0,14806667.92533206,4689704304.948863
2022-11-25 09:00:00,316.0,316.0,304.0,312.0,8120083.08320373,2529327319.502315
2022-11-26 09:00:00,314.0,323.0,312.0,314.0,10643481.129144,3384738475.051228
2022-11-27 09:00:00,313.0,321.0,311.0,314.0,11257597.13051817,3571065546.8102984
2022-11-28 09:00:00,314.0,317.0,303.0,308.0,10234847.31421935,3148045310.461248
2022-11-29 09:00:00,307.0,312.0,304.0,309.0,3999210.41681749,1235128018.4870036
2022-11-30 09:00:00,308.0,325.0,308.0,321.0,16346414.72055974,5205768983.16773
2022-12-01 09:00:00,322.0,322.0,310.0,313.0,8782361.59038474,2777759780.1700106
2022-12-02 09:00:00,314.0,319.0,306.0,317.0,8428100.49741683,2635431772.5278325
2022-12-03 09:00:00,318.0,324.0,309.0,310.0,5123021.04267934,1613716090.3101377
2022-12-04 09:00:00,310.0,314.0,308.0,312.0,4467546.13606163,1388747699.9941854
2022-12-05 09:00:00,312.0,320.0,307.0,309.0,10034445.50790535,3149363345.349699
2022-12-06 09:00:00,310.0,314.0,309.0,311.0,5340752.6011976,1660325001.1841865
2022-12-07 09:00:00,312.0,313.0,293.0,298.0,7716925.17308414,2321347221.121558
2022-12-08 09:00:00,299.0,304.0,294.0,302.0,7127390.45972319,2125402007.9408042
2022-12-09 09:00:00,301.0,302.0,295.0,300.0,4863542.95623984,1455588180.225639
2022-12-10 09:00:00,300.0,306.0,298.0,303.0,4772476.75681234,1440203495.2731662
2022-12-11 09:00:00,303.0,306.0,297.0,299.0,4630068.72146479,1400248986.983214
2022-12-12 09:00:00,299.0,301.0,287.0,295.0,8193847.13923131,2399979312.8869104
2022-12-13 09:00:00,296.0,301.0,279.0,295.0,11765389.15013794,3421995092.917396
2022-12-14 09:00:00,295.0,300.0,291.0,293.0,6654782.24406153,1969836313.4875016
2022-12-15 09:00:00,294.0,294.0,284.0,286.0,5857517.20444172,1689148532.886563
2022-12-16 09:00:00,286.0,287.0,253.0,257.0,10516116.24145497,2859098753.655553
2022-12-17 09:00:00,257.0,258.0,245.0,255.0,6592258.41384249,1658457208.2358978
2022-12-18 09:00:00,255.0,255.0,249.0,251.0,3307159.2054927,833102881.2640073
2022-12-19 09:00:00,252.0,255.0,231.0,237.0,4724275.27028941,1150608122.3547285
2022-12-20 09:00:00,237.0,247.0,234.0,246.0,4999945.93906471,1212437755.3966413
2022-12-21 09:00:00,246.0,248.0,241.0,245.0,3564338.98428712,871339807.2080687
2022-12-22 09:00:00,245.0,248.0,239.0,247.0,3751038.65268583,910951106.3151375
2022-12-23 09:00:00,247.0,249.0,245.0,247.0,1951728.04825572,481997329.9912807
2022-12-24 09:00:00,247.0,249.0,245.0,247.0,1989716.63427233,490927920.57102585
2022-12-25 09:00:00,247.0,248.0,240.0,241.0,2061165.67855213,503189897.9655141
2022-12-26 09:00:00,242.0,242.0,235.0,239.0,2726011.48351997,650206088.7110839
2022-12-27 09:00:00,239.0,241.0,226.0,229.0,4878503.56444011,1131134859.1215253
2022-12-28 09:00:00,228.0,229.0,211.0,213.0,6696622.68051296,1467671747.7228854
2022-12-29 09:00:00,215.0,217.0,206.0,211.0,4882477.6899524,1031454896.5204515
2022-12-30 09:00:00,211.0,213.0,203.0,210.0,3511244.57920435,725799308.1550446
2022-12-31 09:00:00,210.0,219.0,209.0,211.0,2874969.78870479,608626169.218054
2023-01-01 09:00:00,212.0,215.0,209.0,213.0,1995749.53597562,423178849.12345356
2023-01-02 09:00:00,214.0,223.0,210.0,220.0,5090062.92214768,1103563956.0475914
2023-01-03 09:00:00,220.0,223.0,217.0,222.0,3482275.70312621,765904070.8445157
2023-01-04 09:00:00,222.0,234.0,222.0,230.0,6125669.37745975,1400577986.7639647
2023-01-05 09:00:00,231.0,236.0,223.0,226.0,7180711.31473207,1651601751.16797
2023-01-06 09:00:00,226.0,230.0,217.0,225.0,5177808.6066577,1149268283.9441724
2023-01-07 09:00:00,225.0,233.0,225.0,231.0,6136893.68722635,1412517840.924047
2023-01-08 09:00:00,231.0,240.0,226.0,239.0,6640830.86222592,1543728972.8184478
2023-01-09 09:00:00,239.0,253.0,237.0,248.0,14459711.66208661,3551869267.0915027
2023-01-10 09:00:00,248.0,252.0,241.0,248.0,9372020.63620329,2322412274.117382
2023-01-11 09:00:00,248.0,253.0,240.0,251.0,8306948.20787962,2044197186.9035223
2023-01-12 09:00:00,251.0,261.0,245.0,257.0,15210681.09646144,3831034528.183795
2023-01-13 09:00:00,256.0,269.0,253.0,267.0,17317959.47583918,4509069011.882057
2023-01-14 09:00:00,267.0,297.0,261.0,280.0,38247350.68764112,10633292551.022331
2023-01-15 09:00:00,280.0,293.0,272.0,289.0,28977681.61318926,8151324798.26676
2023-01-16 09:00:00,288.0,297.0,274.0,287.0,23361246.67179981,6712503393.43889
2023-01-17 09:00:00,288.0,292.0,281.0,286.0,14024287.57574742,4016905960.953641
2023-01-18 09:00:00,284.0,311.0,271.0,278.0,59838694.52696955,17533724306.495483
2023-01-19 09:00:00,278.0,319.0,274.0,301.0,113303189.87508307,34118262916.283337
2023-01-20 09:00:00,300.0,315.0,292.0,312.0,28611673.98219916,8624588658.685236
2023-01-21 09:00:00,312.0,317.0,304.0,305.0,22856925.92772644,7110079070.288779
2023-01-22 09:00:00,307.0,315.0,298.0,306.0,14669196.00553275,4530303825.869628
2023-01-23 09:00:00,307.0,345.0,305.0,318.0,78141517.31569526,25367347371.032578
2023-01-24 09:00:00,319.0,342.0,298.0,303.0,60303476.47094052,19712996940.329666
2023-01-25 09:00:00,303.0,319.0,292.0,314.0,21780744.62837778,6632004052.018808
2023-01-26 09:00:00,314.0,358.0,314.0,328.0,118649127.96634191,39720105799.94115
2023-01-27 09:00:00,328.0,335.0,316.0,335.0,24408239.69165631,7915739060.592189
2023-01-28 09:00:00,335.0,343.0,322.0,327.0,19056522.763906,6368096363.285724
2023-01-29 09:00:00,327.0,348.0,324.0,342.0,58208455.68227129,19812632239.918797
2023-01-30 09:00:00,342.0,342.0,301.0,311.0,20653948.83082821,6657145933.403397
2023-01-31 09:00:00,311.0,320.0,303.0,318.0,7906922.44656405,2453324916.12201
2023-02-01 09:00:00,318.0,341.0,310.0,340.0,38641187.19261002,12617709156.815874
2023-02-02 09:00:00,339.0,346.0,334.0,336.0,20038380.15444085,6813700576.707533
2023-02-03 09:00:00,336.0,348.0,331.0,346.0,14841236.728052,5028362737.287371
2023-02-04 09:00:00,346.0,364.0,345.0,351.0,24514634.36944871,8647673950.28572
2023-02-05 09:00:00,352.0,393.0,335.0,363.0,113531995.5484394,42025462856.20375
2023-02-06 09:00:00,363.0,368.0,351.0,357.0,18730193.31347403,6729776117.996977
2023-02-07 09:00:00,356.0,382.0,348.0,380.0,17312431.80225267,6250363467.812179
2023-02-08 09:00:00,380.0,412.0,370.0,380.0,64695464.61645712,25427797866.937977
2023-02-09 09:00:00,381.0,392.0,337.0,342.0,27697304.01018575,10345840962.784176
2023-02-10 09:00:00,343.0,357.0,336.0,353.0,14813528.16444826,5133865161.858319
2023-02-11 09:00:00,353.0,355.0,345.0,352.0,8187433.03298681,2867037535.0111337
2023-02-12 09:00:00,352.0,387.0,344.0,366.0,25580868.35787348,9338041405.462519
2023-02-13 09:00:00,367.0,382.0,346.0,372.0,42637716.64256,15605840822.408136
2023-02-14 09:00:00,372.0,393.0,359.0,388.0,37091936.18558206,13980388144.990469
2023-02-15 09:00:00,389.0,405.0,380.0,404.0,23260405.38477117,9098800641.507782
2023-02-16 09:00:00,404.0,408.0,379.0,380.0,24182894.57648164,9648353177.59354
2023-02-17 09:00:00,382.0,398.0,374.0,396.0,20209555.17334435,7886113132.201846
2023-02-18 09:00:00,395.0,400.0,388.0,398.0,11717207.44189562,4625832796.514804
2023-02-19 09:00:00,398.0,403.0,389.0,399.0,19121414.83882872,7588069425.794962
2023-02-20 09:00:00,399.0,416.0,391.0,411.0,33256536.16406812,13534548097.772846
2023-02-21 09:00:00,411.0,413.0,393.0,400.0,20645805.40489239,8328205291.927895
2023-02-22 09:00:00,401.0,442.0,400.0,429.0,130783902.43887699,55013417733.28338
2023-02-23 09:00:00,429.0,430.0,411.0,417.0,24460671.15376451,10298721373.922623
2023-02-24 09:00:00,416.0,424.0,392.0,401.0,26345708.21988447,10741113365.225983
2023-02-25 09:00:00,400.0,402.0,376.0,392.0,13248506.6160903,5181789456.870767
2023-02-26 09:00:00,391.0,416.0,385.0,415.0,10843020.21035112,4353980192.088282
2023-02-27 09:00:00,415.0,420.0,402.0,406.0,14227915.71890914,5831935721.160746
2023-02-28 09:00:00,406.0,407.0,396.0,397.0,3117237.82501903,1249028217.8297896
