2020-06-04 09:00:00,11310.0,11600.0,11030.0,11290.0,124390.71099243,1408053283.9977913
2020-06-05 09:00:00,11310.0,11500.0,11070.0,11190.0,78324.17580922,880955501.6105754
2020-06-06 09:00:00,11180.0,11290.0,11030.0,11170.0,47304.58270485,525732273.3366523
2020-06-07 09:00:00,11180.0,11200.0,10780.0,11140.0,65078.80148379,717824875.1035241
2020-06-08 09:00:00,11140.0,11160.0,10910.0,11140.0,38739.22484828,428298511.6659228
2020-06-09 09:00:00,11150.0,11190.0,10870.0,11000.0,42336.11571122,466511133.6569421
2020-06-10 09:00:00,11030.0,11170.0,10870.0,11040.0,57846.1330084,636903366.2985418
2020-06-11 09:00:00,11040.0,11090.0,10020.0,10070.0,87231.90474242,932789292.2636515
2020-06-12 09:00:00,10070.0,10650.0,10050.0,10440.0,44391.94580784,457783617.4483939
2020-06-13 09:00:00,10390.0,10600.0,10000.0,10540.0,31729.36017437,329436247.6591338
2020-06-14 09:00:00,10580.0,10670.0,10270.0,10350.0,18650.91418354,194379983.8811965
2020-06-15 09:00:00,10370.0,10520.0,9715.0,10250.0,51500.82932091,515490660.758447
2020-06-16 09:00:00,10250.0,10450.0,10160.0,10350.0,35325.2437855,363937041.6671328
2020-06-17 09:00:00,10370.0,10640.0,10160.0,10370.0,34500.30491024,358003723.3860824
2020-06-18 09:00:00,10390.0,10480.0,10140.0,10350.0,40591.03684936,419485517.7060542
2020-06-19 09:00:00,10330.0,10450.0,10100.0,10310.0,28352.92226185,291830754.8974919
2020-06-20 09:00:00,10310.0,10420.0,10220.0,10340.0,18183.838745,187799450.8976043
2020-06-21 09:00:00,10340.0,10480.0,10260.0,10260.0,18904.14864298,196137434.8379347
2020-06-22 09:00:00,10290.0,10600.0,10230.0,10590.0,36513.54620307,381248550.2986317
2020-06-23 09:00:00,10590.0,11400.0,10470.0,10760.0,179498.85607407,1978673547.569438
2020-06-24 09:00:00,10760.0,10900.0,10250.0,10370.0,71422.52132689,754184354.8511838
2020-06-25 09:00:00,10360.0,10480.0,9900.0,10250.0,54308.78122707,552602951.3255858
2020-06-26 09:00:00,10260.0,10280.0,9920.0,10110.0,35770.59444075,360771827.74883
2020-06-27 09:00:00,10110.0,10110.0,9610.0,9670.0,27455.33028522,272564847.66132605
2020-06-28 09:00:00,9665.0,12110.0,9485.0,11770.0,380296.78735798,4290687058.8696556
2020-06-29 09:00:00,11780.0,13180.0,11550.0,12440.0,833916.97109782,10298762968.610168
2020-06-30 09:00:00,12440.0,12640.0,11750.0,12340.0,209535.74133623,2564985444.903864
2020-07-01 09:00:00,12320.0,13370.0,11970.0,12340.0,195790.06221159,2498850600.539545
2020-07-02 09:00:00,12340.0,12370.0,11400.0,11660.0,128022.8348742,1531590802.5138893
2020-07-03 09:00:00,11660.0,11660.0,10990.0,11170.0,76638.70772652,862317350.5117649
2020-07-04 09:00:00,11180.0,11230.0,10860.0,11180.0,40331.61717876,444132793.2772367
2020-07-05 09:00:00,11140.0,11160.0,10650.0,10930.0,34769.15102126,377383854.9174029
2020-07-06 09:00:00,10920.0,12590.0,10700.0,12100.0,324386.80724536,3857919540.6829085
2020-07-07 09:00:00,12060.0,13400.0,11530.0,11820.0,388615.8397499,4858798874.20885
2020-07-08 09:00:00,11810.0,12700.0,11640.0,11990.0,293674.43438732,3519960213.163654
2020-07-09 09:00:00,11990.0,12200.0,11180.0,11450.0,186380.54677157,2179433110.7178807
2020-07-10 09:00:00,11480.0,11480.0,11080.0,11330.0,59375.08513056,666861524.7648482
2020-07-11 09:00:00,11330.0,12150.0,11110.0,11850.0,188398.13358783,2203386374.1188335
2020-07-12 09:00:00,11840.0,12090.0,11550.0,11800.0,132224.63009392,1564282700.0592718
2020-07-13 09:00:00,11800.0,11960.0,11480.0,11550.0,101143.58208415,1185173510.0701976
2020-07-14 09:00:00,11540.0,11580.0,11140.0,11460.0,59626.60687288,674250996.0144367
2020-07-15 09:00:00,11490.0,11520.0,11250.0,11370.0,23773.36224981,269618392.8728826
2020-07-16 09:00:00,11310.0,11350.0,10810.0,11150.0,64449.19684209,710356178.5699008
2020-07-17 09:00:00,11140.0,11280.0,10880.0,11050.0,33910.04105615,375747583.7509258
2020-07-18 09:00:00,11100.0,11210.0,10940.0,11140.0,41419.57493637,459020298.3729058
2020-07-19 09:00:00,11140.0,11230.0,10960.0,11230.0,34685.87163918,385143855.8980391
2020-07-20 09:00:00,11200.0,11230.0,11050.0,11090.0,43430.86282441,482789353.7096405
2020-07-21 09:00:00,11100.0,11960.0,11080.0,11670.0,234748.82006188,2733590109.3375335
2020-07-22 09:00:00,11680.0,11900.0,11450.0,11820.0,82628.5097615,957655816.2775085
2020-07-23 09:00:00,11800.0,11900.0,11510.0,11630.0,88302.11545197,1031678308.241214
2020-07-24 09:00:00,11660.0,11700.0,11290.0,11350.0,54804.86825818,629780483.6477588
2020-07-25 09:00:00,11360.0,11870.0,11350.0,11860.0,88955.50454651,1030955755.1730454
2020-07-26 09:00:00,11860.0,12530.0,11680.0,12030.0,277684.94389487,3349166771.277982
2020-07-27 09:00:00,12030.0,12770.0,11770.0,12560.0,434149.39529373,5367205503.96365
2020-07-28 09:00:00,12520.0,13610.0,12180.0,12850.0,508005.87245023,6590945837.344074
2020-07-29 09:00:00,12850.0,13290.0,12530.0,12910.0,289928.45819564,3742297882.757349
2020-07-30 09:00:00,12910.0,12910.0,12240.0,12620.0,148851.37644864,1853983023.5579102
2020-07-31 09:00:00,12630.0,13290.0,12200.0,13000.0,286878.07957486,3670652520.7107005
2020-08-01 09:00:00,13010.0,13600.0,12800.0,13520.0,268142.52714666,3551028731.839522
2020-08-02 09:00:00,13520.0,14700.0,11950.0,12190.0,424806.0361316,5675641391.439431
2020-08-03 09:00:00,12180.0,13000.0,12130.0,12740.0,206220.4306374,2610795412.9256144
2020-08-04 09:00:00,12760.0,13100.0,12180.0,12610.0,150332.46297065,1904044704.6693034
2020-08-05 09:00:00,12610.0,12820.0,12300.0,12650.0,114401.67658514,1442035369.242058
2020-08-06 09:00:00,12600.0,13230.0,12310.0,12730.0,259398.99279692,3320073781.0583453
2020-08-07 09:00:00,12730.0,13220.0,12290.0,12560.0,155603.05537086,1996103062.5212312
2020-08-08 09:00:00,12580.0,12800.0,12410.0,12590.0,81990.78572883,1033311999.665208
2020-08-09 09:00:00,12570.0,12880.0,12290.0,12520.0,95760.11013609,1200297603.6814444
2020-08-10 09:00:00,12510.0,13160.0,12470.0,12800.0,249491.0122156,3203425893.936216
2020-08-11 09:00:00,12770.0,13100.0,12220.0,12540.0,161932.61200919,2045713428.622744
2020-08-12 09:00:00,12480.0,12910.0,12070.0,12670.0,131230.47002244,1637901494.7468467
2020-08-13 09:00:00,12660.0,12990.0,12320.0,12980.0,124519.71636433,1578258342.9244256
2020-08-14 09:00:00,12870.0,13000.0,12390.0,12940.0,144696.61154113,1850731839.1731026
2020-08-15 09:00:00,12940.0,13410.0,12780.0,13230.0,209774.02670918,2748197179.136502
2020-08-16 09:00:00,13240.0,14100.0,13020.0,13640.0,227256.85576599,3059500556.6618466
2020-08-17 09:00:00,13660.0,14150.0,13380.0,13730.0,219838.31912171,2994335303.946784
2020-08-18 09:00:00,13700.0,14190.0,12790.0,13050.0,216557.98242283,2934289650.964912
2020-08-19 09:00:00,13080.0,13600.0,12250.0,12620.0,224006.00978878,2884505816.493853
2020-08-20 09:00:00,12640.0,13100.0,12200.0,12900.0,123574.08985294,1560600139.8526714
2020-08-21 09:00:00,12900.0,14040.0,12690.0,12800.0,357018.74138692,4759531678.227446
2020-08-22 09:00:00,12790.0,13120.0,12100.0,12960.0,136790.1842435,1734523720.3206153
2020-08-23 09:00:00,12980.0,13380.0,12300.0,12910.0,129683.64585275,1662911055.6708047
2020-08-24 09:00:00,12910.0,13100.0,12600.0,13030.0,128474.92444042,1655035026.120643
2020-08-25 09:00:00,13020.0,13020.0,12090.0,12330.0,122448.30704965,1536595567.8137305
2020-08-26 09:00:00,12330.0,12340.0,11680.0,12070.0,99334.56285659,1188180533.2099566
2020-08-27 09:00:00,12070.0,12130.0,11390.0,11400.0,75972.80420582,886678869.1435041
2020-08-28 09:00:00,11400.0,11750.0,11290.0,11670.0,39962.52556747,460726609.7358589
2020-08-29 09:00:00,11670.0,11800.0,11450.0,11670.0,52833.38366359,612874530.2338367
2020-08-30 09:00:00,11660.0,12040.0,11620.0,11930.0,89112.90017927,1056508871.0338427
2020-08-31 09:00:00,11860.0,12080.0,11670.0,11930.0,80299.56583263,955090227.6124132
2020-09-01 09:00:00,11850.0,12320.0,11760.0,12180.0,121294.29705532,1467163950.7380412
2020-09-02 09:00:00,12180.0,12230.0,11130.0,11480.0,141655.46854033,1650291910.8225992
2020-09-03 09:00:00,11470.0,11540.0,10070.0,10100.0,135130.45336809,1462060006.200682
2020-09-04 09:00:00,10080.0,10750.0,9820.0,10360.0,111787.1133874,1146867609.940602
2020-09-05 09:00:00,10360.0,10500.0,9685.0,9930.0,82820.50707973,838133137.3430831
2020-09-06 09:00:00,9880.0,10190.0,9600.0,9945.0,48907.56678005,482427753.14116323
2020-09-07 09:00:00,9985.0,10300.0,9480.0,10150.0,93355.18630437,925947624.7280926
2020-09-08 09:00:00,10210.0,10250.0,9680.0,9885.0,37392.3697368,372054183.93698454
2020-09-09 09:00:00,9885.0,10150.0,9760.0,10040.0,20877.0704393,208212590.20226425
2020-09-10 09:00:00,10030.0,10310.0,9995.0,10160.0,38793.5986898,393580527.75381297
2020-09-11 09:00:00,10190.0,10280.0,9960.0,10220.0,23435.31750907,237337334.46221215
2020-09-12 09:00:00,10220.0,10330.0,10060.0,10270.0,21635.12800601,220386167.1041759
2020-09-13 09:00:00,10250.0,10370.0,9840.0,10050.0,30198.70392831,306949516.6381806
2020-09-14 09:00:00,10010.0,10200.0,9910.0,10080.0,15849.02994674,158911282.33039436
2020-09-15 09:00:00,10080.0,10370.0,9920.0,9920.0,70770.62511178,717368480.675578
2020-09-16 09:00:00,9960.0,9960.0,9620.0,9840.0,26713.98278976,261438119.2240357
2020-09-17 09:00:00,9830.0,9960.0,9555.0,9770.0,23765.79029653,232006682.5913993
2020-09-18 09:00:00,9785.0,9840.0,9565.0,9655.0,20602.96180918,199770523.93452534
2020-09-19 09:00:00,9660.0,9780.0,9585.0,9615.0,9001.94206292,86921881.56916495
2020-09-20 09:00:00,9725.0,9725.0,9375.0,9530.0,32761.95010605,311471350.5579518
2020-09-21 09:00:00,9525.0,9650.0,8795.0,9225.0,47307.53468511,435204923.35692513
2020-09-22 09:00:00,9255.0,9445.0,8900.0,9265.0,20217.67388606,184730662.05245504
2020-09-23 09:00:00,9330.0,9345.0,8635.0,8645.0,28028.69974608,250374535.46388376
2020-09-24 09:00:00,8650.0,9170.0,8645.0,9030.0,17765.06604664,157147639.4558774
2020-09-25 09:00:00,9015.0,9310.0,8805.0,9190.0,17298.74357943,155510474.38838854
2020-09-26 09:00:00,9190.0,9345.0,9115.0,9325.0,11396.77522648,105112180.01310875
2020-09-27 09:00:00,9325.0,9545.0,9090.0,9315.0,35890.15415693,334535089.0622923
2020-09-28 09:00:00,9295.0,9545.0,9200.0,9225.0,28185.6706559,265163740.14916646
2020-09-29 09:00:00,9225.0,9560.0,9140.0,9340.0,13878.15886812,128526372.90573046
2020-09-30 09:00:00,9330.0,9365.0,9190.0,9335.0,8697.27791682,80880000.3525617
2020-10-01 09:00:00,9315.0,9435.0,9175.0,9200.0,12897.88640337,120008339.325491
2020-10-02 09:00:00,9185.0,9215.0,8840.0,8990.0,12662.24304268,113694982.0516657
2020-10-03 09:00:00,8990.0,9105.0,8940.0,9060.0,7496.67806601,67595852.51730806
2020-10-04 09:00:00,9060.0,9205.0,8955.0,9125.0,17438.50075528,157824763.87044036
2020-10-05 09:00:00,9125.0,9345.0,8955.0,9190.0,18743.762441,172078728.78686196
2020-10-06 09:00:00,9135.0,9335.0,8920.0,8970.0,37134.40475697,339358738.21230644
2020-10-07 09:00:00,8970.0,9030.0,8830.0,9000.0,13692.52079436,121808574.7774783
2020-10-08 09:00:00,8980.0,9300.0,8840.0,9190.0,29734.5748685,268295303.1095294
2020-10-09 09:00:00,9225.0,10000.0,9005.0,9315.0,81158.04834761,751983281.5867273
2020-10-10 09:00:00,9305.0,10300.0,9225.0,9405.0,84597.58062073,808828672.797047
2020-10-11 09:00:00,9405.0,9575.0,9305.0,9400.0,15219.89001643,143450142.34443456
2020-10-12 09:00:00,9415.0,9530.0,9175.0,9430.0,33603.9594086,314807903.9798758
2020-10-13 09:00:00,9390.0,9520.0,9200.0,9325.0,29551.93021104,276289608.0180669
2020-10-14 09:00:00,9345.0,9395.0,8860.0,9045.0,27116.65969631,247362125.62629524
2020-10-15 09:00:00,9045.0,9200.0,8850.0,9035.0,27479.994191,246333758.45758274
2020-10-16 09:00:00,9030.0,9030.0,8680.0,8840.0,26423.03942387,233135721.859244
2020-10-17 09:00:00,8840.0,8895.0,8775.0,8840.0,10760.01393544,94919482.4714068
2020-10-18 09:00:00,8815.0,8865.0,8790.0,8860.0,6140.66944848,54199890.78738845
2020-10-19 09:00:00,8860.0,9285.0,8765.0,8865.0,36419.60138299,329090329.27340645
2020-10-20 09:00:00,8825.0,8940.0,8455.0,8630.0,22702.56027966,197588746.02453604
2020-10-21 09:00:00,8620.0,9100.0,8535.0,8885.0,43113.00184482,380220334.659867
2020-10-22 09:00:00,8885.0,9195.0,8860.0,9055.0,45414.89016702,410391202.8359295
2020-10-23 09:00:00,9010.0,9145.0,8840.0,8895.0,41734.39238432,374626951.1153418
2020-10-24 09:00:00,8920.0,8985.0,8830.0,8920.0,20739.16152913,184739585.6778725
2020-10-25 09:00:00,8920.0,9150.0,8790.0,8975.0,39608.83348732,354288281.32097244
2020-10-26 09:00:00,8930.0,9000.0,8520.0,8680.0,42656.23333536,374463496.4314677
2020-10-27 09:00:00,8645.0,8900.0,8545.0,8840.0,34110.13141491,294955292.4033454
2020-10-28 09:00:00,8755.0,8845.0,8300.0,8355.0,69799.46451887,593805324.0975795
2020-10-29 09:00:00,8355.0,8435.0,8110.0,8335.0,24699.71719906,204300127.60839406
2020-10-30 09:00:00,8225.0,8340.0,7935.0,8040.0,21791.11082576,176092451.320193
2020-10-31 09:00:00,8055.0,8240.0,7945.0,8010.0,19841.27257925,159876173.0583754
2020-11-01 09:00:00,8010.0,8385.0,8000.0,8155.0,49712.73151455,407026980.5311661
2020-11-02 09:00:00,8155.0,8225.0,7875.0,7945.0,37521.74848804,299957231.6606209
2020-11-03 09:00:00,7885.0,8010.0,7695.0,7905.0,28605.45076759,224156853.4139115
2020-11-04 09:00:00,7915.0,8340.0,7780.0,7985.0,50921.75822878,408117720.8092238
2020-11-05 09:00:00,7980.0,8260.0,7895.0,8215.0,37282.37055925,300971963.5648497
2020-11-06 09:00:00,8215.0,8620.0,8100.0,8525.0,54162.9004574,455746961.73744047
2020-11-07 09:00:00,8530.0,8755.0,8070.0,8205.0,57931.91860737,493772103.7667419
2020-11-08 09:00:00,8205.0,8500.0,8160.0,8350.0,18345.40378507,153256890.2758617
2020-11-09 09:00:00,8380.0,8450.0,8085.0,8180.0,25641.32106807,212019139.42735544
2020-11-10 09:00:00,8180.0,8345.0,8115.0,8210.0,29297.04823278,239854874.89696285
2020-11-11 09:00:00,8210.0,8315.0,8130.0,8265.0,28278.54631947,232125160.5529595
2020-11-12 09:00:00,8265.0,8710.0,8185.0,8260.0,71192.75195732,599976398.1798408
2020-11-13 09:00:00,8270.0,8485.0,8225.0,8390.0,34627.48424273,290586362.3977796
2020-11-14 09:00:00,8390.0,8725.0,8200.0,8540.0,44556.1798987,375808527.4946939
2020-11-15 09:00:00,8540.0,8750.0,8180.0,8270.0,68455.48154094,580324859.9027361
2020-11-16 09:00:00,8280.0,8670.0,8140.0,8645.0,53266.71817777,444062444.0530202
2020-11-17 09:00:00,8650.0,8855.0,8430.0,8840.0,88509.95782219,767752513.5654135
2020-11-18 09:00:00,8835.0,11690.0,8760.0,10350.0,1861289.38330613,19355001190.58409
2020-11-19 09:00:00,10350.0,10980.0,9465.0,9960.0,581369.26836023,5872524744.459041
2020-11-20 09:00:00,9950.0,11510.0,9825.0,10690.0,919089.95379331,9875165145.939903
2020-11-21 09:00:00,10700.0,11230.0,10400.0,11130.0,657244.17116774,7152824271.368104
2020-11-22 09:00:00,11090.0,11130.0,9930.0,10380.0,460733.49021087,4777765172.556962
2020-11-23 09:00:00,10380.0,10880.0,10050.0,10820.0,319293.20870797,3327497843.8249125
2020-11-24 09:00:00,10820.0,11980.0,10610.0,11540.0,931462.07258052,10639612612.247898
2020-11-25 09:00:00,11360.0,11700.0,10750.0,11010.0,344727.59437568,3885496213.043941
2020-11-26 09:00:00,11010.0,11380.0,9225.0,9530.0,222780.07091272,2240606867.8869643
2020-11-27 09:00:00,9535.0,10200.0,9300.0,9715.0,155560.43254666,1513064997.404332
2020-11-28 09:00:00,9715.0,10130.0,9570.0,9980.0,112999.10255473,1117097213.4296036
2020-11-29 09:00:00,9960.0,10290.0,9680.0,10170.0,72650.101943,723394512.8500899
2020-11-30 09:00:00,10110.0,10880.0,9785.0,10650.0,224494.45181421,2316169753.4021473
2020-12-01 09:00:00,10650.0,10850.0,9890.0,10120.0,283015.364459,2927141095.120923
2020-12-02 09:00:00,10130.0,10640.0,9810.0,10200.0,151666.99014386,1529969796.6171024
2020-12-03 09:00:00,10180.0,11600.0,10050.0,10400.0,396231.55421306,4243854466.504957
2020-12-04 09:00:00,10400.0,11100.0,9930.0,10100.0,485067.74804112,5082044530.382815
2020-12-05 09:00:00,10100.0,10380.0,10000.0,10250.0,142799.35680925,1449001467.7392075
2020-12-06 09:00:00,10220.0,10420.0,9935.0,10130.0,78758.73153124,796453703.4352611
2020-12-07 09:00:00,10130.0,10270.0,9935.0,10030.0,98484.2583432,992528787.9593388
2020-12-08 09:00:00,10040.0,10270.0,9245.0,9440.0,125215.82652382,1222370259.2978587
2020-12-09 09:00:00,9440.0,9500.0,8840.0,9475.0,122729.89163426,1118495125.5262587
2020-12-10 09:00:00,9470.0,9495.0,9020.0,9165.0,34296.19964733,314826697.65475166
2020-12-11 09:00:00,9165.0,9180.0,8795.0,8900.0,50759.19200746,453243655.4631078
2020-12-12 09:00:00,8905.0,9580.0,8905.0,9375.0,86598.35036406,804590348.4261285
2020-12-13 09:00:00,9360.0,10070.0,9255.0,9625.0,420304.83337694,4115357384.3632073
2020-12-14 09:00:00,9625.0,9785.0,9355.0,9590.0,69739.09913591,663697417.2199801
2020-12-15 09:00:00,9540.0,9780.0,9400.0,9570.0,58573.6228565,562847335.6484451
2020-12-16 09:00:00,9555.0,10160.0,9370.0,10120.0,135573.52350128,1321503980.0095496
2020-12-17 09:00:00,10100.0,11140.0,9855.0,10350.0,584366.48314587,6189846056.372182
2020-12-18 09:00:00,10340.0,11410.0,9950.0,10590.0,425494.67910805,4500243124.436206
2020-12-19 09:00:00,10590.0,11230.0,10320.0,10690.0,345058.86667459,3705028504.4387317
2020-12-20 09:00:00,10660.0,11480.0,10340.0,10900.0,398968.03718221,4372913176.432408
2020-12-21 09:00:00,10860.0,11380.0,9890.0,10110.0,347013.90372799,3680095123.7837987
2020-12-22 09:00:00,10130.0,10430.0,9655.0,10270.0,155500.99801676,1566393992.173306
2020-12-23 09:00:00,10270.0,10320.0,8250.0,8960.0,241909.66795266,2285727062.434992
2020-12-24 09:00:00,8960.0,9495.0,8590.0,9440.0,113309.09819178,1013433002.5749633
2020-12-25 09:00:00,9440.0,9800.0,9000.0,9395.0,116834.08651398,1100986339.868932
2020-12-26 09:00:00,9330.0,9765.0,9120.0,9610.0,178738.62511567,1687780798.2202206
2020-12-27 09:00:00,9575.0,10390.0,9305.0,9680.0,616482.32115877,6136934587.732302
2020-12-28 09:00:00,9775.0,10260.0,9590.0,9735.0,205346.17786447,2024186977.0017493
2020-12-29 09:00:00,9735.0,9815.0,8925.0,9435.0,153616.4057732,1428582326.8422723
2020-12-30 09:00:00,9430.0,9685.0,9105.0,9385.0,143694.32558548,1351275791.273903
2020-12-31 09:00:00,9340.0,9575.0,9100.0,9245.0,81653.99949415,755625354.7805845
2021-01-01 09:00:00,9230.0,9610.0,9140.0,9285.0,133226.28100791,1245804917.413132
2021-01-02 09:00:00,9285.0,9685.0,9150.0,9440.0,239226.9351546,2255611519.299173
2021-01-03 09:00:00,9440.0,10400.0,9310.0,10280.0,492187.13585725,4857193611.907046
2021-01-04 09:00:00,10270.0,11310.0,9290.0,10050.0,597801.83850976,6177433659.613799
2021-01-05 09:00:00,10050.0,10950.0,9765.0,10440.0,418742.95735135,4332022481.980461
2021-01-06 09:00:00,10450.0,11200.0,10000.0,10950.0,528724.83936716,5532810779.401684
2021-01-07 09:00:00,10900.0,13300.0,10580.0,11950.0,1962432.83666456,24013045266.431984
2021-01-08 09:00:00,11940.0,15030.0,11840.0,13150.0,4137185.6813938,56990579858.64351
2021-01-09 09:00:00,13190.0,17700.0,11930.0,15230.0,3478891.67788176,49102681446.129036
2021-01-10 09:00:00,15280.0,20980.0,14630.0,16390.0,10005414.03077523,182360494935.02814
2021-01-11 09:00:00,16370.0,16700.0,12200.0,14100.0,2704990.78473369,38118927558.02227
2021-01-12 09:00:00,14030.0,16360.0,13000.0,14460.0,2281753.54906893,33159785365.120716
2021-01-13 09:00:00,14460.0,15550.0,14040.0,15330.0,1432354.0650419,21245180714.578228
2021-01-14 09:00:00,15330.0,15580.0,14290.0,15020.0,1133546.48339419,16988166699.017101
2021-01-15 09:00:00,15020.0,15490.0,13610.0,14350.0,614437.67232001,8979752335.715054
2021-01-16 09:00:00,14360.0,14950.0,14070.0,14280.0,602484.0696439,8698489489.157223
2021-01-17 09:00:00,14280.0,14300.0,13200.0,13700.0,384701.99149222,5283079388.295061
2021-01-18 09:00:00,13710.0,14300.0,13440.0,13910.0,376497.88468105,5205365356.426127
2021-01-19 09:00:00,13910.0,14560.0,13720.0,13850.0,567057.11057631,8015616669.97117
2021-01-20 09:00:00,13850.0,14080.0,12900.0,13660.0,362475.28284612,4854481104.975637
2021-01-21 09:00:00,13660.0,13680.0,11370.0,11380.0,397306.10194155,4971052540.7692375
2021-01-22 09:00:00,11390.0,12160.0,9875.0,11770.0,565432.61748524,6324538687.443832
2021-01-23 09:00:00,11760.0,12400.0,11230.0,11880.0,348989.17812938,4162873444.026298
2021-01-24 09:00:00,11880.0,12510.0,11690.0,12210.0,472873.82979658,5746500760.774011
2021-01-25 09:00:00,12280.0,12600.0,12000.0,12100.0,406628.43518886,5018565842.473625
2021-01-26 09:00:00,12110.0,12180.0,11530.0,11780.0,145644.52825925,1713179836.0438828
2021-01-27 09:00:00,11840.0,11870.0,10550.0,10950.0,160022.05902946,1779595102.0861053
2021-01-28 09:00:00,10880.0,12010.0,10650.0,11460.0,266008.4681932,3004254211.6546087
2021-01-29 09:00:00,11510.0,13080.0,11200.0,11940.0,896316.66246831,10978678910.540075
2021-01-30 09:00:00,11950.0,12340.0,11400.0,11710.0,303101.78931443,3616880613.1698766
2021-01-31 09:00:00,11700.0,11790.0,11420.0,11480.0,168040.41896052,1949793638.3437016
2021-02-01 09:00:00,11440.0,12250.0,11080.0,11530.0,436545.54080536,5128077208.303652
2021-02-02 09:00:00,11510.0,12090.0,11410.0,11840.0,175937.18289515,2063118385.031185
2021-02-03 09:00:00,11840.0,12280.0,11830.0,12140.0,234240.99067392,2817310210.794419
2021-02-04 09:00:00,12120.0,12560.0,11200.0,11890.0,238321.25827155,2859134433.1918774
2021-02-05 09:00:00,11890.0,12920.0,11780.0,12750.0,277973.02488152,3424677637.5611477
2021-02-06 09:00:00,12740.0,14870.0,12570.0,13490.0,1419906.04976288,19663929039.32081
2021-02-07 09:00:00,13480.0,13980.0,12650.0,13200.0,472707.04886506,6260821835.216971
2021-02-08 09:00:00,13200.0,14790.0,12910.0,14470.0,796075.90637494,11156926777.067945
2021-02-09 09:00:00,14470.0,15980.0,13900.0,15150.0,1206635.74745648,18240949563.029716
2021-02-10 09:00:00,15120.0,16590.0,14510.0,15930.0,854796.86868324,13303581573.778412
2021-02-11 09:00:00,15930.0,17480.0,15660.0,17100.0,786923.09139304,13152891764.235367
2021-02-12 09:00:00,17110.0,17620.0,16310.0,17460.0,565842.43725584,9663350210.133364
2021-02-13 09:00:00,17510.0,19790.0,16300.0,19280.0,1035908.31768418,18489150982.80248
2021-02-14 09:00:00,19250.0,29600.0,18710.0,28530.0,4953234.86334057,118630589999.19232
2021-02-15 09:00:00,28620.0,36000.0,26720.0,31990.0,4916819.3717597,157258228073.0081
2021-02-16 09:00:00,31800.0,34940.0,29000.0,31840.0,2141446.31349741,69050383540.20146
2021-02-17 09:00:00,31840.0,33420.0,29000.0,29970.0,1594530.08613871,49072914830.28932
2021-02-18 09:00:00,29970.0,31740.0,28550.0,30100.0,970121.11176144,28987950901.73294
2021-02-19 09:00:00,30100.0,32000.0,28210.0,30970.0,1082860.2774075,32987092040.018867
2021-02-20 09:00:00,30980.0,32240.0,29100.0,29500.0,984907.0835084,30420120351.030792
2021-02-21 09:00:00,29500.0,45900.0,28770.0,36700.0,4808185.59471462,184895365041.86246
2021-02-22 09:00:00,36690.0,45000.0,33800.0,38820.0,4140897.05938596,162343930758.98767
2021-02-23 09:00:00,38820.0,38830.0,23300.0,30270.0,2770689.43829742,84400188124.8953
2021-02-24 09:00:00,30270.0,36000.0,28930.0,31360.0,2122652.26364496,68773350448.97841
2021-02-25 09:00:00,31260.0,32850.0,29600.0,29990.0,1048632.97176177,33011420281.01117
2021-02-26 09:00:00,30060.0,33300.0,27230.0,30000.0,1345309.06681343,40484427451.859505
2021-02-27 09:00:00,30070.0,31470.0,29560.0,30110.0,684031.53085869,20760759692.544353
2021-02-28 09:00:00,30010.0,30140.0,25320.0,27490.0,647345.4041189,17860533467.71736
2021-03-01 09:00:00,27480.0,30380.0,27310.0,30000.0,723604.84142878,20959494275.2228
2021-03-02 09:00:00,30000.0,31900.0,29000.0,30620.0,763410.68791895,23323198589.215954
2021-03-03 09:00:00,30620.0,35340.0,30270.0,32170.0,1150138.2230821,37048786148.71739
2021-03-04 09:00:00,32140.0,33700.0,31070.0,31840.0,601000.98463412,19367578666.307487
2021-03-05 09:00:00,31850.0,32500.0,30330.0,31900.0,344418.59642198,10784775374.752834
2021-03-06 09:00:00,31900.0,32210.0,30430.0,31880.0,264240.80596787,8343047231.863403
2021-03-07 09:00:00,31890.0,33990.0,31870.0,33100.0,559038.45205534,18424615070.022526
2021-03-08 09:00:00,33100.0,33870.0,32000.0,33800.0,341874.34919168,11280135932.697657
2021-03-09 09:00:00,33760.0,35650.0,33090.0,35480.0,500081.08088653,17144497247.803839
2021-03-10 09:00:00,35510.0,39900.0,33540.0,37970.0,696948.55236753,25622096168.734882
2021-03-11 09:00:00,38000.0,39760.0,36530.0,38620.0,406075.6123517,15557749209.429077
2021-03-12 09:00:00,38700.0,38940.0,36910.0,37290.0,256338.33321126,9717324602.920818
2021-03-13 09:00:00,37310.0,45000.0,35460.0,41250.0,1293666.60821402,52475408453.77456
2021-03-14 09:00:00,41250.0,41710.0,37910.0,37990.0,430758.63901849,16994802066.344618
2021-03-15 09:00:00,37990.0,38490.0,33550.0,34900.0,483500.61129545,17468109609.93305
2021-03-16 09:00:00,34900.0,38000.0,33000.0,35650.0,439634.04620674,15367818603.353382
2021-03-17 09:00:00,35790.0,36960.0,33350.0,36310.0,277173.14196022,9695723765.794584
2021-03-18 09:00:00,36360.0,37300.0,35310.0,35370.0,244285.48652658,8816357216.99344
2021-03-19 09:00:00,35390.0,36930.0,34530.0,35520.0,257688.92393281,9258808839.25099
2021-03-20 09:00:00,35520.0,39800.0,34780.0,35350.0,531403.3261821,19436197256.90452
2021-03-21 09:00:00,35350.0,36100.0,33600.0,34610.0,290677.03676476,10098308813.703163
2021-03-22 09:00:00,34600.0,45500.0,34000.0,36000.0,4517426.42176602,185790411959.42038
2021-03-23 09:00:00,36000.0,50500.0,35390.0,40730.0,6320041.56904087,278954329552.93207
2021-03-24 09:00:00,40800.0,43700.0,38470.0,38790.0,958520.65002215,38776103569.19891
2021-03-25 09:00:00,38790.0,41680.0,36120.0,37730.0,812785.48499401,31298775703.342422
2021-03-26 09:00:00,37730.0,39120.0,37010.0,39060.0,264363.07392132,10071279971.340214
2021-03-27 09:00:00,39060.0,42990.0,38690.0,40290.0,828310.66427052,33703906067.415768
2021-03-28 09:00:00,40290.0,40870.0,39010.0,39590.0,287886.38875933,11430600152.22905
2021-03-29 09:00:00,39590.0,41850.0,38890.0,41800.0,533782.30427825,21548643268.598816
2021-03-30 09:00:00,41800.0,44990.0,40910.0,44260.0,606598.44404423,25981706679.201965
2021-03-31 09:00:00,44260.0,49880.0,41740.0,47990.0,1288247.70134463,60500078895.50422
2021-04-01 09:00:00,48090.0,49960.0,45500.0,48120.0,575809.42791815,27445233890.524624
2021-04-02 09:00:00,48120.0,50000.0,46050.0,48440.0,729247.74523423,35177363388.359726
2021-04-03 09:00:00,48420.0,55990.0,44680.0,48750.0,1265736.2938287,65483125568.14647
2021-04-04 09:00:00,48750.0,52480.0,47000.0,51990.0,408753.20096581,20424445192.477654
2021-04-05 09:00:00,51990.0,68980.0,51030.0,63870.0,1102532.48356493,63605567350.51575
2021-04-06 09:00:00,63990.0,117600.0,61230.0,99990.0,11215466.99453537,1039287601121.5837
2021-04-07 09:00:00,99970.0,200000.0,94590.0,146000.0,16737376.84371427,2441252771942.358
2021-04-08 09:00:00,145900.0,171150.0,116000.0,150050.0,8837171.01812944,1243137581887.988
2021-04-09 09:00:00,150100.0,170000.0,140000.0,148850.0,3829047.60940718,582990991745.1991
2021-04-10 09:00:00,148600.0,180000.0,136850.0,152900.0,6081173.02399242,967542735868.889
2021-04-11 09:00:00,152850.0,172500.0,146500.0,153050.0,3394576.92330944,540019014698.8059
2021-04-12 09:00:00,153750.0,156550.0,138350.0,141200.0,1263945.96840829,184201523367.6591
2021-04-13 09:00:00,141200.0,160150.0,130000.0,143450.0,3816234.41541841,554930317891.0294
2021-04-14 09:00:00,143500.0,152350.0,133850.0,141450.0,2363871.07345257,340642273140.0406
2021-04-15 09:00:00,141450.0,143500.0,135000.0,141950.0,830075.50019376,114846451656.76012
2021-04-16 09:00:00,141950.0,155600.0,130000.0,148600.0,3730561.33894962,543525262809.49384
2021-04-17 09:00:00,148500.0,154900.0,137900.0,139100.0,1071814.99396021,154203709184.06952
2021-04-18 09:00:00,139100.0,145500.0,109050.0,131100.0,1592006.93611118,204121176991.18988
2021-04-19 09:00:00,131000.0,133850.0,110000.0,112850.0,928159.81079913,113545881527.92508
2021-04-20 09:00:00,112850.0,132800.0,91190.0,119300.0,4063914.45947199,470092427943.1493
2021-04-21 09:00:00,119350.0,124500.0,109250.0,111650.0,1216216.91100688,142112803492.68353
2021-04-22 09:00:00,111650.0,114300.0,80000.0,85050.0,2165009.59028228,220790699610.7259
2021-04-23 09:00:00,85060.0,124750.0,82600.0,101500.0,16022768.39503478,1725015571314.4663
2021-04-24 09:00:00,101550.0,113000.0,95240.0,100800.0,3128921.65742657,324352948937.6295
2021-04-25 09:00:00,100800.0,105200.0,92000.0,99850.0,2110538.90600903,211185550662.6228
2021-04-26 09:00:00,99850.0,107650.0,96320.0,107600.0,2007802.46572745,204369507276.35986
2021-04-27 09:00:00,107550.0,115450.0,101300.0,109250.0,2120730.25294751,227628199384.34253
2021-04-28 09:00:00,109250.0,122000.0,99960.0,107950.0,3201570.58785228,354556809982.4017
2021-04-29 09:00:00,108000.0,109850.0,102100.0,105200.0,721217.17054131,75971902552.5241
2021-04-30 09:00:00,105300.0,113000.0,103100.0,110350.0,1517998.27661967,164643854709.55862
2021-05-01 09:00:00,110400.0,117900.0,109150.0,116700.0,1805996.14017901,205957468665.13632
2021-05-02 09:00:00,116600.0,119250.0,109350.0,113700.0,957507.43239611,109319341473.23549
2021-05-03 09:00:00,113700.0,118450.0,113100.0,117800.0,1257342.84535953,145940450587.55847
2021-05-04 09:00:00,117800.0,141300.0,117750.0,136000.0,5188805.35010645,671134554985.6931
2021-05-05 09:00:00,135750.0,169000.0,130200.0,163300.0,4532726.93718715,661020319543.773
2021-05-06 09:00:00,163300.0,218000.0,162050.0,174100.0,8038118.96459089,1519107072898.4155
2021-05-07 09:00:00,174150.0,174750.0,143000.0,158100.0,3602267.84465292,575515992849.4369
2021-05-08 09:00:00,157900.0,174350.0,149200.0,161300.0,2338443.44310841,372841057441.7087
2021-05-09 09:00:00,161400.0,161450.0,145300.0,154250.0,968690.79252887,147823061693.85962
2021-05-10 09:00:00,154200.0,161500.0,140000.0,141250.0,1329074.06054157,203859922736.24658
2021-05-11 09:00:00,141300.0,153300.0,129600.0,147950.0,1322302.60460775,185288291593.53516
2021-05-12 09:00:00,147950.0,150000.0,110350.0,114250.0,1044739.03292298,141324542862.14813
2021-05-13 09:00:00,114000.0,131850.0,108200.0,119600.0,1594069.28503153,187150460732.88797
2021-05-14 09:00:00,119700.0,131250.0,115800.0,126600.0,1191443.7752202,148004830790.35776
2021-05-15 09:00:00,126600.0,134600.0,115900.0,120150.0,975323.92809471,122676873252.60439
2021-05-16 09:00:00,120150.0,124150.0,110100.0,118250.0,621513.35340464,73623390241.91455
2021-05-17 09:00:00,118250.0,121400.0,96560.0,108000.0,1220130.96737998,129469427668.18051
2021-05-18 09:00:00,108000.0,112950.0,104600.0,109300.0,561618.42674284,61419826523.714386
2021-05-19 09:00:00,109300.0,109950.0,54830.0,80500.0,1486569.4841738,127119286595.7683
2021-05-20 09:00:00,80520.0,91300.0,69640.0,86850.0,910547.95177053,74143190934.16466
2021-05-21 09:00:00,86850.0,93000.0,71860.0,80480.0,725763.0685821,59677802329.941536
2021-05-22 09:00:00,80490.0,80780.0,63080.0,70010.0,498304.51548683,35256625683.005646
2021-05-23 09:00:00,70000.0,86640.0,52810.0,61140.0,1704805.13912358,113172547367.7788
2021-05-24 09:00:00,60980.0,77250.0,54100.0,75300.0,1030502.93975211,67496905253.847725
2021-05-25 09:00:00,75310.0,84350.0,69800.0,77200.0,962422.10266622,73414727725.13152
2021-05-26 09:00:00,77200.0,81000.0,74000.0,80710.0,434904.916477,34130600696.090855
2021-05-27 09:00:00,80710.0,85380.0,75000.0,80860.0,637870.73179591,51595382970.321556
2021-05-28 09:00:00,80960.0,82110.0,68270.0,72000.0,519959.51555927,38405884836.06607
2021-05-29 09:00:00,71800.0,78110.0,65000.0,69210.0,557014.83512744,40106196551.245674
2021-05-30 09:00:00,69210.0,72100.0,61940.0,69430.0,420389.94583193,28276941165.534546
2021-05-31 09:00:00,69430.0,70980.0,65370.0,70580.0,304595.24479571,20642897249.025482
2021-06-01 09:00:00,70580.0,71330.0,67260.0,68320.0,199211.18046167,13792927852.905182
2021-06-02 09:00:00,68190.0,69800.0,67000.0,69040.0,176559.13718978,12052303348.56148
2021-06-03 09:00:00,69080.0,72380.0,67800.0,71990.0,258380.69604128,18171949232.0368
2021-06-04 09:00:00,71710.0,71990.0,65100.0,66970.0,196692.31227411,13392418737.282383
2021-06-05 09:00:00,67020.0,68020.0,64590.0,65310.0,126718.98525187,8389399561.24112
2021-06-06 09:00:00,65300.0,74000.0,64920.0,66200.0,486010.03320363,33461446567.967712
2021-06-07 09:00:00,66130.0,67100.0,58570.0,59310.0,211843.11060428,13563960141.911833
2021-06-08 09:00:00,59310.0,66570.0,54800.0,60990.0,1818552.15757501,110190142736.22928
2021-06-09 09:00:00,60970.0,83950.0,56000.0,81860.0,11977500.59862647,906591195646.3253
2021-06-10 09:00:00,82290.0,94700.0,77800.0,84040.0,10488345.77332967,901342159278.5653
2021-06-11 09:00:00,84030.0,84090.0,70130.0,71150.0,2288265.8899188,174922006482.55902
2021-06-12 09:00:00,71220.0,71250.0,60330.0,65200.0,854212.64611579,54676487698.31628
2021-06-13 09:00:00,65200.0,69810.0,62280.0,68090.0,523785.59628671,34294549417.765163
2021-06-14 09:00:00,67920.0,70890.0,65000.0,68830.0,745627.5720355,50541726687.60213
2021-06-15 09:00:00,68830.0,69710.0,66850.0,67600.0,309944.76144971,21081291596.357643
2021-06-16 09:00:00,67600.0,67600.0,63210.0,64500.0,328365.95075075,21451395150.0153
2021-06-17 09:00:00,64490.0,73190.0,64450.0,68160.0,1908872.54418201,132572182524.80443
2021-06-18 09:00:00,68160.0,68190.0,63220.0,64420.0,402557.87288761,26203512144.893856
2021-06-19 09:00:00,64320.0,64550.0,61400.0,62240.0,197990.61942955,12416299269.781057
2021-06-20 09:00:00,62250.0,62640.0,55270.0,60710.0,418644.43417001,24646596540.789455
2021-06-21 09:00:00,60710.0,60930.0,41950.0,44400.0,779191.9901142,39934959739.73978
2021-06-22 09:00:00,44380.0,48000.0,34100.0,39900.0,1740441.17152584,69533197952.7015
2021-06-23 09:00:00,40000.0,44840.0,37010.0,42820.0,979124.38685679,40908331706.38723
2021-06-24 09:00:00,42840.0,52250.0,41140.0,47930.0,2350681.92240247,112327420878.7289
2021-06-25 09:00:00,47930.0,51990.0,43910.0,45220.0,1020643.17817898,49305332374.14699
2021-06-26 09:00:00,45110.0,45700.0,41900.0,45200.0,345274.43081889,15116543259.11565
2021-06-27 09:00:00,45220.0,48250.0,43500.0,47670.0,631970.36901325,29102562123.923744
2021-06-28 09:00:00,47700.0,50480.0,46120.0,49130.0,910202.9284341,43730989345.87042
2021-06-29 09:00:00,49130.0,61760.0,48500.0,55680.0,2797283.36636993,154984636260.42307
2021-06-30 09:00:00,55680.0,64850.0,55680.0,58720.0,1789457.23435355,106477462217.83461
2021-07-01 09:00:00,58580.0,60820.0,53590.0,55700.0,740380.22786535,41908156154.94933
2021-07-02 09:00:00,55630.0,58280.0,51550.0,54680.0,451937.17298675,24348454931.843548
2021-07-03 09:00:00,54580.0,57370.0,52540.0,55660.0,403149.18916705,22362464076.94054
2021-07-04 09:00:00,55660.0,58000.0,54770.0,56330.0,462919.31158396,26216893824.43198
2021-07-05 09:00:00,56320.0,56780.0,52290.0,53700.0,332239.39179926,18144927112.588917
2021-07-06 09:00:00,53700.0,61350.0,53570.0,55940.0,874167.15055681,49742182559.18144
2021-07-07 09:00:00,55780.0,57100.0,55250.0,55330.0,410690.00785037,23003431886.366127
2021-07-08 09:00:00,55340.0,59000.0,51400.0,53790.0,1107729.65058336,61243416361.44768
2021-07-09 09:00:00,53780.0,55350.0,49740.0,53440.0,533916.94636927,27826213097.81783
2021-07-10 09:00:00,53430.0,54080.0,51250.0,51910.0,192806.67453926,10140728774.04337
2021-07-11 09:00:00,51900.0,53000.0,50040.0,52310.0,201036.4814298,10404199680.272446
2021-07-12 09:00:00,52310.0,52640.0,50890.0,51080.0,215058.40507826,11124071116.30969
2021-07-13 09:00:00,51090.0,51740.0,49170.0,49520.0,206097.50876637,10358681961.07972
2021-07-14 09:00:00,49530.0,53440.0,47050.0,50120.0,1202940.20237382,60768792378.28479
2021-07-15 09:00:00,50120.0,50320.0,47090.0,47220.0,266529.24601924,12915290055.796516
2021-07-16 09:00:00,47370.0,48500.0,43950.0,44120.0,252602.89002794,11612559566.987753
2021-07-17 09:00:00,44260.0,45510.0,43000.0,44460.0,164813.02650038,7269143861.156879
2021-07-18 09:00:00,44460.0,48350.0,44200.0,45300.0,559253.45776336,26036835499.805176
2021-07-19 09:00:00,45300.0,47820.0,43990.0,44500.0,514165.88270299,23679110216.152718
2021-07-20 09:00:00,44500.0,46300.0,40000.0,41390.0,343710.32517053,14636013758.404953
2021-07-21 09:00:00,41390.0,44790.0,40100.0,44560.0,321378.36343999,13750365522.18064
2021-07-22 09:00:00,44560.0,46310.0,43470.0,44900.0,247606.45606183,11054905528.657343
2021-07-23 09:00:00,44900.0,47650.0,44270.0,47440.0,325422.88056296,14845209958.720034
2021-07-24 09:00:00,47440.0,51490.0,46300.0,50060.0,485174.33700818,23335147733.435078
2021-07-25 09:00:00,50080.0,52000.0,47680.0,50350.0,420698.09202982,20899529350.629314
2021-07-26 09:00:00,50370.0,59900.0,49260.0,50800.0,1703724.93612628,93959705520.25824
2021-07-27 09:00:00,50800.0,58790.0,50000.0,54340.0,1656645.42637533,89097319379.99368
2021-07-28 09:00:00,54320.0,56000.0,53000.0,54230.0,694927.49002263,37731139863.452034
2021-07-29 09:00:00,54220.0,54630.0,52820.0,53950.0,350817.23033734,18779363654.481983
2021-07-30 09:00:00,53920.0,62800.0,53290.0,60290.0,4185981.52270805,244021084886.80038
2021-07-31 09:00:00,60300.0,63390.0,58160.0,60030.0,1400937.9141146,85285467925.3178
2021-08-01 09:00:00,60030.0,64400.0,57310.0,58270.0,904380.25068651,55314302864.50689
2021-08-02 09:00:00,58380.0,71390.0,55520.0,64100.0,5195274.2052556,342354209868.4186
2021-08-03 09:00:00,64100.0,69810.0,61190.0,62420.0,1439295.060254,93639607771.95486
2021-08-04 09:00:00,62420.0,64280.0,59410.0,62520.0,551707.55314869,33965966783.800774
2021-08-05 09:00:00,62430.0,64200.0,60130.0,63160.0,748941.81328921,46563407222.665695
2021-08-06 09:00:00,63170.0,65820.0,61900.0,64740.0,1048771.27008093,67034913110.31073
2021-08-07 09:00:00,64670.0,68440.0,63640.0,67660.0,938469.73486886,62064894920.08898
2021-08-08 09:00:00,67660.0,69870.0,64780.0,64980.0,728329.86538331,49048089969.05258
2021-08-09 09:00:00,64980.0,70000.0,63000.0,68190.0,1163856.8821443,78381648168.78494
2021-08-10 09:00:00,68200.0,69800.0,67000.0,67890.0,608241.68598358,41375589749.01937
2021-08-11 09:00:00,67890.0,70780.0,67510.0,69560.0,702347.31042403,48549655688.79191
2021-08-12 09:00:00,69610.0,73180.0,66600.0,68490.0,722812.12504511,50318424418.69136
2021-08-13 09:00:00,68490.0,72400.0,67090.0,72310.0,579288.79248278,40783964074.59678
2021-08-14 09:00:00,72310.0,74930.0,70000.0,74780.0,703491.66947562,51080630782.42165
2021-08-15 09:00:00,74770.0,85580.0,73710.0,81910.0,2820456.18084807,230653990241.84946
2021-08-16 09:00:00,81890.0,82450.0,78200.0,78280.0,515034.09016472,41233675404.26304
2021-08-17 09:00:00,78280.0,82650.0,72370.0,73060.0,822045.53905779,64351311661.94112
2021-08-18 09:00:00,73140.0,74690.0,68470.0,71880.0,406250.43947995,29037250542.64179
2021-08-19 09:00:00,71880.0,75000.0,70020.0,75000.0,389819.41402803,28218888582.51937
2021-08-20 09:00:00,74990.0,88800.0,74240.0,87240.0,1780246.71735551,145091471206.0884
2021-08-21 09:00:00,87240.0,95000.0,81560.0,86590.0,3572645.82902819,317403398579.821
2021-08-22 09:00:00,86600.0,89130.0,81940.0,83750.0,588187.2892427,49878173107.88213
2021-08-23 09:00:00,83750.0,88460.0,82450.0,84020.0,837303.68163859,71143544546.8379
2021-08-24 09:00:00,84030.0,84380.0,77850.0,78940.0,437414.0950331,35643070879.00446
2021-08-25 09:00:00,78940.0,87270.0,75300.0,80380.0,1553584.18820329,126736059858.49315
2021-08-26 09:00:00,80300.0,84110.0,74990.0,75660.0,501760.63407225,39565029616.65264
2021-08-27 09:00:00,75660.0,82070.0,72400.0,81290.0,700373.67387444,54168271768.51399
2021-08-28 09:00:00,81210.0,94760.0,80800.0,90620.0,4410450.75316821,384882858443.9925
2021-08-29 09:00:00,90640.0,114600.0,90350.0,90700.0,8620208.81966901,881902293326.9948
2021-08-30 09:00:00,90760.0,102450.0,89530.0,92640.0,2759553.04158061,260751508162.9383
2021-08-31 09:00:00,92460.0,93950.0,88750.0,89090.0,1524995.23653301,138799166619.32574
2021-09-01 09:00:00,89090.0,90250.0,87260.0,90060.0,583194.18024131,51664144370.28051
2021-09-02 09:00:00,90050.0,94240.0,88350.0,93500.0,1220106.04052672,111913864842.38432
2021-09-03 09:00:00,93860.0,100550.0,90400.0,98280.0,3075205.89885384,296445666883.3848
2021-09-04 09:00:00,98180.0,103000.0,93990.0,96200.0,2207390.29585372,216380492711.19638
2021-09-05 09:00:00,96320.0,97730.0,91570.0,96590.0,907210.68674412,85673334113.66446
2021-09-06 09:00:00,96590.0,97710.0,93590.0,96300.0,724439.23693428,69177928633.1708
2021-09-07 09:00:00,96300.0,96430.0,75300.0,82880.0,901159.01199525,79390664498.35588
2021-09-08 09:00:00,82880.0,89200.0,72910.0,83080.0,860724.03315859,70034473174.08183
2021-09-09 09:00:00,83130.0,83910.0,79350.0,83160.0,314873.77185173,25918783077.945274
2021-09-10 09:00:00,83150.0,85450.0,78440.0,79340.0,387387.03129802,31830348197.07925
2021-09-11 09:00:00,79590.0,80500.0,77070.0,79380.0,150011.09319357,11865182515.500984
2021-09-12 09:00:00,79380.0,83140.0,77500.0,79700.0,287872.96137828,23143236001.827995
2021-09-13 09:00:00,79700.0,85510.0,75010.0,77450.0,655953.14912047,52548212892.49637
2021-09-14 09:00:00,77600.0,80140.0,76100.0,79770.0,326466.35859025,25627569798.64732
2021-09-15 09:00:00,79770.0,82650.0,78280.0,81380.0,442738.0995401,35662072119.94689
2021-09-16 09:00:00,81380.0,85000.0,80570.0,81310.0,476788.02787452,39325495136.77637
2021-09-17 09:00:00,81330.0,81990.0,78700.0,79890.0,189883.5333692,15208655685.50925
2021-09-18 09:00:00,79890.0,82500.0,79540.0,80680.0,232290.52748748,18857397982.29616
2021-09-19 09:00:00,80680.0,81400.0,78600.0,78930.0,107082.57073964,8529543585.991742
2021-09-20 09:00:00,79000.0,79000.0,65970.0,69380.0,407981.53865727,29400019313.58175
2021-09-21 09:00:00,68640.0,72030.0,62030.0,62940.0,429902.34996466,28900484466.93918
2021-09-22 09:00:00,62960.0,69900.0,59270.0,69340.0,409241.48782778,26464860072.03428
2021-09-23 09:00:00,69360.0,70800.0,64760.0,69450.0,232525.46882467,15830412791.499762
2021-09-24 09:00:00,69450.0,69490.0,61660.0,63860.0,238198.5397592,15434729598.8521
2021-09-25 09:00:00,63860.0,68200.0,61780.0,64890.0,442174.390393,28737149291.92471
2021-09-26 09:00:00,64900.0,66500.0,60630.0,63340.0,267939.26502546,17136757018.57667
2021-09-27 09:00:00,63330.0,65000.0,61550.0,61600.0,191259.22677191,12118001924.448765
2021-09-28 09:00:00,61600.0,64450.0,59510.0,59530.0,627240.18274857,39203972732.6803
2021-09-29 09:00:00,59640.0,63150.0,59520.0,60320.0,340707.85095873,20898203687.950638
2021-09-30 09:00:00,60320.0,63400.0,60250.0,63370.0,242500.21236512,14958795454.143312
2021-10-01 09:00:00,63370.0,69800.0,62380.0,69110.0,437439.79422634,29215582146.82136
2021-10-02 09:00:00,69100.0,73690.0,68180.0,71700.0,483941.89600934,34631575575.99903
2021-10-03 09:00:00,71650.0,72440.0,68410.0,71790.0,263060.27842903,18654837166.404278
2021-10-04 09:00:00,71790.0,73450.0,68210.0,73440.0,390457.42069086,27525256270.396072
2021-10-05 09:00:00,73440.0,74810.0,70890.0,74750.0,359336.95089861,26048555881.8848
2021-10-06 09:00:00,74750.0,92530.0,69990.0,89680.0,4638606.45992907,399321528891.60187
2021-10-07 09:00:00,89620.0,94070.0,82860.0,83080.0,1925717.80769842,166273528976.0411
2021-10-08 09:00:00,83030.0,86200.0,78780.0,80400.0,1293540.96739985,106750981222.55954
2021-10-09 09:00:00,80400.0,86700.0,79300.0,83360.0,1051570.91230009,87812916728.10732
2021-10-10 09:00:00,83160.0,86500.0,80560.0,81080.0,736428.50379047,61766630922.62021
2021-10-11 09:00:00,80970.0,92500.0,80620.0,86390.0,3544151.41340215,309878070512.4863
2021-10-12 09:00:00,86430.0,91980.0,83070.0,85570.0,2048123.58674973,178589622963.52393
2021-10-13 09:00:00,85570.0,86420.0,81700.0,84100.0,773269.37232934,64698023558.279434
2021-10-14 09:00:00,84100.0,85250.0,83000.0,83470.0,478549.55868971,40175020577.17355
2021-10-15 09:00:00,83470.0,92400.0,81660.0,87580.0,4349627.72070261,381601912029.06616
2021-10-16 09:00:00,87570.0,88200.0,84240.0,84770.0,672580.92810838,57871596032.27148
2021-10-17 09:00:00,84780.0,86250.0,82170.0,84300.0,366073.75178148,30919118996.617188
2021-10-18 09:00:00,84450.0,88800.0,83030.0,84590.0,931707.88282794,79533423435.46977
2021-10-19 09:00:00,84580.0,85950.0,82880.0,85200.0,448650.03470368,37795470806.48514
2021-10-20 09:00:00,85140.0,87450.0,83200.0,86590.0,770243.53731947,65993338406.66897
2021-10-21 09:00:00,86590.0,88760.0,84000.0,84070.0,770995.71244218,66590656766.291
2021-10-22 09:00:00,84100.0,86990.0,83300.0,83870.0,444359.30977559,37711206163.11421
2021-10-23 09:00:00,83860.0,84380.0,83010.0,83780.0,197821.27804809,16572642936.93395
2021-10-24 09:00:00,83750.0,83860.0,81760.0,82410.0,218197.15382489,18076281807.07573
2021-10-25 09:00:00,82420.0,83800.0,81890.0,83130.0,202251.42821016,16792387211.867798
2021-10-26 09:00:00,83030.0,83120.0,81520.0,81550.0,146967.26393189,12086376089.189482
2021-10-27 09:00:00,81550.0,82180.0,71010.0,73400.0,402107.91661628,30854349815.541035
2021-10-28 09:00:00,73340.0,78870.0,71620.0,77310.0,305908.30433993,23309692071.900528
2021-10-29 09:00:00,77240.0,79550.0,76210.0,78360.0,191759.84575363,14963463030.130165
2021-10-30 09:00:00,78360.0,78420.0,75000.0,75410.0,181437.82375452,13903542970.318611
2021-10-31 09:00:00,75410.0,80450.0,74250.0,77390.0,399625.51647478,30682358967.912838
2021-11-01 09:00:00,77390.0,78090.0,75070.0,76580.0,237966.96152828,18306522542.64949
2021-11-02 09:00:00,76580.0,78940.0,75310.0,77470.0,354082.40557341,27288890872.757378
2021-11-03 09:00:00,77450.0,78450.0,75140.0,78300.0,350936.14219234,27083147954.345913
2021-11-04 09:00:00,78300.0,78430.0,77000.0,77680.0,171872.94708689,13337055888.525515
2021-11-05 09:00:00,77680.0,80340.0,77000.0,77890.0,247990.12487698,19399038924.584442
2021-11-06 09:00:00,77900.0,78050.0,76500.0,77100.0,98028.47099259,7579093383.935486
2021-11-07 09:00:00,77140.0,78300.0,76820.0,78150.0,105240.67562154,8160129709.317391
2021-11-08 09:00:00,78150.0,85000.0,77860.0,83400.0,2247331.65541542,186235373045.22464
2021-11-09 09:00:00,83400.0,86690.0,81330.0,85640.0,1080851.09809554,90993689203.34096
2021-11-10 09:00:00,85640.0,92160.0,80800.0,82730.0,2017303.55981025,178242280243.72104
2021-11-11 09:00:00,82720.0,83200.0,79720.0,81320.0,359498.08744954,29287092243.515186
2021-11-12 09:00:00,81320.0,81320.0,77860.0,79580.0,321849.42495395,25566294936.795433
2021-11-13 09:00:00,79520.0,81000.0,78000.0,79820.0,188346.30845913,14933696935.414316
2021-11-14 09:00:00,79930.0,82760.0,79270.0,81220.0,316916.16071307,25656377918.45343
2021-11-15 09:00:00,81230.0,82060.0,78830.0,79360.0,255456.74846412,20513241778.378613
2021-11-16 09:00:00,79370.0,79370.0,73790.0,74600.0,351347.07917907,26707642891.866844
2021-11-17 09:00:00,74470.0,76170.0,72790.0,75560.0,237373.00363945,17656755688.74398
2021-11-18 09:00:00,75560.0,76700.0,69510.0,70470.0,257443.82105296,18837320577.063904
2021-11-19 09:00:00,70500.0,73950.0,69100.0,72870.0,148494.0337459,10644245695.159252
2021-11-20 09:00:00,72870.0,74650.0,71560.0,73780.0,131039.09246288,9590957071.342134
2021-11-21 09:00:00,73770.0,74610.0,72260.0,73790.0,92716.74906828,6806322521.036928
2021-11-22 09:00:00,73830.0,73980.0,71120.0,71200.0,99354.0571753,7154274055.975376
2021-11-23 09:00:00,71190.0,72090.0,69550.0,71200.0,128712.05248592,9100942789.00879
2021-11-24 09:00:00,71210.0,71660.0,69550.0,71650.0,156109.17313796,10967551216.798498
2021-11-25 09:00:00,71640.0,77800.0,70080.0,72650.0,749198.39460423,55496099900.8964
2021-11-26 09:00:00,72650.0,72980.0,67630.0,68580.0,269851.92527843,18969776216.5228
2021-11-27 09:00:00,68580.0,70100.0,67730.0,69100.0,95409.29371598,6600879715.72765
2021-11-28 09:00:00,69130.0,70000.0,66730.0,69550.0,117858.64722508,8045457142.380322
2021-11-29 09:00:00,69550.0,72300.0,68810.0,70000.0,178985.07788016,12554515433.255493
2021-11-30 09:00:00,69850.0,71420.0,67780.0,69010.0,152785.06613001,10635761040.712528
2021-12-01 09:00:00,69070.0,70000.0,68300.0,68790.0,106181.01328335,7337084498.864713
2021-12-02 09:00:00,68790.0,68790.0,67030.0,67640.0,83433.12698687,5650143498.923318
2021-12-03 09:00:00,67790.0,68250.0,64800.0,65380.0,94964.01396419,6353717589.162745
2021-12-04 09:00:00,65190.0,65430.0,40000.0,56330.0,359232.47504209,19498537412.133938
2021-12-05 09:00:00,56330.0,59300.0,50130.0,52670.0,168342.67901475,9337029544.975626
2021-12-06 09:00:00,52680.0,62300.0,48980.0,57490.0,1019447.3195463,57635644310.80726
2021-12-07 09:00:00,57660.0,60500.0,54280.0,57830.0,375049.98595155,21731761738.535297
2021-12-08 09:00:00,57830.0,59000.0,54740.0,56850.0,161065.28997532,9136877987.260582
2021-12-09 09:00:00,56850.0,57310.0,53180.0,53190.0,70717.61165891,3909684934.9541855
2021-12-10 09:00:00,53210.0,61740.0,51270.0,55510.0,1127339.32966616,65441873409.33537
2021-12-11 09:00:00,55510.0,56660.0,53500.0,55990.0,270212.88575341,14918040005.182917
2021-12-12 09:00:00,55990.0,56060.0,54000.0,54950.0,93421.41158794,5134230280.041563
2021-12-13 09:00:00,54970.0,56510.0,50000.0,50290.0,129215.86554288,6839700670.168344
2021-12-14 09:00:00,50300.0,55250.0,49220.0,51890.0,479648.08433202,25162948579.225582
2021-12-15 09:00:00,51880.0,54000.0,49000.0,53050.0,184307.44452121,9466262527.161179
2021-12-16 09:00:00,53060.0,54230.0,51510.0,51670.0,104662.35331331,5528339187.039996
2021-12-17 09:00:00,51580.0,52480.0,49770.0,50780.0,72046.21728272,3673904280.1674714
2021-12-18 09:00:00,50710.0,51740.0,50220.0,50890.0,39667.04533456,2022740362.719718
2021-12-19 09:00:00,50890.0,52300.0,50600.0,50720.0,65738.42876287,3369150816.9430795
2021-12-20 09:00:00,50720.0,54600.0,49200.0,51000.0,328131.89714496,17070919557.777317
2021-12-21 09:00:00,51000.0,53660.0,49680.0,52500.0,223763.63382608,11654272909.042908
2021-12-22 09:00:00,52500.0,53380.0,51530.0,52550.0,136388.37846156,7156990930.673517
2021-12-23 09:00:00,52550.0,54490.0,51940.0,53990.0,118398.08812256,6264684193.991534
2021-12-24 09:00:00,53990.0,58150.0,53900.0,55860.0,237804.25730411,13117888491.18935
2021-12-25 09:00:00,55860.0,56580.0,54520.0,55060.0,109969.30212949,6083325327.475342
2021-12-26 09:00:00,55080.0,55860.0,53510.0,54350.0,92114.87219829,5006566204.889861
2021-12-27 09:00:00,54350.0,57800.0,53660.0,55080.0,431556.96912638,24217008919.152184
2021-12-28 09:00:00,55170.0,55220.0,50120.0,51240.0,120024.59985586,6345580849.791556
2021-12-29 09:00:00,51290.0,52000.0,49710.0,49920.0,108116.65619818,5476642724.613495
2021-12-30 09:00:00,49920.0,50660.0,48770.0,49830.0,79717.8460284,3962909241.6390285
2021-12-31 09:00:00,49810.0,50600.0,49370.0,49600.0,59164.48473757,2954095049.973111
2022-01-01 09:00:00,49580.0,50340.0,49530.0,50290.0,36881.73684559,1845951316.9192817
2022-01-02 09:00:00,50290.0,52430.0,50000.0,51230.0,106150.7934484,5417271797.916681
2022-01-03 09:00:00,51220.0,53150.0,50110.0,50660.0,149139.59793181,7695600434.529149
2022-01-04 09:00:00,50660.0,52640.0,49500.0,50060.0,158436.0891735,8044671485.690392
2022-01-05 09:00:00,50030.0,53890.0,46680.0,48370.0,448458.28869578,23051360260.796535
2022-01-06 09:00:00,48210.0,50000.0,46400.0,47680.0,116482.36024025,5542260069.270919
2022-01-07 09:00:00,47550.0,49900.0,43100.0,45750.0,316072.35521608,14883811053.582758
2022-01-08 09:00:00,45850.0,46960.0,43930.0,44680.0,95873.14470328,4370395123.32004
2022-01-09 09:00:00,44750.0,45620.0,44000.0,44360.0,69299.46929361,3093727008.4451294
2022-01-10 09:00:00,44370.0,44890.0,40510.0,42200.0,107424.82643066,4579048130.034905
2022-01-11 09:00:00,42210.0,46000.0,42000.0,43800.0,476702.79617131,20906927642.224476
2022-01-12 09:00:00,43800.0,45820.0,43470.0,45500.0,140959.35547203,6286638815.428223
2022-01-13 09:00:00,45510.0,46000.0,43890.0,43900.0,100176.91141537,4519862983.1988125
2022-01-14 09:00:00,43910.0,47910.0,43500.0,45310.0,464814.97048404,21380043130.243416
2022-01-15 09:00:00,45340.0,47490.0,45320.0,47030.0,258579.56339437,12071057309.08882
2022-01-16 09:00:00,46790.0,47040.0,45500.0,45810.0,72681.85351418,3349171585.3268566
2022-01-17 09:00:00,45810.0,46090.0,43740.0,44060.0,83035.36408965,3715264330.53656
2022-01-18 09:00:00,44060.0,46280.0,42340.0,44700.0,385216.34416123,17130868994.914932
2022-01-19 09:00:00,44720.0,45500.0,42600.0,43160.0,125730.94012913,5545645234.645772
2022-01-20 09:00:00,43160.0,44130.0,41780.0,41840.0,94302.24080563,4074259626.1611366
2022-01-21 09:00:00,41850.0,43320.0,36500.0,37300.0,147256.18700904,5851727267.272017
2022-01-22 09:00:00,37310.0,41000.0,33190.0,35720.0,648455.68389668,24206397526.238678
2022-01-23 09:00:00,35830.0,36900.0,34600.0,36170.0,99514.91976241,3574729624.0357394
2022-01-24 09:00:00,36180.0,37420.0,32060.0,34590.0,357933.03988643,12493519622.99977
2022-01-25 09:00:00,34600.0,36630.0,33190.0,34750.0,306425.86837765,10658729942.131893
2022-01-26 09:00:00,34780.0,39180.0,34530.0,35110.0,468770.28445596,17117855019.458673
2022-01-27 09:00:00,35250.0,36920.0,33810.0,35210.0,131790.20225059,4616763693.651612
2022-01-28 09:00:00,35210.0,39050.0,34810.0,36750.0,1363226.19577601,50786359836.49659
2022-01-29 09:00:00,36750.0,38500.0,36550.0,37500.0,306356.21684498,11519767972.810179
2022-01-30 09:00:00,37500.0,37890.0,36500.0,36800.0,100598.04274115,3743453010.8923025
2022-01-31 09:00:00,36800.0,37660.0,35560.0,36510.0,107752.86729054,3921507354.856746
2022-02-01 09:00:00,36510.0,37100.0,36350.0,37030.0,78892.99765951,2896697607.8386545
2022-02-02 09:00:00,37030.0,39600.0,35960.0,36030.0,535985.09651629,20429030700.149906
2022-02-03 09:00:00,36040.0,37400.0,35630.0,36650.0,116987.29220269,4244463891.3375263
2022-02-04 09:00:00,36630.0,39660.0,36400.0,39660.0,329172.27917558,12499445548.26958
2022-02-05 09:00:00,39670.0,41050.0,39260.0,40750.0,226123.48714167,9079554880.054533
2022-02-06 09:00:00,40750.0,43320.0,39800.0,41660.0,375556.10181148,15662981701.64923
2022-02-07 09:00:00,41780.0,45700.0,41250.0,43990.0,770764.64014716,33561602954.335777
2022-02-08 09:00:00,43990.0,46240.0,40800.0,43020.0,514624.39643393,22525105455.82746
2022-02-09 09:00:00,43280.0,44500.0,42220.0,43740.0,234841.7937743,10189612564.957481
2022-02-10 09:00:00,43760.0,46200.0,42890.0,43780.0,649307.26964437,28989673425.823383
2022-02-11 09:00:00,43790.0,44980.0,40000.0,41060.0,190855.28591878,8225578099.533951
2022-02-12 09:00:00,41060.0,41850.0,39000.0,40530.0,136344.27089097,5481599537.300076
2022-02-13 09:00:00,40520.0,41320.0,40000.0,40590.0,70852.23924152,2879881756.83856
2022-02-14 09:00:00,40820.0,41490.0,38640.0,39470.0,117129.72227332,4651309557.126773
2022-02-15 09:00:00,39330.0,41640.0,39130.0,41540.0,146985.78078134,5951418456.575624
2022-02-16 09:00:00,41540.0,42930.0,40350.0,41340.0,148713.92961931,6186674006.064967
2022-02-17 09:00:00,41250.0,41600.0,38020.0,38070.0,94996.31155398,3776467232.985342
2022-02-18 09:00:00,38080.0,39490.0,37300.0,37590.0,108845.25810364,4168246348.8423657
2022-02-19 09:00:00,37600.0,37930.0,36030.0,37010.0,49604.22119929,1834670046.0644186
2022-02-20 09:00:00,37020.0,38070.0,35000.0,35820.0,122741.2281401,4504539100.152556
2022-02-21 09:00:00,35950.0,36710.0,33200.0,33310.0,127804.63024297,4524012307.003185
2022-02-22 09:00:00,33310.0,34670.0,32550.0,34360.0,133007.77285078,4463604583.212651
2022-02-23 09:00:00,34370.0,35380.0,34100.0,34380.0,88052.88163898,3064813268.998715
2022-02-24 09:00:00,34430.0,34480.0,30880.0,34150.0,142354.56522853,4602422591.835585
2022-02-25 09:00:00,34150.0,36100.0,33200.0,35490.0,216452.75541523,7525100491.619796
2022-02-26 09:00:00,35780.0,41250.0,35490.0,37600.0,1294957.14931847,49690657172.28153
2022-02-27 09:00:00,37820.0,38250.0,35660.0,35900.0,163988.79716358,6057980484.852005
2022-02-28 09:00:00,35900.0,38950.0,35340.0,38850.0,208098.93486523,7686518156.515166
2022-03-01 09:00:00,38850.0,42490.0,38660.0,39570.0,682430.67732304,27405639431.89306
2022-03-02 09:00:00,39570.0,40050.0,37760.0,38520.0,164311.68003879,6358026321.545993
2022-03-03 09:00:00,38520.0,40350.0,37490.0,38240.0,204085.62457658,7884275599.706538
2022-03-04 09:00:00,38170.0,39920.0,36780.0,36880.0,422424.54096909,16268269190.529179
2022-03-05 09:00:00,36880.0,37680.0,36430.0,37330.0,87255.58887072,3222750328.883352
2022-03-06 09:00:00,37260.0,37550.0,35540.0,35840.0,61344.96617733,2233173907.4421716
2022-03-07 09:00:00,35920.0,38600.0,34810.0,35690.0,334878.8405664,12221314513.262823
2022-03-08 09:00:00,35710.0,36200.0,35000.0,35840.0,104357.05142428,3721962967.8725476
2022-03-09 09:00:00,35840.0,38780.0,35700.0,37940.0,298291.99205374,11107764809.512362
2022-03-10 09:00:00,37990.0,41430.0,37780.0,38160.0,2054583.83378671,80951189622.62471
2022-03-11 09:00:00,38200.0,39490.0,36370.0,37950.0,479456.10646012,18082363893.413166
2022-03-12 09:00:00,37900.0,38120.0,37390.0,37610.0,196011.92953322,7413073066.102827
2022-03-13 09:00:00,37650.0,38420.0,35710.0,35900.0,341998.94748824,12746178399.572268
2022-03-14 09:00:00,35870.0,37660.0,35300.0,36240.0,384157.84265221,13994472495.63739
2022-03-15 09:00:00,36230.0,36860.0,35270.0,35740.0,145081.59851058,5209727704.148243
2022-03-16 09:00:00,35740.0,36560.0,35470.0,36550.0,144852.97539189,5219905032.454724
2022-03-17 09:00:00,36550.0,36950.0,35800.0,36510.0,77419.85218208,2815944702.6162553
2022-03-18 09:00:00,36500.0,36930.0,35810.0,36720.0,78439.89975233,2847203404.69761
2022-03-19 09:00:00,36700.0,39470.0,36680.0,39290.0,378925.38765634,14374058922.17254
2022-03-20 09:00:00,39290.0,46660.0,38330.0,44160.0,1695213.25082348,71671542285.40749
2022-03-21 09:00:00,44160.0,51400.0,44160.0,45610.0,3476243.29560347,165755710658.70377
2022-03-22 09:00:00,45620.0,54270.0,45620.0,54000.0,4595810.38749865,231673254052.87167
2022-03-23 09:00:00,54000.0,58600.0,50800.0,53430.0,2972098.24724804,165791064452.4161
2022-03-24 09:00:00,53420.0,54650.0,50000.0,52950.0,1748007.31282682,91334069645.22353
2022-03-25 09:00:00,52950.0,56660.0,52950.0,54050.0,1895285.34343373,103605747541.08415
2022-03-26 09:00:00,54070.0,55130.0,51530.0,51790.0,514997.07873406,27385830702.751427
2022-03-27 09:00:00,51800.0,52500.0,49580.0,52210.0,514288.38839709,26108299140.832256
2022-03-28 09:00:00,52210.0,54300.0,51200.0,52660.0,717767.37112387,37871683889.91594
2022-03-29 09:00:00,52550.0,56000.0,51180.0,52450.0,1084123.18587179,58363950491.72823
2022-03-30 09:00:00,52430.0,55700.0,52240.0,53000.0,740086.80562417,39581344975.19634
2022-03-31 09:00:00,53010.0,53460.0,50510.0,50950.0,521807.28471013,27408563695.899105
2022-04-01 09:00:00,50950.0,51900.0,49170.0,51510.0,238843.34766091,12099639258.153372
2022-04-02 09:00:00,51530.0,56120.0,51080.0,51490.0,917580.02100344,48958798590.95181
2022-04-03 09:00:00,51500.0,51990.0,50060.0,51430.0,234874.39746586,12037754655.678154
2022-04-04 09:00:00,51420.0,54220.0,50300.0,52850.0,860658.16755854,44939166694.91034
2022-04-05 09:00:00,52800.0,52800.0,51200.0,51320.0,200227.88197611,10383120540.76325
2022-04-06 09:00:00,51320.0,51800.0,43500.0,44350.0,335624.44451955,16246934967.678343
2022-04-07 09:00:00,44390.0,48570.0,43530.0,47880.0,415120.15315943,19425305123.758846
2022-04-08 09:00:00,47930.0,48400.0,45370.0,45910.0,135137.41089764,6374627077.308993
2022-04-09 09:00:00,45980.0,46550.0,44900.0,46020.0,69584.36077081,3174956947.3377914
2022-04-10 09:00:00,46010.0,47500.0,45200.0,45370.0,136853.3231834,6351276557.399455
2022-04-11 09:00:00,45490.0,45500.0,41300.0,41700.0,131555.08353961,5650240205.08019
2022-04-12 09:00:00,41700.0,44450.0,41440.0,42950.0,270362.60892583,11591098408.473635
2022-04-13 09:00:00,42950.0,45260.0,42430.0,45180.0,200952.97758993,8767743705.858791
2022-04-14 09:00:00,45140.0,46300.0,42810.0,43270.0,146660.10352747,6565274015.508739
2022-04-15 09:00:00,43270.0,45390.0,42810.0,44110.0,148297.74570866,6558901807.014667
2022-04-16 09:00:00,44110.0,45850.0,43730.0,44560.0,144195.86859823,6466859818.75904
2022-04-17 09:00:00,44560.0,44980.0,42920.0,43200.0,70949.76288798,3126719139.2327437
2022-04-18 09:00:00,43130.0,43640.0,40000.0,43470.0,96555.89513008,4038067907.3867006
2022-04-19 09:00:00,43410.0,44150.0,42630.0,43910.0,87393.05018513,3793853254.0753565
2022-04-20 09:00:00,43910.0,44880.0,43010.0,43310.0,107784.43998676,4724830243.821109
2022-04-21 09:00:00,43300.0,44950.0,43000.0,43360.0,130294.8738604,5713581122.110246
2022-04-22 09:00:00,43360.0,44600.0,42360.0,42830.0,92906.74975024,4050410281.739715
2022-04-23 09:00:00,42800.0,43020.0,42010.0,42210.0,38488.49073285,1630685529.2685914
2022-04-24 09:00:00,42230.0,42480.0,41040.0,41220.0,42214.34646137,1764135772.0412085
2022-04-25 09:00:00,41220.0,43660.0,39090.0,41440.0,428350.48510186,17839376687.30518
2022-04-26 09:00:00,41430.0,43070.0,39200.0,39400.0,148874.637926,6158764419.241795
2022-04-27 09:00:00,39400.0,40850.0,39360.0,40140.0,127879.92274079,5116710524.986936
2022-04-28 09:00:00,40140.0,40460.0,39380.0,39970.0,64923.86630697,2593410934.6047363
2022-04-29 09:00:00,39970.0,40600.0,38280.0,38460.0,65898.48768212,2582041123.2214036
2022-04-30 09:00:00,38420.0,38720.0,36120.0,36220.0,50204.5377051,1886770538.268444
2022-05-01 09:00:00,36220.0,36610.0,35000.0,36350.0,78593.06717446,2825017358.42049
2022-05-02 09:00:00,36260.0,36950.0,35160.0,36380.0,69272.70834081,2512322755.4391565
2022-05-03 09:00:00,36330.0,36710.0,35800.0,35920.0,31206.3479975,1132363762.897275
2022-05-04 09:00:00,35970.0,38950.0,35600.0,38720.0,106809.96840861,3951407648.329131
2022-05-05 09:00:00,38820.0,42190.0,36710.0,37400.0,666663.23787815,26831154184.786148
2022-05-06 09:00:00,37400.0,37580.0,35450.0,36350.0,102487.64927511,3712386695.3423524
2022-05-07 09:00:00,36350.0,36710.0,35160.0,35520.0,57596.59281338,2072644338.0509183
2022-05-08 09:00:00,35510.0,35590.0,34000.0,34300.0,52646.13065853,1828860210.9183004
2022-05-09 09:00:00,34360.0,35300.0,30080.0,30090.0,138339.90704156,4500418676.21821
2022-05-10 09:00:00,30090.0,32090.0,28160.0,30300.0,178050.19085388,5441648824.924779
2022-05-11 09:00:00,30310.0,31860.0,25050.0,25900.0,330277.50890225,9569844804.450247
2022-05-12 09:00:00,25940.0,27290.0,20910.0,23160.0,330386.3528895,7867362800.670687
2022-05-13 09:00:00,23160.0,26100.0,23120.0,24780.0,242796.90368142,5995486845.37541
2022-05-14 09:00:00,24780.0,25990.0,23540.0,25800.0,144109.35080906,3626034323.407303
2022-05-15 09:00:00,25720.0,26470.0,24920.0,26440.0,100409.91058795,2575778382.1960526
2022-05-16 09:00:00,26440.0,27580.0,24820.0,25190.0,152898.35761002,3995638806.8572683
2022-05-17 09:00:00,25100.0,25800.0,25000.0,25690.0,70745.72807504,1794903284.5027938
2022-05-18 09:00:00,25680.0,27000.0,23010.0,23340.0,184243.82146413,4635243281.927374
2022-05-19 09:00:00,23340.0,24700.0,22850.0,24270.0,184850.10437218,4410767794.082823
2022-05-20 09:00:00,24300.0,24660.0,23000.0,23630.0,87854.06289976,2110416152.3423004
2022-05-21 09:00:00,23630.0,24790.0,23330.0,24010.0,167277.24638774,4049050294.2800016
2022-05-22 09:00:00,24010.0,25710.0,23870.0,25130.0,159217.93985025,3929632584.7498293
2022-05-23 09:00:00,25250.0,39050.0,24670.0,30790.0,6711029.105786,226486904339.9572
2022-05-24 09:00:00,30730.0,35420.0,28320.0,31770.0,5209769.35857473,166584410229.6878
2022-05-25 09:00:00,31780.0,32500.0,29430.0,29850.0,1372149.73164856,42341476044.198814
2022-05-26 09:00:00,29850.0,30210.0,26160.0,27500.0,495687.557454,13962239011.066422
2022-05-27 09:00:00,27540.0,29740.0,26800.0,27760.0,1025900.65669423,29060658189.068344
2022-05-28 09:00:00,27780.0,28060.0,27050.0,27560.0,145456.32754195,3986448920.850902
2022-05-29 09:00:00,27560.0,31660.0,27470.0,28740.0,2001630.93906902,59419021465.49863
2022-05-30 09:00:00,28770.0,30220.0,28370.0,30080.0,777917.72371857,22787722506.21825
2022-05-31 09:00:00,30130.0,30440.0,28600.0,29620.0,531373.78488375,15657545631.822514
2022-06-01 09:00:00,29510.0,32000.0,27510.0,27780.0,792599.90775635,23598192726.913628
2022-06-02 09:00:00,27780.0,29310.0,27000.0,28170.0,241921.23751799,6733635409.9565325
2022-06-03 09:00:00,28170.0,29580.0,27000.0,27710.0,415750.30855348,11794973199.891075
2022-06-04 09:00:00,27710.0,28580.0,27030.0,27650.0,136501.36919997,3774227349.596934
2022-06-05 09:00:00,27650.0,28870.0,27390.0,27830.0,351337.19668486,9800511244.430286
2022-06-06 09:00:00,27840.0,29580.0,27670.0,28560.0,504538.88413761,14424052970.708914
2022-06-07 09:00:00,28530.0,30410.0,27200.0,27970.0,659521.96642073,18705102733.11612
2022-06-08 09:00:00,27940.0,28610.0,27200.0,27700.0,275586.75520844,7664449013.535583
2022-06-09 09:00:00,27760.0,28470.0,27270.0,27390.0,208904.68601954,5799802265.065279
2022-06-10 09:00:00,27430.0,29290.0,27050.0,27360.0,1116975.07226589,31449024271.59539
2022-06-11 09:00:00,27310.0,27690.0,24400.0,25440.0,360374.90738353,9460661474.263258
2022-06-12 09:00:00,25480.0,25520.0,22440.0,22630.0,243301.39450124,5690776670.885085
2022-06-13 09:00:00,22620.0,24880.0,19000.0,19680.0,746231.33962778,16086046951.319
2022-06-14 09:00:00,19720.0,22690.0,17520.0,20610.0,2415103.52145152,50334818049.53838
2022-06-15 09:00:00,20610.0,21700.0,18580.0,21530.0,496298.82581259,10065025448.882748
2022-06-16 09:00:00,21440.0,22790.0,19710.0,19950.0,737500.30347959,15983353195.289566
2022-06-17 09:00:00,19960.0,21720.0,19790.0,20880.0,738851.11323087,15446967221.369522
2022-06-18 09:00:00,20820.0,22000.0,19600.0,20880.0,697367.98595702,14534689038.643276
2022-06-19 09:00:00,20880.0,21780.0,19800.0,21720.0,717305.70936052,14959995743.778559
2022-06-20 09:00:00,21720.0,22770.0,21160.0,22040.0,875607.90062717,19252653708.068348
2022-06-21 09:00:00,22010.0,23000.0,21700.0,22380.0,478018.54054288,10673614324.027369
2022-06-22 09:00:00,22370.0,23580.0,21380.0,21590.0,500067.93309702,11257540254.957699
2022-06-23 09:00:00,21590.0,22310.0,21520.0,22160.0,229877.32895759,5031235962.59529
2022-06-24 09:00:00,22170.0,23380.0,22080.0,22910.0,478423.76338796,10844946579.993021
2022-06-25 09:00:00,22960.0,23490.0,22260.0,22920.0,280664.26299862,6449454794.994474
2022-06-26 09:00:00,22920.0,23540.0,22510.0,22620.0,355346.51781731,8213043994.201252
2022-06-27 09:00:00,22620.0,22950.0,21960.0,22660.0,281581.89416531,6356903828.389588
2022-06-28 09:00:00,22650.0,23050.0,21350.0,21460.0,284648.88725661,6333890259.9378
2022-06-29 09:00:00,21500.0,22730.0,20630.0,21310.0,301649.23074962,6471416582.324564
2022-06-30 09:00:00,21310.0,21800.0,19260.0,20210.0,232820.91460187,4702841290.736946
2022-07-01 09:00:00,20130.0,20900.0,19470.0,20190.0,179545.64559849,3619349117.7776513
2022-07-02 09:00:00,20210.0,20970.0,19780.0,20440.0,314016.03902901,6395277247.031361
2022-07-03 09:00:00,20440.0,20850.0,20010.0,20460.0,113761.57223189,2322137940.6460686
2022-07-04 09:00:00,20450.0,21100.0,19940.0,21050.0,148642.10779692,3046910838.8877473
2022-07-05 09:00:00,21040.0,21280.0,20120.0,20760.0,169037.02006916,3517711236.5750666
2022-07-06 09:00:00,20760.0,21730.0,20360.0,21220.0,318357.47673972,6727081849.5999775
2022-07-07 09:00:00,21100.0,21760.0,20790.0,21620.0,159302.6277173,3390845767.35423
2022-07-08 09:00:00,21620.0,22580.0,21090.0,21580.0,474962.69090422,10400079847.254326
2022-07-09 09:00:00,21630.0,21930.0,21450.0,21850.0,147658.25998995,3205016739.590155
2022-07-10 09:00:00,21810.0,21830.0,20830.0,21010.0,105558.12971002,2252510998.60309
2022-07-11 09:00:00,21010.0,21340.0,19930.0,20130.0,153853.83954928,3174749284.3145046
2022-07-12 09:00:00,20130.0,20390.0,19720.0,20140.0,104048.89910493,2080204098.668669
2022-07-13 09:00:00,20150.0,20460.0,19340.0,20460.0,148353.56662792,2951548111.6799955
2022-07-14 09:00:00,20460.0,20740.0,19810.0,20690.0,123090.75667493,2490222739.7784677
2022-07-15 09:00:00,20710.0,21270.0,20250.0,21030.0,156995.61442675,3249267722.854799
2022-07-16 09:00:00,21030.0,23600.0,20620.0,22560.0,637676.40164868,14142140949.128412
2022-07-17 09:00:00,22590.0,24950.0,21830.0,23330.0,2594313.63147184,61413277593.020744
2022-07-18 09:00:00,23260.0,26280.0,23150.0,25740.0,2425938.57679076,60432580102.93671
2022-07-19 09:00:00,25750.0,27500.0,24570.0,26280.0,1472504.20413561,38073273888.42951
2022-07-20 09:00:00,26280.0,26630.0,23990.0,24370.0,566495.81620879,14544473767.460958
2022-07-21 09:00:00,24370.0,25300.0,23190.0,25170.0,341514.89072751,8262656811.485715
2022-07-22 09:00:00,25180.0,32420.0,25180.0,31300.0,8008497.94348302,240656818731.529
2022-07-23 09:00:00,31310.0,32950.0,29520.0,30740.0,3811419.9702808,118838846396.15663
2022-07-24 09:00:00,30740.0,30880.0,29000.0,29950.0,881207.41506226,26441555369.241154
2022-07-25 09:00:00,29830.0,30100.0,26400.0,26410.0,632234.82653416,17745937251.600945
2022-07-26 09:00:00,26410.0,28850.0,26270.0,27820.0,1503529.86814295,41417257299.95646
2022-07-27 09:00:00,27820.0,33990.0,26910.0,33110.0,2595233.32344771,79089484593.84401
2022-07-28 09:00:00,33180.0,39120.0,32760.0,37850.0,6082075.12251585,219514847703.98944
2022-07-29 09:00:00,37850.0,48950.0,37760.0,47340.0,8210852.83095392,361731844947.14417
2022-07-30 09:00:00,47350.0,49270.0,44250.0,44690.0,3272769.45783542,152329050050.74396
2022-07-31 09:00:00,44700.0,46960.0,40150.0,40400.0,1844283.31776347,80923701949.84122
2022-08-01 09:00:00,40390.0,41000.0,37980.0,39050.0,1042242.72463562,40694584845.21357
2022-08-02 09:00:00,39050.0,41350.0,35080.0,40230.0,1892924.05911407,73875494782.69275
2022-08-03 09:00:00,40230.0,41170.0,38690.0,39520.0,850464.85983642,34169059450.494583
2022-08-04 09:00:00,39510.0,40040.0,37420.0,38010.0,407203.33575649,15765640674.774813
2022-08-05 09:00:00,38010.0,39770.0,37530.0,39200.0,540609.06360954,20911896810.501907
2022-08-06 09:00:00,39170.0,39590.0,38440.0,38600.0,316050.89439039,12302479323.102404
2022-08-07 09:00:00,38600.0,38700.0,38000.0,38280.0,162737.34829236,6225013920.254451
2022-08-08 09:00:00,38270.0,39670.0,37550.0,38650.0,442415.07184394,17154333411.770536
2022-08-09 09:00:00,38650.0,38700.0,36920.0,37430.0,214671.07106279,8147333124.152013
2022-08-10 09:00:00,37470.0,40480.0,37230.0,39050.0,2363101.30772105,92505873885.27512
2022-08-11 09:00:00,39050.0,43650.0,38740.0,40230.0,2442321.17638193,100384400121.1957
2022-08-12 09:00:00,40230.0,43270.0,40090.0,42060.0,1801268.71901788,75875312955.48164
2022-08-13 09:00:00,42030.0,43000.0,41600.0,42140.0,851369.98078875,36057714849.439285
2022-08-14 09:00:00,42160.0,42320.0,40700.0,40990.0,434527.89317628,18078330409.970577
2022-08-15 09:00:00,41050.0,41780.0,39550.0,40360.0,353667.86263386,14385183930.106783
2022-08-16 09:00:00,40360.0,41990.0,39130.0,39570.0,402413.46106555,16279206695.617643
2022-08-17 09:00:00,39570.0,40800.0,37870.0,38920.0,393211.79251597,15574819697.051659
2022-08-18 09:00:00,38900.0,39430.0,38520.0,38660.0,109533.19316676,4262646967.2911515
2022-08-19 09:00:00,38660.0,38760.0,32420.0,32720.0,498429.90254399,17428339154.389896
2022-08-20 09:00:00,32730.0,35900.0,32550.0,34250.0,378552.41428433,13006105495.60016
2022-08-21 09:00:00,34270.0,34420.0,33320.0,34300.0,159774.42256686,5434649092.310826
2022-08-22 09:00:00,34320.0,35290.0,31770.0,33950.0,336436.42803355,11206802942.733732
2022-08-23 09:00:00,33950.0,35440.0,32510.0,34440.0,560213.9279888,19220858540.62308
2022-08-24 09:00:00,34430.0,35940.0,34390.0,35130.0,738935.10104094,25965626567.586422
2022-08-25 09:00:00,35170.0,35970.0,34890.0,35570.0,345318.17245867,12202515846.605518
2022-08-26 09:00:00,35580.0,36200.0,32390.0,32800.0,345360.86571813,11921406946.113981
2022-08-27 09:00:00,32780.0,33030.0,31470.0,32210.0,113460.83545136,3652187904.8021603
2022-08-28 09:00:00,32210.0,33710.0,30570.0,30680.0,323722.73421131,10611814731.15868
2022-08-29 09:00:00,30720.0,33600.0,30240.0,32090.0,513605.64068706,16333261379.758272
2022-08-30 09:00:00,32080.0,32660.0,30880.0,31400.0,184203.64386018,5871581445.9724655
2022-08-31 09:00:00,31330.0,31790.0,31230.0,31410.0,111007.41632408,3498536592.911832
2022-09-01 09:00:00,31410.0,32030.0,30710.0,31380.0,108386.9852403,3383514457.7411385
2022-09-02 09:00:00,31440.0,31650.0,30930.0,31200.0,121182.42373125,3796036201.764353
2022-09-03 09:00:00,31200.0,31300.0,30890.0,31140.0,42781.96116113,1329485201.1943831
2022-09-04 09:00:00,31140.0,31960.0,30950.0,31250.0,124794.08353004,3916091251.5325937
2022-09-05 09:00:00,31250.0,34970.0,30020.0,34610.0,912024.46934617,29823439460.440403
2022-09-06 09:00:00,34610.0,36800.0,31400.0,31770.0,1515799.17014618,53279005132.86068
2022-09-07 09:00:00,31770.0,33300.0,30840.0,33000.0,444935.00355246,14206961325.932587
2022-09-08 09:00:00,33000.0,33770.0,32050.0,33090.0,437874.66690538,14367465943.606495
2022-09-09 09:00:00,33090.0,38140.0,32800.0,35770.0,2810314.47554187,101405639077.74721
2022-09-10 09:00:00,35760.0,38090.0,34850.0,36090.0,1443188.49120998,52935391784.371544
2022-09-11 09:00:00,36060.0,36800.0,35090.0,35570.0,414453.56967812,14793346723.135906
2022-09-12 09:00:00,35580.0,36600.0,34900.0,35620.0,646498.72527834,23071884168.773
2022-09-13 09:00:00,35580.0,35740.0,32750.0,32950.0,445218.07799703,15321103603.253698
2022-09-14 09:00:00,32990.0,34820.0,32690.0,34630.0,478203.14798458,16209957924.68915
2022-09-15 09:00:00,34630.0,34700.0,33010.0,33280.0,276012.98481003,9295956764.77064
2022-09-16 09:00:00,33260.0,33430.0,31810.0,32310.0,129312.97409722,4193887984.517376
2022-09-17 09:00:00,32310.0,32690.0,32100.0,32590.0,73845.52038201,2390034067.8584914
2022-09-18 09:00:00,32590.0,32600.0,30020.0,30440.0,103017.96179342,3230247755.5222793
2022-09-19 09:00:00,30450.0,31890.0,28900.0,30740.0,208612.10568356,6272181251.178489
2022-09-20 09:00:00,30670.0,30870.0,29060.0,29740.0,106608.54816795,3190129015.2191386
2022-09-21 09:00:00,29740.0,30640.0,28740.0,29400.0,149659.75897536,4446520384.308265
2022-09-22 09:00:00,29280.0,30330.0,29100.0,30290.0,129401.1426145,3858591098.2136316
2022-09-23 09:00:00,30300.0,30670.0,29310.0,30340.0,179775.37117457,5406958193.852397
2022-09-24 09:00:00,30290.0,30720.0,30020.0,30110.0,93522.30289674,2828748588.65385
2022-09-25 09:00:00,30140.0,30620.0,29700.0,29740.0,64141.09484225,1933385598.477408
2022-09-26 09:00:00,29750.0,31830.0,29010.0,30510.0,575464.95694349,17538707070.889263
2022-09-27 09:00:00,30530.0,31550.0,29830.0,30290.0,315789.89740633,9762341064.941523
2022-09-28 09:00:00,30210.0,30340.0,29300.0,29750.0,122424.1759233,3636105069.398365
2022-09-29 09:00:00,29740.0,29950.0,29140.0,29470.0,85494.43227793,2526976913.262235
2022-09-30 09:00:00,29450.0,30450.0,29310.0,29550.0,171395.18120467,5109818787.162463
2022-10-01 09:00:00,29570.0,29760.0,29360.0,29480.0,46427.43802128,1368784036.54469
2022-10-02 09:00:00,29500.0,29550.0,28840.0,28910.0,58384.51162561,1703888471.1710253
2022-10-03 09:00:00,28910.0,29210.0,28800.0,29180.0,42614.56136974,1236720962.764032
2022-10-04 09:00:00,29170.0,30150.0,28940.0,29580.0,147547.76499638,4354765583.94803
2022-10-05 09:00:00,29600.0,29630.0,29010.0,29220.0,68874.60094022,2016346407.3718183
2022-10-06 09:00:00,29220.0,29870.0,29120.0,29130.0,109408.16182441,3221363075.3164935
2022-10-07 09:00:00,29140.0,29250.0,28740.0,28930.0,59744.19824436,1732428421.5154395
2022-10-08 09:00:00,28900.0,29400.0,28850.0,28970.0,61191.84432702,1776148541.259127
2022-10-09 09:00:00,28990.0,32230.0,28990.0,30200.0,2192657.63337433,67473518241.19902
2022-10-10 09:00:00,30230.0,30530.0,28810.0,28910.0,331643.25165844,9798116765.287462
2022-10-11 09:00:00,28900.0,28950.0,27790.0,27980.0,113817.15441448,3206474715.3161435
2022-10-12 09:00:00,27920.0,28300.0,27520.0,27670.0,61533.46961207,1715438416.760289
2022-10-13 09:00:00,27670.0,29460.0,24370.0,26780.0,1193509.4541098,32873100079.107857
2022-10-14 09:00:00,26780.0,28000.0,26100.0,26470.0,363066.65594719,9819514566.459978
2022-10-15 09:00:00,26410.0,27330.0,25990.0,26240.0,155653.54763731,4122803627.8766074
2022-10-16 09:00:00,26230.0,26370.0,25800.0,26110.0,83831.53345344,2186951888.4147997
2022-10-17 09:00:00,26090.0,26750.0,25600.0,26400.0,260713.66222162,6805407325.200594
2022-10-18 09:00:00,26410.0,26480.0,25650.0,25980.0,129127.84658613,3367809487.144902
2022-10-19 09:00:00,25980.0,26020.0,24910.0,24910.0,114332.66180795,2885624486.9310436
2022-10-20 09:00:00,24910.0,25140.0,24360.0,24500.0,82994.06382134,2046160590.4356515
2022-10-21 09:00:00,24500.0,24530.0,23070.0,24230.0,120685.13400324,2873503593.2836914
2022-10-22 09:00:00,24230.0,36850.0,23730.0,28370.0,9906087.762512,319344456385.0879
2022-10-23 09:00:00,28390.0,32350.0,27230.0,28100.0,8206695.14338834,243104445188.33188
2022-10-24 09:00:00,28100.0,28840.0,25400.0,25680.0,1362719.12346942,36701445822.88302
2022-10-25 09:00:00,25680.0,26000.0,24740.0,25750.0,683348.92952432,17232440248.624138
2022-10-26 09:00:00,25750.0,25950.0,25290.0,25800.0,476311.8118009,12202847202.044107
2022-10-27 09:00:00,25760.0,25850.0,25000.0,25110.0,274467.32716185,6981866886.553475
2022-10-28 09:00:00,25110.0,27340.0,25060.0,26070.0,2880713.33991641,75496982896.41072
2022-10-29 09:00:00,26050.0,27000.0,25700.0,26050.0,1157944.44821183,30593266146.434185
2022-10-30 09:00:00,26020.0,26500.0,25350.0,25520.0,429574.46885505,11101475455.32275
2022-10-31 09:00:00,25490.0,25890.0,24810.0,25420.0,512219.17632309,13008855152.646204
2022-11-01 09:00:00,25420.0,26410.0,25150.0,25420.0,637037.78875058,16379747621.253761
2022-11-02 09:00:00,25420.0,25850.0,24620.0,24940.0,409142.89653967,10309605643.329367
2022-11-03 09:00:00,24940.0,25630.0,24710.0,25180.0,237543.11895471,5978899756.138195
2022-11-04 09:00:00,25180.0,25900.0,24980.0,25820.0,441199.71355304,11248878095.826632
2022-11-05 09:00:00,25790.0,26800.0,25700.0,26340.0,688793.12738828,18097155944.748363
2022-11-06 09:00:00,26350.0,26400.0,25340.0,25450.0,228219.89737054,5919275937.252303
2022-11-07 09:00:00,25450.0,25590.0,25000.0,25240.0,166487.50597302,4209577146.243935
2022-11-08 09:00:00,25240.0,25320.0,21580.0,22530.0,320774.14750389,7611527861.796526
2022-11-09 09:00:00,22550.0,24620.0,17470.0,19880.0,1712907.61967633,38283403286.930885
2022-11-10 09:00:00,19880.0,22540.0,19610.0,22540.0,940321.30916934,19697264642.967304
2022-11-11 09:00:00,22510.0,22730.0,20100.0,21430.0,347046.45689434,7420653633.279956
2022-11-12 09:00:00,21470.0,22630.0,20000.0,20580.0,259581.50596085,5489042499.624566
2022-11-13 09:00:00,20580.0,22580.0,19820.0,20240.0,1439413.36005104,30515277759.323956
2022-11-14 09:00:00,20240.0,21120.0,18800.0,20200.0,728268.89615993,14498650783.48039
2022-11-15 09:00:00,20200.0,20650.0,19800.0,20500.0,260789.65906908,5276975654.3759575
2022-11-16 09:00:00,20510.0,21070.0,19930.0,20370.0,291794.19253618,5955762284.590558
2022-11-17 09:00:00,20360.0,20450.0,19660.0,20180.0,77982.21451757,1565426971.1259418
2022-11-18 09:00:00,20200.0,21180.0,20130.0,20440.0,508623.29221562,10499193264.59386
2022-11-19 09:00:00,20430.0,21100.0,20190.0,21060.0,237943.46085569,4889302510.226434
2022-11-20 09:00:00,21060.0,22200.0,19970.0,20200.0,546534.46833567,11470761001.224709
2022-11-21 09:00:00,20200.0,20200.0,19280.0,19820.0,140318.35806564,2775984879.783372
2022-11-22 09:00:00,19820.0,20540.0,18970.0,20240.0,236601.52540956,4696350935.62254
2022-11-23 09:00:00,20240.0,21110.0,20000.0,20890.0,367797.66864032,7586913955.555281
2022-11-24 09:00:00,20900.0,21110.0,19630.0,20500.0,233653.86542664,4802049082.640743
2022-11-25 09:00:00,20500.0,20790.0,19930.0,20520.0,121521.59620116,2466957380.123929
2022-11-26 09:00:00,20520.0,20770.0,20370.0,20510.0,114638.2355055,2360242575.2726607
2022-11-27 09:00:00,20540.0,20890.0,20320.0,20450.0,123302.59877113,2537233236.0129523
2022-11-28 09:00:00,20360.0,21440.0,19850.0,20530.0,803924.30482492,16729950467.228153
2022-11-29 09:00:00,20530.0,20720.0,19960.0,20410.0,217071.43686174,4418143543.749035
2022-11-30 09:00:00,20380.0,20800.0,20270.0,20710.0,262745.90507822,5407113163.09394
2022-12-01 09:00:00,20710.0,21470.0,20220.0,20440.0,423028.5822694,8833745745.121264
2022-12-02 09:00:00,20440.0,20510.0,19940.0,20260.0,111725.28831338,2250238373.29758
2022-12-03 09:00:00,20230.0,20270.0,20050.0,20120.0,43910.0126497,885403351.7205043
2022-12-04 09:00:00,20090.0,20870.0,20030.0,20280.0,294938.5385691,6026537849.850817
2022-12-05 09:00:00,20280.0,20870.0,20150.0,20290.0,321707.43011864,6578593564.048733
2022-12-06 09:00:00,20300.0,20660.0,20120.0,20300.0,135044.71791738,2739924548.594267
2022-12-07 09:00:00,20260.0,20310.0,19470.0,19630.0,122237.32372418,2421465137.419644
2022-12-08 09:00:00,19640.0,20190.0,19350.0,19940.0,173191.07362976,3416658498.3089943
2022-12-09 09:00:00,19920.0,19950.0,19650.0,19790.0,76253.73284429,1508334986.7893014
2022-12-10 09:00:00,19790.0,20490.0,19700.0,19830.0,239510.86708627,4807624901.847841
2022-12-11 09:00:00,19860.0,20540.0,19500.0,19800.0,268498.02687396,5367359639.730306
2022-12-12 09:00:00,19770.0,20500.0,19000.0,20110.0,907292.60825987,18123532392.96756
2022-12-13 09:00:00,20110.0,20350.0,19140.0,19910.0,390284.01140374,7736652798.582435
2022-12-14 09:00:00,19920.0,20040.0,19420.0,19510.0,144345.96168747,2862669876.807435
2022-12-15 09:00:00,19590.0,20280.0,19350.0,19540.0,562557.49554831,11153922720.468473
2022-12-16 09:00:00,19520.0,19860.0,17780.0,18060.0,223162.09980555,4268791519.440454
2022-12-17 09:00:00,18060.0,19370.0,17930.0,18720.0,854831.54402084,16078437037.374472
2022-12-18 09:00:00,18720.0,19050.0,18000.0,18220.0,184537.77382747,3390458572.1025763
2022-12-19 09:00:00,18200.0,18220.0,16830.0,17050.0,158782.72950839,2786777661.908313
2022-12-20 09:00:00,17050.0,17560.0,16830.0,17440.0,228816.31290818,3943677993.643913
2022-12-21 09:00:00,17440.0,17690.0,17000.0,17380.0,161818.88327446,2809798781.119129
2022-12-22 09:00:00,17330.0,17540.0,16780.0,17170.0,102315.19095338,1757116810.5331643
2022-12-23 09:00:00,17150.0,17230.0,16950.0,17190.0,59115.88711273,1010776717.9329407
2022-12-24 09:00:00,17210.0,17260.0,17050.0,17160.0,43948.76137336,754048345.4703062
2022-12-25 09:00:00,17150.0,17150.0,16550.0,16810.0,65731.84044643,1110555330.0926511
2022-12-26 09:00:00,16780.0,17060.0,16130.0,16550.0,121593.54178899,2005396764.1659958
2022-12-27 09:00:00,16550.0,16550.0,16000.0,16150.0,77865.4515723,1260950574.830832
2022-12-28 09:00:00,16140.0,16150.0,14930.0,15100.0,162897.96304965,2495915056.49582
2022-12-29 09:00:00,15080.0,15690.0,14820.0,15450.0,305209.40801389,4668394844.628532
2022-12-30 09:00:00,15430.0,15750.0,14460.0,14850.0,188020.4581591,2834589498.345144
2022-12-31 09:00:00,14850.0,15010.0,14690.0,14830.0,75870.00100425,1126483910.3114367
2023-01-01 09:00:00,14830.0,14960.0,14760.0,14930.0,39840.81107857,591530065.2844479
2023-01-02 09:00:00,14930.0,15290.0,14610.0,15190.0,131535.08124618,1971358401.9924724
2023-01-03 09:00:00,15170.0,15480.0,15050.0,15260.0,121035.46252734,1850663279.3880613
2023-01-04 09:00:00,15260.0,17050.0,15230.0,16670.0,1741696.9765147,28654905781.097897
2023-01-05 09:00:00,16600.0,19520.0,16590.0,17620.0,2928702.76361623,52791248594.11859
2023-01-06 09:00:00,17620.0,18000.0,16240.0,17800.0,678701.42585836,11563575499.846813
2023-01-07 09:00:00,17800.0,18850.0,17300.0,17640.0,976229.54916949,17672860387.0562
2023-01-08 09:00:00,17640.0,17750.0,17170.0,17710.0,314219.40000794,5463746386.535578
2023-01-09 09:00:00,17710.0,18130.0,17400.0,17760.0,618032.48151005,11005145774.864685
2023-01-10 09:00:00,17760.0,18610.0,17260.0,17970.0,706079.13385428,12694929105.087738
2023-01-11 09:00:00,17960.0,18290.0,17440.0,18130.0,259156.07471882,4610855421.813993
2023-01-12 09:00:00,18130.0,19630.0,17870.0,19020.0,2111826.96855639,39591072918.24103
2023-01-13 09:00:00,19040.0,20150.0,18920.0,19800.0,1406854.3764047,27486813347.777313
2023-01-14 09:00:00,19810.0,20750.0,18770.0,20390.0,1477648.16667236,29654872376.20032
2023-01-15 09:00:00,20400.0,20400.0,19250.0,19950.0,555821.97972325,10970330510.801296
2023-01-16 09:00:00,19950.0,20270.0,19030.0,19750.0,393080.94606226,7731030553.777175
2023-01-17 09:00:00,19750.0,21250.0,19470.0,20060.0,1259873.34324068,25505055622.79537
2023-01-18 09:00:00,20020.0,20670.0,18680.0,18840.0,610199.4577394,12068912500.184769
2023-01-19 09:00:00,18790.0,19310.0,18690.0,19300.0,194102.69235532,3680866040.116672
2023-01-20 09:00:00,19300.0,20600.0,19160.0,20550.0,796532.38955291,15773683201.468426
2023-01-21 09:00:00,20540.0,21090.0,20040.0,20270.0,679743.52733966,13922458267.35417
2023-01-22 09:00:00,20270.0,21300.0,20150.0,20840.0,843782.83751455,17537678192.047073
2023-01-23 09:00:00,20840.0,22210.0,20600.0,21310.0,1387823.84957747,29731600019.43101
2023-01-24 09:00:00,21240.0,22390.0,19700.0,20110.0,835073.37186081,17815709198.129753
2023-01-25 09:00:00,20110.0,20900.0,19500.0,20450.0,534710.45354138,10776039019.519981
2023-01-26 09:00:00,20440.0,25000.0,20440.0,22390.0,7383185.10876863,167818147385.88525
2023-01-27 09:00:00,22350.0,23650.0,21270.0,21950.0,1547268.43622594,34628985518.222176
2023-01-28 09:00:00,21940.0,22520.0,21310.0,21620.0,451808.36752131,9879514518.664686
2023-01-29 09:00:00,21630.0,22140.0,21330.0,22090.0,597574.53285015,13008235213.567543
2023-01-30 09:00:00,22090.0,22350.0,20100.0,20540.0,446323.798769,9530383147.160868
2023-01-31 09:00:00,20540.0,21240.0,20030.0,20840.0,450456.84322015,9314138196.840927
2023-02-01 09:00:00,20770.0,21430.0,20010.0,21310.0,365509.80391392,7554671666.568625
2023-02-02 09:00:00,21310.0,22050.0,21100.0,21330.0,473255.49442173,10167483603.924545
2023-02-03 09:00:00,21330.0,21870.0,21060.0,21790.0,427299.26576016,9188065303.944826
2023-02-04 09:00:00,21710.0,22640.0,21560.0,22160.0,675504.76705495,14957690720.874338
2023-02-05 09:00:00,22160.0,23460.0,20710.0,21750.0,1964331.87915642,43966291806.83565
2023-02-06 09:00:00,21710.0,22160.0,21400.0,21850.0,344733.2275633,7497033835.505195
2023-02-07 09:00:00,21850.0,22300.0,21400.0,22260.0,302440.82082121,6576497376.759973
2023-02-08 09:00:00,22250.0,22980.0,21600.0,22200.0,560660.14249055,12593464599.317892
2023-02-09 09:00:00,22160.0,23750.0,21240.0,21640.0,1151842.39384932,25903729895.950954
2023-02-10 09:00:00,21560.0,21780.0,20700.0,21350.0,313255.08815732,6666463826.354858
2023-02-11 09:00:00,21340.0,22350.0,21280.0,21750.0,394520.81460512,8581897946.04019
2023-02-12 09:00:00,21760.0,22020.0,21240.0,21360.0,212474.53465783,4589736656.933402
2023-02-13 09:00:00,21310.0,21410.0,19870.0,20850.0,218755.63581676,4498008675.089764
2023-02-14 09:00:00,20850.0,21300.0,19930.0,21150.0,273639.14569382,5645438532.288586
2023-02-15 09:00:00,21150.0,22470.0,20810.0,22430.0,367004.69144687,7912189548.635316
2023-02-16 09:00:00,22430.0,22750.0,21520.0,21660.0,578520.80500678,12898937551.384768
2023-02-17 09:00:00,21660.0,22760.0,21520.0,22670.0,331865.35952359,7348189726.092579
2023-02-18 09:00:00,22670.0,23580.0,22350.0,23040.0,846628.72981037,19524410061.917038
2023-02-19 09:00:00,23040.0,23370.0,22640.0,22990.0,420825.59570455,9679182990.092022
2023-02-20 09:00:00,22940.0,23950.0,22320.0,23810.0,810623.46431827,18968096603.837906
2023-02-21 09:00:00,23820.0,28410.0,23810.0,25280.0,8731649.10829874,229480579405.37134
2023-02-22 09:00:00,25270.0,25400.0,23680.0,24390.0,925740.97287695,22512248294.865467
2023-02-23 09:00:00,24370.0,24390.0,23420.0,23710.0,367129.05446611,8755253988.18355
2023-02-24 09:00:00,23750.0,24330.0,22610.0,22920.0,497135.39519314,11657297046.898863
2023-02-25 09:00:00,22910.0,23290.0,22170.0,22980.0,268494.27379566,6095363708.5042305
2023-02-26 09:00:00,22940.0,23210.0,22430.0,23200.0,124352.43067336,2843007468.7726903
2023-02-27 09:00:00,23170.0,23220.0,22620.0,23040.0,171181.20361297,3921058072.3263183
2023-02-28 09:00:00,23040.0,23040.0,22720.0,22760.0,32881.67398419,751180938.8971983
