2020-06-04 09:00:00,8375.0,8490.0,8215.0,8320.0,338884.33582321,2830114496.486574
2020-06-05 09:00:00,8330.0,8400.0,8175.0,8245.0,233060.22967937,1929972993.7686107
2020-06-06 09:00:00,8245.0,8315.0,8180.0,8265.0,136068.30171486,1121380676.4851122
2020-06-07 09:00:00,8250.0,8270.0,7990.0,8195.0,234678.65746451,1912555279.194448
2020-06-08 09:00:00,8195.0,8270.0,8065.0,8240.0,116699.59392755,952379913.6129572
2020-06-09 09:00:00,8240.0,8270.0,8075.0,8110.0,121859.52142751,992925428.4926527
2020-06-10 09:00:00,8125.0,8155.0,8020.0,8090.0,144263.6419194,1165223347.515408
2020-06-11 09:00:00,8100.0,8110.0,7350.0,7490.0,349502.65182438,2723368693.1776934
2020-06-12 09:00:00,7495.0,7800.0,7440.0,7695.0,160339.12393219,1231978292.3970578
2020-06-13 09:00:00,7705.0,7820.0,7635.0,7800.0,137898.6411695,1064007008.4680536
2020-06-14 09:00:00,7800.0,7805.0,7535.0,7620.0,107563.11957955,826956740.0857915
2020-06-15 09:00:00,7615.0,7625.0,7205.0,7515.0,202146.74962586,1494415435.980572
2020-06-16 09:00:00,7515.0,7560.0,7410.0,7530.0,116126.94899619,870768054.2958647
2020-06-17 09:00:00,7525.0,7680.0,7455.0,7590.0,122177.47677875,923858410.5408028
2020-06-18 09:00:00,7590.0,7605.0,7375.0,7495.0,102383.99622544,768087940.2689161
2020-06-19 09:00:00,7510.0,7760.0,7385.0,7675.0,170890.32310931,1296825952.0071929
2020-06-20 09:00:00,7685.0,7705.0,7480.0,7575.0,74583.94457908,566966218.2697035
2020-06-21 09:00:00,7595.0,7595.0,7460.0,7505.0,43111.53995907,324302313.7603806
2020-06-22 09:00:00,7505.0,7690.0,7495.0,7645.0,117572.39454129,894574438.421394
2020-06-23 09:00:00,7640.0,7700.0,7530.0,7610.0,102468.4521502,780590534.2359638
2020-06-24 09:00:00,7605.0,7775.0,7385.0,7500.0,117972.16948971,894690551.5382208
2020-06-25 09:00:00,7500.0,7535.0,7250.0,7425.0,70932.88957916,525120787.9654913
2020-06-26 09:00:00,7425.0,7430.0,7200.0,7280.0,79493.57607662,579990808.4009812
2020-06-27 09:00:00,7290.0,7290.0,6510.0,6790.0,101451.16920433,706053787.4178983
2020-06-28 09:00:00,6780.0,7030.0,6675.0,6925.0,107788.93975772,736477149.8583037
2020-06-29 09:00:00,6930.0,7035.0,6855.0,6960.0,139956.80211294,972562724.0554264
2020-06-30 09:00:00,6975.0,7005.0,6785.0,6840.0,81331.21014186,558809056.9189469
2020-07-01 09:00:00,6835.0,6930.0,6735.0,6845.0,105521.06401616,722028506.610376
2020-07-02 09:00:00,6845.0,6925.0,6680.0,6760.0,120030.10698705,819416455.1666148
2020-07-03 09:00:00,6765.0,6845.0,6700.0,6760.0,81376.41943878,551266270.3828361
2020-07-04 09:00:00,6750.0,6880.0,6745.0,6785.0,56356.09077465,382845816.6063049
2020-07-05 09:00:00,6790.0,6820.0,6610.0,6755.0,67453.74415453,454047539.2052886
2020-07-06 09:00:00,6750.0,7325.0,6720.0,7235.0,203696.31389307,1425385337.3027697
2020-07-07 09:00:00,7235.0,7495.0,7070.0,7375.0,170400.43874616,1234917709.4647515
2020-07-08 09:00:00,7390.0,7835.0,7280.0,7835.0,205901.41869753,1566146031.9315321
2020-07-09 09:00:00,7835.0,8035.0,7590.0,7890.0,254404.18630726,1992831768.7504673
2020-07-10 09:00:00,7885.0,7910.0,7470.0,7585.0,151391.30603625,1157364583.041489
2020-07-11 09:00:00,7585.0,7820.0,7580.0,7730.0,86132.24676724,663427914.4398596
2020-07-12 09:00:00,7730.0,7795.0,7560.0,7670.0,63537.08467246,487069219.5583016
2020-07-13 09:00:00,7670.0,7760.0,7370.0,7515.0,93178.41012501,710732794.1227933
2020-07-14 09:00:00,7505.0,7530.0,7380.0,7525.0,115143.71636194,857423857.4908965
2020-07-15 09:00:00,7525.0,7550.0,7365.0,7430.0,71836.63661175,534528659.6185925
2020-07-16 09:00:00,7430.0,7460.0,7070.0,7220.0,90045.66261852,654330888.4030824
2020-07-17 09:00:00,7220.0,7285.0,7150.0,7205.0,41254.0600143,297614037.9805639
2020-07-18 09:00:00,7210.0,7270.0,7100.0,7200.0,56375.0998855,404793803.6570134
2020-07-19 09:00:00,7200.0,7285.0,7100.0,7260.0,66839.50270662,479738279.451503
2020-07-20 09:00:00,7260.0,7375.0,7200.0,7210.0,80601.14619495,586400313.6606565
2020-07-21 09:00:00,7210.0,7370.0,7165.0,7310.0,87193.25956324,634996482.2965295
2020-07-22 09:00:00,7330.0,7555.0,7245.0,7530.0,118204.11787188,873013311.2220856
2020-07-23 09:00:00,7525.0,7700.0,7440.0,7595.0,204402.96413035,1541939352.588903
2020-07-24 09:00:00,7600.0,7605.0,7340.0,7440.0,97031.84176862,726011311.1187148
2020-07-25 09:00:00,7425.0,7950.0,7420.0,7920.0,222252.1238983,1711686905.218322
2020-07-26 09:00:00,7935.0,8130.0,7630.0,7825.0,417577.51960341,3301307044.071504
2020-07-27 09:00:00,7825.0,8690.0,7825.0,8335.0,1890633.74253005,15792065147.563713
2020-07-28 09:00:00,8340.0,8665.0,8070.0,8430.0,563660.70077299,4744663180.309218
2020-07-29 09:00:00,8435.0,8825.0,8370.0,8585.0,383014.33676371,3315942115.3654027
2020-07-30 09:00:00,8575.0,8795.0,8300.0,8670.0,278878.57432269,2373368277.3902607
2020-07-31 09:00:00,8655.0,8970.0,8575.0,8760.0,293824.09942377,2569549094.343189
2020-08-01 09:00:00,8760.0,9795.0,8645.0,9245.0,749469.48361503,6851421936.305485
2020-08-02 09:00:00,9245.0,9800.0,7915.0,8450.0,852165.34330611,7568967483.842446
2020-08-03 09:00:00,8455.0,8830.0,8385.0,8530.0,277896.19168981,2401478865.4707227
2020-08-04 09:00:00,8530.0,8690.0,8365.0,8520.0,266332.09292622,2271519356.6499815
2020-08-05 09:00:00,8530.0,8680.0,8380.0,8525.0,198926.43698346,1695574704.346435
2020-08-06 09:00:00,8525.0,8550.0,8250.0,8380.0,225323.27300152,1894330367.7766898
2020-08-07 09:00:00,8380.0,8570.0,8060.0,8175.0,241210.38120391,2021933662.3435159
2020-08-08 09:00:00,8170.0,8420.0,8125.0,8310.0,105037.37246395,868417613.6672927
2020-08-09 09:00:00,8310.0,8565.0,8155.0,8330.0,138091.92769458,1150870740.9529655
2020-08-10 09:00:00,8330.0,8545.0,8300.0,8490.0,158581.86170796,1336978206.715146
2020-08-11 09:00:00,8490.0,8515.0,7870.0,8105.0,240796.40362197,1979841858.7280989
2020-08-12 09:00:00,8120.0,8175.0,7885.0,8120.0,126737.89857002,1013132941.0105804
2020-08-13 09:00:00,8120.0,8335.0,7875.0,8245.0,173916.74913333,1402122138.5358922
2020-08-14 09:00:00,8245.0,8380.0,8090.0,8335.0,133909.02431824,1103017118.1793313
2020-08-15 09:00:00,8335.0,8630.0,8270.0,8620.0,205890.68569104,1736063445.4691553
2020-08-16 09:00:00,8620.0,8720.0,8350.0,8720.0,187459.23786297,1602433111.6195498
2020-08-17 09:00:00,8720.0,9095.0,8580.0,9030.0,308681.38688011,2738672243.4365478
2020-08-18 09:00:00,9020.0,9495.0,8480.0,9140.0,467258.64241871,4211607481.7992635
2020-08-19 09:00:00,9140.0,9645.0,8770.0,9130.0,503160.56350409,4641900389.0860615
2020-08-20 09:00:00,9130.0,9420.0,8655.0,9210.0,255713.80784409,2275641421.532004
2020-08-21 09:00:00,9210.0,9355.0,8700.0,8795.0,269882.3473458,2418400917.4280987
2020-08-22 09:00:00,8795.0,8980.0,8370.0,8970.0,162012.69008808,1408882036.8205385
2020-08-23 09:00:00,8975.0,9350.0,8725.0,9010.0,184909.71513442,1671146822.1850877
2020-08-24 09:00:00,9010.0,9145.0,8820.0,8900.0,158787.88985537,1423685374.3633077
2020-08-25 09:00:00,8895.0,8910.0,8350.0,8475.0,150101.92860748,1294811959.591303
2020-08-26 09:00:00,8475.0,8500.0,8205.0,8385.0,81988.75630937,684845215.7033037
2020-08-27 09:00:00,8385.0,8435.0,8015.0,8125.0,99776.00745675,820264278.2724473
2020-08-28 09:00:00,8130.0,8575.0,8095.0,8425.0,54447.84813534,449597497.6724407
2020-08-29 09:00:00,8395.0,8515.0,8245.0,8420.0,60679.17117989,507647226.0425326
2020-08-30 09:00:00,8420.0,8745.0,8370.0,8615.0,84876.03932344,729026391.8679521
2020-08-31 09:00:00,8570.0,8735.0,8430.0,8500.0,78960.24378988,676442726.0548946
2020-09-01 09:00:00,8500.0,9185.0,8455.0,8910.0,267715.43032952,2360437621.4634438
2020-09-02 09:00:00,8910.0,8910.0,8050.0,8340.0,179902.39055674,1521080844.9400964
2020-09-03 09:00:00,8340.0,8370.0,7280.0,7445.0,168368.11646724,1313997021.9216185
2020-09-04 09:00:00,7415.0,7860.0,7210.0,7510.0,164526.14226933,1229089550.0090623
2020-09-05 09:00:00,7510.0,7650.0,6855.0,6995.0,79341.60435358,571184607.2851286
2020-09-06 09:00:00,6995.0,7385.0,6875.0,7210.0,68409.84739102,485894771.12383205
2020-09-07 09:00:00,7210.0,7520.0,6905.0,7140.0,53252.34388908,378305387.06238806
2020-09-08 09:00:00,7140.0,7295.0,6880.0,6990.0,42617.26069412,301697880.50325733
2020-09-09 09:00:00,7010.0,7195.0,6935.0,7180.0,20986.6492001,148381938.3544475
2020-09-10 09:00:00,7160.0,7400.0,7105.0,7340.0,59312.16549271,431004196.4746442
2020-09-11 09:00:00,7345.0,7360.0,7105.0,7305.0,24158.06485005,174761787.9653183
2020-09-12 09:00:00,7305.0,7410.0,7165.0,7390.0,21228.56269233,154142687.6448699
2020-09-13 09:00:00,7400.0,7900.0,7110.0,7240.0,81454.88934261,608459108.7022946
2020-09-14 09:00:00,7240.0,7660.0,7140.0,7305.0,69945.29809812,514365345.93053645
2020-09-15 09:00:00,7310.0,7465.0,7150.0,7230.0,53086.9043344,386593541.99849206
2020-09-16 09:00:00,7235.0,7335.0,7070.0,7315.0,21867.7886787,157101604.02061635
2020-09-17 09:00:00,7305.0,7340.0,7085.0,7200.0,33093.15255783,238926804.4704391
2020-09-18 09:00:00,7205.0,7340.0,7100.0,7210.0,23399.37939156,168179757.53394306
2020-09-19 09:00:00,7225.0,7455.0,7145.0,7215.0,19281.87632045,140411663.1093824
2020-09-20 09:00:00,7215.0,7265.0,6960.0,7100.0,16546.86179868,117257590.12526065
2020-09-21 09:00:00,7065.0,7275.0,6545.0,6905.0,61065.00716088,420114172.6738197
2020-09-22 09:00:00,6850.0,7005.0,6505.0,6945.0,27824.81451923,189273193.7332824
2020-09-23 09:00:00,6945.0,6960.0,6600.0,6720.0,24363.92189626,165909643.81035176
2020-09-24 09:00:00,6720.0,6885.0,6575.0,6880.0,32662.87151026,221032722.60996714
2020-09-25 09:00:00,6885.0,6930.0,6630.0,6870.0,41423.68664976,281647581.1727856
2020-09-26 09:00:00,6870.0,7065.0,6775.0,6985.0,34110.33140669,234952559.60976914
2020-09-27 09:00:00,6985.0,7110.0,6775.0,6990.0,21856.50729215,151625326.93076465
2020-09-28 09:00:00,6990.0,7320.0,6900.0,7105.0,25613.30324763,180599643.21756196
2020-09-29 09:00:00,7120.0,7475.0,7000.0,7145.0,46513.61689781,338805394.88326347
2020-09-30 09:00:00,7145.0,7560.0,7085.0,7305.0,30813.23824757,224326467.98069426
2020-10-01 09:00:00,7305.0,7350.0,6900.0,7110.0,32844.39864223,235233434.3210643
2020-10-02 09:00:00,7110.0,7110.0,6680.0,6865.0,33864.55957873,230873867.93515024
2020-10-03 09:00:00,6950.0,6950.0,6700.0,6800.0,10315.25352338,70737466.15127505
2020-10-04 09:00:00,6815.0,6940.0,6725.0,6930.0,14926.76598213,101816474.68947615
2020-10-05 09:00:00,6930.0,6950.0,6750.0,6885.0,8783.201819,60231311.0034129
2020-10-06 09:00:00,6885.0,7095.0,6645.0,6790.0,34932.56467062,238429733.46676704
2020-10-07 09:00:00,6790.0,6860.0,6630.0,6760.0,12768.74566143,86158591.0533957
2020-10-08 09:00:00,6805.0,6990.0,6725.0,6940.0,30488.0318831,209170617.0183162
2020-10-09 09:00:00,6935.0,7060.0,6785.0,7025.0,27596.78377443,191294575.1264592
2020-10-10 09:00:00,7025.0,7575.0,6930.0,7140.0,144125.10379133,1045635476.685807
2020-10-11 09:00:00,7140.0,7250.0,6805.0,7235.0,34319.28703282,240629726.51660514
2020-10-12 09:00:00,7210.0,7345.0,6900.0,7180.0,39140.32050374,278830415.24083513
2020-10-13 09:00:00,7180.0,7255.0,7010.0,7250.0,23990.75919398,172008765.61150464
2020-10-14 09:00:00,7250.0,7400.0,7085.0,7180.0,30908.53151271,224980181.8341398
2020-10-15 09:00:00,7190.0,7190.0,6850.0,7085.0,19431.08794643,136270389.8892685
2020-10-16 09:00:00,7085.0,7260.0,6830.0,7075.0,18641.57062343,129747862.82198726
2020-10-17 09:00:00,7075.0,7190.0,6890.0,7105.0,9939.0219329,69913238.59301575
2020-10-18 09:00:00,7100.0,7205.0,6950.0,7165.0,10381.49041278,73631222.0841339
2020-10-19 09:00:00,7165.0,7180.0,6910.0,7150.0,9664.95532951,68295792.8214671
2020-10-20 09:00:00,7150.0,7155.0,6850.0,6900.0,22873.35038059,159535410.13376024
2020-10-21 09:00:00,6905.0,7170.0,6790.0,7090.0,32988.85608005,231221770.51532614
2020-10-22 09:00:00,7085.0,7360.0,6985.0,7320.0,45206.78210759,325774940.36231226
2020-10-23 09:00:00,7320.0,7325.0,7095.0,7275.0,17573.84297156,126550129.49492335
2020-10-24 09:00:00,7275.0,7295.0,7075.0,7230.0,18406.27350423,132180294.401457
2020-10-25 09:00:00,7225.0,7225.0,6930.0,7085.0,23893.70104744,169479120.10641274
2020-10-26 09:00:00,7080.0,7200.0,6870.0,7080.0,28619.17773918,199727176.25240064
2020-10-27 09:00:00,7080.0,7080.0,6905.0,7000.0,13979.09147696,97263566.9797323
2020-10-28 09:00:00,6985.0,7135.0,6820.0,7025.0,29353.48647353,203836826.68222684
2020-10-29 09:00:00,7025.0,7550.0,6765.0,7135.0,167562.86543774,1197886289.0940642
2020-10-30 09:00:00,7130.0,7290.0,6770.0,6955.0,47447.1769996,330980758.81535536
2020-10-31 09:00:00,6960.0,7060.0,6880.0,7010.0,25353.28276069,177140431.69348776
2020-11-01 09:00:00,7005.0,7050.0,6820.0,6905.0,23908.90017704,165696526.68410215
2020-11-02 09:00:00,6905.0,6980.0,6775.0,6885.0,19727.21350263,135542276.556093
2020-11-03 09:00:00,6885.0,6885.0,6585.0,6850.0,23531.35207828,157994919.44062304
2020-11-04 09:00:00,6850.0,6880.0,6655.0,6845.0,10442.50748633,71025585.2216834
2020-11-05 09:00:00,6845.0,7200.0,6650.0,6895.0,50434.73078851,346492231.0365658
2020-11-06 09:00:00,6895.0,7205.0,6745.0,7195.0,142253.42799873,985016474.7555189
2020-11-07 09:00:00,7200.0,7370.0,6750.0,6820.0,126328.46967613,901170459.3990164
2020-11-08 09:00:00,6825.0,7010.0,6750.0,6910.0,40486.55617736,278409611.5028775
2020-11-09 09:00:00,6910.0,6930.0,6650.0,6780.0,62225.33582108,422465542.8251474
2020-11-10 09:00:00,6780.0,7345.0,6730.0,6830.0,125779.21566157,875852077.1212513
2020-11-11 09:00:00,6830.0,6870.0,6710.0,6770.0,41303.66970267,280344524.5483946
2020-11-12 09:00:00,6795.0,6795.0,6655.0,6695.0,32271.78115599,216761002.68065205
2020-11-13 09:00:00,6705.0,6775.0,6655.0,6750.0,42739.72340342,286329721.31675404
2020-11-14 09:00:00,6755.0,6775.0,6670.0,6710.0,21366.72785579,143550526.9845373
2020-11-15 09:00:00,6710.0,6950.0,6660.0,6700.0,44309.04037004,298079688.606269
2020-11-16 09:00:00,6695.0,6990.0,6625.0,6790.0,115159.07357734,787118778.3949277
2020-11-17 09:00:00,6790.0,7090.0,6755.0,6930.0,145357.52563969,1006073444.4695338
2020-11-18 09:00:00,6975.0,7490.0,6740.0,7120.0,339814.25694512,2420045373.5710115
2020-11-19 09:00:00,7115.0,7350.0,6900.0,7040.0,97647.40288425,689394818.8241707
2020-11-20 09:00:00,7010.0,7270.0,6995.0,7260.0,88408.28390539,633283409.5946816
2020-11-21 09:00:00,7255.0,8320.0,7090.0,8035.0,330133.52749403,2499048071.3114038
2020-11-22 09:00:00,8015.0,8295.0,7305.0,7715.0,268750.68697256,2065569513.2412307
2020-11-23 09:00:00,7715.0,8400.0,7680.0,8400.0,384518.55434338,3056911038.709259
2020-11-24 09:00:00,8400.0,10810.0,8250.0,9940.0,2127126.02371417,20368106663.713074
2020-11-25 09:00:00,9940.0,10000.0,8950.0,9330.0,424184.32360258,4062298557.6927786
2020-11-26 09:00:00,9330.0,10900.0,7800.0,8345.0,912126.00407083,8592196460.310247
2020-11-27 09:00:00,8355.0,9360.0,7915.0,8465.0,748329.40855982,6427148251.588828
2020-11-28 09:00:00,8460.0,8970.0,8350.0,8695.0,476492.37381377,4130306427.462506
2020-11-29 09:00:00,8700.0,8875.0,8525.0,8635.0,266635.38745529,2313158284.508378
2020-11-30 09:00:00,8650.0,8845.0,8140.0,8760.0,284963.72218416,2452630821.487988
2020-12-01 09:00:00,8760.0,8845.0,8020.0,8335.0,333055.47425131,2852346758.0939655
2020-12-02 09:00:00,8335.0,8605.0,8105.0,8340.0,118727.80868021,978856712.9020555
2020-12-03 09:00:00,8340.0,8780.0,6990.0,7285.0,2909523.66609748,21306685228.785748
2020-12-04 09:00:00,7290.0,7290.0,6660.0,6675.0,1453626.16079236,10136483286.047867
2020-12-05 09:00:00,6690.0,6795.0,6590.0,6760.0,910401.34012337,6093809272.281581
2020-12-06 09:00:00,6760.0,6885.0,6600.0,6710.0,593775.69869546,3982578146.7451897
2020-12-07 09:00:00,6705.0,6740.0,6615.0,6695.0,413255.54470578,2756994066.788016
2020-12-08 09:00:00,6695.0,6695.0,6195.0,6310.0,753471.17151648,4877435053.003571
2020-12-09 09:00:00,6305.0,6760.0,6075.0,6610.0,1125630.37594431,7277602586.186733
2020-12-10 09:00:00,6635.0,6685.0,6365.0,6485.0,445958.96852843,2916222497.6983094
2020-12-11 09:00:00,6485.0,6600.0,6250.0,6320.0,434246.77189512,2774891506.443617
2020-12-12 09:00:00,6315.0,6610.0,6305.0,6545.0,372281.19112335,2421555781.1771135
2020-12-13 09:00:00,6545.0,6800.0,6445.0,6630.0,593314.85062386,3927510371.8099594
2020-12-14 09:00:00,6610.0,6690.0,6455.0,6565.0,358429.95505343,2348329233.420139
2020-12-15 09:00:00,6565.0,6670.0,6490.0,6585.0,322759.17084627,2127376670.8267465
2020-12-16 09:00:00,6585.0,6930.0,6475.0,6925.0,791390.27083965,5327232375.669074
2020-12-17 09:00:00,6920.0,7275.0,6680.0,7015.0,1307373.24487913,9237569892.553537
2020-12-18 09:00:00,7015.0,7230.0,6845.0,6990.0,703720.95931619,4939857890.045695
2020-12-19 09:00:00,6990.0,7170.0,6940.0,7050.0,590687.82539783,4172967036.197895
2020-12-20 09:00:00,7050.0,7490.0,6865.0,7150.0,1110746.046592,8071452073.928939
2020-12-21 09:00:00,7150.0,7690.0,6700.0,6825.0,1395611.36552091,10017753326.303003
2020-12-22 09:00:00,6825.0,6910.0,6500.0,6895.0,644696.37223548,4354961459.954325
2020-12-23 09:00:00,6895.0,6930.0,5525.0,5795.0,1224654.01928745,7646582384.10603
2020-12-24 09:00:00,5800.0,6345.0,5700.0,6240.0,562267.27496299,3385078344.967478
2020-12-25 09:00:00,6240.0,6480.0,6055.0,6340.0,604398.39768936,3803278173.441733
2020-12-26 09:00:00,6340.0,6480.0,6150.0,6475.0,410125.24875928,2594001910.3127193
2020-12-27 09:00:00,6475.0,6965.0,6095.0,6485.0,1307360.05310769,8553400897.050674
2020-12-28 09:00:00,6485.0,6825.0,6435.0,6645.0,736690.42197004,4890089619.669302
2020-12-29 09:00:00,6645.0,6755.0,6160.0,6400.0,750324.57026172,4813885064.966783
2020-12-30 09:00:00,6395.0,6450.0,6215.0,6295.0,396432.72423134,2510052632.8265867
2020-12-31 09:00:00,6285.0,6415.0,6205.0,6285.0,408278.84497985,2563303339.2145524
2021-01-01 09:00:00,6285.0,6470.0,6230.0,6295.0,434218.44528596,2755808321.68972
2021-01-02 09:00:00,6290.0,6540.0,6175.0,6400.0,634037.64719376,4025740864.5581264
2021-01-03 09:00:00,6395.0,7685.0,6380.0,7440.0,4249180.29323369,30254036270.32755
2021-01-04 09:00:00,7440.0,9970.0,7160.0,8035.0,15704450.20922127,132249320680.5893
2021-01-05 09:00:00,8035.0,8720.0,7645.0,8200.0,7489861.6526741,60962274492.13132
2021-01-06 09:00:00,8200.0,8600.0,7870.0,8550.0,6620548.34302755,54510861012.93874
2021-01-07 09:00:00,8550.0,8700.0,7920.0,8220.0,5235470.79385838,43828060423.88295
2021-01-08 09:00:00,8220.0,8590.0,7655.0,8075.0,3453964.72054405,27941570961.33757
2021-01-09 09:00:00,8095.0,9330.0,7810.0,8820.0,5635488.76344182,47660114978.93825
2021-01-10 09:00:00,8830.0,10860.0,8825.0,10040.0,15570576.10508176,153506296534.8976
2021-01-11 09:00:00,10040.0,10040.0,7315.0,8205.0,5533488.97196953,46923950116.332924
2021-01-12 09:00:00,8205.0,8615.0,7720.0,8030.0,2860979.22058243,23363072522.327206
2021-01-13 09:00:00,8030.0,8545.0,7840.0,8440.0,1433820.46585598,11690982062.406158
2021-01-14 09:00:00,8450.0,8900.0,8130.0,8510.0,2093246.97679846,17620302252.217194
2021-01-15 09:00:00,8510.0,8840.0,7965.0,8450.0,2140411.11959798,17972013655.56232
2021-01-16 09:00:00,8450.0,8920.0,8225.0,8620.0,1975917.63267949,16886328006.41017
2021-01-17 09:00:00,8605.0,8850.0,8200.0,8465.0,1456842.52818268,12392346919.828638
2021-01-18 09:00:00,8480.0,8710.0,8255.0,8475.0,1510884.38351194,12833535137.705631
2021-01-19 09:00:00,8475.0,9540.0,8390.0,8705.0,6084441.60919498,54850450778.78278
2021-01-20 09:00:00,8705.0,9025.0,8290.0,8805.0,2075809.95885664,17905854189.88539
2021-01-21 09:00:00,8805.0,9060.0,7900.0,7985.0,1936704.84289168,16399184811.923203
2021-01-22 09:00:00,7980.0,8300.0,7185.0,8200.0,2364241.54028523,18714970551.399742
2021-01-23 09:00:00,8200.0,8405.0,7860.0,8245.0,1227095.37584193,10081538785.072168
2021-01-24 09:00:00,8245.0,8830.0,8050.0,8515.0,1923651.52205935,16214756437.527155
2021-01-25 09:00:00,8545.0,9260.0,8250.0,8370.0,3577036.48801172,31255306604.322277
2021-01-26 09:00:00,8375.0,8530.0,7970.0,8225.0,1202442.19050259,9903365707.278353
2021-01-27 09:00:00,8210.0,8235.0,7530.0,7760.0,831650.47657605,6551428235.170763
2021-01-28 09:00:00,7775.0,9120.0,7635.0,8370.0,2049567.2329856,17227942060.92072
2021-01-29 09:00:00,8370.0,8735.0,8160.0,8360.0,1892234.82641416,15997049135.607155
2021-01-30 09:00:00,8360.0,8550.0,8135.0,8200.0,830971.28091726,6864892153.396865
2021-01-31 09:00:00,8200.0,8375.0,7990.0,8150.0,724013.99380629,5922044495.347774
2021-02-01 09:00:00,8110.0,8400.0,7965.0,8240.0,1268586.84537359,10394476973.970186
2021-02-02 09:00:00,8240.0,8610.0,8115.0,8465.0,1235626.07857607,10247826459.25882
2021-02-03 09:00:00,8465.0,8660.0,8280.0,8485.0,2097547.19268344,17663682772.1452
2021-02-04 09:00:00,8495.0,8555.0,7865.0,8260.0,1876377.77140589,15555477553.61189
2021-02-05 09:00:00,8260.0,9360.0,8220.0,8970.0,2599070.47390825,22516514446.707935
2021-02-06 09:00:00,8970.0,9580.0,8435.0,9270.0,2588701.21982089,23589409806.6064
2021-02-07 09:00:00,9295.0,9455.0,8600.0,8960.0,1704782.80796716,15265288230.28328
2021-02-08 09:00:00,8965.0,9290.0,8815.0,9220.0,1491998.08119172,13482443103.023695
2021-02-09 09:00:00,9225.0,10270.0,9050.0,10000.0,2368809.43364835,22991829841.541668
2021-02-10 09:00:00,10000.0,11980.0,9885.0,11230.0,4449197.81985483,49890968652.19385
2021-02-11 09:00:00,11260.0,12580.0,11000.0,12540.0,1627063.35158025,19396563331.56987
2021-02-12 09:00:00,12540.0,13250.0,12000.0,12810.0,1639911.45087934,20703546545.83523
2021-02-13 09:00:00,12810.0,18800.0,12680.0,17540.0,4422959.7635289,68290066290.19745
2021-02-14 09:00:00,17540.0,19250.0,16520.0,17580.0,4274826.31916672,76247300116.53128
2021-02-15 09:00:00,17580.0,18190.0,14310.0,16240.0,2581826.0344694,42316758639.42608
2021-02-16 09:00:00,16240.0,16790.0,15400.0,16040.0,1083720.32192174,17587221395.214012
2021-02-17 09:00:00,16060.0,17240.0,15350.0,16630.0,1342802.12473943,22017145373.381397
2021-02-18 09:00:00,16640.0,17380.0,16000.0,16820.0,1002505.41504374,16862123237.468487
2021-02-19 09:00:00,16820.0,17980.0,16050.0,17450.0,1104883.67021935,18873775065.575924
2021-02-20 09:00:00,17450.0,19940.0,16790.0,17300.0,1919673.3572219,35285447438.8462
2021-02-21 09:00:00,17300.0,19790.0,16880.0,17860.0,1439890.15042459,26105696336.772175
2021-02-22 09:00:00,17860.0,18000.0,13220.0,15840.0,1956424.23716377,31413667051.41165
2021-02-23 09:00:00,15840.0,15940.0,10410.0,12820.0,2164151.52139499,27468578396.979767
2021-02-24 09:00:00,12810.0,14070.0,12010.0,13440.0,1181950.89823158,15702164359.499928
2021-02-25 09:00:00,13430.0,13840.0,12500.0,12620.0,978102.81603664,13055146749.252398
2021-02-26 09:00:00,12620.0,12870.0,11770.0,12460.0,957721.59920422,11801568354.716267
2021-02-27 09:00:00,12460.0,13230.0,12400.0,12890.0,643109.06792944,8257414350.537856
2021-02-28 09:00:00,12890.0,12920.0,11220.0,11900.0,697933.66813521,8311384317.385707
2021-03-01 09:00:00,11890.0,12650.0,11610.0,12630.0,640394.67722447,7781622983.597986
2021-03-02 09:00:00,12610.0,13100.0,12260.0,12680.0,701846.12594462,8904754088.43962
2021-03-03 09:00:00,12680.0,13380.0,12520.0,12950.0,796233.75952785,10336073126.398928
2021-03-04 09:00:00,12950.0,13430.0,12510.0,12840.0,966329.20473318,12614426982.565086
2021-03-05 09:00:00,12840.0,12890.0,12170.0,12750.0,550689.11027583,6901316696.79422
2021-03-06 09:00:00,12750.0,13280.0,12320.0,12980.0,691268.70313846,8863484928.318468
2021-03-07 09:00:00,12960.0,15280.0,12940.0,13260.0,2851421.84156232,39262870299.89312
2021-03-08 09:00:00,13260.0,13670.0,12800.0,13490.0,1149469.27495848,15230248078.725136
2021-03-09 09:00:00,13480.0,14390.0,13160.0,14350.0,1441168.01615497,19972105993.19782
2021-03-10 09:00:00,14370.0,14830.0,13480.0,13790.0,1221570.23747303,17087897489.104483
2021-03-11 09:00:00,13780.0,14470.0,13610.0,14100.0,956665.04810466,13413405123.73255
2021-03-12 09:00:00,14050.0,14490.0,13510.0,13860.0,823377.84510659,11532922678.546337
2021-03-13 09:00:00,13870.0,16150.0,13500.0,15900.0,1905840.4894122,28138939683.785553
2021-03-14 09:00:00,15910.0,16430.0,14800.0,14800.0,1018422.30362089,15763625815.72305
2021-03-15 09:00:00,14800.0,15210.0,13330.0,14060.0,1298347.66125095,18505977875.903477
2021-03-16 09:00:00,14070.0,14830.0,13400.0,14440.0,1053990.91733843,14998821182.490465
2021-03-17 09:00:00,14440.0,14710.0,13520.0,14640.0,842311.4517315,11885331148.429775
2021-03-18 09:00:00,14640.0,14710.0,14220.0,14270.0,629434.71607531,9101827356.201136
2021-03-19 09:00:00,14300.0,14570.0,13980.0,14360.0,683310.66786599,9819556448.024794
2021-03-20 09:00:00,14360.0,15700.0,14160.0,14330.0,1188314.20018884,17537706256.597122
2021-03-21 09:00:00,14330.0,14630.0,13960.0,14070.0,754719.60294561,10744671756.321037
2021-03-22 09:00:00,14070.0,16020.0,13740.0,13930.0,3065217.34967348,45270730540.09766
2021-03-23 09:00:00,13940.0,17400.0,13900.0,14740.0,7097005.41969852,107357541711.83719
2021-03-24 09:00:00,14770.0,15370.0,13820.0,13990.0,2655866.84399321,39296174177.57035
2021-03-25 09:00:00,13970.0,14520.0,13160.0,13700.0,1530546.6174173,21029441079.800465
2021-03-26 09:00:00,13700.0,14430.0,13690.0,14200.0,1126527.71284459,15805855667.709259
2021-03-27 09:00:00,14200.0,14300.0,13850.0,14050.0,806521.51457941,11356798949.780733
2021-03-28 09:00:00,14060.0,14440.0,14000.0,14290.0,1062141.14827518,15145468350.479
2021-03-29 09:00:00,14300.0,15490.0,14140.0,15180.0,1386925.48460232,20383236595.178936
2021-03-30 09:00:00,15170.0,16120.0,14850.0,15940.0,1675755.25615542,25794050827.626377
2021-03-31 09:00:00,15930.0,17500.0,15050.0,17390.0,2857682.71748176,46559053494.912224
2021-04-01 09:00:00,17400.0,18580.0,16700.0,17740.0,2705382.00231597,47411001685.712875
2021-04-02 09:00:00,17740.0,19540.0,17240.0,19140.0,2624374.7466279,48589405870.49152
2021-04-03 09:00:00,19140.0,19800.0,17010.0,17420.0,2980171.23007678,55842102268.89755
2021-04-04 09:00:00,17400.0,18650.0,17130.0,18540.0,1532191.18488619,27533695222.559498
2021-04-05 09:00:00,18540.0,22090.0,18430.0,21920.0,4973326.35002939,100265702796.27946
2021-04-06 09:00:00,21920.0,26260.0,21120.0,24050.0,10755728.92583231,256626516254.80154
2021-04-07 09:00:00,24080.0,33050.0,20500.0,25100.0,32132129.76128033,843620211482.4438
2021-04-08 09:00:00,25150.0,25820.0,22350.0,25770.0,9228360.24032054,223674682366.15192
2021-04-09 09:00:00,25770.0,26160.0,24000.0,24700.0,4046055.14580209,100580876983.96303
2021-04-10 09:00:00,24700.0,27770.0,24000.0,26810.0,7313282.4214789,189144181315.65466
2021-04-11 09:00:00,26810.0,28120.0,25500.0,26820.0,5119671.55429306,138060238419.86237
2021-04-12 09:00:00,26770.0,26890.0,25010.0,25600.0,2422315.12606828,62603093382.81481
2021-04-13 09:00:00,25610.0,28300.0,25100.0,26910.0,3921572.89095634,103565911617.56195
2021-04-14 09:00:00,26940.0,30540.0,25850.0,28040.0,8561760.15266937,239648671011.35962
2021-04-15 09:00:00,28040.0,38110.0,27000.0,36240.0,21413045.33905998,699368847516.0066
2021-04-16 09:00:00,36230.0,59500.0,35670.0,49110.0,54045725.44727341,2419291930011.4727
2021-04-17 09:00:00,49110.0,62590.0,48820.0,49000.0,31624177.79013236,1755114296732.6814
2021-04-18 09:00:00,49100.0,55000.0,42390.0,50680.0,28698532.29582968,1390904559372.798
2021-04-19 09:00:00,50690.0,51440.0,42000.0,43490.0,10044761.85565626,471689855418.49274
2021-04-20 09:00:00,43350.0,45360.0,36500.0,43040.0,14485967.01635197,600116157690.0563
2021-04-21 09:00:00,43030.0,44120.0,39710.0,40590.0,5816937.7930108,243702426994.77142
2021-04-22 09:00:00,40600.0,48190.0,37100.0,39510.0,34800447.15064702,1518306046868.4814
2021-04-23 09:00:00,39500.0,42150.0,28670.0,39400.0,34689075.05726705,1254733919730.1606
2021-04-24 09:00:00,39410.0,39930.0,35260.0,36280.0,11464914.95488849,425724232253.37415
2021-04-25 09:00:00,36280.0,39100.0,33600.0,36100.0,11652384.14129548,428777706726.30804
2021-04-26 09:00:00,36010.0,39230.0,35000.0,39080.0,9229125.9530136,346494295003.1674
2021-04-27 09:00:00,39080.0,40530.0,37470.0,39880.0,9536120.71683709,373887552398.66656
2021-04-28 09:00:00,39880.0,43670.0,37590.0,41190.0,17173495.01911493,693742549025.1628
2021-04-29 09:00:00,41180.0,41880.0,39000.0,41140.0,6699680.18118407,273053872547.12704
2021-04-30 09:00:00,41130.0,43460.0,40590.0,42750.0,6328796.92304771,265809198609.75946
2021-05-01 09:00:00,42730.0,55000.0,42620.0,53400.0,28065904.07162823,1370434293958.981
2021-05-02 09:00:00,53220.0,58780.0,50370.0,54380.0,24834445.70728535,1353319514897.6519
2021-05-03 09:00:00,54310.0,64070.0,53700.0,63700.0,37399213.01173352,2227765002972.7173
2021-05-04 09:00:00,63710.0,89590.0,61500.0,86000.0,71486951.91630256,5215280966633.438
2021-05-05 09:00:00,86000.0,117750.0,82200.0,112000.0,57594655.78510564,5654479765244.261
2021-05-06 09:00:00,111850.0,203350.0,101300.0,159000.0,68003509.79120132,10053164299391.623
2021-05-07 09:00:00,159000.0,180700.0,128200.0,146950.0,43933516.65334547,6839591225464.72
2021-05-08 09:00:00,146500.0,159500.0,134250.0,156900.0,24904240.05144184,3643809384443.218
2021-05-09 09:00:00,156800.0,157300.0,140000.0,145100.0,14310914.30735537,2120854020422.1208
2021-05-10 09:00:00,144950.0,155450.0,134650.0,138100.0,15658709.67219425,2309890638617.7036
2021-05-11 09:00:00,138150.0,146400.0,126500.0,136900.0,14114228.47674139,1906525870895.6152
2021-05-12 09:00:00,136900.0,139500.0,102200.0,107400.0,11638859.50421308,1468810802415.3228
2021-05-13 09:00:00,107300.0,125700.0,99000.0,114050.0,17483125.1293337,1985638914253.1572
2021-05-14 09:00:00,114150.0,134450.0,109400.0,127950.0,22554292.57830914,2794990398900.23
2021-05-15 09:00:00,128050.0,139550.0,117750.0,122200.0,18543998.4220986,2404241310231.601
2021-05-16 09:00:00,121750.0,126500.0,110250.0,117950.0,11008315.1905426,1319172452152.3252
2021-05-17 09:00:00,117900.0,119800.0,99290.0,111400.0,19805763.93718166,2166450354763.6553
2021-05-18 09:00:00,111400.0,117550.0,107500.0,111550.0,10952027.59749189,1235653866284.4443
2021-05-19 09:00:00,111550.0,112050.0,58000.0,81760.0,40561337.67656424,3550683532031.4087
2021-05-20 09:00:00,81840.0,99870.0,74580.0,93120.0,31504139.50906277,2787292858208.087
2021-05-21 09:00:00,93080.0,98500.0,74870.0,84270.0,18072382.18832337,1582372204299.285
2021-05-22 09:00:00,84270.0,85300.0,67500.0,74160.0,14447696.62963849,1085510554973.5594
2021-05-23 09:00:00,74200.0,79550.0,51600.0,63240.0,20730890.01220125,1344375782687.6838
2021-05-24 09:00:00,63230.0,92460.0,57650.0,89320.0,39460198.731021,2938327084182.681
2021-05-25 09:00:00,89640.0,103750.0,86370.0,96380.0,47880351.43289646,4527058663795.194
2021-05-26 09:00:00,96410.0,99760.0,92100.0,96300.0,15955087.40584402,1529942066117.3982
2021-05-27 09:00:00,96290.0,96310.0,87500.0,90550.0,10625222.43823414,971135279690.098
2021-05-28 09:00:00,90540.0,93990.0,78790.0,83550.0,22792604.29352331,1969767974162.2832
2021-05-29 09:00:00,83520.0,85600.0,75530.0,79440.0,11659047.91562964,934806856061.2153
2021-05-30 09:00:00,79440.0,82880.0,72400.0,80090.0,15089303.37567657,1185073407423.0286
2021-05-31 09:00:00,80090.0,82910.0,75540.0,82240.0,11721932.63465925,927969547717.8306
2021-06-01 09:00:00,82250.0,84210.0,78700.0,79890.0,7170672.58458392,579973160374.632
2021-06-02 09:00:00,79890.0,82500.0,78040.0,79790.0,5650977.09435625,451093295524.7682
2021-06-03 09:00:00,79840.0,84160.0,78700.0,80920.0,6608254.06624586,535274773155.65173
2021-06-04 09:00:00,80920.0,80920.0,73000.0,75380.0,5984085.6866651,457477550733.01276
2021-06-05 09:00:00,75440.0,78150.0,73610.0,74630.0,3568823.78214045,270592362443.5193
2021-06-06 09:00:00,74650.0,77600.0,73900.0,74690.0,2944872.97406443,220196030584.07004
2021-06-07 09:00:00,74690.0,74940.0,66900.0,67580.0,3866015.46629791,278194101143.3487
2021-06-08 09:00:00,67580.0,69380.0,58070.0,65330.0,6811119.59053902,435272837170.0483
2021-06-09 09:00:00,65330.0,74390.0,61610.0,72100.0,12068780.03548929,828118196171.8568
2021-06-10 09:00:00,72100.0,73900.0,67400.0,68060.0,7854193.93992232,550446402466.4995
2021-06-11 09:00:00,68060.0,70850.0,65500.0,66490.0,5934137.41078926,403904080379.4366
2021-06-12 09:00:00,66500.0,66890.0,61800.0,64140.0,3681585.37436189,235729555014.12488
2021-06-13 09:00:00,64160.0,69500.0,62510.0,67700.0,3347791.7899665,218903007343.15186
2021-06-14 09:00:00,67700.0,70000.0,65220.0,68030.0,4562647.62876919,308759028868.5333
2021-06-15 09:00:00,68040.0,68900.0,66510.0,67200.0,2295618.62774267,155573301804.4007
2021-06-16 09:00:00,67200.0,67300.0,64270.0,65410.0,1990029.72599907,130887498038.17508
2021-06-17 09:00:00,65410.0,66800.0,64500.0,65390.0,1411900.49576149,92923211946.52481
2021-06-18 09:00:00,65390.0,65500.0,61000.0,62340.0,1798321.99755042,113498190894.93193
2021-06-19 09:00:00,62350.0,62990.0,60330.0,60490.0,1272541.46435159,78324795916.33618
2021-06-20 09:00:00,60480.0,60830.0,55800.0,59880.0,2738503.22670316,160148090137.90152
2021-06-21 09:00:00,59990.0,60600.0,45210.0,46830.0,7015053.13186991,366765512318.8789
2021-06-22 09:00:00,46830.0,50300.0,38010.0,42650.0,13006344.01899586,565435541498.1703
2021-06-23 09:00:00,42610.0,49500.0,40160.0,47240.0,7801889.69792651,357287879858.9924
2021-06-24 09:00:00,47290.0,50610.0,45000.0,49880.0,5312105.13219027,255227079667.6837
2021-06-25 09:00:00,49870.0,52700.0,45850.0,46280.0,5612003.18806341,278124425400.4737
2021-06-26 09:00:00,46280.0,47750.0,44110.0,47430.0,3174788.3148559,145992124481.166
2021-06-27 09:00:00,47430.0,49220.0,45890.0,48850.0,2596128.15569755,122660045707.1728
2021-06-28 09:00:00,48860.0,51670.0,47390.0,50220.0,4318167.12204643,212340322086.57556
2021-06-29 09:00:00,50280.0,68890.0,49900.0,65910.0,19321945.79751852,1182745970550.9639
2021-06-30 09:00:00,65870.0,72610.0,63440.0,67000.0,16446663.56853105,1119467340559.2468
2021-07-01 09:00:00,67000.0,68510.0,61000.0,62280.0,7310202.17923235,469195418466.63165
2021-07-02 09:00:00,62290.0,65060.0,59750.0,62800.0,5967763.04382184,368717389239.5399
2021-07-03 09:00:00,62810.0,68000.0,61150.0,66070.0,7106869.55744464,467266672859.44904
2021-07-04 09:00:00,66080.0,68500.0,65440.0,65900.0,5575321.18474431,373660436891.83215
2021-07-05 09:00:00,65900.0,66480.0,62010.0,63000.0,5116128.67960674,328835281685.7037
2021-07-06 09:00:00,63010.0,66010.0,62870.0,63810.0,3701751.35808303,237707212351.57614
2021-07-07 09:00:00,63810.0,64590.0,62000.0,62300.0,3294533.090349,209260433151.12512
2021-07-08 09:00:00,62280.0,62450.0,57300.0,58810.0,4243327.24768685,253071551910.43472
2021-07-09 09:00:00,58810.0,60820.0,54930.0,59030.0,5298235.25620177,309687731618.54846
2021-07-10 09:00:00,59130.0,60600.0,57210.0,58010.0,1888528.83290353,110824275383.01472
2021-07-11 09:00:00,58010.0,59250.0,56810.0,58330.0,1371602.02983808,79520022805.8809
2021-07-12 09:00:00,58340.0,59300.0,55510.0,56440.0,2161145.68957563,124453183667.16211
2021-07-13 09:00:00,56440.0,57160.0,53700.0,53900.0,2220746.66576796,122640339519.33362
2021-07-14 09:00:00,53980.0,56410.0,50650.0,53680.0,4827450.34292054,257857702121.15125
2021-07-15 09:00:00,53680.0,55490.0,50380.0,51010.0,2846004.68994365,149164390410.70886
2021-07-16 09:00:00,51010.0,51760.0,48000.0,48690.0,3147680.53938444,156888232196.0225
2021-07-17 09:00:00,48740.0,51150.0,47500.0,49030.0,2299511.05906952,112152792658.01366
2021-07-18 09:00:00,49040.0,51200.0,48550.0,49650.0,1930171.6652077,96437068793.56058
2021-07-19 09:00:00,49650.0,52400.0,48500.0,49710.0,4781893.14661503,240254255362.18353
2021-07-20 09:00:00,49760.0,50250.0,45500.0,46950.0,4942615.3238908,232286474462.3957
2021-07-21 09:00:00,46960.0,51350.0,46210.0,50670.0,4661160.41432242,230151479922.1002
2021-07-22 09:00:00,50670.0,52420.0,49540.0,50930.0,3192285.55868426,162229745144.55048
2021-07-23 09:00:00,50930.0,54920.0,50520.0,53230.0,5038292.69173747,265452736315.53995
2021-07-24 09:00:00,53270.0,59960.0,52160.0,57710.0,6416642.99195235,357789765323.23895
2021-07-25 09:00:00,57720.0,58270.0,53730.0,56060.0,3851886.74345806,214443230423.5157
2021-07-26 09:00:00,56110.0,64700.0,55550.0,55870.0,12993291.31164457,783024544652.0468
2021-07-27 09:00:00,55870.0,57970.0,53300.0,56990.0,6809331.20396185,380220116175.0114
2021-07-28 09:00:00,56990.0,59400.0,55800.0,57030.0,5297408.05079534,303491916661.1913
2021-07-29 09:00:00,57030.0,57460.0,55850.0,56720.0,2265345.19260775,127931944744.5858
2021-07-30 09:00:00,56700.0,59590.0,55000.0,58660.0,4688045.82483036,268386543788.90454
2021-07-31 09:00:00,58660.0,60520.0,57510.0,59440.0,3465542.03011353,204483775976.0169
2021-08-01 09:00:00,59440.0,63310.0,57800.0,58300.0,5613022.9365245,341023904727.2221
2021-08-02 09:00:00,58300.0,60680.0,57000.0,59620.0,3737780.84215271,221778035744.72595
2021-08-03 09:00:00,59540.0,60620.0,57040.0,58300.0,2591157.46035947,151427305178.32715
2021-08-04 09:00:00,58300.0,60170.0,56940.0,59370.0,2954682.83449712,173004901958.29416
2021-08-05 09:00:00,59370.0,63200.0,57300.0,60560.0,5644709.79962571,340813617044.3977
2021-08-06 09:00:00,60540.0,61850.0,59520.0,61130.0,3175258.24781115,192098944357.55923
2021-08-07 09:00:00,61130.0,69830.0,60600.0,69490.0,12362526.19911223,821054775520.2253
2021-08-08 09:00:00,69440.0,72750.0,65600.0,66320.0,9915138.23137101,690408316160.6934
2021-08-09 09:00:00,66320.0,69270.0,63810.0,67730.0,5745273.10713107,385038827876.15173
2021-08-10 09:00:00,67710.0,68910.0,66500.0,67610.0,4562584.08342298,308256406759.0444
2021-08-11 09:00:00,67600.0,72790.0,67480.0,70080.0,6624551.16017701,463992693363.9899
2021-08-12 09:00:00,70070.0,76100.0,68050.0,70410.0,9653359.96571462,690298563780.9397
2021-08-13 09:00:00,70460.0,74450.0,69380.0,74120.0,5612860.13616654,405141326313.1074
2021-08-14 09:00:00,74120.0,78470.0,72110.0,78300.0,9372366.95729114,706335078165.8115
2021-08-15 09:00:00,78310.0,89360.0,77800.0,87380.0,16757733.60254904,1409766730234.1238
2021-08-16 09:00:00,87380.0,88490.0,80370.0,81510.0,6989055.60434264,592002018022.9357
2021-08-17 09:00:00,81520.0,83840.0,74300.0,75400.0,8186887.01882425,653561521178.8684
2021-08-18 09:00:00,75380.0,77420.0,70660.0,75440.0,6869755.90951968,511677677409.83344
2021-08-19 09:00:00,75440.0,78880.0,72300.0,78850.0,4506440.76515763,338080464985.1276
2021-08-20 09:00:00,78830.0,82990.0,77500.0,82200.0,5303378.23380818,424820488104.59644
2021-08-21 09:00:00,82200.0,82500.0,79330.0,79880.0,4268978.89155613,344516666630.1701
2021-08-22 09:00:00,79880.0,80600.0,76800.0,78800.0,3045879.06056815,240841483450.33786
2021-08-23 09:00:00,78810.0,81200.0,78030.0,79330.0,4189739.9372458,333554489283.15125
2021-08-24 09:00:00,79330.0,79560.0,74000.0,74120.0,3835161.26558664,294316227441.573
2021-08-25 09:00:00,74120.0,76100.0,71300.0,74750.0,3339280.26990293,246265012149.45065
2021-08-26 09:00:00,74750.0,75280.0,70240.0,70630.0,2726705.46810755,196481364829.90842
2021-08-27 09:00:00,70630.0,75610.0,69200.0,75430.0,3487189.29124278,251215882554.6165
2021-08-28 09:00:00,75430.0,78700.0,74750.0,77000.0,5567456.72311692,428255514670.79767
2021-08-29 09:00:00,77000.0,82450.0,75860.0,76340.0,6582782.87934105,516712638605.41705
2021-08-30 09:00:00,76340.0,77850.0,72820.0,73560.0,3235013.55020499,241301565604.34116
2021-08-31 09:00:00,73590.0,76900.0,72000.0,74800.0,4565715.65429806,341203986004.7433
2021-09-01 09:00:00,74800.0,80410.0,73020.0,80030.0,4978769.35561422,382960999682.4548
2021-09-02 09:00:00,80030.0,81360.0,78120.0,78760.0,5802781.63315142,460669647548.76294
2021-09-03 09:00:00,78760.0,83480.0,77350.0,80730.0,6653533.58888336,535519879274.3711
2021-09-04 09:00:00,80740.0,82430.0,79240.0,79710.0,4502819.44585997,362191128810.6973
2021-09-05 09:00:00,79700.0,84970.0,78690.0,84070.0,5688558.58766654,464728022113.20654
2021-09-06 09:00:00,84040.0,88570.0,82330.0,84780.0,6503270.02382204,553568012358.5577
2021-09-07 09:00:00,84780.0,85390.0,65950.0,72270.0,9940093.67911262,761174347632.0535
2021-09-08 09:00:00,72490.0,74500.0,65000.0,71320.0,6997394.4019019,488168009670.0807
2021-09-09 09:00:00,71320.0,72370.0,69300.0,71050.0,3264409.51339635,231424328310.29587
2021-09-10 09:00:00,71070.0,73300.0,67560.0,69100.0,3091600.52890274,217845233826.8181
2021-09-11 09:00:00,69050.0,70530.0,67890.0,69270.0,1606611.42865122,111352843926.04047
2021-09-12 09:00:00,69270.0,70840.0,68340.0,69620.0,1857005.32120737,129389110713.72362
2021-09-13 09:00:00,69660.0,70400.0,65850.0,67350.0,2962835.62461101,200905888422.50714
2021-09-14 09:00:00,67350.0,69070.0,66700.0,68830.0,1530002.61740326,103934863865.94159
2021-09-15 09:00:00,68810.0,70720.0,67920.0,70280.0,1866963.56558862,129492480182.58887
2021-09-16 09:00:00,70280.0,71100.0,68510.0,69590.0,1717859.59801424,119981942873.72047
2021-09-17 09:00:00,69590.0,70670.0,68110.0,69020.0,1563961.53274486,108454952822.21199
2021-09-18 09:00:00,69070.0,70440.0,68380.0,69460.0,1079710.11215319,75101821393.28758
2021-09-19 09:00:00,69460.0,69470.0,67770.0,67940.0,918565.92466429,62905058885.26533
2021-09-20 09:00:00,67940.0,68010.0,59700.0,61300.0,3129014.51926283,198811916053.05292
2021-09-21 09:00:00,61380.0,62980.0,55760.0,56920.0,2459998.87506464,146771854658.9591
2021-09-22 09:00:00,56920.0,63640.0,55300.0,63410.0,2108316.61371051,125423792763.06804
2021-09-23 09:00:00,63410.0,64220.0,59920.0,62330.0,1424786.6407212,88458001966.96681
2021-09-24 09:00:00,62330.0,62850.0,55890.0,58090.0,2241611.30208288,130785247360.98715
2021-09-25 09:00:00,58100.0,60950.0,56550.0,58260.0,1651877.24157369,96664813485.4554
2021-09-26 09:00:00,58260.0,59020.0,55340.0,57780.0,1619412.2023186,92738093159.93367
2021-09-27 09:00:00,57780.0,58770.0,55900.0,55920.0,1015447.40416536,58248806655.20281
2021-09-28 09:00:00,55920.0,59560.0,55000.0,55130.0,2333371.00269549,132693834766.8618
2021-09-29 09:00:00,55130.0,57170.0,54430.0,55610.0,1275816.88684302,71282142257.70503
2021-09-30 09:00:00,55610.0,57550.0,55300.0,57400.0,1499305.07603564,85175262886.40042
2021-10-01 09:00:00,57410.0,64200.0,57050.0,62880.0,4002809.16679321,246617650127.125
2021-10-02 09:00:00,62890.0,67800.0,61820.0,65130.0,4470044.26499936,293569793093.6408
2021-10-03 09:00:00,65130.0,66640.0,63070.0,65180.0,2421404.64784232,157891199990.21185
2021-10-04 09:00:00,65170.0,65430.0,61860.0,64200.0,2148698.22098695,136441426070.32864
2021-10-05 09:00:00,64240.0,66600.0,63260.0,65270.0,2517653.60497565,163381462117.76767
2021-10-06 09:00:00,65250.0,67800.0,61910.0,66540.0,4313663.8631613,284372541312.596
2021-10-07 09:00:00,66550.0,67400.0,64890.0,66060.0,2172099.13571969,143585797206.55353
2021-10-08 09:00:00,66060.0,67200.0,64420.0,65510.0,1994252.6985253,131601805500.3539
2021-10-09 09:00:00,65600.0,71950.0,65100.0,67870.0,4083032.47782526,280780221542.8044
2021-10-10 09:00:00,67900.0,69100.0,65310.0,65690.0,2074084.36849097,139475654248.34467
2021-10-11 09:00:00,65660.0,68480.0,65000.0,66570.0,2376181.4822625,159211981250.19913
2021-10-12 09:00:00,66570.0,66640.0,63200.0,65100.0,1852912.89898785,119922737213.12155
2021-10-13 09:00:00,65100.0,66010.0,63300.0,65150.0,1287442.11205185,82999202885.73068
2021-10-14 09:00:00,65200.0,66990.0,64610.0,66390.0,1692105.82220671,111624002333.65176
2021-10-15 09:00:00,66380.0,69180.0,64260.0,66640.0,4480636.03925073,298203219173.24207
2021-10-16 09:00:00,66650.0,67700.0,65500.0,66400.0,1556296.10273007,103707290157.16086
2021-10-17 09:00:00,66400.0,67050.0,63700.0,65450.0,992169.40356832,65387697958.59329
2021-10-18 09:00:00,65450.0,66130.0,64160.0,64800.0,1288563.65051172,84022420731.24641
2021-10-19 09:00:00,64800.0,65480.0,64020.0,64790.0,777792.12548216,50408432262.5601
2021-10-20 09:00:00,64800.0,67600.0,64110.0,67220.0,1709775.51205771,112967104091.40675
2021-10-21 09:00:00,67290.0,72860.0,67100.0,67910.0,5794710.54313537,404448662386.79816
2021-10-22 09:00:00,67920.0,70300.0,66130.0,66810.0,2470027.61750273,168490050394.05942
2021-10-23 09:00:00,66810.0,68720.0,66160.0,68390.0,1183082.08033237,79710621037.15405
2021-10-24 09:00:00,68390.0,68700.0,66300.0,67300.0,986667.54535595,66397705113.9631
2021-10-25 09:00:00,67270.0,68430.0,66800.0,67330.0,949024.84547682,64197021902.29157
2021-10-26 09:00:00,67350.0,67540.0,65590.0,65820.0,1132172.46292826,75521795924.70169
2021-10-27 09:00:00,65840.0,66850.0,57500.0,59970.0,3129419.68382139,194198148651.2306
2021-10-28 09:00:00,59970.0,65270.0,59000.0,63100.0,2669975.34412771,166527694607.89938
2021-10-29 09:00:00,63120.0,65130.0,62500.0,64370.0,1734424.24780469,110459761300.99648
2021-10-30 09:00:00,64380.0,64600.0,62020.0,62970.0,1337525.57703454,84527478163.06802
2021-10-31 09:00:00,62970.0,72300.0,62050.0,64400.0,5602857.05040575,371147903704.17487
2021-11-01 09:00:00,64400.0,65290.0,62500.0,64050.0,1868417.80038934,119608658807.04822
2021-11-02 09:00:00,64060.0,65450.0,63400.0,64700.0,1849752.22502689,118651631752.51321
2021-11-03 09:00:00,64740.0,67210.0,62810.0,65830.0,3214023.8411295,209265493548.61728
2021-11-04 09:00:00,65830.0,66780.0,64070.0,64690.0,1371467.21852608,89433945719.23682
2021-11-05 09:00:00,64680.0,65190.0,64020.0,64610.0,1104422.64562922,71332226091.38705
2021-11-06 09:00:00,64610.0,64780.0,63310.0,64150.0,858590.6735718,55094384322.398796
2021-11-07 09:00:00,64150.0,66650.0,63900.0,65490.0,1306322.20633101,85088926086.30907
2021-11-08 09:00:00,65570.0,68410.0,65100.0,68280.0,2740939.58618321,182991308930.35016
2021-11-09 09:00:00,68230.0,76960.0,67310.0,73470.0,11914110.05911645,873956258094.6152
2021-11-10 09:00:00,73430.0,77430.0,67000.0,70110.0,8487837.88902093,623684895010.379
2021-11-11 09:00:00,70110.0,70620.0,68010.0,69390.0,2372718.40763966,164522291412.70007
2021-11-12 09:00:00,69370.0,69740.0,66520.0,67610.0,2447123.01565678,166215509016.77307
2021-11-13 09:00:00,67610.0,68590.0,66760.0,68130.0,1445526.10068891,97872175982.58194
2021-11-14 09:00:00,68130.0,68760.0,66850.0,68020.0,933266.35426719,63214921297.94828
2021-11-15 09:00:00,68000.0,68830.0,66500.0,66800.0,1640057.48378443,110877422733.11827
2021-11-16 09:00:00,66810.0,66820.0,61700.0,62630.0,2848524.1456468,181537709483.50278
2021-11-17 09:00:00,62600.0,63330.0,60500.0,62930.0,1804410.53915636,112029988568.47261
2021-11-18 09:00:00,62930.0,63430.0,59300.0,60100.0,2019619.81956064,123591916005.96506
2021-11-19 09:00:00,60100.0,62930.0,59300.0,62620.0,1202068.77368145,73855077299.68863
2021-11-20 09:00:00,62620.0,63670.0,61140.0,63030.0,856787.87520903,53653675431.22759
2021-11-21 09:00:00,63050.0,64110.0,62040.0,62790.0,752422.13442022,47338846303.2119
2021-11-22 09:00:00,62800.0,62980.0,60340.0,60940.0,916621.4678736,56269869570.76927
2021-11-23 09:00:00,60940.0,62110.0,60170.0,61710.0,1024634.53457985,62641274527.61292
2021-11-24 09:00:00,61710.0,61930.0,59770.0,60450.0,1173623.21276744,70856458786.98116
2021-11-25 09:00:00,60450.0,67480.0,60000.0,62720.0,5475311.70850265,352205927742.71106
2021-11-26 09:00:00,62740.0,63000.0,59000.0,59400.0,2349092.07925047,142586575450.8193
2021-11-27 09:00:00,59400.0,60700.0,58880.0,60100.0,801960.89286365,48097036973.97156
2021-11-28 09:00:00,60100.0,60420.0,58000.0,60170.0,1054853.73493718,62321575085.82861
2021-11-29 09:00:00,60170.0,61240.0,59260.0,60270.0,1045255.95096251,62896790073.99879
2021-11-30 09:00:00,60270.0,62390.0,58500.0,60010.0,1836819.40640258,111487289852.79462
2021-12-01 09:00:00,60010.0,61380.0,59350.0,59570.0,1045705.97225883,63134693318.74143
2021-12-02 09:00:00,59570.0,59610.0,58100.0,58750.0,806487.300938,47489019891.40134
2021-12-03 09:00:00,58750.0,59390.0,56300.0,56960.0,1005028.98710568,58375841810.09102
2021-12-04 09:00:00,56960.0,56970.0,35450.0,49850.0,3971711.28921169,191150766184.54422
2021-12-05 09:00:00,49820.0,51490.0,45960.0,48680.0,1807392.205276,89079515095.25345
2021-12-06 09:00:00,48690.0,49880.0,43930.0,49200.0,2442753.79673241,114240087479.68962
2021-12-07 09:00:00,49200.0,50500.0,47750.0,49470.0,1787151.26067621,87864105713.41135
2021-12-08 09:00:00,49470.0,52090.0,48550.0,50540.0,2176896.77860798,109498108010.27968
2021-12-09 09:00:00,50540.0,50930.0,46770.0,46920.0,1095837.62743158,53463426804.89667
2021-12-10 09:00:00,46900.0,48560.0,45730.0,46120.0,1122460.19284306,52777284127.73564
2021-12-11 09:00:00,46120.0,47800.0,45230.0,47310.0,573200.35023763,26825835592.39743
2021-12-12 09:00:00,47310.0,47680.0,46070.0,47040.0,415370.71531663,19475596539.926292
2021-12-13 09:00:00,47050.0,47280.0,42560.0,42940.0,1069628.3276216,47739133996.8594
2021-12-14 09:00:00,42950.0,45770.0,41640.0,43870.0,1315356.80035844,57314968000.952354
2021-12-15 09:00:00,43880.0,46030.0,41590.0,45250.0,951479.90411131,41722405776.91563
2021-12-16 09:00:00,45280.0,45900.0,43850.0,44110.0,562462.28808641,25330719170.240196
2021-12-17 09:00:00,44110.0,44390.0,42000.0,43160.0,641196.51279902,27749565313.069084
2021-12-18 09:00:00,43160.0,44170.0,42500.0,43600.0,392887.43536735,17104719472.953093
2021-12-19 09:00:00,43600.0,44950.0,43390.0,43490.0,408191.03514171,17922503240.867645
2021-12-20 09:00:00,43570.0,43910.0,41910.0,42690.0,586987.89828157,25062602227.11222
2021-12-21 09:00:00,42700.0,43620.0,42320.0,43470.0,442452.88498003,19107815139.190884
2021-12-22 09:00:00,43470.0,44760.0,43200.0,43930.0,450539.34813377,19795074326.58512
2021-12-23 09:00:00,43870.0,45530.0,43400.0,45430.0,655030.09452981,29033535107.39111
2021-12-24 09:00:00,45430.0,46730.0,44990.0,45610.0,684562.12354802,31492898499.460426
2021-12-25 09:00:00,45650.0,47000.0,45470.0,46130.0,379075.18201579,17554531369.415043
2021-12-26 09:00:00,46150.0,46410.0,45150.0,45950.0,357763.60158706,16342015722.405432
2021-12-27 09:00:00,45950.0,46730.0,45350.0,45710.0,500644.96052928,23057171909.619263
2021-12-28 09:00:00,45690.0,45700.0,42430.0,42820.0,701203.54868977,30841765908.75
2021-12-29 09:00:00,42830.0,43200.0,41510.0,41890.0,513322.39521548,21788064785.2438
2021-12-30 09:00:00,41890.0,42780.0,41090.0,42050.0,417098.8608399,17451153479.684948
2021-12-31 09:00:00,41940.0,43160.0,41200.0,41770.0,343051.23030392,14478243802.487904
2022-01-01 09:00:00,41760.0,42410.0,41740.0,42410.0,193962.60010928,8157493498.437169
2022-01-02 09:00:00,42420.0,43580.0,41900.0,43020.0,468452.1069468,19964111092.34005
2022-01-03 09:00:00,43020.0,43110.0,41900.0,42390.0,446742.62136225,19043032223.32872
2022-01-04 09:00:00,42390.0,42590.0,41550.0,41710.0,476610.62209569,20051036446.134785
2022-01-05 09:00:00,41710.0,42260.0,38010.0,39640.0,764326.09897969,31111107948.05465
2022-01-06 09:00:00,39640.0,39950.0,38100.0,39090.0,692970.58410312,26858058626.005924
2022-01-07 09:00:00,39090.0,39250.0,36150.0,37730.0,911365.8309529,34252847707.95727
2022-01-08 09:00:00,37740.0,38310.0,35940.0,36760.0,418405.04629827,15548538038.067509
2022-01-09 09:00:00,36760.0,37270.0,36300.0,36780.0,299615.68142519,11028194325.186842
2022-01-10 09:00:00,36780.0,37060.0,33630.0,34970.0,804605.49663921,28344004763.505394
2022-01-11 09:00:00,34970.0,36520.0,34700.0,36320.0,628317.60245119,22398698039.11666
2022-01-12 09:00:00,36310.0,38000.0,36010.0,37840.0,415890.92305799,15411430634.887827
2022-01-13 09:00:00,37840.0,38720.0,36800.0,36850.0,487264.23952803,18456866384.289494
2022-01-14 09:00:00,36860.0,40630.0,36660.0,38800.0,1607003.82491977,63089383187.5789
2022-01-15 09:00:00,38800.0,40530.0,38540.0,39920.0,683663.24605289,27139303984.263607
2022-01-16 09:00:00,39920.0,39930.0,38930.0,39100.0,394176.84541147,15482525275.68284
2022-01-17 09:00:00,39100.0,39210.0,37200.0,37760.0,421189.0223108,16053123230.10087
2022-01-18 09:00:00,37750.0,41600.0,37320.0,39460.0,2788394.52214063,110044689813.23662
2022-01-19 09:00:00,39460.0,42240.0,37780.0,37810.0,3144402.94498355,125593284186.52885
2022-01-20 09:00:00,37810.0,38580.0,35500.0,35850.0,1311052.93275763,48884327579.58751
2022-01-21 09:00:00,35850.0,36140.0,31610.0,32270.0,1442288.08493488,49408733517.70931
2022-01-22 09:00:00,32270.0,32740.0,27120.0,29940.0,1770156.91057521,52897852791.02103
2022-01-23 09:00:00,29940.0,30910.0,29000.0,30670.0,830973.7743013,24998395546.63285
2022-01-24 09:00:00,30660.0,30670.0,27000.0,29460.0,1188031.31105424,33877707460.12589
2022-01-25 09:00:00,29460.0,29650.0,28280.0,29250.0,744770.99361928,21578100269.523216
2022-01-26 09:00:00,29270.0,32000.0,28970.0,29810.0,1162128.38280213,35032184956.747444
2022-01-27 09:00:00,29830.0,30380.0,28750.0,29950.0,707093.63447359,20912173558.004948
2022-01-28 09:00:00,29940.0,31200.0,29600.0,31100.0,758292.4406021,22990825337.38789
2022-01-29 09:00:00,31090.0,31700.0,30870.0,31380.0,574855.1425358,17966008232.742985
2022-01-30 09:00:00,31380.0,32000.0,30540.0,31090.0,461956.55087356,14507172932.944319
2022-01-31 09:00:00,31090.0,31670.0,29830.0,31560.0,389578.49535661,11948369253.886534
2022-02-01 09:00:00,31560.0,33230.0,31310.0,33050.0,706082.13652878,22686400912.494614
2022-02-02 09:00:00,33050.0,35500.0,32300.0,32410.0,2751444.11425437,94647347096.43398
2022-02-03 09:00:00,32360.0,34600.0,31740.0,34210.0,971897.95932162,31892146977.491737
2022-02-04 09:00:00,34210.0,36330.0,33630.0,36180.0,1390468.95156941,48515074827.50944
2022-02-05 09:00:00,36200.0,36680.0,35350.0,36190.0,1641635.79628693,59325568453.51838
2022-02-06 09:00:00,36190.0,37070.0,35320.0,36510.0,1095588.73129121,39719245865.59591
2022-02-07 09:00:00,36530.0,40600.0,35940.0,39870.0,3747736.53780389,146157621480.1445
2022-02-08 09:00:00,39870.0,40450.0,36890.0,39100.0,1952069.73503271,75741541186.91946
2022-02-09 09:00:00,39100.0,42010.0,38080.0,40820.0,3283609.87209078,133736296734.46494
2022-02-10 09:00:00,40810.0,44650.0,40520.0,41950.0,5446431.9375553,234415194160.0241
2022-02-11 09:00:00,42000.0,45650.0,38830.0,40050.0,5998572.91922822,259682600960.93518
2022-02-12 09:00:00,40020.0,40890.0,37880.0,38750.0,3199410.42857639,125496847210.02325
2022-02-13 09:00:00,38750.0,41550.0,38500.0,39670.0,3379921.94590713,136321992470.71124
2022-02-14 09:00:00,39670.0,40740.0,37150.0,38260.0,2648367.35426246,103396982467.62198
2022-02-15 09:00:00,38260.0,40680.0,37770.0,40450.0,2014593.23695955,79741090590.57155
2022-02-16 09:00:00,40450.0,40470.0,38410.0,39230.0,1258896.95374956,49603680119.76279
2022-02-17 09:00:00,39170.0,39610.0,35420.0,35860.0,1407609.4923201,52949091860.727516
2022-02-18 09:00:00,35860.0,37120.0,34680.0,35500.0,976180.16316498,35118979270.45748
2022-02-19 09:00:00,35460.0,35780.0,33730.0,35080.0,708461.68096961,24608114203.046894
2022-02-20 09:00:00,35140.0,35180.0,33020.0,33470.0,660331.13449376,22277947053.962746
2022-02-21 09:00:00,33500.0,34720.0,30440.0,30680.0,1149737.27090316,37617630286.855095
2022-02-22 09:00:00,30660.0,33200.0,30100.0,32430.0,1259953.28685733,39823293530.75159
2022-02-23 09:00:00,32430.0,34390.0,32020.0,32490.0,975367.14487311,32341128946.940678
2022-02-24 09:00:00,32490.0,33350.0,29200.0,32480.0,1790174.08112943,55409284957.32641
2022-02-25 09:00:00,32490.0,34560.0,31750.0,34020.0,1066401.96657178,35023267494.69928
2022-02-26 09:00:00,34020.0,36150.0,33910.0,35320.0,1153238.66595857,40665501080.92821
2022-02-27 09:00:00,35290.0,35660.0,33150.0,33640.0,905014.50236879,31214939264.158005
2022-02-28 09:00:00,33640.0,37150.0,33060.0,36940.0,1067176.58176754,36871693715.48855
2022-03-01 09:00:00,36930.0,38150.0,35860.0,36760.0,1660070.76544273,61250962553.467316
2022-03-02 09:00:00,36750.0,36960.0,35560.0,35940.0,810542.83790484,29423196239.186836
2022-03-03 09:00:00,35940.0,38460.0,35360.0,36950.0,1999611.29999774,74047548398.89294
2022-03-04 09:00:00,36950.0,37890.0,33650.0,34240.0,1313147.75355104,46836031193.14922
2022-03-05 09:00:00,34260.0,34670.0,33120.0,34320.0,598696.45222006,20318496186.144543
2022-03-06 09:00:00,34320.0,34740.0,32960.0,33090.0,570518.82241246,19222874484.789577
2022-03-07 09:00:00,33090.0,34000.0,31640.0,32580.0,761465.31347349,25022462050.732788
2022-03-08 09:00:00,32580.0,33530.0,32400.0,33270.0,546382.13259188,17985122874.447906
2022-03-09 09:00:00,33260.0,35140.0,33000.0,34550.0,912753.76723718,31285578258.55388
2022-03-10 09:00:00,34570.0,35450.0,32660.0,33210.0,992530.18999479,33416676322.79597
2022-03-11 09:00:00,33200.0,33560.0,32500.0,33070.0,581007.58253255,19190952532.911648
2022-03-12 09:00:00,33030.0,33540.0,32800.0,32920.0,404918.19046113,13417630066.125387
2022-03-13 09:00:00,32920.0,33180.0,31750.0,31920.0,392325.33225025,12777635328.103954
2022-03-14 09:00:00,31910.0,32620.0,31500.0,32150.0,426564.84977048,13645762614.52168
2022-03-15 09:00:00,32150.0,32440.0,31500.0,32030.0,299948.21829994,9560456983.559202
2022-03-16 09:00:00,32020.0,33750.0,31920.0,33550.0,695613.53211266,22727444840.199913
2022-03-17 09:00:00,33560.0,33760.0,32730.0,33220.0,515650.33755192,17141893919.63032
2022-03-18 09:00:00,33260.0,34400.0,32700.0,34120.0,525871.77913995,17539756348.571526
2022-03-19 09:00:00,34120.0,41640.0,34100.0,41380.0,4821844.38095702,184428924681.40198
2022-03-20 09:00:00,41370.0,49650.0,40030.0,46780.0,14960309.29359617,670740522199.3486
2022-03-21 09:00:00,46820.0,48810.0,44350.0,46970.0,9241203.73063762,434862166938.84985
2022-03-22 09:00:00,46960.0,57000.0,46670.0,56100.0,12140174.09412189,637017270566.5731
2022-03-23 09:00:00,56100.0,59750.0,52950.0,55160.0,12566158.60106421,715937999123.4435
2022-03-24 09:00:00,55170.0,60160.0,52050.0,58240.0,10856690.26108212,604448825242.6196
2022-03-25 09:00:00,58240.0,60100.0,55940.0,58510.0,9818316.97516767,569498442012.692
2022-03-26 09:00:00,58510.0,59210.0,56820.0,57110.0,4122169.24058441,239527872901.34174
2022-03-27 09:00:00,57110.0,58240.0,54060.0,57100.0,4268153.91209599,239862603128.3324
2022-03-28 09:00:00,57110.0,61300.0,56600.0,57570.0,6837139.2946455,399070496657.43567
2022-03-29 09:00:00,57570.0,62980.0,57400.0,59200.0,11277359.648145,676746012313.5472
2022-03-30 09:00:00,59200.0,61900.0,58830.0,59680.0,6036716.92227364,364323355344.2506
2022-03-31 09:00:00,59680.0,61400.0,57290.0,57700.0,5957407.47446074,352919951158.20447
2022-04-01 09:00:00,57730.0,58490.0,54800.0,57580.0,3642471.00513779,205970857845.2848
2022-04-02 09:00:00,57580.0,58850.0,55650.0,55990.0,2365066.30992691,135020914817.45963
2022-04-03 09:00:00,55980.0,58470.0,54950.0,56880.0,2523212.87361939,143782115376.57986
2022-04-04 09:00:00,56880.0,59100.0,54860.0,57150.0,3604698.92844436,206909470817.14362
2022-04-05 09:00:00,57160.0,57470.0,55010.0,55060.0,1705916.66117651,96291758056.82336
2022-04-06 09:00:00,55040.0,55310.0,47180.0,47460.0,3662524.02838904,187665380601.59937
2022-04-07 09:00:00,47460.0,55280.0,47100.0,53880.0,5387795.7859587,278397086435.99274
2022-04-08 09:00:00,53860.0,54760.0,50150.0,51020.0,2646330.25024243,139178833023.30542
2022-04-09 09:00:00,51030.0,53530.0,50570.0,52350.0,1922631.26163225,100553199185.30722
2022-04-10 09:00:00,52350.0,53200.0,50570.0,50790.0,1149687.34429749,59798355487.02678
2022-04-11 09:00:00,50770.0,51020.0,45670.0,47020.0,2202823.26208501,106663145448.43481
2022-04-12 09:00:00,47020.0,49430.0,46050.0,48090.0,2114103.23434655,101032148555.25772
2022-04-13 09:00:00,48100.0,48800.0,46680.0,48710.0,1284535.97304088,61533345659.950645
2022-04-14 09:00:00,48710.0,49000.0,46260.0,46610.0,1209726.61713722,57679620026.59999
2022-04-15 09:00:00,46610.0,47260.0,46210.0,46880.0,909524.56800056,42465038244.351875
2022-04-16 09:00:00,46880.0,48500.0,46500.0,47720.0,1253702.24196285,59945651404.93789
2022-04-17 09:00:00,47730.0,47950.0,45920.0,46140.0,697489.44693159,32805832327.66279
2022-04-18 09:00:00,46110.0,46380.0,43500.0,46160.0,1371810.94669586,61498739534.42108
2022-04-19 09:00:00,46160.0,47180.0,45230.0,46880.0,1023817.59267546,47219530051.948006
2022-04-20 09:00:00,46880.0,47260.0,45050.0,45540.0,1103018.12982663,50984817407.92806
2022-04-21 09:00:00,45520.0,46660.0,43730.0,44260.0,1296356.71989888,59073453077.63701
2022-04-22 09:00:00,44260.0,45150.0,43500.0,44630.0,885619.61200837,39196233906.12123
2022-04-23 09:00:00,44630.0,44810.0,43550.0,43670.0,492107.82217794,21681011976.206757
2022-04-24 09:00:00,43680.0,44050.0,42150.0,42400.0,775793.83740334,33464928884.022575
2022-04-25 09:00:00,42390.0,43340.0,40000.0,42520.0,1435376.64200865,59390549113.69291
2022-04-26 09:00:00,42530.0,42670.0,39010.0,39380.0,1172522.81271189,47969226327.49257
2022-04-27 09:00:00,39440.0,40270.0,38820.0,39810.0,751368.12834939,29703036723.418037
2022-04-28 09:00:00,39850.0,40500.0,39010.0,39680.0,733599.2969037,29177488589.65058
2022-04-29 09:00:00,39670.0,40180.0,37290.0,37600.0,701200.89927629,27100542972.669815
2022-04-30 09:00:00,37600.0,38140.0,34410.0,34720.0,691137.09208679,25213942183.876083
2022-05-01 09:00:00,34700.0,36100.0,33600.0,35580.0,845757.91173326,29372987958.7274
2022-05-02 09:00:00,35590.0,36330.0,34150.0,35270.0,740929.53833067,26136765712.763317
2022-05-03 09:00:00,35260.0,35890.0,34310.0,34700.0,551892.18727518,19388953476.53454
2022-05-04 09:00:00,34700.0,39290.0,34560.0,39030.0,1300198.39380461,47802664308.480606
2022-05-05 09:00:00,39070.0,42080.0,36150.0,36870.0,3551321.33414129,139599578276.49832
2022-05-06 09:00:00,36870.0,37220.0,35330.0,36530.0,1289852.08114775,46655836606.922386
2022-05-07 09:00:00,36530.0,36650.0,34840.0,35290.0,567573.19326128,20322488782.869057
2022-05-08 09:00:00,35290.0,35750.0,34360.0,34900.0,818347.70229974,28655075563.519657
2022-05-09 09:00:00,34900.0,35720.0,30920.0,31000.0,1765023.66924531,58670406257.7293
2022-05-10 09:00:00,31000.0,33640.0,29700.0,31700.0,1842486.9954391,58807930326.00781
2022-05-11 09:00:00,31650.0,32350.0,26890.0,28050.0,3304457.32477856,98552595382.3452
2022-05-12 09:00:00,28050.0,28760.0,22510.0,25550.0,3148859.21473272,79377228352.2841
2022-05-13 09:00:00,25560.0,28840.0,25250.0,27470.0,2297915.89150578,63513427557.09999
2022-05-14 09:00:00,27500.0,28770.0,26200.0,28100.0,1212420.51053712,33538088347.192806
2022-05-15 09:00:00,28080.0,29180.0,27230.0,29140.0,746378.06738627,20984814385.769054
2022-05-16 09:00:00,29140.0,30150.0,26910.0,27550.0,1257086.81336966,35701192815.847404
2022-05-17 09:00:00,27590.0,28190.0,27000.0,28090.0,786462.07059616,21858406337.97986
2022-05-18 09:00:00,28080.0,28260.0,25500.0,25590.0,881744.26014509,23634536451.132748
2022-05-19 09:00:00,25590.0,26890.0,25000.0,26750.0,850733.7087664,22145040313.45362
2022-05-20 09:00:00,26740.0,27250.0,25570.0,26100.0,725110.0856186,19255242924.186535
2022-05-21 09:00:00,26120.0,26500.0,25760.0,26350.0,341324.93755729,8931207856.862669
2022-05-22 09:00:00,26380.0,27330.0,26110.0,27150.0,639435.83262407,17102743155.549744
2022-05-23 09:00:00,27150.0,33000.0,26530.0,28100.0,6559490.38255026,193781017463.99768
2022-05-24 09:00:00,28120.0,31190.0,26810.0,30980.0,5625276.53056672,163737522359.85242
2022-05-25 09:00:00,30980.0,32570.0,30050.0,30450.0,5120297.76508924,159166846299.74466
2022-05-26 09:00:00,30450.0,30640.0,26900.0,28260.0,2655798.78661955,76478388953.56314
2022-05-27 09:00:00,28270.0,29980.0,27530.0,29000.0,3444141.89387813,99824242924.99187
2022-05-28 09:00:00,29000.0,29630.0,28710.0,29050.0,801213.23922731,23304804541.10188
2022-05-29 09:00:00,29060.0,30250.0,28350.0,30040.0,1370762.76090958,39936602695.8056
2022-05-30 09:00:00,30060.0,31470.0,29700.0,31230.0,1983444.8907744,60531709781.17274
2022-05-31 09:00:00,31200.0,31450.0,29180.0,29990.0,2491268.88561392,75609335740.21437
2022-06-01 09:00:00,29990.0,30980.0,27600.0,28000.0,2055138.34673669,60674414831.232544
2022-06-02 09:00:00,28000.0,28440.0,27410.0,28290.0,917664.8419806,25634761446.16815
2022-06-03 09:00:00,28290.0,28680.0,27030.0,27850.0,778717.38560565,21712446523.980896
2022-06-04 09:00:00,27840.0,28060.0,27540.0,27970.0,366357.32683051,10188845087.536972
2022-06-05 09:00:00,27940.0,28080.0,27620.0,27810.0,419850.32167656,11675794701.525877
2022-06-06 09:00:00,27820.0,29410.0,27730.0,28380.0,1116096.0123955,31970776555.72052
2022-06-07 09:00:00,28390.0,28500.0,26740.0,27340.0,952402.98074453,26070410022.488403
2022-06-08 09:00:00,27340.0,27550.0,26870.0,27170.0,500166.19192255,13613329314.93701
2022-06-09 09:00:00,27160.0,27430.0,26830.0,26930.0,475058.50933265,12872687074.815702
2022-06-10 09:00:00,26940.0,27560.0,25740.0,25940.0,1063210.02551546,28277885314.044132
2022-06-11 09:00:00,25970.0,26290.0,23330.0,23870.0,1133438.20013434,27924510651.284657
2022-06-12 09:00:00,23880.0,24030.0,21600.0,21620.0,1367269.96680457,30794107543.99848
2022-06-13 09:00:00,21640.0,22000.0,18000.0,18810.0,3095361.30217978,60809567740.221146
2022-06-14 09:00:00,18810.0,19650.0,17090.0,19010.0,2861105.52724171,53342817597.55637
2022-06-15 09:00:00,18990.0,20780.0,17130.0,20540.0,2278053.18978873,42499834498.23595
2022-06-16 09:00:00,20530.0,20790.0,17950.0,18230.0,1403045.40506917,27222968588.59044
2022-06-17 09:00:00,18230.0,19070.0,18000.0,18910.0,951592.51746958,17752617423.53116
2022-06-18 09:00:00,18910.0,19220.0,17010.0,18070.0,1163497.8075991,21031970239.646515
2022-06-19 09:00:00,18050.0,20140.0,17480.0,19930.0,1494485.42769981,28161113938.521503
2022-06-20 09:00:00,19930.0,21470.0,18960.0,21000.0,1508601.59589445,30691341597.098007
2022-06-21 09:00:00,20990.0,21840.0,20520.0,21060.0,1669626.2639761,35535426814.19679
2022-06-22 09:00:00,21030.0,21060.0,19780.0,19920.0,936063.05125987,19038104407.741814
2022-06-23 09:00:00,19950.0,20850.0,19880.0,20660.0,736829.03149493,15015379301.85864
2022-06-24 09:00:00,20660.0,21790.0,20630.0,21400.0,1230173.41326203,26125846529.022137
2022-06-25 09:00:00,21430.0,21730.0,20520.0,21460.0,868268.73374661,18462331427.5437
2022-06-26 09:00:00,21450.0,23370.0,20910.0,21800.0,1588827.43200508,34878779027.484116
2022-06-27 09:00:00,21780.0,22900.0,21110.0,21620.0,2267349.64141485,50233750108.64081
2022-06-28 09:00:00,21660.0,21840.0,20150.0,20270.0,1280612.95134408,27116353001.27794
2022-06-29 09:00:00,20270.0,20540.0,19700.0,20080.0,829165.5136132,16652422314.798643
2022-06-30 09:00:00,20100.0,20230.0,18730.0,19550.0,961805.78467208,18534376805.775024
2022-07-01 09:00:00,19560.0,20040.0,18860.0,19390.0,681141.5315228,13208848552.704496
2022-07-02 09:00:00,19400.0,19740.0,18960.0,19540.0,324410.33529405,6272104321.529841
2022-07-03 09:00:00,19550.0,19770.0,19060.0,19490.0,290889.47285905,5634450194.141885
2022-07-04 09:00:00,19500.0,20200.0,19020.0,20100.0,462842.80015427,9076368907.349962
2022-07-05 09:00:00,20100.0,20300.0,19130.0,19700.0,647078.84996714,12795444591.951122
2022-07-06 09:00:00,19700.0,20130.0,19460.0,19940.0,453121.29598261,8963027198.187006
2022-07-07 09:00:00,19940.0,20800.0,19800.0,20680.0,548443.18169537,11119429420.556648
2022-07-08 09:00:00,20660.0,21170.0,20200.0,20380.0,678831.28979219,14046235474.91966
2022-07-09 09:00:00,20370.0,20840.0,20360.0,20690.0,363420.18955212,7509738429.336397
2022-07-10 09:00:00,20670.0,20670.0,19710.0,19820.0,416452.45457124,8390584804.095749
2022-07-11 09:00:00,19820.0,19880.0,18800.0,18910.0,426317.42517019,8266481435.020205
2022-07-12 09:00:00,18910.0,19080.0,18370.0,18420.0,401311.5575143,7537124541.889209
2022-07-13 09:00:00,18420.0,19000.0,17800.0,18950.0,580878.92578045,10697179573.770658
2022-07-14 09:00:00,18980.0,19500.0,18520.0,19400.0,570219.72472455,10850160360.519583
2022-07-15 09:00:00,19400.0,20170.0,19200.0,19880.0,668372.0923568,13126145337.340061
2022-07-16 09:00:00,19880.0,23090.0,19360.0,22810.0,2939925.70058157,63902949657.70907
2022-07-17 09:00:00,22820.0,27100.0,22110.0,25430.0,13694693.64236198,342723276778.4503
2022-07-18 09:00:00,25420.0,33550.0,25330.0,33110.0,16721702.9905406,491034616553.2272
2022-07-19 09:00:00,33110.0,36500.0,31930.0,33270.0,20040013.02042213,677430495651.482
2022-07-20 09:00:00,33270.0,33910.0,30310.0,30650.0,9471331.35406883,307873232954.62726
2022-07-21 09:00:00,30660.0,34700.0,29240.0,34580.0,9461657.04936451,299540670554.63574
2022-07-22 09:00:00,34570.0,35430.0,32010.0,33050.0,9161201.26006372,313295869237.9004
2022-07-23 09:00:00,33040.0,37000.0,32650.0,33830.0,11521414.29312227,403954378201.82544
2022-07-24 09:00:00,33830.0,35280.0,33520.0,33860.0,6164180.92506873,211226593577.16904
2022-07-25 09:00:00,33860.0,34030.0,31300.0,31420.0,5788295.09294662,189130733977.27948
2022-07-26 09:00:00,31400.0,33600.0,30950.0,33560.0,7035804.74598285,224931029066.48843
2022-07-27 09:00:00,33560.0,43900.0,33160.0,43330.0,16752713.89292624,636968329486.1913
2022-07-28 09:00:00,43330.0,55380.0,42060.0,53380.0,31975152.39795601,1540941910298.785
2022-07-29 09:00:00,53380.0,59220.0,50600.0,53540.0,29936067.5925708,1632070367223.8938
2022-07-30 09:00:00,53520.0,55100.0,51130.0,52150.0,11924320.91882208,631153319325.0472
2022-07-31 09:00:00,52160.0,54570.0,47200.0,47990.0,11074835.79227722,576447215492.4695
2022-08-01 09:00:00,47990.0,49700.0,44780.0,46310.0,8764680.62991766,418035627865.3756
2022-08-02 09:00:00,46330.0,51360.0,42770.0,48870.0,18449416.19102005,882279721361.6589
2022-08-03 09:00:00,48880.0,51280.0,47310.0,48420.0,10196905.09513689,503835805951.5847
2022-08-04 09:00:00,48420.0,49470.0,46000.0,46610.0,5992981.84172911,286501982515.6725
2022-08-05 09:00:00,46610.0,50980.0,46400.0,50590.0,8918762.65103088,437276232242.90485
2022-08-06 09:00:00,50560.0,52200.0,49400.0,50340.0,5689846.11407924,288927282294.33057
2022-08-07 09:00:00,50340.0,50920.0,48910.0,49980.0,3205920.16457522,160572773063.9789
2022-08-08 09:00:00,49980.0,52200.0,49030.0,50280.0,6753062.57957207,341812088323.1971
2022-08-09 09:00:00,50260.0,50590.0,48010.0,48860.0,4194185.23266232,206732331514.88647
2022-08-10 09:00:00,48860.0,51900.0,48630.0,51150.0,9394433.55729839,473610586322.407
2022-08-11 09:00:00,51150.0,58800.0,50730.0,55880.0,16503772.58449181,917252724092.2429
2022-08-12 09:00:00,55880.0,58040.0,54710.0,57440.0,8274419.35409493,465527130600.7974
2022-08-13 09:00:00,57450.0,60370.0,56850.0,58030.0,7762988.97367826,456084202743.2119
2022-08-14 09:00:00,58030.0,58950.0,55040.0,55800.0,5311864.74242824,303892428529.71454
2022-08-15 09:00:00,55800.0,57860.0,54540.0,56420.0,5558668.78600139,311683950204.1008
2022-08-16 09:00:00,56420.0,56900.0,53650.0,54050.0,3576190.51459485,197063750880.8796
2022-08-17 09:00:00,54050.0,56610.0,52500.0,54520.0,5992590.46623523,326872039194.84735
2022-08-18 09:00:00,54530.0,56390.0,53980.0,54330.0,4203437.37374957,232010563296.4201
2022-08-19 09:00:00,54340.0,54400.0,44700.0,45490.0,11723601.45717175,575495644491.422
2022-08-20 09:00:00,45500.0,47920.0,43270.0,45570.0,7450348.86247168,344335452160.78955
2022-08-21 09:00:00,45570.0,46940.0,44210.0,46090.0,5204218.2331614,238505491545.33664
2022-08-22 09:00:00,46100.0,46680.0,43290.0,46620.0,5322681.87215857,237858179653.4768
2022-08-23 09:00:00,46660.0,47400.0,44200.0,46700.0,5769782.15266694,265712430169.82877
2022-08-24 09:00:00,46670.0,49940.0,44950.0,48010.0,6354462.57935239,301896127816.42163
2022-08-25 09:00:00,48020.0,51610.0,47850.0,50370.0,7192037.94262224,359227354413.6197
2022-08-26 09:00:00,50370.0,51930.0,46130.0,46850.0,10711542.0534503,530080197544.994
2022-08-27 09:00:00,46840.0,47640.0,44650.0,45720.0,4655587.01951874,215526019474.74115
2022-08-28 09:00:00,45720.0,46170.0,42630.0,43000.0,3659834.98351464,163902282309.59103
2022-08-29 09:00:00,43000.0,46200.0,42080.0,45910.0,6108088.38158829,268895880544.1938
2022-08-30 09:00:00,45920.0,47150.0,43550.0,44530.0,5226905.76937639,238275062144.9435
2022-08-31 09:00:00,44530.0,46160.0,43830.0,44540.0,3577355.12354136,161270142604.24182
2022-09-01 09:00:00,44540.0,45190.0,43080.0,45150.0,3063867.0338462,135520344777.60562
2022-09-02 09:00:00,45150.0,46400.0,44200.0,44870.0,3740515.63540667,169523054916.39047
2022-09-03 09:00:00,44870.0,45200.0,44370.0,44640.0,1212784.87013556,54308569693.47334
2022-09-04 09:00:00,44630.0,44850.0,43810.0,44670.0,1296013.10683163,57544939174.755806
2022-09-05 09:00:00,44680.0,54950.0,43730.0,54570.0,11043093.9094684,544542401710.14545
2022-09-06 09:00:00,54580.0,58040.0,48050.0,48360.0,20585898.28215509,1120729898776.6233
2022-09-07 09:00:00,48350.0,52710.0,46610.0,51710.0,13056498.65722662,646892676166.678
2022-09-08 09:00:00,51710.0,52450.0,49810.0,51600.0,9403381.15536621,482983975665.4428
2022-09-09 09:00:00,51600.0,55050.0,51050.0,53790.0,8421839.15066845,449470554861.59503
2022-09-10 09:00:00,53790.0,55400.0,52300.0,53920.0,5388536.47133027,290944329188.6836
2022-09-11 09:00:00,53920.0,54100.0,52000.0,53000.0,3298734.08429588,175618240884.39343
2022-09-12 09:00:00,53000.0,55490.0,51500.0,52680.0,7326973.23613887,390016135115.9435
2022-09-13 09:00:00,52680.0,53490.0,48680.0,49720.0,8452736.22701588,428344922277.05634
2022-09-14 09:00:00,49720.0,55470.0,49340.0,54900.0,10084668.81735936,527273817617.3246
2022-09-15 09:00:00,54900.0,55400.0,49900.0,51540.0,16907387.4076925,894148929052.5145
2022-09-16 09:00:00,51540.0,51830.0,46930.0,48150.0,8367803.00717954,408930069298.03284
2022-09-17 09:00:00,48160.0,49190.0,47350.0,48290.0,3982744.63239604,191894112655.43246
2022-09-18 09:00:00,48290.0,48300.0,41250.0,42400.0,5407322.24175925,243545937190.5204
2022-09-19 09:00:00,42400.0,44090.0,39010.0,42920.0,8973004.94129473,373508173710.28265
2022-09-20 09:00:00,42930.0,43200.0,40680.0,41260.0,4336983.79974907,180579574916.49396
2022-09-21 09:00:00,41250.0,43340.0,38700.0,39900.0,6011021.05897937,245689757676.91412
2022-09-22 09:00:00,39910.0,41240.0,39770.0,40690.0,3435771.35170128,139146284099.85178
2022-09-23 09:00:00,40700.0,41930.0,39270.0,41300.0,4788692.21944527,194987559320.59982
2022-09-24 09:00:00,41300.0,42530.0,40740.0,41260.0,2754454.89543814,114554671100.11049
2022-09-25 09:00:00,41300.0,42590.0,40410.0,40840.0,2625294.10760354,109161140450.12848
2022-09-26 09:00:00,40850.0,41080.0,39850.0,40890.0,1974975.88536319,80034434869.71477
2022-09-27 09:00:00,40880.0,43000.0,39900.0,40580.0,4055975.28996462,168609802713.0376
2022-09-28 09:00:00,40580.0,40790.0,38770.0,39810.0,2205795.45981559,87433915738.60696
2022-09-29 09:00:00,39800.0,40630.0,39170.0,39770.0,1976322.57813472,78553231323.43816
2022-09-30 09:00:00,39770.0,40470.0,39330.0,39890.0,1646770.37697136,65608597428.00445
2022-10-01 09:00:00,39880.0,40090.0,39510.0,39800.0,573685.09193831,22873539590.013203
2022-10-02 09:00:00,39750.0,40000.0,38900.0,39210.0,771034.35793348,30377681050.01576
2022-10-03 09:00:00,39210.0,39820.0,38690.0,39550.0,819440.33897686,32282985418.365246
2022-10-04 09:00:00,39560.0,40250.0,39360.0,39770.0,1206681.93397887,47991221440.94133
2022-10-05 09:00:00,39770.0,39920.0,39010.0,39390.0,819927.64752601,32333362560.412685
2022-10-06 09:00:00,39400.0,40960.0,39330.0,39640.0,2458975.34115953,98697126609.78148
2022-10-07 09:00:00,39640.0,39700.0,38840.0,39150.0,1191476.69458913,46772389922.92365
2022-10-08 09:00:00,39150.0,39310.0,38330.0,38560.0,711448.49452717,27710874931.67449
2022-10-09 09:00:00,38560.0,39150.0,38360.0,38400.0,946653.28906482,36543263693.44868
2022-10-10 09:00:00,38400.0,38660.0,33650.0,34910.0,2426586.34761847,88390047172.71332
2022-10-11 09:00:00,34930.0,34950.0,33890.0,34080.0,1674500.11634138,57599396929.46412
2022-10-12 09:00:00,34080.0,35250.0,33860.0,34130.0,1491924.09895521,51492622997.72401
2022-10-13 09:00:00,34140.0,34270.0,30030.0,33010.0,4748424.34900208,152339751463.27444
2022-10-14 09:00:00,33010.0,35270.0,32760.0,33410.0,3141336.62250156,107397855487.65576
2022-10-15 09:00:00,33420.0,33630.0,32620.0,32910.0,791331.71664458,26229662424.658337
2022-10-16 09:00:00,32910.0,33660.0,32850.0,33220.0,674826.0195279,22411140315.690525
2022-10-17 09:00:00,33220.0,34370.0,32930.0,34130.0,1090168.50719007,36617294778.07116
2022-10-18 09:00:00,34130.0,34600.0,32960.0,33650.0,1052559.90094591,35809673602.643684
2022-10-19 09:00:00,33640.0,33730.0,32030.0,32330.0,871679.42285788,28767945156.391335
2022-10-20 09:00:00,32330.0,32880.0,30920.0,31330.0,984414.99052905,31499813298.27931
2022-10-21 09:00:00,31330.0,31820.0,30200.0,31740.0,1042736.7981303,32324829433.948853
2022-10-22 09:00:00,31750.0,34210.0,31270.0,33400.0,3325540.55707097,109759836264.18004
2022-10-23 09:00:00,33360.0,34070.0,32640.0,33550.0,1971936.78108795,65712308665.98531
2022-10-24 09:00:00,33530.0,33720.0,32190.0,32590.0,840216.5127035,27539860314.961506
2022-10-25 09:00:00,32590.0,36430.0,32050.0,35020.0,2495987.89525569,85967155610.35399
2022-10-26 09:00:00,35010.0,36830.0,34620.0,35700.0,3110188.4630684,111200083898.52531
2022-10-27 09:00:00,35700.0,36150.0,34820.0,34860.0,1584919.7900438,56112022983.95511
2022-10-28 09:00:00,34860.0,36030.0,34150.0,35770.0,1339117.30667277,47065944069.09173
2022-10-29 09:00:00,35770.0,37800.0,35550.0,36160.0,3376674.07029593,124140938471.29697
2022-10-30 09:00:00,36160.0,36310.0,34250.0,34460.0,1347853.59877246,47753274858.10784
2022-10-31 09:00:00,34430.0,35020.0,33520.0,34070.0,1370417.51506705,46828346460.3645
2022-11-01 09:00:00,34070.0,34650.0,33590.0,33770.0,823951.17861389,28070244947.992893
2022-11-02 09:00:00,33770.0,34600.0,31810.0,32680.0,1636197.32452958,54617756703.42808
2022-11-03 09:00:00,32680.0,35140.0,32620.0,34100.0,1638879.72836448,55925493447.35756
2022-11-04 09:00:00,34100.0,36190.0,34040.0,35800.0,3004787.69984526,106678556075.70691
2022-11-05 09:00:00,35800.0,37440.0,35580.0,37030.0,2025672.47948731,73943079027.04134
2022-11-06 09:00:00,37030.0,38050.0,34840.0,35000.0,1611027.42517651,58987881792.366615
2022-11-07 09:00:00,35000.0,36000.0,34500.0,35270.0,1052587.96624966,37137919614.6414
2022-11-08 09:00:00,35270.0,35470.0,30100.0,31490.0,2845106.08691461,93525768896.15114
2022-11-09 09:00:00,31520.0,32500.0,25570.0,26570.0,3610319.45086709,106027307623.17595
2022-11-10 09:00:00,26550.0,31770.0,26170.0,31060.0,5008893.14544376,149388569228.6551
2022-11-11 09:00:00,31060.0,31400.0,28450.0,29880.0,1774174.01607338,53061877121.47264
2022-11-12 09:00:00,29880.0,30000.0,28000.0,28530.0,793563.23057718,22814024908.18384
2022-11-13 09:00:00,28510.0,29020.0,27000.0,27440.0,1233703.17167441,34320952373.200787
2022-11-14 09:00:00,27450.0,28310.0,25450.0,27970.0,2458585.53067013,66700279926.56956
2022-11-15 09:00:00,27970.0,28470.0,27430.0,28020.0,1336209.90781476,37392896450.457146
2022-11-16 09:00:00,28010.0,28150.0,26900.0,27460.0,923698.72538575,25554359542.274765
2022-11-17 09:00:00,27460.0,27620.0,26510.0,27090.0,639477.45633196,17262135877.49176
2022-11-18 09:00:00,27090.0,27490.0,26750.0,27090.0,621488.70822153,16871494294.138273
2022-11-19 09:00:00,27100.0,27270.0,26420.0,26980.0,664549.63527491,17814451953.218014
2022-11-20 09:00:00,26980.0,27180.0,25290.0,25440.0,943610.5696416,24910435686.213367
2022-11-21 09:00:00,25440.0,25900.0,24370.0,25390.0,953710.05456526,23873453121.06658
2022-11-22 09:00:00,25360.0,26000.0,24520.0,25740.0,874940.49724322,22215906333.1958
2022-11-23 09:00:00,25740.0,28230.0,25460.0,28070.0,2376177.59441946,64555418591.18739
2022-11-24 09:00:00,28110.0,28700.0,27010.0,27700.0,1699380.61132418,47479256340.20189
2022-11-25 09:00:00,27700.0,28350.0,26910.0,27560.0,856789.63452163,23584441348.450317
2022-11-26 09:00:00,27580.0,28740.0,27200.0,27400.0,1045842.18310173,29268403639.993126
2022-11-27 09:00:00,27410.0,27910.0,27180.0,27330.0,587479.59951291,16148525633.68896
2022-11-28 09:00:00,27310.0,27400.0,25600.0,26620.0,1040013.32728983,27358652876.261044
2022-11-29 09:00:00,26620.0,27090.0,26250.0,26620.0,624700.77230969,16725333834.798937
2022-11-30 09:00:00,26620.0,27950.0,26560.0,27470.0,1571167.60466435,42921166770.47544
2022-12-01 09:00:00,27460.0,27490.0,26630.0,26760.0,701761.07348978,18965782104.81399
2022-12-02 09:00:00,26760.0,26880.0,25950.0,26590.0,608497.08143807,16034589254.828758
2022-12-03 09:00:00,26590.0,26660.0,25900.0,26040.0,293734.31450529,7718102617.547279
2022-12-04 09:00:00,26040.0,26350.0,25950.0,26120.0,370466.69698828,9672641031.534271
2022-12-05 09:00:00,26110.0,26920.0,25770.0,26110.0,839308.39122409,22158316178.01774
2022-12-06 09:00:00,26100.0,26160.0,25850.0,26130.0,349988.6142247,9103880008.88273
2022-12-07 09:00:00,26130.0,26230.0,24890.0,25070.0,562098.05009977,14297991882.150043
2022-12-08 09:00:00,25080.0,25650.0,24920.0,25510.0,460546.27194724,11621420777.847965
2022-12-09 09:00:00,25520.0,25910.0,25350.0,25570.0,400966.61252445,10251495911.890362
2022-12-10 09:00:00,25550.0,25740.0,25380.0,25560.0,299531.32831781,7665037174.16327
2022-12-11 09:00:00,25520.0,25750.0,25020.0,25190.0,295014.78211666,7521683854.911442
2022-12-12 09:00:00,25160.0,25230.0,24050.0,24650.0,606452.9524073,14845947236.587105
2022-12-13 09:00:00,24650.0,26180.0,23610.0,25100.0,1690388.38696182,42561326208.67062
2022-12-14 09:00:00,25130.0,25430.0,24500.0,24520.0,776643.78761476,19474552189.270584
2022-12-15 09:00:00,24530.0,24720.0,23870.0,24050.0,495463.43502289,12005339814.115181
2022-12-16 09:00:00,24030.0,24170.0,21000.0,21500.0,1070781.51346645,24186361495.867096
2022-12-17 09:00:00,21500.0,21850.0,20860.0,21520.0,951643.48061669,20335052779.7431
2022-12-18 09:00:00,21520.0,21540.0,20920.0,21170.0,429399.2655505,9123144269.943783
2022-12-19 09:00:00,21190.0,21330.0,19390.0,20050.0,837294.9940759,17155924507.940035
2022-12-20 09:00:00,20050.0,21020.0,19850.0,20770.0,688051.15774087,14131749594.43691
2022-12-21 09:00:00,20770.0,22200.0,20250.0,21760.0,1858259.10264101,39949787301.72923
2022-12-22 09:00:00,21750.0,21940.0,20740.0,21440.0,1026326.28309696,21860726656.488514
2022-12-23 09:00:00,21440.0,21530.0,21180.0,21360.0,529549.34037256,11303503619.952282
2022-12-24 09:00:00,21370.0,21500.0,21290.0,21460.0,240512.13184879,5144534003.266993
2022-12-25 09:00:00,21460.0,21490.0,20640.0,20990.0,354338.64455433,7460945604.273708
2022-12-26 09:00:00,20990.0,21050.0,20540.0,20830.0,344107.67451006,7142558286.19537
2022-12-27 09:00:00,20830.0,20920.0,19950.0,20250.0,391525.88900085,7993175411.879487
2022-12-28 09:00:00,20240.0,20310.0,19060.0,19270.0,812808.61108842,15948565817.76527
2022-12-29 09:00:00,19270.0,20550.0,18830.0,20010.0,1729404.43832628,34216961443.732124
2022-12-30 09:00:00,19980.0,20270.0,19360.0,19730.0,819401.44336024,16203859920.186357
2022-12-31 09:00:00,19740.0,20280.0,19620.0,19960.0,420585.88413774,8388383379.55216
2023-01-01 09:00:00,19970.0,20150.0,19880.0,20080.0,224203.57305741,4480777818.961844
2023-01-02 09:00:00,20080.0,20690.0,19660.0,20490.0,634713.33087702,12893076076.128275
2023-01-03 09:00:00,20490.0,20640.0,20130.0,20400.0,711760.22967658,14551698084.443838
2023-01-04 09:00:00,20410.0,25220.0,20320.0,24650.0,8180672.06619214,188841190305.08047
2023-01-05 09:00:00,24660.0,24990.0,23150.0,23390.0,5809601.07849965,140426915618.16052
2023-01-06 09:00:00,23390.0,26330.0,22690.0,25960.0,5486075.00489422,132828888415.97737
2023-01-07 09:00:00,25980.0,26420.0,25190.0,25450.0,3852534.21164223,99230819512.82526
2023-01-08 09:00:00,25450.0,26000.0,24840.0,25830.0,3243593.19899629,82409078801.60928
2023-01-09 09:00:00,25830.0,27540.0,25170.0,25370.0,5367059.48091708,142032262278.06976
2023-01-10 09:00:00,25370.0,25650.0,24770.0,25470.0,2044687.43305304,51806894681.15796
2023-01-11 09:00:00,25460.0,25790.0,24540.0,25680.0,1818546.75161007,45614324594.60908
2023-01-12 09:00:00,25690.0,26700.0,24880.0,26130.0,3186902.75561257,82333458734.34854
2023-01-13 09:00:00,26110.0,27500.0,25880.0,26950.0,4087236.7112017,108938121027.2244
2023-01-14 09:00:00,26950.0,29580.0,26000.0,27830.0,7716027.28212853,217399070002.87527
2023-01-15 09:00:00,27840.0,28310.0,26550.0,27750.0,2205352.63001319,60229273212.002945
2023-01-16 09:00:00,27760.0,28250.0,26500.0,27260.0,2004901.4787438,55024504737.23206
2023-01-17 09:00:00,27260.0,28210.0,26980.0,27170.0,2592833.05543788,71703055310.03836
2023-01-18 09:00:00,27180.0,27990.0,25280.0,25410.0,2294997.94211035,61261319060.935455
2023-01-19 09:00:00,25410.0,25950.0,25330.0,25910.0,1000345.0397821,25677755930.796646
2023-01-20 09:00:00,25910.0,28000.0,25670.0,27760.0,1638508.07907015,43625789046.03297
2023-01-21 09:00:00,27760.0,28470.0,27040.0,27210.0,2615432.58812061,72536899653.61961
2023-01-22 09:00:00,27220.0,29470.0,27100.0,28290.0,5629354.14161372,160440284224.32074
2023-01-23 09:00:00,28270.0,30240.0,27950.0,28490.0,6578314.55255531,191620614502.9371
2023-01-24 09:00:00,28530.0,28720.0,26110.0,26680.0,3331172.84305814,92982244381.68486
2023-01-25 09:00:00,26660.0,27790.0,26040.0,27240.0,2585057.9853452,69054074244.91249
2023-01-26 09:00:00,27220.0,28420.0,27100.0,27660.0,4362301.53738763,120768863270.49535
2023-01-27 09:00:00,27660.0,27800.0,26750.0,27640.0,1639033.47101619,44636978601.390434
2023-01-28 09:00:00,27640.0,27900.0,27060.0,27420.0,1302939.34276818,35917796935.96275
2023-01-29 09:00:00,27410.0,28580.0,27260.0,28480.0,3323211.44642289,93479691854.62897
2023-01-30 09:00:00,28480.0,29500.0,26300.0,26880.0,4568113.27548405,128643498096.68134
2023-01-31 09:00:00,26880.0,27530.0,26530.0,27260.0,1563601.47008596,42224615367.21831
2023-02-01 09:00:00,27260.0,28050.0,26400.0,27930.0,1596947.21122977,43385800416.84254
2023-02-02 09:00:00,27930.0,30150.0,27800.0,28240.0,3871993.82820339,111386428214.95963
2023-02-03 09:00:00,28220.0,30120.0,27910.0,29070.0,6399211.33332616,187495883874.30713
2023-02-04 09:00:00,29070.0,31370.0,28970.0,30010.0,6227900.96201442,188083688243.64447
2023-02-05 09:00:00,30000.0,30400.0,28110.0,28870.0,3557381.12199822,104322305552.17096
2023-02-06 09:00:00,28870.0,29140.0,28040.0,28380.0,2036238.10289635,58418334589.40606
2023-02-07 09:00:00,28380.0,29420.0,28100.0,29400.0,1621930.67632404,46576078264.42331
2023-02-08 09:00:00,29400.0,29520.0,28260.0,28910.0,1693647.74297915,49257533046.57179
2023-02-09 09:00:00,28910.0,29160.0,27050.0,27150.0,2349931.2563392,66236963595.289
2023-02-10 09:00:00,27150.0,27580.0,26770.0,27300.0,1246632.14394043,33883549204.337322
2023-02-11 09:00:00,27290.0,27900.0,27240.0,27890.0,693890.25062682,19176591675.23531
2023-02-12 09:00:00,27890.0,28000.0,27000.0,27330.0,650139.23259224,17939641079.04145
2023-02-13 09:00:00,27330.0,27410.0,26080.0,26830.0,1190239.5038612,31822096395.95359
2023-02-14 09:00:00,26830.0,27550.0,26190.0,27540.0,1383640.71078705,37217917930.03853
2023-02-15 09:00:00,27540.0,29040.0,27100.0,28900.0,1712497.02195537,47945616623.251274
2023-02-16 09:00:00,28900.0,29390.0,27500.0,27640.0,2773026.23094112,79658598538.40788
2023-02-17 09:00:00,27630.0,29130.0,27510.0,28820.0,1566448.45874987,44470682785.97348
2023-02-18 09:00:00,28850.0,29910.0,28470.0,29200.0,2386755.19588035,69664188785.63055
2023-02-19 09:00:00,29190.0,29960.0,28880.0,29140.0,2368923.23285225,69718161594.90395
2023-02-20 09:00:00,29130.0,30480.0,28330.0,29800.0,3432750.86765572,101829646818.9138
2023-02-21 09:00:00,29800.0,31580.0,29210.0,29760.0,8539989.33845226,260578763389.9992
2023-02-22 09:00:00,29770.0,29900.0,28450.0,29420.0,2235553.63533104,65092416293.29713
2023-02-23 09:00:00,29420.0,29570.0,28650.0,29010.0,1236785.99213342,36027237786.13821
2023-02-24 09:00:00,28990.0,29170.0,27770.0,28130.0,1420287.05841814,40472040336.88748
2023-02-25 09:00:00,28130.0,28330.0,27240.0,28080.0,786286.40673661,21917940280.037064
2023-02-26 09:00:00,28080.0,28580.0,27760.0,28430.0,527028.88609474,14868237081.270712
2023-02-27 09:00:00,28430.0,28610.0,27840.0,28330.0,837828.90700914,23695222835.799034
2023-02-28 09:00:00,28330.0,28600.0,28150.0,28390.0,252009.12932903,7146671696.284758
