2020-06-04 09:00:00,2.43,2.55,2.35,2.44,757684187.7182761,1858517974.56131
2020-06-05 09:00:00,2.44,2.63,2.41,2.52,844153002.6132542,2132933492.261556
2020-06-06 09:00:00,2.53,2.57,2.45,2.49,227035163.4934737,565647042.0080192
2020-06-07 09:00:00,2.48,2.49,2.36,2.46,274202914.73330486,664516392.651612
2020-06-08 09:00:00,2.44,2.45,2.37,2.43,163743245.59077963,394500786.236115
2020-06-09 09:00:00,2.42,2.42,2.3,2.4,196881357.08051774,464156804.9452048
2020-06-10 09:00:00,2.4,2.42,2.33,2.42,175910264.3762982,418028102.3743486
2020-06-11 09:00:00,2.42,2.43,1.99,2.05,376610215.00846094,848654367.6925262
2020-06-12 09:00:00,2.05,2.25,1.97,2.18,463526389.4994185,982677508.4444143
2020-06-13 09:00:00,2.19,2.34,2.19,2.27,401974887.60037804,908664417.3478158
2020-06-14 09:00:00,2.27,2.27,2.16,2.22,161458651.7589726,358390755.81758416
2020-06-15 09:00:00,2.23,2.23,2.01,2.16,327065747.8481517,683475597.2105618
2020-06-16 09:00:00,2.16,2.24,2.12,2.23,211645774.08928654,463356818.83368677
2020-06-17 09:00:00,2.23,2.29,2.17,2.26,237943959.6876154,529175986.4544427
2020-06-18 09:00:00,2.26,2.38,2.18,2.29,382750374.2013458,876782728.700465
2020-06-19 09:00:00,2.28,2.81,2.19,2.47,1150382773.8403966,2874314310.9926457
2020-06-20 09:00:00,2.47,2.9,2.38,2.68,1540291428.416843,4097468764.726747
2020-06-21 09:00:00,2.66,2.83,2.61,2.66,737634927.3312516,2018912707.888222
2020-06-22 09:00:00,2.66,2.71,2.59,2.63,247647891.13023412,658228159.6312474
2020-06-23 09:00:00,2.63,2.65,2.5,2.53,275110539.8906824,700885033.9332227
2020-06-24 09:00:00,2.55,2.58,2.34,2.41,282000392.97168845,688773498.5146374
2020-06-25 09:00:00,2.42,2.54,2.23,2.51,331638940.7128309,782036710.2158625
2020-06-26 09:00:00,2.53,2.67,2.46,2.58,611297459.9251336,1581230894.087175
2020-06-27 09:00:00,2.6,3.04,2.56,2.79,2206772943.5266623,6305143554.831522
2020-06-28 09:00:00,2.79,2.9,2.46,2.68,1250880787.040339,3309354395.381676
2020-06-29 09:00:00,2.69,2.78,2.43,2.54,1661366951.2939954,4188684418.668867
2020-06-30 09:00:00,2.54,2.57,2.31,2.47,1135665776.0242782,2740938229.604942
2020-07-01 09:00:00,2.47,2.67,2.43,2.5,933317590.2351696,2351789169.9012704
2020-07-02 09:00:00,2.5,2.5,2.29,2.35,516035094.5209932,1234852823.454503
2020-07-03 09:00:00,2.35,2.39,2.27,2.32,330530814.6281112,761928771.6571093
2020-07-04 09:00:00,2.33,2.38,2.29,2.34,128777226.77424248,298779345.36171013
2020-07-05 09:00:00,2.34,2.35,2.22,2.33,214146769.92533064,487814896.1636411
2020-07-06 09:00:00,2.33,2.34,2.26,2.32,199338117.9557603,458254715.52658176
2020-07-07 09:00:00,2.33,2.33,2.22,2.29,309963798.04061323,703549067.1849295
2020-07-08 09:00:00,2.29,2.37,2.25,2.36,338480250.79835427,778817423.902168
2020-07-09 09:00:00,2.35,2.42,2.29,2.35,351820294.4201139,824972953.5957419
2020-07-10 09:00:00,2.35,2.63,2.33,2.52,638701713.8879927,1558677353.1157196
2020-07-11 09:00:00,2.52,2.57,2.45,2.5,262319620.6409881,654071340.6459911
2020-07-12 09:00:00,2.5,2.63,2.47,2.52,603933556.1141615,1552087449.2163088
2020-07-13 09:00:00,2.51,2.53,2.38,2.42,295552152.0465259,718782156.8671745
2020-07-14 09:00:00,2.42,2.5,2.33,2.39,392877979.21791244,944062266.0990472
2020-07-15 09:00:00,2.39,2.44,2.35,2.44,187747931.52351484,451304470.1420461
2020-07-16 09:00:00,2.43,2.45,2.25,2.37,442357189.4978338,1037595768.6589535
2020-07-17 09:00:00,2.38,2.38,2.27,2.31,154434667.68845525,357172633.6779572
2020-07-18 09:00:00,2.31,2.4,2.31,2.36,189120756.8210401,444924941.5400094
2020-07-19 09:00:00,2.37,2.62,2.34,2.6,765123391.9914757,1882247030.5920393
2020-07-20 09:00:00,2.6,2.68,2.5,2.66,623534349.6852354,1619533530.198318
2020-07-21 09:00:00,2.66,2.66,2.46,2.51,593553783.9951955,1504345456.4862964
2020-07-22 09:00:00,2.51,2.63,2.48,2.58,278447457.3494089,705130058.8980205
2020-07-23 09:00:00,2.58,2.61,2.49,2.5,222444177.14548758,561967018.6121358
2020-07-24 09:00:00,2.5,2.55,2.46,2.53,237779519.34787232,592433511.0851688
2020-07-25 09:00:00,2.52,2.58,2.49,2.53,184977578.65669286,468055984.6722107
2020-07-26 09:00:00,2.54,2.54,2.4,2.43,223856651.25678316,550037563.6504267
2020-07-27 09:00:00,2.43,2.45,2.21,2.3,424792370.14004904,979784155.1338102
2020-07-28 09:00:00,2.28,2.43,2.26,2.37,325538844.45814997,758233759.7045193
2020-07-29 09:00:00,2.38,2.61,2.3,2.54,1077011660.7315242,2668265700.6570206
2020-07-30 09:00:00,2.54,2.62,2.41,2.5,475060747.9568859,1181971084.5035212
2020-07-31 09:00:00,2.5,2.67,2.43,2.55,759942287.3414418,1943066354.4035814
2020-08-01 09:00:00,2.55,2.62,2.5,2.58,420431273.3003501,1078038614.8441498
2020-08-02 09:00:00,2.57,2.64,2.31,2.39,578240224.3210922,1412733776.0716958
2020-08-03 09:00:00,2.4,2.6,2.39,2.46,283380735.15536743,699466304.868977
2020-08-04 09:00:00,2.46,2.58,2.34,2.43,405276693.1079392,996842805.7887722
2020-08-05 09:00:00,2.43,2.52,2.34,2.45,450230531.7686906,1096661021.7636282
2020-08-06 09:00:00,2.45,2.5,2.37,2.45,341686489.5592494,833147965.7236453
2020-08-07 09:00:00,2.45,2.59,2.37,2.43,444077204.728917,1084189697.3741956
2020-08-08 09:00:00,2.43,2.55,2.43,2.51,507313384.39031434,1255097304.3282592
2020-08-09 09:00:00,2.51,2.57,2.44,2.57,514025848.5181428,1285706784.6032422
2020-08-10 09:00:00,2.57,2.76,2.5,2.74,807324913.7521315,2129045186.2515495
2020-08-11 09:00:00,2.74,2.96,2.56,2.63,1079395658.3396943,2976012573.005446
2020-08-12 09:00:00,2.63,2.73,2.52,2.69,881884123.8991061,2310380318.3827443
2020-08-13 09:00:00,2.69,3.25,2.67,2.93,2016228342.0400865,5864634084.456403
2020-08-14 09:00:00,2.93,3.26,2.83,3.02,1401534548.0945818,4243029887.4235625
2020-08-15 09:00:00,3.0,3.02,2.88,2.95,426039808.92920035,1248067811.3073764
2020-08-16 09:00:00,2.95,3.2,2.89,3.18,1326803059.8302786,4065136448.2418623
2020-08-17 09:00:00,3.17,3.19,2.96,3.08,512789130.8113735,1583396771.3014212
2020-08-18 09:00:00,3.06,3.12,2.84,2.95,512245723.77578545,1525688756.683196
2020-08-19 09:00:00,2.95,3.04,2.73,2.82,639501702.6929388,1849190193.9118855
2020-08-20 09:00:00,2.82,2.98,2.81,2.94,936919790.5113595,2730822151.9177527
2020-08-21 09:00:00,2.92,2.94,2.76,2.8,541003052.8896829,1548316089.284112
2020-08-22 09:00:00,2.8,2.83,2.65,2.81,274184706.7248825,751622487.8133914
2020-08-23 09:00:00,2.8,2.94,2.77,2.87,515473068.80375624,1477888671.2340498
2020-08-24 09:00:00,2.87,2.87,2.79,2.85,258748988.38868827,732365551.4303503
2020-08-25 09:00:00,2.85,2.86,2.61,2.7,442234853.71008134,1207197485.404751
2020-08-26 09:00:00,2.7,2.88,2.66,2.78,414210852.3500675,1145622812.9354143
2020-08-27 09:00:00,2.78,2.81,2.59,2.63,435665694.79574007,1179745499.4282959
2020-08-28 09:00:00,2.64,2.75,2.59,2.7,1264750813.8189435,3394524408.549995
2020-08-29 09:00:00,2.69,2.78,2.68,2.71,368168751.57471424,1002851496.9143382
2020-08-30 09:00:00,2.71,2.75,2.68,2.72,178109518.75096396,483172466.6937671
2020-08-31 09:00:00,2.7,2.81,2.67,2.73,398544726.6827027,1092204183.9402363
2020-09-01 09:00:00,2.71,2.74,2.67,2.7,151970069.18430135,409001165.4693492
2020-09-02 09:00:00,2.7,2.75,2.5,2.58,433438332.40472144,1128778463.1843336
2020-09-03 09:00:00,2.58,2.67,2.18,2.22,629389363.0179857,1547194836.867474
2020-09-04 09:00:00,2.21,2.29,2.04,2.19,330054382.9169786,712054230.3657603
2020-09-05 09:00:00,2.21,2.4,2.01,2.1,1132236126.1932087,2552011552.8024173
2020-09-06 09:00:00,2.09,2.29,2.0,2.13,182087952.97495034,378971157.83547556
2020-09-07 09:00:00,2.11,2.17,1.84,2.04,406009265.50878537,806714808.364938
2020-09-08 09:00:00,2.05,2.06,1.94,2.0,182152294.97154278,363203970.56224716
2020-09-09 09:00:00,1.99,2.1,1.94,2.07,133991847.43054116,269908110.9351683
2020-09-10 09:00:00,2.07,2.25,2.02,2.17,820327291.3633728,1764032151.1149495
2020-09-11 09:00:00,2.18,2.18,2.1,2.15,179492534.3427897,381861442.96839094
2020-09-12 09:00:00,2.15,2.21,2.12,2.2,123853031.62647606,269066608.23089045
2020-09-13 09:00:00,2.19,2.21,2.02,2.08,152135112.90598246,325232949.08137804
2020-09-14 09:00:00,2.08,2.15,2.08,2.13,89215883.69758287,188179198.08914223
2020-09-15 09:00:00,2.12,2.14,2.03,2.06,165828659.297657,345121783.51213914
2020-09-16 09:00:00,2.06,2.13,1.97,2.04,101884332.84911469,205914305.8552791
2020-09-17 09:00:00,2.04,2.08,2.01,2.07,42951391.96139015,87351720.16730206
2020-09-18 09:00:00,2.07,2.12,2.01,2.11,73627457.82419856,152696451.7767793
2020-09-19 09:00:00,2.11,2.12,2.06,2.11,36499340.23268533,76186682.4173839
2020-09-20 09:00:00,2.09,2.11,2.0,2.01,61685934.65132146,125875052.75962467
2020-09-21 09:00:00,2.01,2.03,1.8,1.88,162337357.41315514,309194213.8698442
2020-09-22 09:00:00,1.89,1.89,1.75,1.86,95455412.2992999,172924368.5080428
2020-09-23 09:00:00,1.85,2.1,1.75,1.76,402725413.5910683,772505668.0465772
2020-09-24 09:00:00,1.76,1.87,1.73,1.86,100144766.942996,177916904.44733363
2020-09-25 09:00:00,1.85,1.94,1.81,1.89,194598984.99607822,365125847.4683867
2020-09-26 09:00:00,1.88,1.91,1.83,1.87,61075213.78025654,114035026.95243844
2020-09-27 09:00:00,1.87,1.9,1.8,1.87,74539335.56025547,136622668.2212039
2020-09-28 09:00:00,1.86,1.9,1.84,1.85,112462631.53580934,209287198.751005
2020-09-29 09:00:00,1.86,1.89,1.84,1.88,72336635.57919672,135170004.60423255
2020-09-30 09:00:00,1.87,2.0,1.87,1.95,78134696.84713984,150410673.05331606
2020-10-01 09:00:00,1.95,2.01,1.85,1.91,123214713.99268478,237615739.4167972
2020-10-02 09:00:00,1.91,1.94,1.79,1.85,53184546.87944129,98137062.83878359
2020-10-03 09:00:00,1.85,1.9,1.83,1.88,23586929.88588071,43674215.63116723
2020-10-04 09:00:00,1.88,1.89,1.83,1.88,27569368.30204882,51108396.06193507
2020-10-05 09:00:00,1.88,1.95,1.84,1.88,87257425.51755194,163595910.1806461
2020-10-06 09:00:00,1.87,1.88,1.8,1.82,61355197.50341056,112544381.2606504
2020-10-07 09:00:00,1.82,1.85,1.76,1.85,38410666.89663981,69309394.31350496
2020-10-08 09:00:00,1.85,2.09,1.84,2.0,360287993.00040287,709795324.517167
2020-10-09 09:00:00,1.98,2.38,1.96,2.16,662870973.4361987,1435854740.318664
2020-10-10 09:00:00,2.18,2.63,2.05,2.11,938760058.6135964,2134641513.187678
2020-10-11 09:00:00,2.1,2.1,1.97,2.01,322572605.82862973,651778591.8818321
2020-10-12 09:00:00,2.01,2.39,2.01,2.13,990154045.7944151,2152160895.0023813
2020-10-13 09:00:00,2.12,2.15,2.04,2.09,132186318.61146048,274984505.6924043
2020-10-14 09:00:00,2.08,2.09,2.01,2.02,70189561.67984846,143216902.94931495
2020-10-15 09:00:00,2.02,2.06,1.92,1.98,125239359.74259382,246618720.24780503
2020-10-16 09:00:00,1.98,1.98,1.82,1.91,112856073.55251317,213523740.5587921
2020-10-17 09:00:00,1.91,1.92,1.87,1.91,28367421.58423841,53715511.28095849
2020-10-18 09:00:00,1.91,1.97,1.89,1.96,57027740.98145604,110364452.23266193
2020-10-19 09:00:00,1.96,1.96,1.88,1.92,43270380.48007881,82544854.89745057
2020-10-20 09:00:00,1.92,1.92,1.84,1.86,54241408.53462026,101380684.92685911
2020-10-21 09:00:00,1.85,1.93,1.83,1.89,120888928.79462005,224502346.13868454
2020-10-22 09:00:00,1.87,1.91,1.85,1.9,67658427.42117326,127226876.44216418
2020-10-23 09:00:00,1.89,1.95,1.84,1.92,144698894.23192713,273854766.2840336
2020-10-24 09:00:00,1.92,1.96,1.89,1.95,74686718.7633811,143934725.2481335
2020-10-25 09:00:00,1.95,1.95,1.87,1.9,69247550.78088471,132263280.6039766
2020-10-26 09:00:00,1.91,2.08,1.82,1.85,635649725.37816,1255357709.2702086
2020-10-27 09:00:00,1.85,2.11,1.82,1.91,1513565672.529324,2984076028.8755174
2020-10-28 09:00:00,1.9,1.91,1.84,1.9,167768826.38660106,313054756.8117071
2020-10-29 09:00:00,1.9,1.95,1.82,1.87,116779173.03380153,219148328.58880806
2020-10-30 09:00:00,1.86,1.87,1.78,1.83,120188961.98710147,217517171.00407428
2020-10-31 09:00:00,1.82,1.85,1.81,1.83,29947920.31496533,54708829.12295309
2020-11-01 09:00:00,1.83,1.84,1.8,1.83,36628567.12776346,66553673.96358387
2020-11-02 09:00:00,1.83,1.98,1.76,1.8,126282453.16139613,232205835.73275653
2020-11-03 09:00:00,1.79,1.8,1.66,1.72,91820979.57623339,157573452.97935635
2020-11-04 09:00:00,1.72,1.76,1.68,1.73,45539271.46102133,77964293.38852637
2020-11-05 09:00:00,1.72,1.78,1.71,1.77,65288035.73765458,113596442.68227467
2020-11-06 09:00:00,1.76,1.87,1.74,1.87,95143123.42157465,171480068.43322167
2020-11-07 09:00:00,1.87,1.89,1.8,1.81,177015658.66325915,326378358.15798706
2020-11-08 09:00:00,1.81,2.07,1.78,1.89,994073531.2723923,1900146450.9516962
2020-11-09 09:00:00,1.89,1.89,1.79,1.85,180245361.40843314,330398041.5607215
2020-11-10 09:00:00,1.83,1.95,1.8,1.89,241354029.9065149,452060566.4714543
2020-11-11 09:00:00,1.9,2.1,1.87,1.95,905139366.6475157,1800931365.5114524
2020-11-12 09:00:00,1.93,2.03,1.9,1.94,308070904.3558901,598162872.0720513
2020-11-13 09:00:00,1.93,2.0,1.9,1.97,231659609.91677213,451948265.84162253
2020-11-14 09:00:00,1.97,1.98,1.86,1.9,180878664.88058126,346108429.5671497
2020-11-15 09:00:00,1.9,1.94,1.8,1.84,211864944.50985637,396718580.0963656
2020-11-16 09:00:00,1.83,1.88,1.8,1.87,123083126.01237994,226332347.185346
2020-11-17 09:00:00,1.86,1.9,1.82,1.86,118757803.1003262,221464942.7738708
2020-11-18 09:00:00,1.85,1.88,1.78,1.84,134297851.88161597,245481485.4484338
2020-11-19 09:00:00,1.83,1.85,1.75,1.79,103128961.10274126,184680591.42226937
2020-11-20 09:00:00,1.8,1.83,1.79,1.82,104046512.33699858,188016850.98093298
2020-11-21 09:00:00,1.81,1.88,1.79,1.88,264223348.72364262,484559699.3685515
2020-11-22 09:00:00,1.87,1.95,1.79,1.91,361836917.1908734,678937678.3230587
2020-11-23 09:00:00,1.91,2.05,1.88,1.96,586691868.0921688,1153928508.9132078
2020-11-24 09:00:00,1.96,2.1,1.9,2.07,745592028.5189136,1498484510.9278452
2020-11-25 09:00:00,2.07,2.2,1.98,2.16,493202041.3576109,1029009602.5005693
2020-11-26 09:00:00,2.16,2.21,1.8,1.89,535808640.2160534,1049282345.5733166
2020-11-27 09:00:00,1.89,1.96,1.8,1.88,146352072.8422873,273279931.88639385
2020-11-28 09:00:00,1.88,1.95,1.84,1.9,111868661.89967383,212144809.81533763
2020-11-29 09:00:00,1.92,2.0,1.89,1.95,183759312.54022512,357766648.2114407
2020-11-30 09:00:00,1.94,2.09,1.92,1.99,378838132.42507815,756178845.6694214
2020-12-01 09:00:00,1.99,2.43,1.98,2.13,1644120521.7188766,3539278680.9166856
2020-12-02 09:00:00,2.13,2.38,2.04,2.2,1075827106.066558,2362473126.957596
2020-12-03 09:00:00,2.22,2.37,2.11,2.16,623967889.2910726,1373069912.3146017
2020-12-04 09:00:00,2.17,2.57,2.13,2.26,4313243738.002995,10067775939.802189
2020-12-05 09:00:00,2.26,2.3,2.09,2.27,1104460434.032472,2431025739.1528807
2020-12-06 09:00:00,2.28,2.28,2.14,2.2,545775933.6620231,1203044095.211354
2020-12-07 09:00:00,2.19,3.06,2.18,2.63,7542198175.230904,19907373786.089733
2020-12-08 09:00:00,2.63,2.98,2.22,2.29,4634366270.041063,11573888628.301136
2020-12-09 09:00:00,2.29,2.34,2.01,2.23,982672049.1947284,2121208237.4809334
2020-12-10 09:00:00,2.23,2.24,2.05,2.08,410674993.5489613,865457086.5705347
2020-12-11 09:00:00,2.1,2.1,1.92,1.96,343541438.68954104,684564149.8081728
2020-12-12 09:00:00,1.95,2.1,1.92,2.04,327843609.9448655,661794691.9016265
2020-12-13 09:00:00,2.03,2.09,2.0,2.06,326986449.8645312,667518305.8085387
2020-12-14 09:00:00,2.06,2.1,1.99,2.08,302130485.8700987,617348750.9776963
2020-12-15 09:00:00,2.08,2.12,2.04,2.08,204391975.1293175,423089832.42590487
2020-12-16 09:00:00,2.08,2.14,2.02,2.12,325331716.26511294,672552159.5338306
2020-12-17 09:00:00,2.12,2.17,2.07,2.13,454386009.37445194,961842811.7958423
2020-12-18 09:00:00,2.13,2.22,2.07,2.19,607733112.5693396,1302509719.9700952
2020-12-19 09:00:00,2.18,2.45,2.17,2.32,1291576931.666356,3000219511.5164137
2020-12-20 09:00:00,2.32,2.38,2.15,2.27,504086551.9304665,1145620184.6962743
2020-12-21 09:00:00,2.26,2.34,2.08,2.2,572178467.3731682,1273178203.6909542
2020-12-22 09:00:00,2.19,2.23,2.09,2.17,249773585.87480447,537845658.02874
2020-12-23 09:00:00,2.17,2.18,1.81,1.86,742273506.8845675,1448982286.3290734
2020-12-24 09:00:00,1.85,1.97,1.79,1.94,375379674.94815975,695237190.969411
2020-12-25 09:00:00,1.94,2.1,1.88,1.94,652851872.9955477,1299391046.4981978
2020-12-26 09:00:00,1.94,2.09,1.89,2.0,576410576.1299603,1144135270.8350425
2020-12-27 09:00:00,2.0,2.13,1.94,2.08,663907803.0415958,1350965543.770006
2020-12-28 09:00:00,2.08,2.25,1.99,2.08,752987349.1228641,1570864127.2645447
2020-12-29 09:00:00,2.09,2.09,1.89,1.98,489848404.41483927,959927010.5716778
2020-12-30 09:00:00,1.97,2.04,1.91,1.98,341275176.87833786,668963188.054099
2020-12-31 09:00:00,1.98,1.99,1.9,1.95,253858844.13191068,493016945.49230224
2021-01-01 09:00:00,1.96,2.29,1.94,2.17,2998939680.5877895,6324977171.101228
2021-01-02 09:00:00,2.17,2.18,2.04,2.11,753933364.4674675,1586897229.4902945
2021-01-03 09:00:00,2.1,2.11,1.98,2.08,846560415.5593896,1724200614.4847527
2021-01-04 09:00:00,2.08,2.16,1.97,2.07,853663715.9430122,1752028522.2352536
2021-01-05 09:00:00,2.07,2.1,1.98,2.09,573761794.7954352,1166762938.4819782
2021-01-06 09:00:00,2.09,2.14,2.02,2.14,661556424.8564253,1360239401.891794
2021-01-07 09:00:00,2.13,2.21,2.04,2.17,894111433.4637284,1908477952.6524563
2021-01-08 09:00:00,2.17,2.28,2.04,2.26,989103946.2119426,2134222982.317412
2021-01-09 09:00:00,2.26,2.85,2.21,2.39,5183967590.963593,12839063514.694027
2021-01-10 09:00:00,2.39,2.45,2.1,2.21,1255052521.395352,2888476090.1257124
2021-01-11 09:00:00,2.21,2.22,1.91,2.06,937387995.1983434,1913732697.011574
2021-01-12 09:00:00,2.06,2.11,1.99,2.08,439753555.59971184,900392431.1460122
2021-01-13 09:00:00,2.08,2.13,2.01,2.1,288681481.8349914,595115494.8324792
2021-01-14 09:00:00,2.12,2.49,2.03,2.23,4134204083.985655,9436570514.440277
2021-01-15 09:00:00,2.22,2.63,2.1,2.35,2136129038.5177472,4948931366.859239
2021-01-16 09:00:00,2.35,2.57,2.26,2.42,1744233558.9031646,4182764963.0781837
2021-01-17 09:00:00,2.42,2.42,2.21,2.36,759266557.4895995,1750520263.1055331
2021-01-18 09:00:00,2.36,2.39,2.25,2.37,552712949.7536145,1273848367.4766784
2021-01-19 09:00:00,2.36,2.77,2.33,2.56,4115437145.5239162,10576484521.205244
2021-01-20 09:00:00,2.55,2.76,2.35,2.55,1545085420.071235,3800613826.2211704
2021-01-21 09:00:00,2.54,2.55,2.2,2.23,1007398614.5574062,2385049014.816255
2021-01-22 09:00:00,2.22,2.28,1.96,2.27,1132576932.574899,2427184588.532846
2021-01-23 09:00:00,2.27,2.29,2.14,2.24,539981670.9152614,1193414079.9684632
2021-01-24 09:00:00,2.24,2.38,2.19,2.29,882491687.6714622,2027484421.44497
2021-01-25 09:00:00,2.28,2.48,2.25,2.32,1190060885.7585704,2829421713.384449
2021-01-26 09:00:00,2.32,2.35,2.17,2.26,478395044.21805644,1077327044.608129
2021-01-27 09:00:00,2.26,2.3,2.05,2.12,555822179.8690197,1196348917.3441188
2021-01-28 09:00:00,2.13,2.38,2.11,2.31,1335246007.324105,2991245352.45944
2021-01-29 09:00:00,2.31,2.37,2.17,2.3,931132663.6248,2124347789.2980502
2021-01-30 09:00:00,2.3,2.41,2.23,2.28,1030981904.7459964,2391039845.3492427
2021-01-31 09:00:00,2.28,2.37,2.22,2.26,487985031.97476315,1106913872.9370704
2021-02-01 09:00:00,2.26,2.34,2.22,2.3,758552201.9703465,1730484900.4351172
2021-02-02 09:00:00,2.3,2.72,2.26,2.64,2456047929.636441,6081492366.366463
2021-02-03 09:00:00,2.61,4.88,2.47,3.58,40893723057.83358,153865131624.73413
2021-02-04 09:00:00,3.58,4.5,3.06,3.5,10245828061.73285,38423783479.45875
2021-02-05 09:00:00,3.52,3.75,3.26,3.59,3175203094.134248,10962374617.850998
2021-02-06 09:00:00,3.59,4.39,3.46,3.74,6813172277.508922,26289063838.142506
2021-02-07 09:00:00,3.75,3.97,3.4,3.89,2940350113.534867,10863459666.125748
2021-02-08 09:00:00,3.89,4.27,3.75,4.15,3621865860.5975323,14500473938.206749
2021-02-09 09:00:00,4.15,4.84,3.95,4.46,5100383030.370723,22377503018.592976
2021-02-10 09:00:00,4.45,4.46,4.0,4.34,2015036637.1443202,8615804930.93563
2021-02-11 09:00:00,4.36,4.99,4.14,4.57,3668545818.8197722,16659857260.571968
2021-02-12 09:00:00,4.58,5.75,4.5,5.29,9829059603.701962,51067793885.09496
2021-02-13 09:00:00,5.29,6.3,5.2,5.72,5089834604.646452,29477923398.320747
2021-02-14 09:00:00,5.72,5.94,4.97,5.42,2494757192.2300515,13988161217.62042
2021-02-15 09:00:00,5.42,6.18,4.29,5.9,3713791810.0637126,20186513123.683365
2021-02-16 09:00:00,5.9,6.75,5.6,6.09,3723920389.489896,22846393876.277756
2021-02-17 09:00:00,6.09,8.8,5.86,6.58,7709363231.133381,52217568383.35047
2021-02-18 09:00:00,6.58,9.09,6.47,8.28,10111045404.032524,80544293510.05544
2021-02-19 09:00:00,8.28,9.08,7.65,8.33,2437743147.6675525,19648979262.20264
2021-02-20 09:00:00,8.33,9.25,7.9,8.16,4341077473.446799,37098781096.93483
2021-02-21 09:00:00,8.16,9.25,8.01,8.68,2942946799.7831125,25340854466.423176
2021-02-22 09:00:00,8.67,10.1,6.6,8.79,8035335080.535524,68364009077.48928
2021-02-23 09:00:00,8.8,8.89,4.84,6.42,7215375105.121643,46936258597.16248
2021-02-24 09:00:00,6.41,7.08,5.7,6.59,4680952031.458692,30241988183.8453
2021-02-25 09:00:00,6.57,7.3,6.25,6.42,3887654418.7717586,26278124778.689163
2021-02-26 09:00:00,6.4,6.84,6.06,6.53,2421435697.3806744,15530186327.812042
2021-02-27 09:00:00,6.53,7.23,6.38,6.98,2900774014.5722003,19874982122.625816
2021-02-28 09:00:00,6.98,7.96,5.85,6.42,4965148855.362114,34495377755.00024
2021-03-01 09:00:00,6.43,6.77,6.19,6.74,1565912255.1166298,10177759538.850092
2021-03-02 09:00:00,6.78,6.94,6.37,6.78,1203949693.683327,7958382704.912085
2021-03-03 09:00:00,6.78,7.4,6.6,7.32,2315478096.9449134,16130489034.03579
2021-03-04 09:00:00,7.32,7.86,7.03,7.77,3238364669.1749644,24202077047.18514
2021-03-05 09:00:00,7.77,9.03,7.51,8.36,7447553105.019838,61529850789.15574
2021-03-06 09:00:00,8.36,9.78,7.49,9.02,7141952770.915116,63604494550.04687
2021-03-07 09:00:00,9.02,9.38,8.63,8.85,1863727658.2887294,16468173694.58999
2021-03-08 09:00:00,8.83,9.37,8.41,9.09,2931951359.4942303,26195453140.861877
2021-03-09 09:00:00,9.08,9.85,8.71,9.81,2613218722.6168776,23704854752.984547
2021-03-10 09:00:00,9.8,12.0,8.9,10.8,7709612232.244527,81990205783.797
2021-03-11 09:00:00,10.8,11.0,9.93,10.6,2327098224.245916,24211357443.086414
2021-03-12 09:00:00,10.6,12.9,10.1,12.2,3414588896.2201557,38553677796.66357
2021-03-13 09:00:00,12.1,18.0,11.5,14.3,9104314590.545183,133667000533.00992
2021-03-14 09:00:00,14.3,16.8,13.5,15.1,3454083106.8215036,52904722686.259285
2021-03-15 09:00:00,15.1,19.4,12.6,17.9,6424785052.702064,103067214612.24927
2021-03-16 09:00:00,17.9,22.4,15.1,21.2,6664004486.598337,132563656516.63931
2021-03-17 09:00:00,21.2,25.0,16.1,22.2,6340963067.9597025,135560592948.2492
2021-03-18 09:00:00,22.1,33.0,20.5,32.1,7433369565.663672,187691294619.62906
2021-03-19 09:00:00,32.0,38.2,28.7,34.9,6399407983.245756,216493288259.0008
2021-03-20 09:00:00,34.9,42.5,25.6,32.6,8006679632.853818,295481449934.59283
2021-03-21 09:00:00,32.5,39.2,30.5,36.6,4986926741.471001,172132806114.28238
2021-03-22 09:00:00,36.6,38.4,31.2,31.5,3404756196.566049,116935350872.53003
2021-03-23 09:00:00,31.5,33.2,23.4,28.9,5140096008.381271,139695482204.13107
2021-03-24 09:00:00,28.8,30.6,26.3,26.8,2789360732.2675676,79012644953.2621
2021-03-25 09:00:00,26.8,29.9,25.2,28.0,2746082938.8283415,74224365546.27559
2021-03-26 09:00:00,28.0,29.5,26.9,29.2,1604985112.9623575,44757305652.73527
2021-03-27 09:00:00,29.2,30.5,27.4,30.0,1527818858.1074066,43869662173.150566
2021-03-28 09:00:00,30.1,30.1,28.1,29.6,1301992002.3556402,37802510763.315414
2021-03-29 09:00:00,29.6,31.6,28.8,30.8,1941853065.3461635,59162328771.248375
2021-03-30 09:00:00,30.8,35.6,30.7,34.7,2747260344.2465262,91098131591.57631
2021-03-31 09:00:00,34.7,42.0,33.3,39.9,6407686529.253969,247045665788.11407
2021-04-01 09:00:00,39.8,45.7,38.7,42.3,4547385746.712982,193376253135.48267
2021-04-02 09:00:00,42.3,51.9,39.8,50.6,4040458713.578326,180155326092.30618
2021-04-03 09:00:00,50.6,56.7,39.8,42.0,3359216649.14709,156928354058.50076
2021-04-04 09:00:00,41.9,45.9,40.4,45.1,1887453280.896806,81927287478.01797
2021-04-05 09:00:00,45.1,49.1,36.4,39.0,3110254952.5901384,134297839179.0826
2021-04-06 09:00:00,39.0,41.3,32.7,36.4,3068691000.647976,111367031353.54224
2021-04-07 09:00:00,36.5,36.8,18.9,26.3,5738569450.234001,156782815899.8899
2021-04-08 09:00:00,26.4,34.4,25.2,33.9,3384580822.8974323,101426880625.04291
2021-04-09 09:00:00,33.9,39.3,32.0,36.5,3823520929.144594,136804367096.75403
2021-04-10 09:00:00,36.5,39.2,33.3,34.2,2149865731.174521,76767579371.98917
2021-04-11 09:00:00,34.4,38.5,27.3,36.1,2799887800.294984,92573658467.96826
2021-04-12 09:00:00,36.1,38.3,32.6,33.8,1676630662.0930736,57060321692.64119
2021-04-13 09:00:00,33.8,33.9,30.2,31.9,1684560317.3812478,53931050531.87342
2021-04-14 09:00:00,31.9,32.0,27.1,28.4,2121612870.7262352,60866972715.00044
2021-04-15 09:00:00,28.4,31.3,28.2,30.4,2102786616.908511,62954878283.67796
2021-04-16 09:00:00,30.4,30.4,26.6,28.4,1965390534.6322687,54935255444.431046
2021-04-17 09:00:00,28.4,34.6,27.3,33.5,5695434312.454929,177664285350.19357
2021-04-18 09:00:00,33.5,34.1,26.4,29.9,3404094694.514144,100362197417.57004
2021-04-19 09:00:00,29.9,30.0,25.5,26.1,1765234410.5823438,48624210423.22724
2021-04-20 09:00:00,26.0,27.7,20.8,24.7,2886280439.209017,69057358531.43182
2021-04-21 09:00:00,24.7,28.1,24.5,25.1,2700291088.617947,70258144606.51892
2021-04-22 09:00:00,25.1,26.6,16.6,18.5,2714428263.8366795,60880922757.629875
2021-04-23 09:00:00,18.5,19.6,11.8,18.2,4016265134.103611,62145061835.07746
2021-04-24 09:00:00,18.3,19.8,16.3,17.6,3015303318.4289947,53788487592.20194
2021-04-25 09:00:00,17.6,21.2,16.6,19.2,3837480013.358099,73744353336.9671
2021-04-26 09:00:00,19.2,22.7,18.3,22.6,2714591357.3907175,57762404376.015625
2021-04-27 09:00:00,22.6,24.5,21.9,24.4,2272045888.483189,52712036904.81858
2021-04-28 09:00:00,24.3,24.8,20.4,22.6,2374278195.2585974,52797659594.85663
2021-04-29 09:00:00,22.6,23.0,20.8,22.1,1267825889.14651,27785386866.031208
2021-04-30 09:00:00,22.0,23.2,21.4,22.7,921563388.1631738,20238233963.02862
2021-05-01 09:00:00,22.6,23.1,21.6,22.5,809088511.0243737,17972290098.50762
2021-05-02 09:00:00,22.4,23.4,21.5,22.8,1296091842.9554837,28983409474.018227
2021-05-03 09:00:00,22.8,25.4,22.6,24.0,2566669337.0987306,62011263448.075935
2021-05-04 09:00:00,24.0,25.3,21.4,21.7,2773377394.0113025,65834879834.45819
2021-05-05 09:00:00,21.7,22.4,20.7,22.0,1431875675.2199657,30721510188.617844
2021-05-06 09:00:00,22.0,22.1,20.4,20.7,1202264009.2944741,25375850875.81941
2021-05-07 09:00:00,20.7,22.9,18.9,21.1,1874286779.3308523,38791853732.7515
2021-05-08 09:00:00,21.2,21.5,20.2,20.6,784654886.7577152,16263495553.571962
2021-05-09 09:00:00,20.7,21.8,19.7,20.9,1034465928.8807448,21372369114.925312
2021-05-10 09:00:00,20.9,21.0,18.3,19.2,807327498.1503998,16088390946.789589
2021-05-11 09:00:00,19.1,21.8,18.0,20.0,2921611582.1649637,59320321652.74019
2021-05-12 09:00:00,20.0,21.7,16.6,17.1,2142937389.6841066,43527533181.79678
2021-05-13 09:00:00,17.0,18.6,15.6,17.7,1189114295.9337707,20812703422.32222
2021-05-14 09:00:00,17.7,19.1,17.4,18.2,1003676326.443895,18285970891.866116
2021-05-15 09:00:00,18.2,18.5,16.8,17.2,685025986.2861793,12033108603.276894
2021-05-16 09:00:00,17.2,17.7,16.2,16.8,694504345.8153547,11823764142.563313
2021-05-17 09:00:00,16.8,16.8,13.7,15.1,1107255938.7189915,16613450889.299273
2021-05-18 09:00:00,15.0,16.5,14.7,15.8,892389752.3354232,14016094167.883146
2021-05-19 09:00:00,15.7,16.3,8.63,12.1,2164745567.4404497,28150552944.11382
2021-05-20 09:00:00,12.1,12.9,11.1,12.9,1472772413.9824195,17789695701.91559
2021-05-21 09:00:00,12.9,24.6,12.9,17.0,37933034977.08648,746566748860.0703
2021-05-22 09:00:00,17.1,17.1,11.0,13.1,4286299200.210172,56179876819.39651
2021-05-23 09:00:00,13.0,13.4,9.0,10.5,3302183679.697643,36107316475.467155
2021-05-24 09:00:00,10.5,12.7,9.05,11.7,6177956169.965661,67432231258.79411
2021-05-25 09:00:00,11.7,13.3,9.99,12.3,2965702394.3405285,34267927066.26103
2021-05-26 09:00:00,12.3,13.0,11.2,12.9,2058999069.3945005,25186511067.656345
2021-05-27 09:00:00,13.0,13.2,11.8,12.4,1138485936.331152,14134045212.935171
2021-05-28 09:00:00,12.4,12.6,10.7,11.2,1457027769.265704,16693637539.526249
2021-05-29 09:00:00,11.2,12.4,10.3,11.5,1976672102.7611527,22534703650.793274
2021-05-30 09:00:00,11.5,11.5,10.3,11.2,856468518.6770204,9328398919.465446
2021-05-31 09:00:00,11.2,11.4,10.6,11.2,563354468.5337054,6202812412.648435
2021-06-01 09:00:00,11.3,11.5,10.8,11.0,434428688.6526506,4793169877.220498
2021-06-02 09:00:00,11.1,11.7,10.9,11.3,1037780508.6422606,11702368588.057375
2021-06-03 09:00:00,11.4,11.8,11.2,11.8,585740526.4209683,6748546937.092491
2021-06-04 09:00:00,11.7,11.8,10.6,11.1,589581984.2971921,6540313669.3712845
2021-06-05 09:00:00,11.1,11.8,10.6,11.3,772170986.4908539,8570239380.035985
2021-06-06 09:00:00,11.3,12.3,11.0,11.7,1483519711.7424295,17154128581.761528
2021-06-07 09:00:00,11.7,12.0,10.6,10.8,980907972.0847985,11290974055.39427
2021-06-08 09:00:00,10.8,11.1,9.56,10.3,1155407231.9980533,11909749119.052982
2021-06-09 09:00:00,10.3,10.6,9.77,10.4,577730123.1916406,5856436123.281436
2021-06-10 09:00:00,10.4,12.0,10.2,11.2,2089651106.167917,23246683106.374165
2021-06-11 09:00:00,11.1,12.3,9.95,10.1,2836724099.9095583,31797086986.342293
2021-06-12 09:00:00,10.0,10.5,7.97,8.6,961305723.9571265,8574991723.500787
2021-06-13 09:00:00,8.6,8.6,6.78,8.52,1951404480.2885861,14707662644.794144
2021-06-14 09:00:00,8.54,9.24,7.75,8.7,1911787414.6378422,16288661655.709152
2021-06-15 09:00:00,8.69,9.84,8.31,9.14,4334540224.675649,40415595754.31696
2021-06-16 09:00:00,9.14,9.72,8.47,8.89,1290651817.571468,11771199397.734411
2021-06-17 09:00:00,8.86,9.49,8.71,8.93,2418526179.296214,22186435426.95981
2021-06-18 09:00:00,8.89,9.05,7.97,8.15,736908349.6992619,6167298606.055624
2021-06-19 09:00:00,8.15,8.3,7.53,7.81,428701916.9909613,3378302795.0625234
2021-06-20 09:00:00,7.8,8.2,6.82,7.5,867822391.2793249,6508065154.381866
2021-06-21 09:00:00,7.5,8.85,5.34,5.61,4447659672.21245,34014067990.654163
2021-06-22 09:00:00,5.61,6.5,4.38,4.89,2582517096.9017806,13086490813.06416
2021-06-23 09:00:00,4.93,5.41,4.58,5.25,1229282853.599637,6177983008.919051
2021-06-24 09:00:00,5.25,5.82,5.07,5.73,1027215130.2813271,5586292798.393063
2021-06-25 09:00:00,5.76,6.14,5.12,5.43,1237067191.6869478,7082002235.7469015
2021-06-26 09:00:00,5.49,5.82,5.08,5.64,882100355.5106342,4845419626.504321
2021-06-27 09:00:00,5.65,5.91,5.4,5.87,704158634.3754715,3948591967.5378838
2021-06-28 09:00:00,5.86,7.52,5.79,7.18,12700762822.27996,88158153078.12248
2021-06-29 09:00:00,7.18,9.84,6.81,8.2,12272762782.43204,105242561134.46338
2021-06-30 09:00:00,8.19,8.31,7.22,8.27,1625892447.1137335,12468238145.355776
2021-07-01 09:00:00,8.27,9.5,7.62,8.58,4868937674.839876,41898611463.806786
2021-07-02 09:00:00,8.58,9.49,7.88,9.16,4326396752.807456,38104654338.955246
2021-07-03 09:00:00,9.16,9.33,8.45,9.16,1538572846.4030724,13710479748.870731
2021-07-04 09:00:00,9.16,10.4,8.95,9.97,4940257671.92182,47931372036.89071
2021-07-05 09:00:00,9.97,12.4,9.5,10.6,7975451942.738754,87984398712.17328
2021-07-06 09:00:00,10.6,11.3,10.3,10.9,1527175964.1382682,16294059981.429161
2021-07-07 09:00:00,10.9,10.9,10.3,10.6,957451207.59954,10046162203.256954
2021-07-08 09:00:00,10.5,10.5,8.61,9.17,1936071939.3543508,18308690821.287014
2021-07-09 09:00:00,9.17,9.35,8.15,9.3,1348316986.7957087,11737555247.681927
2021-07-10 09:00:00,9.19,10.1,8.91,9.31,2485547480.807967,23809970212.430782
2021-07-11 09:00:00,9.31,9.5,8.76,9.42,733437205.1299504,6732817679.075075
2021-07-12 09:00:00,9.43,10.3,9.2,10.1,2420187471.613396,23581879220.562683
2021-07-13 09:00:00,10.1,10.1,9.18,9.72,1441470909.000553,14048764813.262205
2021-07-14 09:00:00,9.72,9.72,8.57,9.2,1195205197.7176583,10772262584.389277
2021-07-15 09:00:00,9.2,9.35,8.58,8.79,1000477131.2591406,8869772421.07605
2021-07-16 09:00:00,8.77,8.82,7.51,7.98,1313846025.9933748,10633403335.160002
2021-07-17 09:00:00,7.94,8.24,7.5,8.06,667735428.9712539,5254731764.875922
2021-07-18 09:00:00,8.06,8.16,7.86,7.96,390598619.91854066,3122154541.0784326
2021-07-19 09:00:00,7.97,9.23,7.9,8.75,10150511290.300795,88197102056.67096
2021-07-20 09:00:00,8.75,9.08,7.24,7.7,3505435929.985938,28003702071.732254
2021-07-21 09:00:00,7.7,8.77,7.13,8.2,4829878610.451335,38479619081.734985
2021-07-22 09:00:00,8.22,8.3,7.87,8.3,1407514202.2613535,11346359843.185823
2021-07-23 09:00:00,8.3,8.59,8.05,8.46,1982255263.4982908,16506144815.626234
2021-07-24 09:00:00,8.45,8.56,8.22,8.53,980429058.5153862,8189896798.50987
2021-07-25 09:00:00,8.53,8.8,8.22,8.7,1586838039.963402,13577709822.36096
2021-07-26 09:00:00,8.7,9.29,8.5,8.8,1735736741.2151167,15406310757.735376
2021-07-27 09:00:00,8.8,9.15,8.26,9.05,1535002526.7532873,13470223583.931133
2021-07-28 09:00:00,9.05,9.05,8.72,9.03,742985581.2645845,6610980300.908984
2021-07-29 09:00:00,9.03,11.9,8.92,9.94,11753330931.636766,120479572227.5021
2021-07-30 09:00:00,9.94,10.7,9.33,10.3,2760560971.889886,27736494680.471695
2021-07-31 09:00:00,10.3,10.7,10.0,10.5,1037374858.6791142,10625986040.121033
2021-08-01 09:00:00,10.6,11.7,10.3,11.3,2455622349.7628794,26770114758.652752
2021-08-02 09:00:00,11.3,11.3,10.1,10.9,1610538352.8482864,17003821573.371933
2021-08-03 09:00:00,10.9,11.7,10.2,10.5,1360241937.624649,14497088832.247433
2021-08-04 09:00:00,10.5,11.1,10.3,10.9,1052013929.3359323,11161842616.388636
2021-08-05 09:00:00,10.8,14.6,10.7,12.7,11542311769.867147,149005735526.33493
2021-08-06 09:00:00,12.7,14.8,12.3,13.1,8635746667.124647,118141650833.1034
2021-08-07 09:00:00,13.0,13.6,12.7,13.1,2352775745.978555,30866967204.190876
2021-08-08 09:00:00,13.1,13.2,12.4,12.5,805035527.5507104,10198077075.533178
2021-08-09 09:00:00,12.5,13.5,12.0,12.9,1648340214.2342505,20958182338.304173
2021-08-10 09:00:00,13.0,13.0,12.5,12.9,811886729.72249,10331465914.40622
2021-08-11 09:00:00,12.9,13.4,12.7,13.3,1413622312.1298385,18479139862.89446
2021-08-12 09:00:00,13.2,13.7,12.4,13.0,1540257141.2903037,20096112662.31254
2021-08-13 09:00:00,13.0,13.5,12.7,13.5,1300218674.0714333,17118708444.852282
2021-08-14 09:00:00,13.5,13.6,12.9,13.6,1211324781.6070762,16074847470.869976
2021-08-15 09:00:00,13.6,14.4,13.3,14.3,2061650457.0427334,28564831918.099846
2021-08-16 09:00:00,14.2,14.4,13.6,13.7,1009768045.5558385,14130376132.291462
2021-08-17 09:00:00,13.7,13.8,12.4,12.7,1575007456.6336088,20740298906.00727
2021-08-18 09:00:00,12.7,12.9,11.9,12.3,958542319.8719062,11877198396.77728
2021-08-19 09:00:00,12.4,13.2,12.1,13.0,912060168.9116707,11470261229.140373
2021-08-20 09:00:00,13.0,13.3,12.7,13.2,692613560.8199514,9023222705.75162
2021-08-21 09:00:00,13.2,13.5,12.9,13.5,705496381.0576187,9278852238.380539
2021-08-22 09:00:00,13.4,13.5,13.0,13.1,559203634.505688,7369518828.430981
2021-08-23 09:00:00,13.2,15.0,12.9,14.3,2852486213.470836,39819438867.05625
2021-08-24 09:00:00,14.3,15.5,13.3,13.6,2680835404.9212065,38656048696.925255
2021-08-25 09:00:00,13.6,14.2,12.4,13.9,1548729844.310397,20739994909.472736
2021-08-26 09:00:00,14.0,14.4,12.6,12.9,1337200307.9885447,18017545566.640522
2021-08-27 09:00:00,12.9,13.7,12.4,13.5,1168747306.9489343,15195725833.351147
2021-08-28 09:00:00,13.6,14.0,13.3,13.7,1136872753.6964207,15511822863.409357
2021-08-29 09:00:00,13.7,13.7,13.0,13.5,680351915.5466014,9015740828.427391
2021-08-30 09:00:00,13.6,13.6,12.9,13.1,692371909.7251066,9159875854.827286
2021-08-31 09:00:00,13.0,13.3,12.5,13.1,909069810.5377905,11701452638.929253
2021-09-01 09:00:00,13.1,14.0,12.8,13.8,1947819029.1971612,26175556634.23529
2021-09-02 09:00:00,13.7,14.7,13.5,14.1,2036649924.3478098,28551322589.629974
2021-09-03 09:00:00,14.2,14.5,13.7,14.5,1267257173.110445,17845965808.91127
2021-09-04 09:00:00,14.4,16.5,14.2,16.4,3030644414.4245434,46939272640.7263
2021-09-05 09:00:00,16.3,18.7,14.8,16.5,5731886342.90096,98868456857.1123
2021-09-06 09:00:00,16.4,17.9,15.6,16.5,2176861311.892944,36282419067.90792
2021-09-07 09:00:00,16.5,16.6,12.1,13.6,2148240406.011296,31521121117.72406
2021-09-08 09:00:00,13.6,14.2,11.8,13.4,1989738130.5604513,26132690151.68425
2021-09-09 09:00:00,13.3,15.1,13.3,14.5,2984230810.874706,42349647217.68391
2021-09-10 09:00:00,14.5,14.7,13.2,13.6,1210685881.9026396,16882501701.85071
2021-09-11 09:00:00,13.5,13.9,13.3,13.8,460336361.51685494,6266972756.008235
2021-09-12 09:00:00,13.7,14.1,13.4,14.1,498831453.48611116,6849331744.910929
2021-09-13 09:00:00,14.1,14.1,12.6,13.0,820854455.0413792,10868196371.291775
2021-09-14 09:00:00,13.0,13.5,13.0,13.4,491020083.21478593,6496648107.162521
2021-09-15 09:00:00,13.4,13.9,13.1,13.6,821065712.901586,11099110842.981352
2021-09-16 09:00:00,13.5,13.7,13.2,13.6,464468715.32988256,6247560286.974973
2021-09-17 09:00:00,13.6,14.1,13.2,13.6,754729879.8643513,10316272158.177525
2021-09-18 09:00:00,13.6,13.8,13.5,13.8,292947007.3860909,3987248041.803839
2021-09-19 09:00:00,13.8,13.8,13.2,13.4,310966717.62662315,4184340688.7276545
2021-09-20 09:00:00,13.4,13.5,11.1,11.3,1095297505.1783602,13092836824.089676
2021-09-21 09:00:00,11.3,11.8,10.2,10.2,1318824459.4362936,14588621035.851076
2021-09-22 09:00:00,10.2,12.2,9.92,11.6,1311924554.1565537,14270077883.453787
2021-09-23 09:00:00,11.6,12.0,10.6,11.5,866552834.3376356,9783721972.115202
2021-09-24 09:00:00,11.5,11.8,10.2,10.7,1124896014.3227057,12432219546.610165
2021-09-25 09:00:00,10.7,11.9,10.4,11.3,1840328912.0304396,20577471729.43243
2021-09-26 09:00:00,11.3,11.4,10.3,10.8,549402108.7452759,5932422253.851643
2021-09-27 09:00:00,10.8,11.2,10.3,10.4,426658055.7702641,4561593156.758118
2021-09-28 09:00:00,10.4,11.0,9.8,9.94,1024622959.5561405,10547025908.81895
2021-09-29 09:00:00,9.95,10.4,9.56,10.1,464995226.22057545,4654071090.314141
2021-09-30 09:00:00,10.0,11.4,9.97,10.9,1685138187.8035402,18224809836.74408
2021-10-01 09:00:00,10.8,11.7,10.8,11.6,949345224.5650171,10724013410.103016
2021-10-02 09:00:00,11.5,11.9,11.3,11.8,499466097.2133539,5799565917.624712
2021-10-03 09:00:00,11.7,11.8,11.3,11.7,546663543.6852034,6321425974.488434
2021-10-04 09:00:00,11.7,11.8,11.0,11.4,563341059.3818427,6375705291.24107
2021-10-05 09:00:00,11.4,14.5,11.3,12.5,7668271044.628112,98484278790.29396
2021-10-06 09:00:00,12.5,14.4,12.0,13.2,5138234225.994668,67447125262.60155
2021-10-07 09:00:00,13.1,15.0,12.6,14.3,3307715640.164683,46140993945.73709
2021-10-08 09:00:00,14.4,20.9,14.3,16.1,14880775781.346998,257674420488.2915
2021-10-09 09:00:00,16.1,19.5,14.3,15.8,10319978685.433334,181872933877.2654
2021-10-10 09:00:00,15.9,17.1,14.5,16.2,2383718716.5611496,37481375200.63636
2021-10-11 09:00:00,16.2,16.6,15.0,15.5,1123449792.4761,17268753357.450737
2021-10-12 09:00:00,15.5,15.8,12.9,14.0,2027385826.3378277,27999901483.600616
2021-10-13 09:00:00,14.1,15.0,13.8,14.8,1862163668.386732,26755110484.559338
2021-10-14 09:00:00,14.8,15.2,14.4,15.1,1022675348.6831186,15174550830.671644
2021-10-15 09:00:00,15.1,15.4,12.9,13.9,1761685824.6730113,24453354564.35557
2021-10-16 09:00:00,13.9,15.1,13.5,13.9,1435340826.1539044,20291556351.839428
2021-10-17 09:00:00,14.0,14.0,13.3,13.6,365572754.67638797,4971320238.57679
2021-10-18 09:00:00,13.5,13.6,12.9,13.3,396645459.19098145,5250168607.944377
2021-10-19 09:00:00,13.4,14.7,13.2,14.2,2349193913.1877394,32639874693.390133
2021-10-20 09:00:00,14.2,15.2,13.5,14.6,1443034954.843352,20617659096.205666
2021-10-21 09:00:00,14.6,15.1,14.2,14.7,991908316.9791765,14428805454.202642
2021-10-22 09:00:00,14.7,15.3,14.2,14.8,1180212955.2361164,17398673198.44563
2021-10-23 09:00:00,14.7,14.8,14.2,14.5,377218229.78796756,5466423041.631905
2021-10-24 09:00:00,14.5,14.8,14.0,14.2,493588095.1797877,7077515465.45616
2021-10-25 09:00:00,14.1,14.5,14.1,14.3,280893616.84008634,4000125592.7011356
2021-10-26 09:00:00,14.2,14.4,13.7,13.8,469934756.08692366,6548895084.342815
2021-10-27 09:00:00,13.9,13.9,11.7,12.5,1031722879.1881872,13229111123.813936
2021-10-28 09:00:00,12.5,13.1,12.0,13.1,440007427.95061404,5575425429.888561
2021-10-29 09:00:00,13.1,13.5,12.6,13.3,439275530.0800081,5710111071.74977
2021-10-30 09:00:00,13.3,13.6,12.8,13.4,748294438.0294962,9912327992.712866
2021-10-31 09:00:00,13.3,14.2,12.8,14.1,1272842899.6073787,17077547376.547749
2021-11-01 09:00:00,14.1,14.2,13.2,13.7,697215946.1083364,9474880636.413641
2021-11-02 09:00:00,13.6,14.2,13.3,14.1,952982396.6298119,13132196251.229162
2021-11-03 09:00:00,14.1,15.1,13.4,14.7,2129416458.7301848,30821935677.54083
2021-11-04 09:00:00,14.6,14.7,14.1,14.4,635730484.8137771,9156493222.37146
2021-11-05 09:00:00,14.4,15.5,14.4,15.3,1485895964.5474005,22232447710.379814
2021-11-06 09:00:00,15.3,15.7,14.6,15.0,718611974.820957,10824403963.867983
2021-11-07 09:00:00,15.0,15.0,14.6,14.7,366282263.1780814,5394598526.583688
2021-11-08 09:00:00,14.7,14.9,14.2,14.4,491831314.47381574,7093319548.119786
2021-11-09 09:00:00,14.4,14.6,13.9,14.2,516409190.5707842,7334589784.965695
2021-11-10 09:00:00,14.3,14.5,13.5,13.8,565581152.93297,7963914374.66321
2021-11-11 09:00:00,13.7,14.0,13.6,13.9,323208148.9963334,4442989306.450369
2021-11-12 09:00:00,13.9,13.9,13.2,13.6,432856819.0627239,5840476189.478122
2021-11-13 09:00:00,13.6,13.9,13.4,13.8,300938706.15133333,4096793643.3236914
2021-11-14 09:00:00,13.8,13.9,13.5,13.8,269640359.2310248,3686043715.5547347
2021-11-15 09:00:00,13.7,14.2,13.7,14.2,516014484.85688215,7166912004.061998
2021-11-16 09:00:00,14.2,14.6,13.0,14.0,1462643951.148389,20288544904.516506
2021-11-17 09:00:00,14.0,16.0,13.9,15.9,4275382815.8354173,63709737276.13967
2021-11-18 09:00:00,15.9,17.4,12.9,13.3,3137989247.295458,48339073117.81834
2021-11-19 09:00:00,13.3,14.1,12.6,13.9,936526808.8642979,12503644535.775059
2021-11-20 09:00:00,14.0,16.2,13.9,15.6,2285466505.9154963,34868624487.463036
2021-11-21 09:00:00,15.5,15.6,14.8,15.2,587845831.99134,8908034234.177155
2021-11-22 09:00:00,15.2,16.7,14.4,16.3,1567172621.0917559,24550286624.45764
2021-11-23 09:00:00,16.3,20.2,15.4,19.7,3498944032.0446296,63193090984.954704
2021-11-24 09:00:00,19.7,25.7,18.7,25.1,8322823914.654373,189338810085.84927
2021-11-25 09:00:00,25.0,29.8,22.3,25.6,6194819756.296097,166399601627.46097
2021-11-26 09:00:00,25.6,27.9,19.3,20.1,4745823102.899897,109439104089.78198
2021-11-27 09:00:00,20.1,21.2,19.1,20.1,1048506988.506167,20932166321.515564
2021-11-28 09:00:00,20.1,20.1,17.4,18.9,851187364.1488833,15781065713.902012
2021-11-29 09:00:00,18.8,21.8,18.5,20.8,1805499118.4267292,36789278327.81948
2021-11-30 09:00:00,20.7,21.1,19.0,19.8,539455232.0534018,10632966876.93554
2021-12-01 09:00:00,19.7,20.2,18.7,19.0,440296911.99550164,8472821746.673412
2021-12-02 09:00:00,19.0,22.2,18.8,19.9,2742108471.684539,56253516766.7387
2021-12-03 09:00:00,20.0,20.0,15.9,16.7,3259095918.3420177,57174464878.993835
2021-12-04 09:00:00,16.7,16.8,10.0,14.0,8080973979.993881,107758246578.98087
2021-12-05 09:00:00,14.0,14.3,12.0,12.5,2032211108.4839497,26637037839.15155
2021-12-06 09:00:00,12.5,13.0,10.9,12.8,1998202523.4735167,23556535256.91059
2021-12-07 09:00:00,12.9,13.4,12.4,13.1,1373366631.7660637,17800269752.27473
2021-12-08 09:00:00,13.1,13.5,12.2,13.4,1173491255.962441,15170095712.528418
2021-12-09 09:00:00,13.5,13.5,12.2,12.3,778111335.1974839,9947439745.866253
2021-12-10 09:00:00,12.3,13.2,12.0,12.4,1271565922.3661711,15977601169.30219
2021-12-11 09:00:00,12.4,12.6,12.1,12.5,351034365.5079208,4327450150.833144
2021-12-12 09:00:00,12.6,12.7,12.2,12.5,276810718.1058106,3435722552.0466104
2021-12-13 09:00:00,12.5,12.5,10.9,11.1,721601066.7593352,8393266747.420967
2021-12-14 09:00:00,11.2,11.3,10.1,11.2,973264237.2845637,10458406397.597658
2021-12-15 09:00:00,11.2,11.8,10.4,11.6,853571631.0622855,9475135732.977045
2021-12-16 09:00:00,11.6,12.3,11.5,11.7,610274187.7521081,7251559386.777484
2021-12-17 09:00:00,11.9,13.4,11.8,12.8,1724366431.3697116,21838864527.091198
2021-12-18 09:00:00,12.8,13.3,12.4,12.9,462815211.99189264,5990072321.968433
2021-12-19 09:00:00,12.9,13.7,12.9,13.4,427891511.3349737,5648378163.693877
2021-12-20 09:00:00,13.4,13.6,12.1,12.9,630310086.0967135,8028097881.946193
2021-12-21 09:00:00,12.9,14.5,11.9,13.0,3639879205.6415534,47102036074.917656
2021-12-22 09:00:00,13.0,13.1,12.6,12.8,940736462.7671093,12039259819.487516
2021-12-23 09:00:00,12.8,13.2,12.6,13.0,596106515.123276,7647979750.528416
2021-12-24 09:00:00,13.1,13.5,12.9,13.0,885462589.0729319,11656576178.520239
2021-12-25 09:00:00,13.0,13.2,12.8,12.9,343944037.68486404,4452669346.157213
2021-12-26 09:00:00,12.9,13.0,12.5,12.8,436512014.876322,5547209348.670458
2021-12-27 09:00:00,12.8,13.1,12.5,12.8,440976585.60207444,5623912839.498536
2021-12-28 09:00:00,12.8,12.8,11.8,11.9,537362279.1931314,6647153030.500879
2021-12-29 09:00:00,11.9,12.2,11.3,11.5,499771209.1021346,5881855642.1543
2021-12-30 09:00:00,11.5,12.0,11.2,12.0,261308985.36857924,3024348606.936734
2021-12-31 09:00:00,11.9,12.1,11.5,11.7,333252531.81614894,3952894523.4661164
2022-01-01 09:00:00,11.7,12.0,11.6,12.0,154391171.0197803,1819206621.8186326
2022-01-02 09:00:00,12.0,13.2,11.8,12.7,738149877.5899652,9233957690.549292
2022-01-03 09:00:00,12.7,13.2,12.4,12.8,850304231.3138765,10892764185.647535
2022-01-04 09:00:00,12.7,12.9,12.0,12.4,433200837.1205295,5368619172.749753
2022-01-05 09:00:00,12.4,12.5,11.1,11.6,471068452.15789515,5661009471.027298
2022-01-06 09:00:00,11.5,11.9,11.1,11.5,417955749.38084424,4750864514.242197
2022-01-07 09:00:00,11.4,11.5,10.1,10.6,598361558.724006,6414685271.250017
2022-01-08 09:00:00,10.6,11.0,9.73,10.2,517179039.2548945,5335055027.752084
2022-01-09 09:00:00,10.2,10.6,10.1,10.4,410973959.5596607,4238247868.8916864
2022-01-10 09:00:00,10.4,10.5,9.13,9.8,1190255505.7594683,11551184636.766573
2022-01-11 09:00:00,9.8,10.2,9.3,9.99,748643800.0182446,7307620565.45486
2022-01-12 09:00:00,9.99,10.5,9.92,10.4,436903001.7987177,4443967554.100104
2022-01-13 09:00:00,10.3,11.0,10.2,10.3,496053519.37168574,5249423758.16983
2022-01-14 09:00:00,10.3,11.0,10.0,10.6,328555170.2262843,3429051955.7005305
2022-01-15 09:00:00,10.6,10.8,10.5,10.7,165991557.9489406,1769843342.047171
2022-01-16 09:00:00,10.7,11.3,10.5,11.1,209110613.59268567,2265335352.613722
2022-01-17 09:00:00,11.0,11.1,10.3,10.5,327349528.9819502,3476691649.1737885
2022-01-18 09:00:00,10.5,10.6,9.53,10.0,547378652.1037378,5452760419.140651
2022-01-19 09:00:00,10.0,10.4,9.38,9.75,618990676.6786599,6102131429.882131
2022-01-20 09:00:00,9.75,10.2,9.51,9.54,379074808.90063244,3738455424.256219
2022-01-21 09:00:00,9.54,9.71,8.09,8.19,1082109791.1087325,9643082516.770956
2022-01-22 09:00:00,8.2,8.74,6.56,7.4,1141041240.3536408,8666656254.596512
2022-01-23 09:00:00,7.4,8.44,7.3,7.68,1275680115.8607156,9958993125.164421
2022-01-24 09:00:00,7.68,7.72,6.7,7.35,557016805.2992904,3958170455.6990747
2022-01-25 09:00:00,7.35,7.4,6.95,7.32,286097798.09266,2049378490.671684
2022-01-26 09:00:00,7.32,9.1,7.26,8.07,4255718724.961493,34597150701.97485
2022-01-27 09:00:00,8.08,8.45,7.91,8.12,1068977314.277861,8664354497.09935
2022-01-28 09:00:00,8.11,8.26,7.78,8.23,651574949.3840593,5232365180.270533
2022-01-29 09:00:00,8.23,8.35,8.1,8.31,459045182.26816034,3782513332.2487354
2022-01-30 09:00:00,8.32,8.41,8.15,8.27,314770617.57172346,2611196952.320764
2022-01-31 09:00:00,8.27,8.9,8.0,8.36,1166910562.6581535,9784777164.457466
2022-02-01 09:00:00,8.33,8.35,8.11,8.31,376546300.7445412,3101148227.8903522
2022-02-02 09:00:00,8.3,9.19,8.2,8.24,2196820632.058654,18987733616.164284
2022-02-03 09:00:00,8.24,9.53,8.2,8.68,4179855268.620448,36883869427.63609
2022-02-04 09:00:00,8.68,9.28,8.53,9.23,706820536.8973207,6217886535.841856
2022-02-05 09:00:00,9.23,10.3,9.23,9.84,3171375858.4563947,31443106671.60454
2022-02-06 09:00:00,9.84,9.87,9.37,9.78,534561379.8905239,5192662601.086918
2022-02-07 09:00:00,9.79,10.1,9.55,10.1,629834344.5335426,6182653639.5105295
2022-02-08 09:00:00,10.1,10.2,9.2,9.76,804824297.0914357,7783109829.698489
2022-02-09 09:00:00,9.76,9.88,9.35,9.77,336763474.44370747,3229949243.8681746
2022-02-10 09:00:00,9.78,9.78,9.31,9.39,410812369.7632823,3916496143.726513
2022-02-11 09:00:00,9.38,9.93,8.51,8.94,1004336777.4911846,9559956685.839891
2022-02-12 09:00:00,8.94,9.99,8.77,9.17,5438629481.577779,51606090414.88891
2022-02-13 09:00:00,9.16,11.4,9.11,9.73,4161212599.1180234,40297104996.44461
2022-02-14 09:00:00,9.86,10.1,9.09,9.51,1633116199.6220887,15685773596.340782
2022-02-15 09:00:00,9.52,10.1,9.35,10.1,1082487057.157336,10480846215.58517
2022-02-16 09:00:00,10.0,10.1,9.67,9.87,764951572.3778323,7549345207.910798
2022-02-17 09:00:00,9.86,9.95,8.94,9.0,782900159.2167048,7441312484.662935
2022-02-18 09:00:00,9.0,9.7,8.78,9.05,1313192148.9515867,12060208366.194225
2022-02-19 09:00:00,9.05,9.51,8.6,8.99,839743098.220266,7631540366.336616
2022-02-20 09:00:00,8.99,9.0,8.27,8.53,420609613.38990957,3586397607.2761583
2022-02-21 09:00:00,8.48,8.74,7.71,7.82,569239238.5595623,4774253851.442724
2022-02-22 09:00:00,7.84,9.27,7.71,8.18,6888107599.049696,58631801415.8324
2022-02-23 09:00:00,8.19,8.32,7.94,8.09,892100302.7871417,7274350584.632615
2022-02-24 09:00:00,8.09,8.17,7.16,8.03,1502169184.955424,11473307032.84063
2022-02-25 09:00:00,8.03,8.52,7.78,8.5,953468229.1313107,7741973113.243213
2022-02-26 09:00:00,8.51,9.73,8.51,8.89,5110669002.794,46522432423.61439
2022-02-27 09:00:00,8.86,8.89,8.38,8.46,991363924.6023189,8541699909.6218405
2022-02-28 09:00:00,8.47,9.1,8.26,9.06,887924462.5092838,7661249517.209827
2022-03-01 09:00:00,9.05,9.32,8.83,9.11,928775894.7905372,8385885350.282296
2022-03-02 09:00:00,9.1,9.36,8.66,8.88,770574795.3664203,6928815989.148317
2022-03-03 09:00:00,8.89,8.91,8.52,8.69,281308587.1539529,2452087151.608493
2022-03-04 09:00:00,8.71,8.87,8.24,8.26,415791381.78525263,3537737948.3532386
2022-03-05 09:00:00,8.26,8.76,8.01,8.43,821612387.9712671,6849349737.808951
2022-03-06 09:00:00,8.43,8.86,7.91,8.66,1269189257.562329,10835250619.867683
2022-03-07 09:00:00,8.65,9.28,8.2,8.74,3092055513.487764,27395705871.588867
2022-03-08 09:00:00,8.74,10.1,8.67,9.49,9302242591.14293,88057636912.6199
2022-03-09 09:00:00,9.5,9.5,9.14,9.4,1238225213.830185,11476865079.472673
2022-03-10 09:00:00,9.4,9.4,8.85,9.01,668826004.652984,6051043076.206662
2022-03-11 09:00:00,9.0,9.35,8.87,9.0,1169590599.5886075,10661740233.827974
2022-03-12 09:00:00,9.0,9.23,8.95,9.03,300657895.50034606,2720113381.417698
2022-03-13 09:00:00,9.03,9.64,8.72,9.09,1347692967.7038028,12281194673.55288
2022-03-14 09:00:00,9.07,10.1,8.75,9.68,7385490167.4822035,71480606830.98871
2022-03-15 09:00:00,9.68,10.8,9.31,9.4,5407897100.594984,54324568267.034935
2022-03-16 09:00:00,9.4,9.68,9.18,9.44,1446262005.9071417,13592043217.107792
2022-03-17 09:00:00,9.45,9.45,9.17,9.27,572711828.5371655,5302701754.079255
2022-03-18 09:00:00,9.27,9.93,9.16,9.61,1434608739.3147995,13681499336.769026
2022-03-19 09:00:00,9.61,10.2,9.44,10.0,2274660688.9278235,22441797583.338886
2022-03-20 09:00:00,10.0,10.1,9.69,9.7,764856238.1083053,7534360410.227709
2022-03-21 09:00:00,9.71,9.93,9.63,9.8,523565304.0598201,5113668788.259107
2022-03-22 09:00:00,9.79,10.3,9.76,10.2,1122404467.9631157,11301706143.513393
2022-03-23 09:00:00,10.2,10.5,9.98,10.4,573156799.1342248,5807666123.881363
2022-03-24 09:00:00,10.4,10.6,10.1,10.5,424786268.17553824,4379253566.422811
2022-03-25 09:00:00,10.5,10.7,10.2,10.4,615549730.961077,6384584056.703203
2022-03-26 09:00:00,10.3,10.8,10.1,10.8,413317398.4269504,4274650001.0429873
2022-03-27 09:00:00,10.8,12.0,10.6,11.3,2380701903.353265,26983323642.26856
2022-03-28 09:00:00,11.3,12.3,11.1,11.6,1620875443.2610452,19131458277.13366
2022-03-29 09:00:00,11.6,13.0,11.5,11.8,2459310321.9898705,30205597319.7353
2022-03-30 09:00:00,11.8,12.2,11.4,12.1,1084640867.9625065,12729761897.340378
2022-03-31 09:00:00,12.0,13.8,11.8,13.5,1787615905.5467756,22174134446.58604
2022-04-01 09:00:00,13.6,14.7,13.0,14.6,3323692816.1528707,45987168720.99785
2022-04-02 09:00:00,14.7,16.9,14.0,15.1,5176515982.811898,81055743183.52733
2022-04-03 09:00:00,15.1,15.6,13.7,14.4,1881058687.602586,27360090327.564575
2022-04-04 09:00:00,14.4,14.4,12.6,13.2,1813934259.566334,23933968443.789875
2022-04-05 09:00:00,13.1,14.3,13.1,13.5,2210419554.9138064,30301557275.556835
2022-04-06 09:00:00,13.5,13.8,11.5,11.6,1723023637.1268024,21140348134.793377
2022-04-07 09:00:00,11.6,12.4,11.3,12.2,945008902.5833572,11253965059.588118
2022-04-08 09:00:00,12.3,12.5,11.6,11.8,603809061.1406649,7267099070.882663
2022-04-09 09:00:00,11.7,12.1,11.5,12.0,417517798.7794572,4902251243.919382
2022-04-10 09:00:00,11.9,12.0,11.6,11.7,190042544.78461012,2238621351.7828703
2022-04-11 09:00:00,11.8,11.9,10.4,10.6,894072288.8419608,9779290953.048183
2022-04-12 09:00:00,10.6,11.3,10.1,11.2,747396787.8123127,7967359380.61017
2022-04-13 09:00:00,11.2,11.9,10.9,11.7,1035633749.2710679,11877089106.291895
2022-04-14 09:00:00,11.7,11.8,11.0,11.4,614245539.247515,7036585957.155749
2022-04-15 09:00:00,11.3,11.4,10.9,11.4,575530137.3714501,6410775576.40793
2022-04-16 09:00:00,11.4,11.7,11.1,11.3,577385666.4938568,6588158846.256145
2022-04-17 09:00:00,11.3,11.4,10.9,11.1,278584634.45370615,3106439028.8833847
2022-04-18 09:00:00,11.1,11.1,10.3,11.1,628188077.6970743,6678714806.388312
2022-04-19 09:00:00,11.0,11.5,10.8,11.4,422062858.4768229,4678240662.890005
2022-04-20 09:00:00,11.5,11.5,11.0,11.3,409120671.01562303,4589349936.937481
2022-04-21 09:00:00,11.2,11.6,11.1,11.3,581442749.4868256,6585706796.828235
2022-04-22 09:00:00,11.3,11.4,10.9,11.2,395812417.42910165,4436282064.861599
2022-04-23 09:00:00,11.2,11.2,10.8,11.0,239151295.94361466,2633985818.509051
2022-04-24 09:00:00,11.0,11.5,10.6,10.8,492460236.4291386,5416505052.123756
2022-04-25 09:00:00,10.9,11.2,10.1,10.7,596162121.9884732,6306443898.11295
2022-04-26 09:00:00,10.7,10.7,10.1,10.2,264218762.32531992,2748102181.1997523
2022-04-27 09:00:00,10.1,10.4,10.0,10.3,331392212.06517416,3387164877.0878367
2022-04-28 09:00:00,10.4,10.9,10.3,10.6,903955450.2557498,9529371169.927229
2022-04-29 09:00:00,10.6,10.6,9.92,9.97,360600064.9928472,3669280183.1697397
2022-04-30 09:00:00,9.98,10.2,9.2,9.24,365647214.96685195,3543105398.467832
2022-05-01 09:00:00,9.24,9.43,8.6,9.42,313160027.9077212,2821577775.8687983
2022-05-02 09:00:00,9.42,9.65,8.98,9.4,405936561.8697436,3790382340.607689
2022-05-03 09:00:00,9.4,9.42,8.94,9.14,261628247.31841975,2395656667.338608
2022-05-04 09:00:00,9.15,9.9,9.01,9.83,318110362.8424137,2985715855.7881317
2022-05-05 09:00:00,9.83,10.1,9.05,9.19,466687442.9320503,4489672495.110892
2022-05-06 09:00:00,9.18,9.2,8.8,9.13,206826802.75678948,1858719300.5042734
2022-05-07 09:00:00,9.13,9.13,8.61,8.71,160908670.77097267,1425106913.4226682
2022-05-08 09:00:00,8.71,8.71,8.16,8.37,220728516.67716834,1849733395.4036794
2022-05-09 09:00:00,8.37,9.02,7.5,7.56,622286116.9760758,5064558392.370484
2022-05-10 09:00:00,7.56,8.44,7.1,7.56,1126649093.8046193,8772241206.93182
2022-05-11 09:00:00,7.6,7.74,6.05,6.57,628181206.9890151,4319797150.136468
2022-05-12 09:00:00,6.56,6.82,5.01,5.64,694669875.8667002,3921150441.200762
2022-05-13 09:00:00,5.63,6.8,5.5,6.32,584042346.7963507,3633792466.6386347
2022-05-14 09:00:00,6.26,7.6,6.21,6.9,891831735.2759931,6064487121.075996
2022-05-15 09:00:00,6.91,8.83,6.78,8.15,3443765959.014935,27133530535.237015
2022-05-16 09:00:00,8.14,9.14,7.24,7.61,3671155765.4756126,29774531243.355206
2022-05-17 09:00:00,7.66,8.5,7.56,8.01,5075197831.723311,40561059361.659386
2022-05-18 09:00:00,8.01,8.02,7.02,7.05,1133577545.0918784,8498867432.816076
2022-05-19 09:00:00,7.05,7.33,6.39,7.31,788989829.9712043,5402120251.033227
2022-05-20 09:00:00,7.32,7.35,6.85,7.07,584343117.9030261,4141913130.5157814
2022-05-21 09:00:00,7.05,7.16,6.78,7.1,355684841.64128953,2480608920.173219
2022-05-22 09:00:00,7.1,8.04,7.02,7.46,2941912546.29455,22269476348.198627
2022-05-23 09:00:00,7.45,7.62,6.83,7.0,869982989.3764665,6394243636.069621
2022-05-24 09:00:00,6.99,7.8,6.61,7.15,2499073369.588815,18214748677.230995
2022-05-25 09:00:00,7.14,7.19,6.81,7.07,433955270.274958,3031215540.91849
2022-05-26 09:00:00,7.06,7.08,6.38,6.71,406164186.5378435,2751127032.658795
2022-05-27 09:00:00,6.7,6.76,6.25,6.49,297434542.49874145,1920890584.4125764
2022-05-28 09:00:00,6.5,6.6,6.36,6.49,117015595.96788749,755306798.3738272
2022-05-29 09:00:00,6.49,6.79,6.42,6.66,563360493.9584045,3724321556.8967004
2022-05-30 09:00:00,6.66,7.08,6.55,7.08,375228918.7925017,2547444046.8398128
2022-05-31 09:00:00,7.09,7.09,6.77,6.97,316500286.73449683,2196253909.227081
2022-06-01 09:00:00,6.97,7.42,6.87,7.12,915673509.5529351,6567257774.465489
2022-06-02 09:00:00,7.11,7.45,6.82,7.34,667819440.6514682,4774088409.995669
2022-06-03 09:00:00,7.34,7.34,6.9,7.05,239200541.25826508,1698086318.5677156
2022-06-04 09:00:00,7.06,7.34,6.92,7.19,329336496.3444665,2340055930.590434
2022-06-05 09:00:00,7.19,7.36,6.97,7.34,438281490.89316475,3155870371.7673492
2022-06-06 09:00:00,7.34,7.65,7.2,7.4,618633883.3631963,4588539305.5522995
2022-06-07 09:00:00,7.4,7.43,6.85,7.1,493937378.881845,3497591669.8006563
2022-06-08 09:00:00,7.1,7.41,6.91,6.97,361714573.7417293,2574225868.09288
2022-06-09 09:00:00,6.96,7.25,6.87,6.91,277989197.3980471,1952818093.4722302
2022-06-10 09:00:00,6.91,6.93,6.38,6.51,278414076.7019895,1844567791.1355531
2022-06-11 09:00:00,6.52,6.89,6.13,6.34,724760007.2628187,4771817707.018045
2022-06-12 09:00:00,6.34,6.66,5.55,5.83,461602569.0481701,2752365232.620249
2022-06-13 09:00:00,5.83,5.83,4.7,4.96,572886590.7554985,2951423106.6499968
2022-06-14 09:00:00,4.95,5.1,4.45,5.04,474854813.24126345,2290042173.9153533
2022-06-15 09:00:00,5.04,5.34,4.55,5.31,471077889.654655,2294267314.7833433
2022-06-16 09:00:00,5.33,5.71,4.89,5.01,917287765.6800861,4854838318.585961
2022-06-17 09:00:00,5.0,5.45,4.95,5.31,675644783.6455116,3511443561.4335737
2022-06-18 09:00:00,5.3,5.46,4.8,5.07,368973772.03020656,1892099196.1191275
2022-06-19 09:00:00,5.06,5.41,4.8,5.2,480040120.46841174,2455087277.725696
2022-06-20 09:00:00,5.22,5.37,5.02,5.35,456453632.0068389,2380730764.6854086
2022-06-21 09:00:00,5.34,5.68,5.22,5.52,584490823.3967594,3203026056.630528
2022-06-22 09:00:00,5.52,6.12,5.33,5.63,1496542592.2109127,8432283202.175076
2022-06-23 09:00:00,5.61,5.87,5.55,5.85,329012177.4270965,1874847542.6530435
2022-06-24 09:00:00,5.85,6.0,5.69,5.95,334165032.40058386,1940818206.3334293
2022-06-25 09:00:00,5.95,6.18,5.73,5.91,722269132.7953849,4317137160.208302
2022-06-26 09:00:00,5.91,5.93,5.7,5.72,217442730.31280184,1264698569.1217086
2022-06-27 09:00:00,5.72,5.92,5.61,5.87,454429385.09216565,2627873017.198661
2022-06-28 09:00:00,5.88,5.94,5.7,5.76,286561027.65384877,1669899430.226872
2022-06-29 09:00:00,5.75,5.81,5.4,5.55,211930745.84914157,1189362073.3741417
2022-06-30 09:00:00,5.54,5.71,5.02,5.34,319640525.89084417,1696231286.4117107
2022-07-01 09:00:00,5.34,6.1,5.33,5.4,1555435692.8164673,8731695542.304222
2022-07-02 09:00:00,5.4,6.44,5.4,5.6,3556038916.2554154,20597482971.705128
2022-07-03 09:00:00,5.6,6.14,5.54,5.82,2028580323.9480188,11787045463.507421
2022-07-04 09:00:00,5.82,5.86,5.47,5.69,410533354.2170349,2305171150.470222
2022-07-05 09:00:00,5.69,5.69,5.4,5.53,257375202.41909137,1424290738.4166498
2022-07-06 09:00:00,5.53,5.63,5.42,5.56,182191384.41538495,1007754056.3257728
2022-07-07 09:00:00,5.57,5.69,5.5,5.66,233028823.61758777,1296753878.8758695
2022-07-08 09:00:00,5.68,5.75,5.57,5.72,410752435.2541107,2329100255.473163
2022-07-09 09:00:00,5.73,7.16,5.65,6.2,9892667968.897799,63381739291.526825
2022-07-10 09:00:00,6.2,7.11,5.92,5.99,7534189184.454532,49267585678.66262
2022-07-11 09:00:00,5.98,6.05,5.5,5.58,730549402.0507663,4171618658.641148
2022-07-12 09:00:00,5.59,5.66,5.32,5.36,308189864.67772985,1675456439.080535
2022-07-13 09:00:00,5.35,5.77,5.17,5.48,891105670.8531268,4901792610.3314295
2022-07-14 09:00:00,5.48,5.53,5.29,5.51,226306341.10905966,1220826668.6905754
2022-07-15 09:00:00,5.51,5.67,5.4,5.62,458720606.9230745,2550057349.8875356
2022-07-16 09:00:00,5.65,6.14,5.61,5.76,1837823444.388244,10781899149.395254
2022-07-17 09:00:00,5.75,6.02,5.69,5.71,957781097.4351012,5596707534.750142
2022-07-18 09:00:00,5.71,5.94,5.71,5.93,687725112.9481298,3994712545.150107
2022-07-19 09:00:00,5.93,6.31,5.78,6.14,1783890363.4216413,10785149328.799223
2022-07-20 09:00:00,6.14,6.3,5.84,5.94,830319850.6759226,5094477358.766259
2022-07-21 09:00:00,5.94,6.02,5.7,5.95,311155736.7548832,1816649925.5856931
2022-07-22 09:00:00,5.96,6.04,5.85,5.97,223579497.13146043,1330654343.2602375
2022-07-23 09:00:00,5.98,6.01,5.85,5.93,174640964.95428705,1034859786.5536734
2022-07-24 09:00:00,5.92,5.99,5.88,5.97,124170582.33506604,737264554.4608881
2022-07-25 09:00:00,5.96,5.97,5.66,5.71,210107842.8023222,1211501846.396101
2022-07-26 09:00:00,5.71,5.76,5.49,5.66,117250523.95345248,655927084.8253778
2022-07-27 09:00:00,5.66,6.22,5.56,5.94,1559856394.110297,9153007963.945135
2022-07-28 09:00:00,5.94,6.1,5.85,6.04,427493448.5904639,2547984609.631416
2022-07-29 09:00:00,6.06,6.12,5.95,6.06,370318518.74516636,2234990253.957761
2022-07-30 09:00:00,6.07,6.33,6.01,6.1,530067087.6362731,3259410458.2455606
2022-07-31 09:00:00,6.11,6.75,6.01,6.21,1247771335.1765976,7968111382.135626
2022-08-01 09:00:00,6.24,7.15,6.2,6.67,3568853353.8177276,23929010894.56999
2022-08-02 09:00:00,6.67,6.8,6.08,6.3,580495870.0986778,3698320550.8120384
2022-08-03 09:00:00,6.3,6.42,6.14,6.27,237691394.37449822,1496580575.918961
2022-08-04 09:00:00,6.28,6.4,6.19,6.28,175879149.33485663,1103277482.1325161
2022-08-05 09:00:00,6.32,6.96,6.26,6.44,1243668383.8653493,8148196903.7465725
2022-08-06 09:00:00,6.44,6.84,6.4,6.58,643351843.4181929,4249189645.340358
2022-08-07 09:00:00,6.58,6.66,6.45,6.59,228443933.46223298,1494330861.1211395
2022-08-08 09:00:00,6.57,6.64,6.48,6.62,303023486.3660736,1990024183.874261
2022-08-09 09:00:00,6.62,6.64,6.28,6.44,468438060.33892614,3022995514.983186
2022-08-10 09:00:00,6.44,7.58,6.3,6.8,8190424000.305795,57179391883.53776
2022-08-11 09:00:00,6.8,7.63,6.65,6.96,4471545364.454824,32067196213.214615
2022-08-12 09:00:00,6.97,7.22,6.83,7.11,775570113.746332,5469045283.693761
2022-08-13 09:00:00,7.11,7.14,7.02,7.06,325213481.6157741,2295938431.7360115
2022-08-14 09:00:00,7.06,7.3,7.03,7.14,993685989.2159424,7104118981.320933
2022-08-15 09:00:00,7.14,7.15,6.96,7.06,355831427.80211246,2512929278.4146347
2022-08-16 09:00:00,7.06,7.12,6.8,6.84,288374200.47745746,1996283140.782413
2022-08-17 09:00:00,6.85,7.0,6.64,6.78,263161518.33536312,1787503494.5139976
2022-08-18 09:00:00,6.78,6.89,6.68,6.77,130222569.89554822,885478036.5836952
2022-08-19 09:00:00,6.78,6.9,6.05,6.1,643623452.6448028,4200328373.4934754
2022-08-20 09:00:00,6.1,6.34,6.07,6.23,378867706.4249383,2348604238.5470157
2022-08-21 09:00:00,6.24,6.33,6.08,6.26,133993192.73858804,831204464.9378495
2022-08-22 09:00:00,6.24,6.4,5.99,6.09,417862821.9653418,2584552015.0048532
2022-08-23 09:00:00,6.09,6.12,5.88,6.08,152718025.15230668,918964761.5717908
2022-08-24 09:00:00,6.08,6.2,5.99,6.07,200679545.98119792,1220162551.698549
2022-08-25 09:00:00,6.04,6.53,6.03,6.33,277261007.2075394,1734067398.4243412
2022-08-26 09:00:00,6.32,6.4,6.02,6.02,292274843.5205918,1816951614.3926647
2022-08-27 09:00:00,6.02,6.28,5.95,6.06,234549676.22590986,1432357921.2358677
2022-08-28 09:00:00,6.05,6.23,5.91,5.93,232655439.77580082,1418240941.4954123
2022-08-29 09:00:00,5.99,6.22,5.91,6.06,239880325.6178383,1445851962.060665
2022-08-30 09:00:00,6.06,6.51,6.04,6.18,696727871.4837725,4352654685.656006
2022-08-31 09:00:00,6.18,6.3,6.14,6.19,215037476.15619215,1336399802.8097203
2022-09-01 09:00:00,6.19,6.79,6.0,6.16,1369757764.0869737,8761105513.441023
2022-09-02 09:00:00,6.16,6.17,6.05,6.11,133477756.84420289,815814260.3044649
2022-09-03 09:00:00,6.09,6.22,6.07,6.13,118296361.34081434,724733307.3161759
2022-09-04 09:00:00,6.13,6.14,6.07,6.11,59282702.11255509,361441821.22537273
2022-09-05 09:00:00,6.1,6.36,6.02,6.1,564834264.749333,3475050351.0201507
2022-09-06 09:00:00,6.11,6.82,6.01,6.08,5431300312.200216,35203327141.10286
2022-09-07 09:00:00,6.07,6.13,5.85,6.12,483055313.9500136,2904946890.7257395
2022-09-08 09:00:00,6.11,6.33,6.02,6.23,707358624.3906598,4344890743.397842
2022-09-09 09:00:00,6.22,6.48,6.18,6.44,590976612.8675277,3735703832.2855124
2022-09-10 09:00:00,6.41,6.44,6.25,6.39,339377826.0616566,2152525235.262153
2022-09-11 09:00:00,6.37,6.76,6.29,6.55,1143808318.5060933,7444854592.262875
2022-09-12 09:00:00,6.55,6.65,6.46,6.52,578417117.2346684,3782599070.180473
2022-09-13 09:00:00,6.52,6.52,6.05,6.05,443590303.2796635,2768820876.6577387
2022-09-14 09:00:00,6.08,6.25,6.04,6.13,446258453.0595814,2730370952.5476427
2022-09-15 09:00:00,6.12,6.16,6.04,6.08,276397063.78831893,1685433670.0972888
2022-09-16 09:00:00,6.08,6.12,5.95,6.05,197998305.83176166,1195851407.5240068
2022-09-17 09:00:00,6.05,6.13,6.02,6.11,135812153.20084316,823817205.9907256
2022-09-18 09:00:00,6.1,6.15,5.71,5.77,288334250.6032239,1728057651.5871305
2022-09-19 09:00:00,5.77,5.89,5.51,5.82,211032829.3828023,1201141683.670928
2022-09-20 09:00:00,5.82,5.83,5.62,5.68,137742522.20523688,784743998.9236734
2022-09-21 09:00:00,5.67,5.79,5.53,5.65,188943515.58574703,1073316772.4583684
2022-09-22 09:00:00,5.65,5.9,5.61,5.85,308741971.65330046,1780218769.4414787
2022-09-23 09:00:00,5.85,6.15,5.78,5.96,769468055.1732553,4568905481.752414
2022-09-24 09:00:00,5.92,6.19,5.91,5.97,511549601.4660523,3094811485.872195
2022-09-25 09:00:00,5.97,6.11,5.81,5.85,239775746.12101677,1424951348.3586588
2022-09-26 09:00:00,5.85,5.86,5.65,5.79,166392958.7548234,954462777.7064301
2022-09-27 09:00:00,5.79,5.88,5.69,5.82,176465615.45246452,1026612179.1645442
2022-09-28 09:00:00,5.82,5.83,5.64,5.76,113318878.6342888,646911634.3501468
2022-09-29 09:00:00,5.78,5.81,5.66,5.74,96067127.06269549,551272458.2344104
2022-09-30 09:00:00,5.74,5.95,5.66,5.76,372934070.89006627,2161708868.69654
2022-10-01 09:00:00,5.76,5.81,5.72,5.77,58097310.10968169,334365192.68902135
2022-10-02 09:00:00,5.77,5.79,5.66,5.71,74003358.6265442,423166542.8554296
2022-10-03 09:00:00,5.7,5.74,5.64,5.74,73998476.05603108,421605104.01563
2022-10-04 09:00:00,5.72,5.79,5.67,5.78,134262672.65677544,768315929.3688177
2022-10-05 09:00:00,5.78,5.78,5.68,5.71,82885841.26574779,473569694.7747604
2022-10-06 09:00:00,5.73,5.73,5.67,5.7,53978952.44773502,307653306.14615303
2022-10-07 09:00:00,5.71,5.73,5.61,5.72,90970278.22661243,516581715.27511215
2022-10-08 09:00:00,5.72,5.94,5.7,5.76,353411055.07568014,2050630685.0687346
2022-10-09 09:00:00,5.76,6.08,5.7,5.79,1181870688.7822332,6971390563.177704
2022-10-10 09:00:00,5.78,5.84,5.62,5.66,215644052.1365966,1236516752.319938
2022-10-11 09:00:00,5.66,5.66,5.46,5.55,127711276.06339589,707998259.6554761
2022-10-12 09:00:00,5.55,5.57,5.5,5.55,67798626.57629535,374467345.5498934
2022-10-13 09:00:00,5.53,5.71,5.12,5.4,373381083.41369504,2023575798.154088
2022-10-14 09:00:00,5.4,5.57,5.38,5.41,105633183.54794733,576764631.2930132
2022-10-15 09:00:00,5.41,5.59,5.36,5.4,106316825.88767835,580713350.4985324
2022-10-16 09:00:00,5.4,5.44,5.38,5.43,32319941.34767951,174447079.42795822
2022-10-17 09:00:00,5.42,5.56,5.31,5.52,144921007.9906061,789015157.5909321
2022-10-18 09:00:00,5.51,5.6,5.42,5.46,199420997.11135855,1097857857.1494756
2022-10-19 09:00:00,5.46,5.53,5.3,5.3,106780488.89445527,573793127.1286981
2022-10-20 09:00:00,5.31,5.6,5.26,5.27,304093330.3084085,1641042425.1948621
2022-10-21 09:00:00,5.29,5.5,5.13,5.29,340007353.74009097,1807161972.3612692
2022-10-22 09:00:00,5.28,5.42,5.22,5.31,94628442.45569225,502101278.3860682
2022-10-23 09:00:00,5.3,5.54,5.27,5.38,388189108.53371924,2089616757.352186
2022-10-24 09:00:00,5.37,5.57,5.33,5.53,491221773.27585316,2674259114.418984
2022-10-25 09:00:00,5.53,5.67,5.42,5.59,425045861.25826925,2357860293.841839
2022-10-26 09:00:00,5.59,5.65,5.52,5.6,167450647.06361693,935215471.8537471
2022-10-27 09:00:00,5.6,5.61,5.43,5.44,133574918.35933466,737693363.28867
2022-10-28 09:00:00,5.44,5.48,5.34,5.47,96892558.97141369,524246018.2979738
2022-10-29 09:00:00,5.47,5.51,5.43,5.5,108602376.05657934,594426112.9774424
2022-10-30 09:00:00,5.47,5.5,5.39,5.42,108075913.10652632,588058029.210797
2022-10-31 09:00:00,5.42,5.5,5.34,5.47,224944345.44348055,1218136577.8202813
2022-11-01 09:00:00,5.46,5.49,5.41,5.47,106597839.8578687,581665328.1803386
2022-11-02 09:00:00,5.47,5.47,5.31,5.34,114045169.43990673,613661192.1204823
2022-11-03 09:00:00,5.34,5.54,5.31,5.43,250568163.9976899,1361525788.2052305
2022-11-04 09:00:00,5.43,5.56,5.4,5.54,136604377.1256767,748355492.5157975
2022-11-05 09:00:00,5.53,5.59,5.52,5.56,165203693.1712762,917364220.6515898
2022-11-06 09:00:00,5.56,5.56,5.43,5.45,90299003.33046286,497179034.3614305
2022-11-07 09:00:00,5.43,5.5,5.36,5.42,99129631.24474043,536676373.44173145
2022-11-08 09:00:00,5.42,5.43,4.83,4.88,349850590.27391666,1797081787.2088828
2022-11-09 09:00:00,4.87,4.9,3.4,3.93,460464560.44478863,1973130513.0100176
2022-11-10 09:00:00,3.93,4.43,3.82,4.43,535545458.8914517,2207182968.2009487
2022-11-11 09:00:00,4.42,4.49,3.97,4.2,210431405.44214177,891227960.8743062
2022-11-12 09:00:00,4.15,4.54,3.72,3.96,513278359.6700456,2072551827.1932225
2022-11-13 09:00:00,3.96,3.98,3.59,3.69,323652325.53643763,1215868454.9528797
2022-11-14 09:00:00,3.67,4.02,3.29,3.61,997773521.1185976,3595544941.5389457
2022-11-15 09:00:00,3.61,3.78,3.52,3.69,349588875.121297,1280554441.6003718
2022-11-16 09:00:00,3.69,3.98,3.57,3.68,521353374.88080364,1970890943.1203215
2022-11-17 09:00:00,3.66,3.69,3.54,3.63,126909284.8191967,458106193.6032593
2022-11-18 09:00:00,3.62,3.72,3.6,3.7,172429288.99836883,631277665.6276118
2022-11-19 09:00:00,3.7,4.43,3.7,4.03,4078990178.297171,16508241523.939777
2022-11-20 09:00:00,4.04,4.42,3.79,3.82,1905887183.231528,7901587450.358934
2022-11-21 09:00:00,3.8,4.15,3.68,3.83,595076020.5773338,2319674785.9417934
2022-11-22 09:00:00,3.81,4.0,3.75,3.98,373704912.17346406,1449855152.6048648
2022-11-23 09:00:00,3.98,4.26,3.96,4.26,840727557.8624022,3474304879.12215
2022-11-24 09:00:00,4.26,4.53,3.9,4.27,1171550032.358557,5006196243.356299
2022-11-25 09:00:00,4.26,4.27,3.98,4.11,263373070.13513166,1071613461.7856879
2022-11-26 09:00:00,4.11,4.34,4.04,4.21,418160820.6420575,1750904904.681213
2022-11-27 09:00:00,4.18,4.24,4.02,4.08,322062138.91880685,1332299005.352562
2022-11-28 09:00:00,4.08,4.14,3.92,3.98,171337478.4521126,684984635.1794595
2022-11-29 09:00:00,3.96,4.09,3.93,4.01,108502653.00635213,433918059.96521497
2022-11-30 09:00:00,4.01,4.09,3.97,4.05,129796825.6107038,522287518.28872114
2022-12-01 09:00:00,4.05,4.24,4.0,4.04,430477298.14133286,1766662755.7763267
2022-12-02 09:00:00,4.04,4.47,3.93,4.12,1250529029.6818779,5229405893.544414
2022-12-03 09:00:00,4.12,4.28,4.04,4.15,327811725.4282774,1363563453.20354
2022-12-04 09:00:00,4.15,4.2,4.11,4.2,124191542.78208907,513703486.53514886
2022-12-05 09:00:00,4.21,4.21,4.12,4.13,116734665.99537165,484007379.5182989
2022-12-06 09:00:00,4.13,4.16,4.04,4.12,110116242.35174309,450192372.96031475
2022-12-07 09:00:00,4.12,4.33,3.95,4.09,678672508.1169372,2840014257.5935955
2022-12-08 09:00:00,4.09,4.42,4.07,4.31,673228909.9693574,2852680704.8363495
2022-12-09 09:00:00,4.27,4.66,4.23,4.66,1166804006.1102521,5195400396.47543
2022-12-10 09:00:00,4.66,4.68,4.37,4.44,507148432.5257664,2270409993.959113
2022-12-11 09:00:00,4.42,4.44,4.23,4.25,181819655.14085802,785184993.2866377
2022-12-12 09:00:00,4.25,4.27,4.07,4.2,156664005.74189374,647546621.8407694
2022-12-13 09:00:00,4.2,4.92,4.19,4.25,8637214977.489162,38933404205.20825
2022-12-14 09:00:00,4.25,4.26,4.09,4.1,653759489.5613601,2711634181.443626
2022-12-15 09:00:00,4.11,4.12,3.97,4.02,339639295.02411395,1371756816.2206004
2022-12-16 09:00:00,4.02,4.05,3.59,3.66,393498144.34561133,1522103029.3290677
2022-12-17 09:00:00,3.66,3.7,3.4,3.59,232590817.75329757,821804782.8979906
2022-12-18 09:00:00,3.6,3.72,3.55,3.65,178296467.3391029,648009250.2996045
2022-12-19 09:00:00,3.64,3.64,3.33,3.39,198061562.9595477,691900387.4358819
2022-12-20 09:00:00,3.38,3.62,3.36,3.53,264217623.6150982,930246320.6373403
2022-12-21 09:00:00,3.53,3.94,3.52,3.56,1839856453.1989522,6815543104.762986
2022-12-22 09:00:00,3.56,3.77,3.43,3.57,1161209644.9206362,4224084936.3938665
2022-12-23 09:00:00,3.57,3.65,3.5,3.62,163052894.76386887,581913551.7993003
2022-12-24 09:00:00,3.62,3.86,3.62,3.71,1115876609.2791972,4190695597.850334
2022-12-25 09:00:00,3.69,3.71,3.53,3.58,226423056.4425954,816771705.48066
2022-12-26 09:00:00,3.58,3.69,3.45,3.53,248415892.41715562,890638928.9815205
2022-12-27 09:00:00,3.53,3.54,3.4,3.45,185932953.67832348,639154326.1628752
2022-12-28 09:00:00,3.44,3.44,3.22,3.25,213500622.87328932,706387895.0165217
2022-12-29 09:00:00,3.25,3.27,3.07,3.2,276359712.75697297,875451192.4663389
2022-12-30 09:00:00,3.19,3.26,3.06,3.19,135187667.41895205,424548156.8322685
2022-12-31 09:00:00,3.22,3.3,3.16,3.29,115481946.7455863,375044259.4337838
2023-01-01 09:00:00,3.29,3.3,3.22,3.27,62529172.97164503,204287145.6287002
2023-01-02 09:00:00,3.28,3.47,3.26,3.35,667645256.1410199,2246714965.573898
2023-01-03 09:00:00,3.37,3.38,3.29,3.33,144420986.25515044,482118140.8295681
2023-01-04 09:00:00,3.33,3.4,3.29,3.4,134371321.4081568,450806000.63506866
2023-01-05 09:00:00,3.41,3.59,3.33,3.4,591025618.8692006,2043802764.517846
2023-01-06 09:00:00,3.4,3.49,3.29,3.38,290191107.5437949,983649341.8468963
2023-01-07 09:00:00,3.36,3.42,3.35,3.39,53049919.10532121,179120474.99967808
2023-01-08 09:00:00,3.39,3.46,3.37,3.45,97490468.29663497,332215390.25138587
2023-01-09 09:00:00,3.44,3.57,3.43,3.52,253683825.5794892,889620795.8157598
2023-01-10 09:00:00,3.5,3.88,3.49,3.59,942619398.9615579,3422980053.894842
2023-01-11 09:00:00,3.59,3.67,3.56,3.64,289545962.97711205,1046694729.0677186
2023-01-12 09:00:00,3.63,3.73,3.55,3.72,207716423.4012795,756075753.0723315
2023-01-13 09:00:00,3.72,4.31,3.69,3.93,4075411387.520824,16342250668.720709
2023-01-14 09:00:00,3.92,4.13,3.8,4.02,1687591105.9021773,6700174210.107641
2023-01-15 09:00:00,4.01,4.43,3.95,4.13,3317105349.3666563,13951218642.407158
2023-01-16 09:00:00,4.14,4.16,3.9,4.05,508901291.515326,2058065410.7983038
2023-01-17 09:00:00,4.04,4.38,3.98,4.14,1067860881.432583,4467451695.9136915
2023-01-18 09:00:00,4.14,4.32,3.91,3.97,702315843.2418534,2882461649.519971
2023-01-19 09:00:00,3.97,4.12,3.94,4.11,225507201.41757402,905472691.8221889
2023-01-20 09:00:00,4.1,4.3,4.06,4.29,427696013.21946377,1780282583.0433168
2023-01-21 09:00:00,4.29,4.52,4.25,4.37,1391211468.597707,6105567725.371786
2023-01-22 09:00:00,4.38,4.4,4.28,4.33,317355676.9778697,1375360565.8899772
2023-01-23 09:00:00,4.34,4.52,4.26,4.5,384603717.0675473,1676116216.9637914
2023-01-24 09:00:00,4.51,5.05,4.25,4.36,2868532280.8016615,13320918443.07364
2023-01-25 09:00:00,4.36,5.39,4.15,4.52,8218632844.394983,39564709867.88833
2023-01-26 09:00:00,4.52,4.76,4.44,4.53,1427308651.4159932,6491973809.756309
2023-01-27 09:00:00,4.53,4.68,4.34,4.62,1336807491.3394551,6088213893.413163
2023-01-28 09:00:00,4.62,4.68,4.42,4.54,499113888.4206407,2279269489.164966
2023-01-29 09:00:00,4.53,4.56,4.44,4.55,369830992.100751,1660924219.3520641
2023-01-30 09:00:00,4.55,4.57,4.14,4.23,656616847.9875478,2825508172.4482737
2023-01-31 09:00:00,4.23,4.47,4.1,4.38,1147320302.7300794,4963697511.013956
2023-02-01 09:00:00,4.37,5.52,4.28,4.8,16142657322.533344,81300256834.02504
2023-02-02 09:00:00,4.8,8.35,4.75,8.2,48806152343.67545,313011040258.86633
2023-02-03 09:00:00,8.23,9.85,7.91,8.27,60271830691.277794,534371987699.6774
2023-02-04 09:00:00,8.28,8.43,7.2,7.28,9976054682.179426,78234588285.25212
2023-02-05 09:00:00,7.28,7.43,6.25,6.59,4239103552.2107224,29128242330.486935
2023-02-06 09:00:00,6.59,6.96,6.19,6.43,1754269441.2336118,11316205502.073687
2023-02-07 09:00:00,6.42,7.38,6.21,6.54,5794848756.359077,39204881481.04985
2023-02-08 09:00:00,6.54,6.97,6.47,6.69,3615421041.8771443,24331096911.609222
2023-02-09 09:00:00,6.67,6.67,5.88,5.96,1257124893.955413,7908475874.481167
2023-02-10 09:00:00,6.0,7.3,5.94,6.15,9613146283.701078,62761910518.23632
2023-02-11 09:00:00,6.15,6.15,5.92,6.07,670386807.9593338,4030841207.6384897
2023-02-12 09:00:00,6.06,6.3,5.97,6.0,1214157368.7029011,7388936885.17212
2023-02-13 09:00:00,6.0,6.02,5.43,5.76,901325067.6281554,5121531626.087301
2023-02-14 09:00:00,5.75,6.04,5.55,5.9,1345790078.1987505,7782602644.226691
2023-02-15 09:00:00,5.9,6.65,5.76,6.56,5373732343.778823,34089777163.533947
2023-02-16 09:00:00,6.56,7.89,6.49,6.91,14177841620.03797,103132392456.3369
2023-02-17 09:00:00,6.92,7.07,6.61,7.07,1643019238.5438077,11279879497.787243
2023-02-18 09:00:00,7.06,7.07,6.68,6.88,730530234.7353451,5014024691.372
2023-02-19 09:00:00,6.86,6.88,6.66,6.75,475657075.57937956,3216410582.5547137
2023-02-20 09:00:00,6.75,6.95,6.53,6.84,1183640661.1974897,8003046783.307553
2023-02-21 09:00:00,6.84,6.99,6.54,6.66,1013576789.2986007,6841326183.179423
2023-02-22 09:00:00,6.64,6.71,6.27,6.54,590083783.184487,3797835372.8414507
2023-02-23 09:00:00,6.53,6.68,6.39,6.67,348202213.4514143,2261913597.9241037
2023-02-24 09:00:00,6.66,7.19,6.66,6.88,2971590397.7521176,20465134594.603962
2023-02-25 09:00:00,6.88,7.09,6.42,6.76,1289742491.8819358,8827671153.71568
2023-02-26 09:00:00,6.77,7.15,6.75,6.91,2671046315.6771903,18594015664.79076
2023-02-27 09:00:00,6.91,7.08,6.55,6.79,860114242.0130392,5858911596.17435
2023-02-28 09:00:00,6.77,6.79,6.61,6.65,134875741.18493375,898928324.5780503
