2020-06-04 09:00:00,0.00037,0.0004,0.00036,0.00037,4787411609345.88,1809461827.446728
2020-06-05 09:00:00,0.00037,0.00042,0.00037,0.0004,5328433150745.954,2114358427.4329138
2020-06-06 09:00:00,0.0004,0.0004,0.00038,0.00039,1329257371156.0151,518884663.37388
2020-06-07 09:00:00,0.0004,0.0004,0.00037,0.00038,1361389916434.0056,523041524.607458
2020-06-08 09:00:00,0.00039,0.0004,0.00038,0.00039,1974834304099.5693,772577327.5359272
2020-06-09 09:00:00,0.00039,0.0004,0.00038,0.00039,907295262413.4912,349052449.33345586
2020-06-10 09:00:00,0.00039,0.00039,0.00037,0.00038,987020655580.9146,375192833.61135614
2020-06-11 09:00:00,0.00039,0.00039,0.00033,0.00034,2684812331223.092,973314487.9781109
2020-06-12 09:00:00,0.00035,0.00037,0.00033,0.00036,2133196445198.3289,758052625.6401644
2020-06-13 09:00:00,0.00036,0.00038,0.00035,0.00037,1017199395229.2837,375586961.9696124
2020-06-14 09:00:00,0.00038,0.00038,0.00036,0.00036,844605770465.1516,311985260.66140324
2020-06-15 09:00:00,0.00037,0.00037,0.00034,0.00035,2263729047752.1885,799460395.8593439
2020-06-16 09:00:00,0.00035,0.00037,0.00035,0.00037,635008063431.4617,229137403.70306784
2020-06-17 09:00:00,0.00037,0.00038,0.00036,0.00038,1303859314252.39,481107459.1108521
2020-06-18 09:00:00,0.00037,0.00038,0.00036,0.00037,374614368267.4269,137035231.08336553
2020-06-19 09:00:00,0.00036,0.00037,0.00035,0.00036,1511274623198.864,544911879.5577612
2020-06-20 09:00:00,0.00035,0.00037,0.00035,0.00037,388858374663.2385,139772045.39624658
2020-06-21 09:00:00,0.00036,0.00037,0.00035,0.00036,705449380874.9174,254841427.98927093
2020-06-22 09:00:00,0.00036,0.00038,0.00036,0.00037,2200330936293.4062,816018788.9233615
2020-06-23 09:00:00,0.00037,0.00038,0.00036,0.00036,739867497176.8701,274757493.8704234
2020-06-24 09:00:00,0.00036,0.00038,0.00036,0.00037,510191114097.6631,186538725.6664114
2020-06-25 09:00:00,0.00036,0.00037,0.00035,0.00036,1230876540038.469,441971201.3841307
2020-06-26 09:00:00,0.00036,0.00037,0.00035,0.00035,684143748025.0763,245740831.95397913
2020-06-27 09:00:00,0.00035,0.00037,0.00035,0.00035,827474102874.6414,299659012.2100453
2020-06-28 09:00:00,0.00035,0.00036,0.00034,0.00035,877203774598.125,308240798.1725546
2020-06-29 09:00:00,0.00035,0.00036,0.00034,0.00035,486021055760.05444,170432948.35922387
2020-06-30 09:00:00,0.00035,0.00036,0.00035,0.00036,280087313440.47754,98596851.78490429
2020-07-01 09:00:00,0.00036,0.0004,0.00035,0.00039,5161207349780.497,1944066137.4667876
2020-07-02 09:00:00,0.00039,0.00044,0.00038,0.00039,9007323879284.191,3660095858.1233416
2020-07-03 09:00:00,0.00039,0.00041,0.00037,0.00038,4199898873948.3486,1633979890.4716063
2020-07-04 09:00:00,0.00038,0.0004,0.00038,0.00039,1787240655698.2183,696139321.0062565
2020-07-05 09:00:00,0.00038,0.0004,0.00037,0.00039,691858879710.8046,265379487.98166752
2020-07-06 09:00:00,0.00039,0.00041,0.00038,0.00039,2565252270721.018,1015996108.047886
2020-07-07 09:00:00,0.00039,0.0004,0.00038,0.00038,1113893243517.8093,435569296.56406224
2020-07-08 09:00:00,0.00038,0.00041,0.00038,0.0004,2511519038657.3423,997160200.7714032
2020-07-09 09:00:00,0.0004,0.00045,0.00039,0.00044,5753482952878.75,2450864925.564884
2020-07-10 09:00:00,0.00044,0.00053,0.00043,0.00052,14979197975520.69,7326957495.981448
2020-07-11 09:00:00,0.00051,0.00053,0.00046,0.00048,4534386832613.947,2204715826.8306537
2020-07-12 09:00:00,0.00047,0.0005,0.00047,0.0005,3796298578088.0347,1837038050.3590882
2020-07-13 09:00:00,0.0005,0.00052,0.00047,0.00047,3378880288251.4834,1659685615.2885432
2020-07-14 09:00:00,0.00047,0.00048,0.00045,0.00047,1910280235464.1382,885145441.6862675
2020-07-15 09:00:00,0.00047,0.00049,0.00046,0.00047,1003730332354.166,477879999.0435062
2020-07-16 09:00:00,0.00047,0.00048,0.00043,0.00045,1387579820813.4785,630386752.2628199
2020-07-17 09:00:00,0.00045,0.00047,0.00044,0.00045,510550582146.9639,230887998.06547862
2020-07-18 09:00:00,0.00045,0.00047,0.00044,0.00046,857167517820.9911,392629381.089822
2020-07-19 09:00:00,0.00046,0.00047,0.00045,0.00046,459455289887.62213,212153151.0951877
2020-07-20 09:00:00,0.00046,0.00047,0.00046,0.00046,407838796796.6809,188229248.5004216
2020-07-21 09:00:00,0.00047,0.00048,0.00045,0.00046,986032856981.6682,459747473.3013355
2020-07-22 09:00:00,0.00047,0.00049,0.00046,0.00047,1339939072381.1423,629666961.7980324
2020-07-23 09:00:00,0.00046,0.00048,0.00046,0.00047,546070866060.25867,254338154.0810048
2020-07-24 09:00:00,0.00047,0.00047,0.00045,0.00046,576551372957.2617,265487134.44974807
2020-07-25 09:00:00,0.00046,0.00048,0.00045,0.00046,1411122506659.951,653347468.0907387
2020-07-26 09:00:00,0.00047,0.00048,0.00045,0.00046,1822357266937.419,844364478.7653158
2020-07-27 09:00:00,0.00045,0.00047,0.00043,0.00045,2268847520500.3257,1010196267.9945062
2020-07-28 09:00:00,0.00045,0.00046,0.00043,0.00044,1568984839801.9927,697884644.7970319
2020-07-29 09:00:00,0.00045,0.00047,0.00044,0.00046,1646219734722.0999,747376134.7914199
2020-07-30 09:00:00,0.00046,0.00046,0.00044,0.00045,2103883521597.8364,944679737.9751271
2020-07-31 09:00:00,0.00045,0.00046,0.00044,0.00046,992669516831.245,449113798.96975744
2020-08-01 09:00:00,0.00045,0.00048,0.00045,0.00047,2309256571451.3115,1067724572.6983272
2020-08-02 09:00:00,0.00047,0.00049,0.00044,0.00046,3478835776915.2334,1614009922.133201
2020-08-03 09:00:00,0.00046,0.00048,0.00045,0.00046,1763423953164.9402,820869763.0705382
2020-08-04 09:00:00,0.00047,0.00047,0.00045,0.00046,2070092844493.1738,954473959.2663606
2020-08-05 09:00:00,0.00045,0.00047,0.00045,0.00046,949304738853.0111,433048856.8964671
2020-08-06 09:00:00,0.00047,0.0005,0.00046,0.00049,1963811738377.0356,928582757.8345954
2020-08-07 09:00:00,0.0005,0.00051,0.00047,0.00047,1863335708908.3406,906300909.9211252
2020-08-08 09:00:00,0.00047,0.00053,0.00047,0.00052,5485406197504.368,2815234104.298768
2020-08-09 09:00:00,0.00051,0.00052,0.00048,0.0005,2818471343282.8496,1404775305.987395
2020-08-10 09:00:00,0.00049,0.00058,0.00049,0.00056,6905832373167.556,3805530807.625992
2020-08-11 09:00:00,0.00057,0.00057,0.0005,0.00052,4824816031654.815,2571081428.0500407
2020-08-12 09:00:00,0.00052,0.00055,0.00049,0.00053,3266413619040.2754,1711031742.4781888
2020-08-13 09:00:00,0.00053,0.00056,0.00051,0.00054,2262015509572.3467,1212399792.4530113
2020-08-14 09:00:00,0.00054,0.00057,0.00053,0.00056,2972765581340.7754,1645181208.0081897
2020-08-15 09:00:00,0.00056,0.00056,0.00054,0.00056,1793872742361.0574,983314421.6596361
2020-08-16 09:00:00,0.00054,0.00063,0.00054,0.00061,5886082498127.595,3460898290.7284193
2020-08-17 09:00:00,0.0006,0.00065,0.00059,0.00061,7440933004011.56,4589968415.991077
2020-08-18 09:00:00,0.00062,0.00064,0.00055,0.00056,5843166544291.7,3473165748.3057203
2020-08-19 09:00:00,0.00057,0.00058,0.00051,0.00055,3310431316750.5693,1800417752.3530538
2020-08-20 09:00:00,0.00055,0.00058,0.00054,0.00056,1949342602803.378,1083003841.8678885
2020-08-21 09:00:00,0.00056,0.00056,0.00051,0.00051,2906694077410.793,1559594657.6191192
2020-08-22 09:00:00,0.00051,0.00052,0.00047,0.00051,2414554877548.9854,1195524218.0945716
2020-08-23 09:00:00,0.0005,0.00052,0.00048,0.00049,1326410004349.9443,656714441.7408744
2020-08-24 09:00:00,0.0005,0.00053,0.00049,0.00052,1288021077415.2668,659170266.7827686
2020-08-25 09:00:00,0.00052,0.00052,0.00047,0.00048,1868531678866.8762,924244231.5576913
2020-08-26 09:00:00,0.00049,0.0005,0.00048,0.0005,826359535074.8203,404608533.27550787
2020-08-27 09:00:00,0.0005,0.00051,0.00048,0.00048,2000789725999.6418,989993906.2909521
2020-08-28 09:00:00,0.00048,0.00051,0.00048,0.0005,1018097024089.3373,499223121.3599993
2020-08-29 09:00:00,0.0005,0.00056,0.0005,0.00052,3131141925130.989,1672523433.267815
2020-08-30 09:00:00,0.00052,0.00054,0.00052,0.00053,1282616052988.4158,682052898.2735734
2020-08-31 09:00:00,0.00053,0.00055,0.00052,0.00053,1592490644551.4783,853597287.4328134
2020-09-01 09:00:00,0.00054,0.00055,0.00051,0.00054,3493766788959.424,1847105963.0452774
2020-09-02 09:00:00,0.00053,0.00055,0.00048,0.0005,4415090115728.426,2259744636.1182346
2020-09-03 09:00:00,0.0005,0.00062,0.00048,0.00053,17497338485054.445,9484656801.686796
2020-09-04 09:00:00,0.00053,0.00054,0.00045,0.00048,10487641086345.61,5218850838.915049
2020-09-05 09:00:00,0.00048,0.00049,0.0004,0.00042,6173962654853.449,2764050853.6011496
2020-09-06 09:00:00,0.00042,0.00043,0.00036,0.00041,6454660801899.9375,2561346234.271192
2020-09-07 09:00:00,0.00041,0.00043,0.00037,0.0004,4114624489880.175,1642569557.2101872
2020-09-08 09:00:00,0.0004,0.00043,0.00039,0.0004,2143150418055.9355,872367269.7748139
2020-09-09 09:00:00,0.0004,0.00042,0.0004,0.00042,1034081299850.9175,420514155.91455543
2020-09-10 09:00:00,0.00041,0.00044,0.00041,0.00042,1561488064161.9263,657115176.5816814
2020-09-11 09:00:00,0.00043,0.00044,0.00041,0.00043,1891210640573.1067,796963267.2683794
2020-09-12 09:00:00,0.00043,0.00044,0.00042,0.00043,556062882880.791,238820844.6784785
2020-09-13 09:00:00,0.00043,0.00044,0.00039,0.00041,1753981763435.6392,724736909.1634592
2020-09-14 09:00:00,0.00041,0.00043,0.00039,0.00042,1107071933428.6133,457517101.58181393
2020-09-15 09:00:00,0.00042,0.00042,0.00039,0.0004,1144932613859.1,463962457.1639736
2020-09-16 09:00:00,0.0004,0.0004,0.00038,0.0004,1615793726933.6047,626987337.2240255
2020-09-17 09:00:00,0.00039,0.00041,0.00038,0.00038,968028609347.7582,379403401.33621216
2020-09-18 09:00:00,0.00038,0.0004,0.00038,0.00038,610935530285.0873,238941873.84864518
2020-09-19 09:00:00,0.00038,0.0004,0.00038,0.00039,432241406222.2885,168544858.11778393
2020-09-20 09:00:00,0.00039,0.0004,0.00038,0.00039,572227495023.5242,220236139.58877096
2020-09-21 09:00:00,0.00039,0.00039,0.00034,0.00034,2790252946914.3657,1009098614.4597623
2020-09-22 09:00:00,0.00034,0.00036,0.00034,0.00035,1021336715777.3918,357816396.93096954
2020-09-23 09:00:00,0.00035,0.00036,0.00033,0.00033,744427951184.6663,255636794.75365007
2020-09-24 09:00:00,0.00034,0.00036,0.00033,0.00036,685049004104.8046,235982722.7328197
2020-09-25 09:00:00,0.00036,0.00037,0.00034,0.00037,1278908884996.8003,450780440.89625466
2020-09-26 09:00:00,0.00037,0.00038,0.00035,0.00036,928161428076.3917,338363290.7961515
2020-09-27 09:00:00,0.00035,0.00037,0.00034,0.00036,1021202755097.1499,360242084.570191
2020-09-28 09:00:00,0.00036,0.00036,0.00034,0.00035,769949975796.5469,272970689.4965058
2020-09-29 09:00:00,0.00035,0.00037,0.00034,0.00036,1385048879973.2258,490427747.222389
2020-09-30 09:00:00,0.00037,0.0004,0.00035,0.0004,1985556304579.3655,744580784.1232547
2020-10-01 09:00:00,0.00038,0.00042,0.00037,0.00039,1872098414354.731,747955199.344785
2020-10-02 09:00:00,0.00039,0.0004,0.00036,0.0004,1279359574763.4167,485920062.98082435
2020-10-03 09:00:00,0.00039,0.0004,0.00038,0.00038,1050517163888.7023,412777031.09630674
2020-10-04 09:00:00,0.00038,0.00039,0.00038,0.00039,352502663483.9001,135566685.15799177
2020-10-05 09:00:00,0.00038,0.00039,0.00037,0.00039,413814618125.72534,157669629.5585658
2020-10-06 09:00:00,0.00039,0.00039,0.00036,0.00036,754456719826.3403,282256904.98329705
2020-10-07 09:00:00,0.00037,0.00038,0.00035,0.00038,1257633427641.3174,460964667.7313006
2020-10-08 09:00:00,0.00037,0.00039,0.00036,0.00038,2831729909572.706,1061000869.0784171
2020-10-09 09:00:00,0.00038,0.00043,0.00037,0.0004,6537282198806.88,2598107777.484039
2020-10-10 09:00:00,0.00039,0.00042,0.00039,0.00041,3835432290579.5063,1541967448.9474158
2020-10-11 09:00:00,0.00041,0.00042,0.00039,0.0004,1000871471339.6597,402412374.1565603
2020-10-12 09:00:00,0.0004,0.00041,0.00039,0.0004,959692614021.7421,381384890.9583879
2020-10-13 09:00:00,0.0004,0.00041,0.00039,0.00039,927285906294.9214,370561517.76220566
2020-10-14 09:00:00,0.00039,0.0004,0.00037,0.00038,1468593930466.0876,568893114.1469604
2020-10-15 09:00:00,0.00038,0.00043,0.00037,0.0004,6337309974995.743,2563746045.204871
2020-10-16 09:00:00,0.0004,0.0004,0.00037,0.00038,3408103675602.084,1329544130.0996313
2020-10-17 09:00:00,0.00038,0.00039,0.00038,0.00038,447975668410.38873,173403607.72819468
2020-10-18 09:00:00,0.00039,0.0004,0.00038,0.00039,800541628198.481,312328825.28660685
2020-10-19 09:00:00,0.00039,0.0004,0.00038,0.00038,905726030214.6622,352252572.8610155
2020-10-20 09:00:00,0.00038,0.0004,0.00037,0.00039,1464696560631.0288,560565803.3224305
2020-10-21 09:00:00,0.00039,0.00039,0.00037,0.00039,955023921030.0945,363184454.4134186
2020-10-22 09:00:00,0.00039,0.00039,0.00037,0.00039,825903960505.6865,316107411.4931027
2020-10-23 09:00:00,0.00039,0.00039,0.00037,0.00037,2904452400944.735,1097167180.6301162
2020-10-24 09:00:00,0.00037,0.00038,0.00037,0.00037,337102728776.5106,126420308.23510969
2020-10-25 09:00:00,0.00037,0.00038,0.00036,0.00037,709929740868.9575,265477317.53409314
2020-10-26 09:00:00,0.00037,0.00038,0.00035,0.00035,1717802852790.5334,627259259.1729003
2020-10-27 09:00:00,0.00035,0.00037,0.00035,0.00035,1074229120223.8193,385855101.5892234
2020-10-28 09:00:00,0.00035,0.00037,0.00034,0.00035,1186255720929.7131,419101570.1197109
2020-10-29 09:00:00,0.00035,0.00036,0.00033,0.00035,667229221389.275,228272543.64595538
2020-10-30 09:00:00,0.00034,0.00035,0.00032,0.00034,1862511773490.6838,616039079.912343
2020-10-31 09:00:00,0.00033,0.00035,0.00032,0.00034,941583623743.1396,316884304.2482846
2020-11-01 09:00:00,0.00034,0.00035,0.00033,0.00034,609118913755.5194,207467144.22100005
2020-11-02 09:00:00,0.00033,0.00035,0.00032,0.00033,1541408291553.5298,517793328.32896894
2020-11-03 09:00:00,0.00032,0.00033,0.00031,0.00032,1505976161063.556,478700679.6787072
2020-11-04 09:00:00,0.00032,0.00032,0.0003,0.00031,1057202388031.6288,328548850.14647174
2020-11-05 09:00:00,0.00032,0.00032,0.00031,0.00031,387555233671.19293,122322412.63472527
2020-11-06 09:00:00,0.00031,0.00034,0.00031,0.00034,1669432606639.9888,547537712.4978155
2020-11-07 09:00:00,0.00034,0.00034,0.00032,0.00032,1439223686349.3743,478751475.43018967
2020-11-08 09:00:00,0.00033,0.00034,0.00032,0.00033,799840784124.9344,262220524.223636
2020-11-09 09:00:00,0.00034,0.00034,0.00032,0.00033,566185084991.9207,185607748.8242051
2020-11-10 09:00:00,0.00033,0.00033,0.00032,0.00032,757625096939.1532,244424443.33366436
2020-11-11 09:00:00,0.00032,0.00033,0.00032,0.00033,572451822476.4167,185370427.42479908
2020-11-12 09:00:00,0.00032,0.00033,0.00031,0.00031,839134767534.4214,269394457.9397699
2020-11-13 09:00:00,0.00031,0.00033,0.00031,0.00032,872852648696.7133,279411342.240899
2020-11-14 09:00:00,0.00032,0.00033,0.00031,0.00032,1320168801920.2212,426835720.2668644
2020-11-15 09:00:00,0.00032,0.00034,0.00032,0.00033,1537305357422.5403,505100194.319838
2020-11-16 09:00:00,0.00033,0.00033,0.00031,0.00032,812044537376.9564,260656477.17082664
2020-11-17 09:00:00,0.00032,0.00033,0.00032,0.00033,811350944083.8091,265999107.7186388
2020-11-18 09:00:00,0.00033,0.00034,0.00032,0.00033,2393722225776.832,790443249.9800042
2020-11-19 09:00:00,0.00034,0.00034,0.00032,0.00032,589788128394.1337,193245029.0124481
2020-11-20 09:00:00,0.00032,0.00034,0.00032,0.00034,1526828161740.411,504901820.0099362
2020-11-21 09:00:00,0.00034,0.00036,0.00033,0.00035,4848392642816.642,1684129186.869116
2020-11-22 09:00:00,0.00035,0.00037,0.00033,0.00034,4893556610137.843,1676348531.1880174
2020-11-23 09:00:00,0.00034,0.00036,0.00034,0.00036,3538093807397.23,1241392552.9160364
2020-11-24 09:00:00,0.00036,0.00042,0.00035,0.0004,14973265028825.695,5720613620.7873955
2020-11-25 09:00:00,0.0004,0.00041,0.00037,0.00039,7435454698933.054,2884657583.5902367
2020-11-26 09:00:00,0.00039,0.00039,0.00033,0.00035,7834999375223.186,2781257010.274246
2020-11-27 09:00:00,0.00035,0.00036,0.00033,0.00034,2299712433575.9814,790559070.6370499
2020-11-28 09:00:00,0.00034,0.00036,0.00034,0.00036,1540973315155.2102,537905926.6743153
2020-11-29 09:00:00,0.00036,0.00036,0.00034,0.00035,1026689450278.5918,360008278.67256886
2020-11-30 09:00:00,0.00035,0.00045,0.00034,0.00041,12762206239080.355,5120498569.379873
2020-12-01 09:00:00,0.00041,0.00043,0.00036,0.00039,24174209134578.312,9612919872.916119
2020-12-02 09:00:00,0.00038,0.0004,0.00037,0.00039,7256641746514.083,2765921854.9479012
2020-12-03 09:00:00,0.00038,0.00039,0.00037,0.00038,2421314178359.2393,909870983.7563038
2020-12-04 09:00:00,0.00038,0.00038,0.00035,0.00036,4480241504742.009,1644027576.473031
2020-12-05 09:00:00,0.00036,0.00038,0.00035,0.00038,1756078270560.3555,644625158.8472837
2020-12-06 09:00:00,0.00038,0.00038,0.00036,0.00038,2640540851871.244,978458460.692601
2020-12-07 09:00:00,0.00038,0.00038,0.00036,0.00037,1453681681557.645,537800463.402297
2020-12-08 09:00:00,0.00036,0.00037,0.00035,0.00036,2067923986292.0886,739769845.1650501
2020-12-09 09:00:00,0.00036,0.00036,0.00033,0.00036,1817630967552.4172,631258591.2371428
2020-12-10 09:00:00,0.00036,0.00036,0.00034,0.00035,1153249089467.055,398533862.181878
2020-12-11 09:00:00,0.00035,0.00035,0.00033,0.00034,1348873917789.3933,456809635.2249017
2020-12-12 09:00:00,0.00034,0.00035,0.00033,0.00035,1405299386125.004,481599792.4858434
2020-12-13 09:00:00,0.00035,0.00036,0.00034,0.00035,965852073161.6487,335462354.76547676
2020-12-14 09:00:00,0.00035,0.00037,0.00034,0.00037,1450663009549.7534,512788315.16553575
2020-12-15 09:00:00,0.00037,0.00037,0.00035,0.00036,1133969716126.9177,407605447.7139403
2020-12-16 09:00:00,0.00036,0.00037,0.00035,0.00036,2182533418789.5327,781328116.675224
2020-12-17 09:00:00,0.00036,0.00037,0.00035,0.00036,3588408520291.26,1293635863.445137
2020-12-18 09:00:00,0.00036,0.00037,0.00035,0.00037,2738908454499.264,984928661.3895637
2020-12-19 09:00:00,0.00037,0.00038,0.00035,0.00038,3343144889087.467,1237137071.208872
2020-12-20 09:00:00,0.00038,0.00038,0.00036,0.00038,3182593141815.6646,1180227660.0426457
2020-12-21 09:00:00,0.00037,0.00038,0.00035,0.00035,3034086650801.7524,1096777265.524471
2020-12-22 09:00:00,0.00036,0.00036,0.00034,0.00036,1791760467935.379,632715295.444021
2020-12-23 09:00:00,0.00036,0.00037,0.00031,0.00032,4121722785835.3555,1383262570.7774105
2020-12-24 09:00:00,0.00032,0.00034,0.0003,0.00034,3418851976005.29,1095143184.2294433
2020-12-25 09:00:00,0.00033,0.00035,0.00033,0.00033,1691147849210.9905,570348292.1937217
2020-12-26 09:00:00,0.00034,0.00034,0.00032,0.00034,1607179810969.7366,531792841.91927683
2020-12-27 09:00:00,0.00034,0.00035,0.00031,0.00033,5128722948732.442,1695281867.4982698
2020-12-28 09:00:00,0.00034,0.00035,0.00033,0.00034,2692201366350.946,903270540.3653654
2020-12-29 09:00:00,0.00034,0.00034,0.00031,0.00033,1680844881162.9197,544962183.310339
2020-12-30 09:00:00,0.00033,0.00033,0.00031,0.00033,1619123934667.3767,517094212.4729349
2020-12-31 09:00:00,0.00033,0.00033,0.00031,0.00031,1070746437365.3928,339305171.36489177
2021-01-01 09:00:00,0.00032,0.00033,0.00031,0.00033,1577896170674.757,508738510.13935727
2021-01-02 09:00:00,0.00032,0.00039,0.00032,0.00037,7460950600706.622,2654101157.4997425
2021-01-03 09:00:00,0.00037,0.00038,0.00035,0.00036,5572469791443.724,2016830036.7512128
2021-01-04 09:00:00,0.00035,0.00039,0.00033,0.00035,8078285172654.536,2926743053.627629
2021-01-05 09:00:00,0.00035,0.00036,0.00033,0.00035,4001834673784.8794,1379723972.8924637
2021-01-06 09:00:00,0.00035,0.00039,0.00034,0.00036,4672185163068.304,1686790405.4876294
2021-01-07 09:00:00,0.00036,0.00039,0.00035,0.00038,8248901204960.957,3103771762.2376475
2021-01-08 09:00:00,0.00037,0.00039,0.00036,0.00039,4785027978414.881,1798402312.7090356
2021-01-09 09:00:00,0.00038,0.00065,0.00038,0.00047,180001572684462.66,91656760435.58047
2021-01-10 09:00:00,0.00047,0.00054,0.00042,0.00049,52374286998999.18,24958814273.476322
2021-01-11 09:00:00,0.00049,0.00049,0.00036,0.0004,19886008877423.58,8005278403.506552
2021-01-12 09:00:00,0.0004,0.00043,0.00037,0.0004,17107950259204.717,6852923416.057026
2021-01-13 09:00:00,0.0004,0.00041,0.00038,0.0004,6867571013009.636,2718628817.7140284
2021-01-14 09:00:00,0.00041,0.00041,0.00038,0.0004,6140748890881.465,2416864524.433476
2021-01-15 09:00:00,0.0004,0.0004,0.00038,0.0004,4408064962581.779,1720861683.1546838
2021-01-16 09:00:00,0.00039,0.00042,0.00038,0.00041,6737219245174.304,2676756862.8221464
2021-01-17 09:00:00,0.0004,0.00041,0.00038,0.00039,4920982343744.394,1932522015.5543694
2021-01-18 09:00:00,0.0004,0.00041,0.00039,0.00041,4445730259631.231,1767340726.9636283
2021-01-19 09:00:00,0.0004,0.00044,0.00039,0.00042,10549693744460.143,4369280999.200397
2021-01-20 09:00:00,0.00041,0.00042,0.00039,0.00041,5603417200145.965,2249949422.7069864
2021-01-21 09:00:00,0.00041,0.00041,0.00037,0.00037,5032170432073.522,1950997158.6370468
2021-01-22 09:00:00,0.00038,0.00039,0.00035,0.00038,7216934390014.64,2652477436.1231494
2021-01-23 09:00:00,0.00037,0.00041,0.00037,0.0004,7820491582706.087,3052777723.434516
2021-01-24 09:00:00,0.00039,0.00047,0.00039,0.00042,41101423715713.805,17501323845.794037
2021-01-25 09:00:00,0.00042,0.00044,0.0004,0.00041,15707938361764.955,6565950985.031901
2021-01-26 09:00:00,0.0004,0.00042,0.00039,0.00041,5825154812235.475,2368195885.2550325
2021-01-27 09:00:00,0.00041,0.00041,0.00037,0.00039,4266584763286.115,1644500949.874306
2021-01-28 09:00:00,0.00039,0.00041,0.00038,0.00041,4962106220322.997,1947031939.257071
2021-01-29 09:00:00,0.00041,0.00047,0.0004,0.00043,18375021832577.293,7899995053.332387
2021-01-30 09:00:00,0.00043,0.00044,0.00041,0.00042,4988347522987.274,2092750520.1341088
2021-01-31 09:00:00,0.00042,0.00045,0.00041,0.00042,12931073846446.053,5528000931.872944
2021-02-01 09:00:00,0.00042,0.00045,0.0004,0.00042,11185364879128.904,4709403830.492454
2021-02-02 09:00:00,0.00042,0.00047,0.00041,0.00047,6786914209940.439,2942890231.915622
2021-02-03 09:00:00,0.00047,0.00053,0.00044,0.00048,17050890069691.703,8141383964.191628
2021-02-04 09:00:00,0.00048,0.00049,0.00043,0.00046,10035652745243.898,4655226217.528202
2021-02-05 09:00:00,0.00047,0.00051,0.00046,0.00051,6636177913930.314,3210272363.2848024
2021-02-06 09:00:00,0.0005,0.00051,0.00047,0.00049,5655455200316.945,2772210253.1484265
2021-02-07 09:00:00,0.00049,0.00057,0.00048,0.00054,19203756258964.996,10106746455.618351
2021-02-08 09:00:00,0.00054,0.00128,0.00053,0.00114,165945912996266.88,162489635973.4118
2021-02-09 09:00:00,0.00115,0.00213,0.0011,0.00128,347372537480652.1,528081974665.5287
2021-02-10 09:00:00,0.00128,0.00141,0.00111,0.00122,67113899529944.76,84338909324.051
2021-02-11 09:00:00,0.00122,0.0013,0.00118,0.00127,34612335250519.633,42818179519.49366
2021-02-12 09:00:00,0.00128,0.00156,0.00127,0.00136,59009659617149.414,81804108952.36317
2021-02-13 09:00:00,0.00136,0.00141,0.00121,0.00134,26457311392837.305,35536011047.08385
2021-02-14 09:00:00,0.00135,0.00135,0.00116,0.00125,16698427140647.31,21249829720.534325
2021-02-15 09:00:00,0.00124,0.00133,0.00101,0.00122,18954957814626.188,22493200465.493576
2021-02-16 09:00:00,0.00122,0.0014,0.00119,0.00131,21530257872990.82,28307588007.270546
2021-02-17 09:00:00,0.00132,0.00167,0.00124,0.00132,66623437152236.5,92863792436.94557
2021-02-18 09:00:00,0.00133,0.00148,0.00128,0.00141,42196376495523.57,58137825729.26973
2021-02-19 09:00:00,0.00142,0.0017,0.00136,0.00161,42046753180807.74,63119580017.35008
2021-02-20 09:00:00,0.00161,0.00216,0.00155,0.00172,143891753402353.06,262265766356.62064
2021-02-21 09:00:00,0.00172,0.00232,0.00162,0.00198,124823793214990.45,240469051894.65784
2021-02-22 09:00:00,0.00198,0.00237,0.00161,0.00192,174916397933069.4,352412304521.9317
2021-02-23 09:00:00,0.00193,0.00198,0.00115,0.00153,103950867633145.22,160111474908.76788
2021-02-24 09:00:00,0.00154,0.00179,0.00145,0.00163,57776337712033.664,94642947586.32921
2021-02-25 09:00:00,0.00163,0.0017,0.00147,0.00152,29967221970316.844,48536631882.00755
2021-02-26 09:00:00,0.00151,0.00159,0.00141,0.00149,22387080490965.543,33724951009.591915
2021-02-27 09:00:00,0.00148,0.00156,0.00145,0.00146,16088261084432.26,24101670894.176373
2021-02-28 09:00:00,0.00147,0.00148,0.00121,0.00132,15443755882045.504,20608113178.000748
2021-03-01 09:00:00,0.00132,0.00143,0.00129,0.00142,15332904221989.135,21040939532.601585
2021-03-02 09:00:00,0.00142,0.00146,0.00135,0.0014,11637830423009.871,16340446350.645977
2021-03-03 09:00:00,0.0014,0.00144,0.00137,0.00143,13523831319513.857,19030486514.40316
2021-03-04 09:00:00,0.00143,0.00146,0.00136,0.00141,14917492179051.89,21017283708.50626
2021-03-05 09:00:00,0.0014,0.00146,0.00134,0.00143,12862877033726.102,17957940521.3775
2021-03-06 09:00:00,0.00143,0.00149,0.00137,0.00143,20642178977735.254,29702207705.109833
2021-03-07 09:00:00,0.00142,0.00147,0.00141,0.00144,15422660874331.164,22068883567.09549
2021-03-08 09:00:00,0.00143,0.00157,0.00141,0.00147,24416682369831.473,35332467046.19783
2021-03-09 09:00:00,0.00148,0.00165,0.00144,0.00153,42133116281041.33,63911630791.31784
2021-03-10 09:00:00,0.00153,0.00178,0.00146,0.00165,62891465376790.94,101778295030.54166
2021-03-11 09:00:00,0.00165,0.00167,0.00156,0.0016,23072971284317.938,37062842314.694695
2021-03-12 09:00:00,0.0016,0.00162,0.00148,0.00152,22484560157611.418,34899426270.55321
2021-03-13 09:00:00,0.00152,0.00235,0.00152,0.00197,235819859973696.78,453952255749.32623
2021-03-14 09:00:00,0.00197,0.00225,0.00179,0.00196,137245178049703.83,276112054937.2965
2021-03-15 09:00:00,0.00195,0.0021,0.00175,0.00188,68566088627304.52,132459892265.9115
2021-03-16 09:00:00,0.00189,0.00191,0.00178,0.00188,37888903978902.0,69646640789.77351
2021-03-17 09:00:00,0.00188,0.00206,0.00172,0.00194,51014365106417.54,96361051091.4026
2021-03-18 09:00:00,0.00194,0.00199,0.00184,0.0019,35222143822031.086,67107563680.871155
2021-03-19 09:00:00,0.00191,0.00295,0.0019,0.00276,211460487337661.28,489114934559.2018
2021-03-20 09:00:00,0.00276,0.00489,0.00276,0.00344,461797118853991.1,1772678674847.4321
2021-03-21 09:00:00,0.00344,0.00454,0.00328,0.00425,261265460102648.22,994383332288.7341
2021-03-22 09:00:00,0.00427,0.0044,0.00381,0.0039,116371951672885.64,473879984817.9254
2021-03-23 09:00:00,0.0039,0.00406,0.00345,0.00371,85122744336868.5,315709761672.2197
2021-03-24 09:00:00,0.00371,0.00448,0.00365,0.00391,160529633067596.1,639035431341.0431
2021-03-25 09:00:00,0.00391,0.00406,0.00365,0.00389,97358838319549.6,377553486143.61084
2021-03-26 09:00:00,0.00389,0.00435,0.00386,0.00425,74204424834885.39,298632596202.5794
2021-03-27 09:00:00,0.00425,0.00493,0.00403,0.00452,195746259776376.94,892812942074.5526
2021-03-28 09:00:00,0.00452,0.00453,0.00424,0.00435,52119770287223.31,227630521983.2576
2021-03-29 09:00:00,0.00435,0.00468,0.00425,0.00447,47042674585077.83,208927572629.29813
2021-03-30 09:00:00,0.00447,0.00583,0.00446,0.00556,125633384199953.9,628066255094.6642
2021-03-31 09:00:00,0.00556,0.00665,0.00533,0.00618,196006040475387.7,1195249003080.6907
2021-04-01 09:00:00,0.00618,0.00707,0.00591,0.00656,128525805424721.52,828195698503.0283
2021-04-02 09:00:00,0.00656,0.00945,0.00635,0.00876,141078479363282.66,1035543276675.7228
2021-04-03 09:00:00,0.00876,0.00961,0.00791,0.0088,184088241967898.62,1629107418097.0234
2021-04-04 09:00:00,0.00882,0.0134,0.00845,0.0129,205091043243238.88,2174813309414.1587
2021-04-05 09:00:00,0.0129,0.0188,0.0123,0.0137,219699573358114.9,3346963929725.0024
2021-04-06 09:00:00,0.0136,0.0152,0.0115,0.013,148535555477757.1,1953373384742.3245
2021-04-07 09:00:00,0.0131,0.0143,0.00845,0.0103,222468340735482.38,2425718468416.803
2021-04-08 09:00:00,0.0103,0.0128,0.00998,0.0126,118148536281921.38,1343271154868.9922
2021-04-09 09:00:00,0.0125,0.0132,0.0115,0.012,74130118988623.77,899099024385.0406
2021-04-10 09:00:00,0.0119,0.0121,0.0107,0.0112,56126205615023.64,629935872897.0851
2021-04-11 09:00:00,0.0113,0.0118,0.0102,0.011,73141234071982.97,800020881553.5927
2021-04-12 09:00:00,0.0111,0.0113,0.0103,0.0105,36489220809767.21,393114180955.9412
2021-04-13 09:00:00,0.0105,0.011,0.00966,0.0104,65460556863227.61,668054761077.057
2021-04-14 09:00:00,0.0104,0.0104,0.00905,0.00978,71194895854821.4,704693182430.2765
2021-04-15 09:00:00,0.00977,0.0109,0.0094,0.0103,81385676839467.83,830634188689.0321
2021-04-16 09:00:00,0.0104,0.0108,0.00962,0.00999,86677914573816.16,869140843242.0989
2021-04-17 09:00:00,0.00999,0.014,0.00992,0.0119,233186304230899.5,2774583471268.093
2021-04-18 09:00:00,0.0118,0.0121,0.00983,0.0109,113423206165738.78,1204350292127.8762
2021-04-19 09:00:00,0.0108,0.011,0.0099,0.00997,58962549461077.29,605590964318.7484
2021-04-20 09:00:00,0.00997,0.0103,0.00858,0.00988,132245755957147.38,1286045280950.3286
2021-04-21 09:00:00,0.00989,0.0101,0.0095,0.00958,44245979528634.58,434928738690.05164
2021-04-22 09:00:00,0.00958,0.00968,0.00671,0.00728,143741948292448.2,1218868508261.7822
2021-04-23 09:00:00,0.00727,0.00863,0.0049,0.0086,498359451630889.7,3474120275161.81
2021-04-24 09:00:00,0.00862,0.00942,0.00765,0.00812,350307534443304.1,2965727607886.681
2021-04-25 09:00:00,0.00812,0.00839,0.00706,0.00783,125124198933241.86,1000726811446.7194
2021-04-26 09:00:00,0.00783,0.00847,0.00762,0.00835,95806642882482.02,779139411948.9532
2021-04-27 09:00:00,0.00836,0.00926,0.00807,0.0087,122473362439180.16,1061526390317.8007
2021-04-28 09:00:00,0.00871,0.00896,0.00791,0.00828,89549569064286.12,746668621116.9574
2021-04-29 09:00:00,0.00829,0.00845,0.00802,0.00821,35794992621811.24,295053970147.0748
2021-04-30 09:00:00,0.00821,0.00869,0.00812,0.00853,49306875709484.65,413143522203.30884
2021-05-01 09:00:00,0.00853,0.00887,0.00827,0.00864,57847454838967.49,496732030226.14044
2021-05-02 09:00:00,0.00864,0.00875,0.00815,0.00844,45325736502465.41,384393294387.19574
2021-05-03 09:00:00,0.00844,0.00865,0.00836,0.00851,41628037677731.27,353767681464.54474
2021-05-04 09:00:00,0.0085,0.00851,0.0078,0.00801,69576841899929.99,567672599628.2352
2021-05-05 09:00:00,0.00801,0.00946,0.00787,0.00866,164687950581078.84,1413918873236.8474
2021-05-06 09:00:00,0.00867,0.0101,0.00829,0.00968,186952175659157.34,1730244862788.9407
2021-05-07 09:00:00,0.00968,0.0112,0.00875,0.00925,172062183769564.44,1725807101280.1653
2021-05-08 09:00:00,0.00925,0.00992,0.00891,0.00913,58218427249284.35,542291787476.1165
2021-05-09 09:00:00,0.00914,0.00933,0.00852,0.00902,51553252244360.27,458668080290.1603
2021-05-10 09:00:00,0.00902,0.00905,0.008,0.00814,43962413007380.3,378190307739.12964
2021-05-11 09:00:00,0.00813,0.00854,0.00787,0.00842,50850021343029.375,419712371556.9183
2021-05-12 09:00:00,0.00842,0.00858,0.00692,0.00717,51719341161931.12,411432812175.5465
2021-05-13 09:00:00,0.00717,0.00791,0.00655,0.00754,61015274161608.79,451683602477.1409
2021-05-14 09:00:00,0.00754,0.0077,0.00731,0.00756,29278808839617.258,219866206417.6184
2021-05-15 09:00:00,0.00756,0.00759,0.00707,0.00719,27766096277327.734,203059084641.92422
2021-05-16 09:00:00,0.00719,0.00759,0.00694,0.00717,31567702441464.293,229075258445.6007
2021-05-17 09:00:00,0.00717,0.00718,0.00616,0.00666,68673928772782.914,459612951049.42377
2021-05-18 09:00:00,0.00667,0.00693,0.00655,0.00676,28286729866962.676,191913615916.99713
2021-05-19 09:00:00,0.00675,0.0068,0.00371,0.0051,138767088052099.06,750349101587.8303
2021-05-20 09:00:00,0.00509,0.00583,0.00462,0.00545,74106347623659.48,389926959585.6368
2021-05-21 09:00:00,0.00545,0.0064,0.0048,0.00531,88671618545529.58,496068772850.188
2021-05-22 09:00:00,0.00531,0.00532,0.00437,0.00474,43600936337764.055,209666356815.6248
2021-05-23 09:00:00,0.00474,0.00509,0.00336,0.00394,74136208293194.73,302600734413.8261
2021-05-24 09:00:00,0.00395,0.00464,0.00353,0.00462,71951604387300.52,298207568438.39435
2021-05-25 09:00:00,0.00461,0.00541,0.00448,0.00496,123217405975114.78,609398698659.2445
2021-05-26 09:00:00,0.00496,0.00549,0.00476,0.00529,51177263758122.6,265227332118.98996
2021-05-27 09:00:00,0.00529,0.00542,0.00495,0.00505,28581302619452.164,146888776117.57956
2021-05-28 09:00:00,0.00506,0.00514,0.0044,0.00458,40536923753034.09,190875000610.47552
2021-05-29 09:00:00,0.00458,0.0047,0.0042,0.00436,17976280179360.3,79787873235.4843
2021-05-30 09:00:00,0.00437,0.00449,0.00401,0.00442,22100794909059.21,94964135053.72182
2021-05-31 09:00:00,0.00442,0.00453,0.00421,0.00451,17962306993812.92,78568418985.0901
2021-06-01 09:00:00,0.0045,0.00459,0.00436,0.00443,14813427308721.945,66094985781.72966
2021-06-02 09:00:00,0.00443,0.00455,0.00436,0.00446,14388278977059.809,63881855674.52862
2021-06-03 09:00:00,0.00446,0.00504,0.00442,0.00493,25789472041816.887,121369371571.64519
2021-06-04 09:00:00,0.00494,0.00538,0.0045,0.00488,97167425396237.16,479343175234.44415
2021-06-05 09:00:00,0.00489,0.00502,0.00463,0.00472,27576276736950.027,132755185500.77216
2021-06-06 09:00:00,0.00472,0.00474,0.00461,0.00469,13251561994750.504,61829320910.925545
2021-06-07 09:00:00,0.00469,0.00471,0.00415,0.00422,17628246768956.15,79265976743.81836
2021-06-08 09:00:00,0.00422,0.00445,0.00396,0.00427,41638306061548.85,174451951993.10944
2021-06-09 09:00:00,0.00427,0.00445,0.00403,0.0044,25917320716640.348,109711638731.37872
2021-06-10 09:00:00,0.00439,0.00443,0.00418,0.00421,19011410469001.496,81577518858.32655
2021-06-11 09:00:00,0.00421,0.0043,0.00402,0.00406,17454356172024.613,72580779210.8283
2021-06-12 09:00:00,0.00407,0.00419,0.00383,0.00391,19969675174214.98,79193110410.2908
2021-06-13 09:00:00,0.00391,0.00413,0.00388,0.00405,9787088112615.848,38800352773.73804
2021-06-14 09:00:00,0.00404,0.00412,0.00396,0.00406,10686259899801.703,43126775128.55936
2021-06-15 09:00:00,0.00406,0.0041,0.004,0.00402,7797046958877.136,31477613119.310368
2021-06-16 09:00:00,0.00402,0.00403,0.00385,0.00394,9284204091785.385,36621864905.70323
2021-06-17 09:00:00,0.00393,0.00398,0.00386,0.00394,6355542778187.33,24974592965.014095
2021-06-18 09:00:00,0.00393,0.00394,0.0036,0.00367,12057555277031.545,45226034378.70153
2021-06-19 09:00:00,0.00367,0.0037,0.0035,0.00352,8194855278054.139,29353475389.0045
2021-06-20 09:00:00,0.00353,0.00354,0.00315,0.00342,15684148977400.326,52399839307.8787
2021-06-21 09:00:00,0.00342,0.00344,0.00238,0.00244,35942307081230.72,103502821437.62761
2021-06-22 09:00:00,0.00245,0.00275,0.00208,0.00251,76263381108862.58,184638534144.316
2021-06-23 09:00:00,0.0025,0.00286,0.00232,0.00276,37281792089666.93,98897350661.79248
2021-06-24 09:00:00,0.00276,0.00307,0.00272,0.003,35101251901569.418,102280404565.36922
2021-06-25 09:00:00,0.00301,0.00312,0.00268,0.00275,26856464809697.06,78001416151.88156
2021-06-26 09:00:00,0.00274,0.00283,0.0026,0.0028,15916992467475.328,43313522348.72282
2021-06-27 09:00:00,0.0028,0.00288,0.00271,0.00287,10260874407595.113,28574518486.096287
2021-06-28 09:00:00,0.00287,0.00305,0.0028,0.00301,22603659161165.305,66365147126.809685
2021-06-29 09:00:00,0.003,0.00335,0.00297,0.00323,32758587445557.934,105154133185.76524
2021-06-30 09:00:00,0.00322,0.00332,0.00301,0.00324,20811513642625.902,65312474603.69623
2021-07-01 09:00:00,0.00323,0.00327,0.00303,0.00309,15947339834805.23,49945100232.81201
2021-07-02 09:00:00,0.00309,0.00313,0.00298,0.0031,10449361626438.31,31845497197.252144
2021-07-03 09:00:00,0.00311,0.00316,0.00304,0.00314,7631219959934.458,23760243820.30325
2021-07-04 09:00:00,0.00313,0.00325,0.0031,0.00317,8840101387794.559,28000489310.612625
2021-07-05 09:00:00,0.00317,0.00322,0.00303,0.0031,14018608330554.314,43793459660.77615
2021-07-06 09:00:00,0.0031,0.00317,0.00308,0.00312,9493189842976.822,29661347766.273457
2021-07-07 09:00:00,0.00312,0.00318,0.00309,0.00311,8855523463457.447,27768878187.255234
2021-07-08 09:00:00,0.00311,0.00312,0.0029,0.00296,13876531443571.611,41649307899.6366
2021-07-09 09:00:00,0.00295,0.00303,0.00281,0.003,11462217124738.93,33411991935.6922
2021-07-10 09:00:00,0.00299,0.00305,0.00293,0.00295,6452695769402.942,19268017894.0194
2021-07-11 09:00:00,0.00295,0.00299,0.00289,0.00297,5098269475673.941,15033063804.135235
2021-07-12 09:00:00,0.00297,0.00299,0.00289,0.00292,6229362619777.712,18330484386.627163
2021-07-13 09:00:00,0.00291,0.00293,0.00282,0.00283,6863513950362.103,19679065036.07507
2021-07-14 09:00:00,0.00283,0.00286,0.00268,0.00278,9393949234588.057,25890252307.994743
2021-07-15 09:00:00,0.00278,0.00283,0.00268,0.0027,6521188224053.269,17873226924.94607
2021-07-16 09:00:00,0.0027,0.00275,0.00253,0.00256,8801724859333.518,23152945941.818626
2021-07-17 09:00:00,0.00256,0.00269,0.00251,0.00264,7815909362426.545,20246798114.211018
2021-07-18 09:00:00,0.00264,0.00273,0.00258,0.00262,6539827570948.793,17349900669.82819
2021-07-19 09:00:00,0.00262,0.00263,0.00248,0.0025,7234833087698.916,18372291501.728466
2021-07-20 09:00:00,0.00249,0.00252,0.00223,0.00231,13237848501899.873,30890704335.47894
2021-07-21 09:00:00,0.00231,0.00253,0.00225,0.00252,10789454968726.516,26024688230.810432
2021-07-22 09:00:00,0.00251,0.00255,0.00243,0.00254,8228407281713.428,20542910174.88009
2021-07-23 09:00:00,0.00254,0.00259,0.00247,0.00256,7306980895553.856,18484653288.26835
2021-07-24 09:00:00,0.00256,0.00269,0.00253,0.00263,7969907839856.686,20754892957.464916
2021-07-25 09:00:00,0.00263,0.0027,0.00256,0.00266,9830987896202.459,25879769175.318825
2021-07-26 09:00:00,0.00266,0.0036,0.00265,0.00299,130465302375275.86,418835084233.3727
2021-07-27 09:00:00,0.00298,0.00339,0.00281,0.00321,59620209956739.7,184691146480.43353
2021-07-28 09:00:00,0.00321,0.00353,0.00316,0.00323,56153193636734.93,186898484880.1423
2021-07-29 09:00:00,0.00324,0.00334,0.00315,0.00324,21445833888735.195,69077077099.14127
2021-07-30 09:00:00,0.00323,0.00332,0.003,0.00331,25262210744701.5,80441356204.86263
2021-07-31 09:00:00,0.0033,0.00335,0.00322,0.0033,13647074714577.854,44751527361.49631
2021-08-01 09:00:00,0.0033,0.0037,0.00327,0.00331,41909395204763.086,144962829515.04108
2021-08-02 09:00:00,0.00331,0.00342,0.00321,0.00334,17075711573058.215,56911737719.77897
2021-08-03 09:00:00,0.00335,0.00349,0.00325,0.00344,23421157836628.1,79045416755.2098
2021-08-04 09:00:00,0.00344,0.00374,0.00338,0.00366,43520371533697.02,155694615942.777
2021-08-05 09:00:00,0.00366,0.00416,0.00362,0.00396,93489061536284.34,369331192022.6804
2021-08-06 09:00:00,0.00397,0.00445,0.00395,0.00442,55260148563943.234,230218484983.22192
2021-08-07 09:00:00,0.00442,0.0047,0.00429,0.00446,51196162465915.54,231952942153.3604
2021-08-08 09:00:00,0.00447,0.00463,0.00415,0.00431,43291795725831.92,190616397009.9131
2021-08-09 09:00:00,0.00431,0.00448,0.00424,0.00442,23384404733384.066,102220752731.83072
2021-08-10 09:00:00,0.00442,0.00454,0.00433,0.00446,17721824220261.176,78361652720.53406
2021-08-11 09:00:00,0.00447,0.00549,0.00442,0.00513,96537353003900.28,487061928606.30676
2021-08-12 09:00:00,0.00513,0.00578,0.00505,0.00542,116112589209445.7,627248183570.0228
2021-08-13 09:00:00,0.00541,0.00565,0.00528,0.00562,43485184652334.53,237405806626.2781
2021-08-14 09:00:00,0.00561,0.00578,0.00537,0.00563,45504963939156.914,254534684325.968
2021-08-15 09:00:00,0.00562,0.00572,0.00537,0.00559,25421024885411.023,141076069083.97018
2021-08-16 09:00:00,0.00558,0.00571,0.00538,0.00539,24316813022398.43,134953157615.27315
2021-08-17 09:00:00,0.00539,0.00549,0.00485,0.00496,36126295526191.49,189318979336.872
2021-08-18 09:00:00,0.00496,0.00511,0.00456,0.00497,35899433649543.42,175831614847.28497
2021-08-19 09:00:00,0.00498,0.0052,0.00476,0.00518,19500907437134.293,96257508112.6597
2021-08-20 09:00:00,0.00518,0.00534,0.00508,0.00529,21163362680892.902,109714000606.87363
2021-08-21 09:00:00,0.00529,0.00529,0.00514,0.00516,16012649216723.91,83222866193.93869
2021-08-22 09:00:00,0.00516,0.00525,0.00499,0.00509,14806087556325.586,75952942109.82497
2021-08-23 09:00:00,0.00509,0.00531,0.00505,0.00522,23879848089143.61,123969156821.44923
2021-08-24 09:00:00,0.00521,0.00526,0.00488,0.00492,22864784642171.836,116587667696.95424
2021-08-25 09:00:00,0.00492,0.00502,0.00471,0.00498,16328337540307.8,79880954486.066
2021-08-26 09:00:00,0.00498,0.00512,0.00459,0.00467,18164531941669.215,87876687263.21614
2021-08-27 09:00:00,0.00466,0.00503,0.0045,0.00502,20205420975184.688,95512988924.48784
2021-08-28 09:00:00,0.00501,0.00503,0.00485,0.00493,11475642482760.121,56548015142.60923
2021-08-29 09:00:00,0.00493,0.00523,0.00489,0.00495,31201235748213.355,157285909996.3727
2021-08-30 09:00:00,0.00494,0.00499,0.00473,0.00477,12682289079390.121,61416254765.55947
2021-08-31 09:00:00,0.00476,0.00513,0.00467,0.00493,26785433346835.316,131853000030.17293
2021-09-01 09:00:00,0.00493,0.00517,0.00482,0.00512,18630095856553.54,93783167519.80536
2021-09-02 09:00:00,0.00511,0.00559,0.00506,0.00548,40343993911333.71,216149072017.2258
2021-09-03 09:00:00,0.00547,0.00628,0.00533,0.00563,146283227547574.84,861803090002.374
2021-09-04 09:00:00,0.00564,0.00578,0.00542,0.00554,47298817531488.5,263988769475.71735
2021-09-05 09:00:00,0.00554,0.00578,0.00541,0.00564,33727876523109.723,186967196351.99738
2021-09-06 09:00:00,0.00564,0.0058,0.00546,0.00561,28705365081252.035,161482687301.49164
2021-09-07 09:00:00,0.00561,0.00584,0.0044,0.00482,60747735638537.73,314023196985.0734
2021-09-08 09:00:00,0.00482,0.00507,0.00437,0.00497,50149385094037.42,239983465748.6377
2021-09-09 09:00:00,0.00496,0.00501,0.0048,0.00494,23057607010932.91,113435024942.14381
2021-09-10 09:00:00,0.00494,0.00502,0.00462,0.00473,19494151593299.68,94379520815.50551
2021-09-11 09:00:00,0.00472,0.00482,0.00467,0.00474,7431063474810.922,35292413694.98162
2021-09-12 09:00:00,0.00474,0.00521,0.00465,0.00498,50436350952455.05,253023718585.32672
2021-09-13 09:00:00,0.00498,0.0051,0.00461,0.00473,19922530864408.742,95958848065.3028
2021-09-14 09:00:00,0.00473,0.00498,0.0047,0.00489,20889020065116.305,101548078755.93243
2021-09-15 09:00:00,0.00489,0.00494,0.0048,0.0049,8889526344737.777,43250817535.87821
2021-09-16 09:00:00,0.0049,0.00494,0.0048,0.00484,8553770575537.101,41495800588.22793
2021-09-17 09:00:00,0.00484,0.00488,0.00471,0.00479,9696891598341.045,46641503476.2261
2021-09-18 09:00:00,0.00479,0.00484,0.00474,0.00479,5282463707902.012,25328206341.567585
2021-09-19 09:00:00,0.00479,0.0048,0.00468,0.0047,5382562552864.05,25493307558.392265
2021-09-20 09:00:00,0.00471,0.00472,0.00408,0.00417,19674702896228.72,85675292639.57266
2021-09-21 09:00:00,0.00417,0.00428,0.00383,0.00392,19212903214255.086,78384772756.30241
2021-09-22 09:00:00,0.00392,0.00437,0.00377,0.00434,16365747093610.377,66408115653.22646
2021-09-23 09:00:00,0.00434,0.00441,0.00412,0.00429,10907340659613.91,46474438712.6109
2021-09-24 09:00:00,0.00429,0.00429,0.00387,0.00401,15286175499688.58,61692224504.82505
2021-09-25 09:00:00,0.00401,0.00407,0.0039,0.004,6459500068168.97,25735719092.16474
2021-09-26 09:00:00,0.004,0.004,0.00378,0.00389,8932474551389.586,34734912465.70619
2021-09-27 09:00:00,0.0039,0.00399,0.0038,0.00382,6100383808685.411,23740909365.257244
2021-09-28 09:00:00,0.00381,0.00385,0.00362,0.00364,8344407010598.866,31253767756.52303
2021-09-29 09:00:00,0.00364,0.0038,0.00357,0.00369,7091823363257.665,26210828323.92936
2021-09-30 09:00:00,0.00369,0.00391,0.00368,0.00389,10021218979010.37,38049105694.70857
2021-10-01 09:00:00,0.00388,0.00417,0.00385,0.00415,12437746699987.666,50123164917.617065
2021-10-02 09:00:00,0.00415,0.00428,0.00407,0.00418,9791905240381.201,40760940518.97802
2021-10-03 09:00:00,0.00418,0.00442,0.0041,0.00431,10486960876692.498,44350948086.76029
2021-10-04 09:00:00,0.00431,0.00434,0.00408,0.00422,10553290575212.334,44080486734.594795
2021-10-05 09:00:00,0.00421,0.00464,0.00417,0.00447,20914470327188.04,91237513196.44478
2021-10-06 09:00:00,0.00447,0.00461,0.00418,0.00449,20189975115826.332,89114956674.80853
2021-10-07 09:00:00,0.0045,0.0045,0.00433,0.00442,11039355927131.564,48701421624.92092
2021-10-08 09:00:00,0.00442,0.00475,0.00441,0.00457,21441537991326.324,98510155189.46577
2021-10-09 09:00:00,0.00458,0.00545,0.00454,0.00508,108312264191951.2,555911977301.7493
2021-10-10 09:00:00,0.00507,0.00509,0.00472,0.00472,35531848602248.22,174029876322.97906
2021-10-11 09:00:00,0.00472,0.00492,0.00466,0.00471,22070077620610.24,106199225951.36497
2021-10-12 09:00:00,0.00472,0.00472,0.00436,0.00455,15508092336209.63,69855103906.93799
2021-10-13 09:00:00,0.00454,0.00462,0.00441,0.00459,9889832231903.639,44630672334.113754
2021-10-14 09:00:00,0.00458,0.00465,0.00453,0.00456,7754297205605.534,35564466693.31201
2021-10-15 09:00:00,0.00457,0.00459,0.00431,0.00446,18498279295928.824,82305496424.85411
2021-10-16 09:00:00,0.00447,0.00455,0.0044,0.00445,6895897630442.396,30834138526.76914
2021-10-17 09:00:00,0.00446,0.00456,0.00438,0.00445,6113699413050.653,27353009142.64025
2021-10-18 09:00:00,0.00444,0.00448,0.00434,0.00441,5964431467335.813,26313603190.712303
2021-10-19 09:00:00,0.00441,0.00445,0.00437,0.00441,4905357398487.301,21606802803.44693
2021-10-20 09:00:00,0.00441,0.00472,0.00438,0.00458,16740241026285.545,76278787229.04848
2021-10-21 09:00:00,0.00458,0.00469,0.00445,0.00446,9897078248358.844,45363939593.93929
2021-10-22 09:00:00,0.00446,0.00458,0.00442,0.00448,6856963415572.829,30832529680.002575
2021-10-23 09:00:00,0.00448,0.00451,0.00441,0.00449,4352882148314.347,19444201878.303047
2021-10-24 09:00:00,0.00448,0.0045,0.00437,0.00441,5206265196731.882,23109025664.824284
2021-10-25 09:00:00,0.00441,0.00448,0.00439,0.00447,3590462547326.5205,15922714798.538094
2021-10-26 09:00:00,0.00446,0.00471,0.00445,0.00455,9482503518690.35,43038215756.802475
2021-10-27 09:00:00,0.00455,0.00466,0.00396,0.00411,20837519554514.25,89567004542.2812
2021-10-28 09:00:00,0.00411,0.00435,0.00405,0.00425,11438709005009.541,48390706767.88541
2021-10-29 09:00:00,0.00425,0.00463,0.0042,0.00457,11020196045369.607,48448928058.687
2021-10-30 09:00:00,0.00457,0.00506,0.00445,0.00459,41905281872211.27,200169932317.31958
2021-10-31 09:00:00,0.00459,0.0053,0.00445,0.00487,38320416870131.66,183846591102.06012
2021-11-01 09:00:00,0.00488,0.00491,0.00456,0.00473,12149620177235.979,57439644572.74837
2021-11-02 09:00:00,0.00473,0.005,0.00464,0.00479,15153902595335.824,72828830139.88702
2021-11-03 09:00:00,0.00479,0.00496,0.0045,0.0048,15322017322710.283,72125452470.88766
2021-11-04 09:00:00,0.00481,0.00488,0.00468,0.00473,9407271219045.148,44852776586.41011
2021-11-05 09:00:00,0.00474,0.00477,0.00465,0.00468,7453335382908.718,35147707195.4674
2021-11-06 09:00:00,0.00468,0.00475,0.00456,0.00468,6564399766829.128,30553887850.484238
2021-11-07 09:00:00,0.00468,0.00493,0.00467,0.00479,7522039559510.546,35890813785.89905
2021-11-08 09:00:00,0.00479,0.00494,0.00477,0.0049,10802710521433.707,52385510441.89919
2021-11-09 09:00:00,0.00491,0.00504,0.0048,0.00496,18027850856651.5,88929876033.53598
2021-11-10 09:00:00,0.00496,0.00509,0.00452,0.00467,21832364634590.21,105424987190.8714
2021-11-11 09:00:00,0.00467,0.00472,0.00457,0.00465,7050172724614.968,32790868053.985294
2021-11-12 09:00:00,0.00465,0.00466,0.00444,0.00454,9929619280693.842,45150105368.46001
2021-11-13 09:00:00,0.00454,0.00462,0.00449,0.00457,5088630386226.32,23162952642.89701
2021-11-14 09:00:00,0.00457,0.00469,0.00454,0.0046,5030778543287.198,23092527633.281624
2021-11-15 09:00:00,0.0046,0.0048,0.00458,0.00465,10610764867515.66,49773565673.33372
2021-11-16 09:00:00,0.00465,0.00466,0.00425,0.00433,15548070237416.055,68762673439.69025
2021-11-17 09:00:00,0.00433,0.00443,0.00423,0.00442,11305443627755.152,48978597647.44469
2021-11-18 09:00:00,0.00443,0.0045,0.00401,0.00406,16876130955919.373,71838529577.81104
2021-11-19 09:00:00,0.00406,0.00429,0.004,0.0042,8483082317716.909,35082616029.28699
2021-11-20 09:00:00,0.00419,0.00427,0.00412,0.00423,6284101909572.171,26458106578.657227
2021-11-21 09:00:00,0.00424,0.00433,0.0042,0.00424,6369040227338.049,27135094074.515182
2021-11-22 09:00:00,0.00424,0.00425,0.00409,0.00411,7450607685382.695,30906293794.07296
2021-11-23 09:00:00,0.00411,0.00415,0.00403,0.0041,10461572080621.621,42664581382.57852
2021-11-24 09:00:00,0.0041,0.00411,0.00394,0.00399,13950308943278.2,55971470019.62195
2021-11-25 09:00:00,0.00399,0.00418,0.00396,0.00408,15570880552359.127,63356986999.93314
2021-11-26 09:00:00,0.00408,0.00436,0.00388,0.00396,30265235661371.65,123554244893.5047
2021-11-27 09:00:00,0.00396,0.00414,0.00392,0.00401,9850666619318.684,39906171515.66696
2021-11-28 09:00:00,0.00402,0.00404,0.00383,0.00401,10822191429993.2,42568055738.014595
2021-11-29 09:00:00,0.004,0.00405,0.00393,0.00401,7364329000022.619,29340152836.81922
2021-11-30 09:00:00,0.00401,0.00403,0.00389,0.00393,8310305461360.002,32950963782.800785
2021-12-01 09:00:00,0.00393,0.00398,0.00389,0.00392,6330164369925.345,24904250439.966198
2021-12-02 09:00:00,0.00391,0.00397,0.00383,0.00391,7192063053758.409,27888083028.58216
2021-12-03 09:00:00,0.00392,0.00395,0.0037,0.00376,7640555809486.982,29384180458.105717
2021-12-04 09:00:00,0.00376,0.00377,0.00255,0.00327,26943236285690.363,86268052873.67416
2021-12-05 09:00:00,0.00327,0.00339,0.00298,0.00309,9485573261830.04,30200166906.169445
2021-12-06 09:00:00,0.00309,0.00427,0.0029,0.00415,206292079846924.06,792044751616.6868
2021-12-07 09:00:00,0.00416,0.00502,0.00389,0.00461,248421350846563.75,1139522667213.6665
2021-12-08 09:00:00,0.00461,0.00525,0.0044,0.00462,208205721996673.97,999929339358.1252
2021-12-09 09:00:00,0.00461,0.00475,0.00402,0.00405,81582005964524.94,350482282642.0759
2021-12-10 09:00:00,0.00405,0.00423,0.00385,0.00392,68924757613621.76,279436340740.2378
2021-12-11 09:00:00,0.00392,0.0043,0.00381,0.00428,64708634140422.375,266771336637.17432
2021-12-12 09:00:00,0.00427,0.00444,0.004,0.00407,60114079464963.75,251450627124.73087
2021-12-13 09:00:00,0.00407,0.00415,0.00354,0.00356,49789719581658.5,189370420678.623
2021-12-14 09:00:00,0.00356,0.00362,0.00334,0.00352,34700789810302.715,120980341046.2389
2021-12-15 09:00:00,0.00352,0.00363,0.00324,0.00357,29090301565259.676,100070991863.9133
2021-12-16 09:00:00,0.00357,0.0036,0.00342,0.00344,16040848704314.957,56422481343.028694
2021-12-17 09:00:00,0.00344,0.00353,0.00318,0.00332,21825409130787.703,72999931536.37553
2021-12-18 09:00:00,0.00331,0.00338,0.00325,0.00335,8457577861309.492,28135204066.81429
2021-12-19 09:00:00,0.00335,0.00339,0.00328,0.00331,6639288044153.647,22188090804.84927
2021-12-20 09:00:00,0.00332,0.00332,0.00308,0.00325,11843327255288.086,37880426905.998535
2021-12-21 09:00:00,0.00325,0.00335,0.00316,0.00331,9201305857488.541,30079857114.806103
2021-12-22 09:00:00,0.00331,0.00337,0.00329,0.00333,7853548858812.22,26139300523.341034
2021-12-23 09:00:00,0.00333,0.00359,0.00328,0.00347,12395498140015.004,41920864387.82389
2021-12-24 09:00:00,0.00347,0.00356,0.00337,0.0034,11932368571795.064,41502284322.08634
2021-12-25 09:00:00,0.00341,0.00347,0.00338,0.00342,5005661346589.494,17114759031.86981
2021-12-26 09:00:00,0.00342,0.00345,0.00335,0.00343,5798209069449.224,19693802429.68978
2021-12-27 09:00:00,0.00342,0.00353,0.0034,0.00341,6215078512750.503,21399755888.237762
2021-12-28 09:00:00,0.00341,0.00343,0.00321,0.00323,9401911596507.764,31176401605.253765
2021-12-29 09:00:00,0.00323,0.00379,0.0032,0.00331,61017424850640.77,215041745842.7317
2021-12-30 09:00:00,0.00331,0.00362,0.00322,0.00339,21598672563806.3,73529523106.93373
2021-12-31 09:00:00,0.00339,0.00345,0.00325,0.00337,8744674797935.727,29523878112.171383
2022-01-01 09:00:00,0.00336,0.00341,0.00333,0.00338,3178293734891.7393,10711094604.797634
2022-01-02 09:00:00,0.00338,0.00358,0.00334,0.00344,10286091070910.74,35132224158.02093
2022-01-03 09:00:00,0.00344,0.0036,0.00342,0.00352,14381824748857.43,50257738439.088684
2022-01-04 09:00:00,0.00351,0.0049,0.0031,0.0041,98079350872021.95,413633243606.6475
2022-01-05 09:00:00,0.0041,0.0043,0.0033,0.0034,44275853019292.1,169529745035.56693
2022-01-06 09:00:00,0.0035,0.0036,0.0032,0.0034,18738324969735.4,64229656115.23226
2022-01-07 09:00:00,0.0034,0.0035,0.003,0.003,19578394057370.438,62849044953.91866
2022-01-08 09:00:00,0.003,0.0032,0.0028,0.0029,12390410161613.389,37484578358.591644
2022-01-09 09:00:00,0.0029,0.003,0.0028,0.003,8057211633842.279,23439547464.901493
2022-01-10 09:00:00,0.003,0.0031,0.0026,0.0029,16806396812058.213,48038298616.17681
2022-01-11 09:00:00,0.0028,0.0029,0.0027,0.0029,9020139684944.926,25103732922.18705
2022-01-12 09:00:00,0.0029,0.003,0.0028,0.0029,7360222645227.775,21368753253.711014
2022-01-13 09:00:00,0.003,0.0031,0.0028,0.0029,11838767092875.852,35063130041.21749
2022-01-14 09:00:00,0.0028,0.0031,0.0028,0.0029,14888646004769.078,43445466683.311066
2022-01-15 09:00:00,0.003,0.003,0.0029,0.0029,1521833273800.2944,4451515114.146187
2022-01-16 09:00:00,0.0029,0.0031,0.0029,0.0029,8198794615642.867,24604715155.438465
2022-01-17 09:00:00,0.0029,0.0031,0.0029,0.003,4554944392336.437,13509725099.366571
2022-01-18 09:00:00,0.0029,0.003,0.0028,0.0028,4731617870423.742,13666435988.54386
2022-01-19 09:00:00,0.0029,0.003,0.0028,0.0028,5410241459451.005,15591330611.353476
2022-01-20 09:00:00,0.0028,0.003,0.0028,0.0029,4494334406460.85,12943189602.126507
2022-01-21 09:00:00,0.0028,0.0029,0.0026,0.0026,7283771594892.715,19966904928.582226
2022-01-22 09:00:00,0.0026,0.0027,0.0022,0.0025,14351541736542.135,35208199400.30019
2022-01-23 09:00:00,0.0025,0.0027,0.0024,0.0025,7983103058638.55,20195343219.893406
2022-01-24 09:00:00,0.0025,0.0026,0.0023,0.0024,7494432003845.328,18092029744.387657
2022-01-25 09:00:00,0.0024,0.0029,0.0023,0.0024,23532154195637.47,59242464706.53065
2022-01-26 09:00:00,0.0025,0.0026,0.0024,0.0024,14274913617549.154,35582310934.717064
2022-01-27 09:00:00,0.0024,0.0026,0.0024,0.0026,8381051857059.347,21083480230.54717
2022-01-28 09:00:00,0.0026,0.0026,0.0024,0.0026,3446884179287.009,8665470325.458733
2022-01-29 09:00:00,0.0026,0.0027,0.0025,0.0027,5927810361462.007,15394061228.980766
2022-01-30 09:00:00,0.0027,0.0027,0.0025,0.0026,2378326119038.655,6209139996.166836
2022-01-31 09:00:00,0.0026,0.0027,0.0025,0.0027,2298326438937.699,5986172646.83255
2022-02-01 09:00:00,0.0026,0.0027,0.0026,0.0026,832890641835.2411,2209859971.749839
2022-02-02 09:00:00,0.0026,0.0027,0.0025,0.0026,3340846369148.885,8729898930.21584
2022-02-03 09:00:00,0.0025,0.0026,0.0025,0.0025,1492268825081.3865,3777137412.61139
2022-02-04 09:00:00,0.0025,0.0028,0.0025,0.0027,12404943317980.188,32941129712.57722
2022-02-05 09:00:00,0.0027,0.0029,0.0027,0.0028,7261742672204.067,20243611781.92288
2022-02-06 09:00:00,0.0028,0.0028,0.0027,0.0028,2627568466394.293,7266801744.47717
2022-02-07 09:00:00,0.0028,0.0029,0.0027,0.0029,5975053033558.025,16794722182.283968
2022-02-08 09:00:00,0.0029,0.003,0.0027,0.0028,8120106300293.4,23048925964.880035
2022-02-09 09:00:00,0.0028,0.0029,0.0027,0.0028,3287398840361.0884,9182440177.129725
2022-02-10 09:00:00,0.0029,0.0029,0.0027,0.0027,4486208027424.535,12504922979.668447
2022-02-11 09:00:00,0.0028,0.0028,0.0026,0.0026,3672592716978.721,9958818412.451513
2022-02-12 09:00:00,0.0026,0.0027,0.0025,0.0026,5340843710472.547,13888910198.347408
2022-02-13 09:00:00,0.0026,0.0027,0.0026,0.0026,1734767563803.5894,4590244842.215904
2022-02-14 09:00:00,0.0026,0.0027,0.0025,0.0025,3014939723665.5728,7759444281.214764
2022-02-15 09:00:00,0.0025,0.0027,0.0025,0.0027,2653088049517.1816,7007364364.803357
2022-02-16 09:00:00,0.0027,0.0027,0.0026,0.0026,1964295193798.8884,5195751158.683061
2022-02-17 09:00:00,0.0026,0.0027,0.0025,0.0025,3011441947422.942,7811974718.036108
2022-02-18 09:00:00,0.0025,0.0026,0.0025,0.0025,2569641785627.0415,6476090176.463643
2022-02-19 09:00:00,0.0025,0.0026,0.0024,0.0025,2291392379828.754,5704141212.523771
2022-02-20 09:00:00,0.0025,0.0025,0.0024,0.0024,2284257762961.3057,5529285283.070945
2022-02-21 09:00:00,0.0024,0.0025,0.0023,0.0024,4243722769354.7837,10265932015.797049
2022-02-22 09:00:00,0.0023,0.0024,0.0023,0.0023,2965019782278.258,6920057107.357859
2022-02-23 09:00:00,0.0023,0.0024,0.0023,0.0023,1610772009326.6592,3795909628.2809577
2022-02-24 09:00:00,0.0023,0.0024,0.0021,0.0023,8399093975923.377,18627252969.221596
2022-02-25 09:00:00,0.0023,0.0024,0.0022,0.0023,6413361776873.648,14716824495.84053
2022-02-26 09:00:00,0.0023,0.0024,0.0023,0.0023,2754281765953.1685,6547601053.280451
2022-02-27 09:00:00,0.0023,0.0024,0.0022,0.0023,3029290191495.2007,6989035155.055276
2022-02-28 09:00:00,0.0023,0.0025,0.0022,0.0025,4915563823473.081,11493221715.674833
2022-03-01 09:00:00,0.0025,0.0025,0.0023,0.0025,11110047310480.768,26689839759.44995
2022-03-02 09:00:00,0.0025,0.0025,0.0023,0.0024,4616856836396.98,11048964269.707144
2022-03-03 09:00:00,0.0024,0.0024,0.0023,0.0023,1404294495834.6665,3257874357.439321
2022-03-04 09:00:00,0.0023,0.0024,0.0022,0.0023,2665528605560.8794,6144144734.255109
2022-03-05 09:00:00,0.0023,0.0023,0.0022,0.0023,1072685071351.6191,2431250077.9858017
2022-03-06 09:00:00,0.0023,0.0023,0.0022,0.0022,928632430925.5819,2110859763.2842193
2022-03-07 09:00:00,0.0023,0.0023,0.0022,0.0023,1483385232217.457,3328299543.1383953
2022-03-08 09:00:00,0.0023,0.0023,0.0022,0.0023,1032178033265.4812,2304468150.9680867
2022-03-09 09:00:00,0.0022,0.0024,0.0022,0.0023,6873725564625.623,15795667836.63201
2022-03-10 09:00:00,0.0023,0.0023,0.0022,0.0022,1176207584792.8813,2626579865.0878124
2022-03-11 09:00:00,0.0023,0.0023,0.0022,0.0023,1435697068469.0698,3189100459.050656
2022-03-12 09:00:00,0.0023,0.0023,0.0022,0.0023,435385243796.4852,973635700.0189768
2022-03-13 09:00:00,0.0023,0.0023,0.0021,0.0021,2902250919321.9004,6394372870.472365
2022-03-14 09:00:00,0.0022,0.0022,0.0021,0.0022,1749335953264.6309,3797029545.291169
2022-03-15 09:00:00,0.0022,0.0022,0.0021,0.0022,1252844386656.813,2701415307.570353
2022-03-16 09:00:00,0.0022,0.0023,0.0021,0.0022,5613219964230.39,12366451930.784758
2022-03-17 09:00:00,0.0023,0.0023,0.0022,0.0023,977611310296.122,2179896769.698141
2022-03-18 09:00:00,0.0023,0.0023,0.0022,0.0023,1108319921258.088,2504030559.130152
2022-03-19 09:00:00,0.0023,0.0023,0.0022,0.0022,890681608708.0042,2010098078.4334707
2022-03-20 09:00:00,0.0022,0.0023,0.0022,0.0022,1419478258126.9292,3165740278.854578
2022-03-21 09:00:00,0.0022,0.0023,0.0022,0.0022,1044454598514.4601,2335379656.9461865
2022-03-22 09:00:00,0.0022,0.0023,0.0022,0.0023,2679368305047.0464,6102772420.666654
2022-03-23 09:00:00,0.0023,0.0023,0.0022,0.0023,2153963967143.772,4871145115.882959
2022-03-24 09:00:00,0.0023,0.0024,0.0022,0.0024,3495631085557.513,8015305247.690039
2022-03-25 09:00:00,0.0024,0.0024,0.0023,0.0024,1640132008076.0425,3855839984.9973164
2022-03-26 09:00:00,0.0024,0.0024,0.0023,0.0023,1617728197276.9048,3814757176.867579
2022-03-27 09:00:00,0.0024,0.0026,0.0023,0.0025,10406747354098.605,25387993049.798347
2022-03-28 09:00:00,0.0026,0.0026,0.0025,0.0026,3410505980607.2417,8710923963.709692
2022-03-29 09:00:00,0.0026,0.0027,0.0025,0.0025,6182360824066.759,15971037853.714277
2022-03-30 09:00:00,0.0026,0.0026,0.0025,0.0026,2727106252823.1973,6921554190.481423
2022-03-31 09:00:00,0.0025,0.0029,0.0025,0.0026,23010285825953.41,62234812592.66661
2022-04-01 09:00:00,0.0026,0.0027,0.0025,0.0027,5249787460839.647,13581740324.48399
2022-04-02 09:00:00,0.0027,0.0028,0.0026,0.0027,16335990313077.7,44351022070.992714
2022-04-03 09:00:00,0.0027,0.0028,0.0027,0.0028,3135395714024.742,8577451100.158529
2022-04-04 09:00:00,0.0027,0.0028,0.0026,0.0026,3571048283350.9624,9540570555.769718
2022-04-05 09:00:00,0.0026,0.0027,0.0026,0.0026,1706271757657.2705,4495255551.106089
2022-04-06 09:00:00,0.0027,0.0027,0.0024,0.0025,6459986288129.818,16344773260.010983
2022-04-07 09:00:00,0.0024,0.0026,0.0024,0.0025,6189648323062.644,15384349995.4416
2022-04-08 09:00:00,0.0025,0.0026,0.0024,0.0025,3911960060678.3804,9775673205.938593
2022-04-09 09:00:00,0.0025,0.0025,0.0024,0.0024,654912826402.4514,1596232193.6149206
2022-04-10 09:00:00,0.0025,0.0025,0.0024,0.0024,1197523771701.662,2944743455.0165067
2022-04-11 09:00:00,0.0024,0.0025,0.0022,0.0023,9352525812878.805,21940724279.424316
2022-04-12 09:00:00,0.0023,0.0024,0.0022,0.0023,5005471465354.96,11508303724.623016
2022-04-13 09:00:00,0.0024,0.0024,0.0022,0.0023,1918455948874.406,4444112760.7471895
2022-04-14 09:00:00,0.0024,0.0026,0.0023,0.0024,12201295026290.188,30341413907.597153
2022-04-15 09:00:00,0.0024,0.0026,0.0024,0.0024,8566380732444.395,21426689987.019142
2022-04-16 09:00:00,0.0024,0.0026,0.0024,0.0025,4755299413537.9795,11872676195.64591
2022-04-17 09:00:00,0.0025,0.0025,0.0023,0.0023,6400340685069.316,15369186021.824299
2022-04-18 09:00:00,0.0023,0.0024,0.0023,0.0023,1667907123567.7764,3874880282.9400697
2022-04-19 09:00:00,0.0024,0.0024,0.0023,0.0024,1151349228787.9175,2721277107.37363
2022-04-20 09:00:00,0.0024,0.0024,0.0023,0.0024,894611898671.9443,2095903192.474375
2022-04-21 09:00:00,0.0024,0.0025,0.0023,0.0024,7441190103902.199,17866056021.013363
2022-04-22 09:00:00,0.0023,0.0024,0.0023,0.0023,839202648381.2625,1958883975.8566892
2022-04-23 09:00:00,0.0023,0.0024,0.0023,0.0023,545689674397.93805,1274016107.8581614
2022-04-24 09:00:00,0.0023,0.0024,0.0023,0.0023,595840527989.5941,1386965273.9618857
2022-04-25 09:00:00,0.0024,0.0024,0.0022,0.0023,5453143894644.838,12513929204.054066
2022-04-26 09:00:00,0.0023,0.0024,0.0022,0.0022,2999858740387.7153,6896997086.05016
2022-04-27 09:00:00,0.0022,0.0023,0.0022,0.0023,689844071474.5321,1553267801.8399742
2022-04-28 09:00:00,0.0022,0.0023,0.0022,0.0022,939448337336.3998,2124434058.0268893
2022-04-29 09:00:00,0.0022,0.0023,0.0022,0.0023,923170097601.7195,2065994474.7128143
2022-04-30 09:00:00,0.0023,0.0023,0.0021,0.0022,4560562666348.426,10036918159.840294
2022-05-01 09:00:00,0.0022,0.0023,0.0021,0.0022,2550051842980.444,5571401853.218721
2022-05-02 09:00:00,0.0023,0.0023,0.0021,0.0022,1897393823451.904,4169487711.361761
2022-05-03 09:00:00,0.0021,0.0023,0.0021,0.0022,1756349514032.646,3846590372.365061
2022-05-04 09:00:00,0.0022,0.0023,0.0021,0.0022,2478275759913.6416,5501709537.432854
2022-05-05 09:00:00,0.0023,0.0024,0.0021,0.0021,8618050330505.497,19388956316.71794
2022-05-06 09:00:00,0.0021,0.0022,0.0021,0.0021,1161192539382.814,2500998110.700342
2022-05-07 09:00:00,0.0021,0.0022,0.0021,0.0021,452615595533.56573,963950500.041377
2022-05-08 09:00:00,0.0021,0.0022,0.0021,0.0021,1184865148793.9365,2502623608.0425897
2022-05-09 09:00:00,0.0021,0.0022,0.0019,0.0019,6454976986981.2705,12992872064.632753
2022-05-10 09:00:00,0.0019,0.0021,0.0018,0.0019,10918020893923.295,21631046988.895596
2022-05-11 09:00:00,0.0019,0.002,0.0016,0.0016,14211962553441.783,25544652597.388176
2022-05-12 09:00:00,0.0016,0.0017,0.0013,0.0014,7750543600445.309,11491635437.649662
2022-05-13 09:00:00,0.0014,0.0016,0.0014,0.0015,3857593011861.666,5854819766.823869
2022-05-14 09:00:00,0.0016,0.0016,0.0014,0.0014,3791910007265.738,5698478590.238684
2022-05-15 09:00:00,0.0014,0.0016,0.0014,0.0016,1841130011695.1707,2742260772.3443527
2022-05-16 09:00:00,0.0015,0.0016,0.0014,0.0014,2911278335691.8374,4346130561.708733
2022-05-17 09:00:00,0.0014,0.0015,0.0014,0.0014,1069469644912.4851,1565155117.9294903
2022-05-18 09:00:00,0.0014,0.0015,0.0014,0.0015,1598763251396.644,2283091388.3703213
2022-05-19 09:00:00,0.0014,0.0015,0.0013,0.0014,3726353638775.593,5256254921.548756
2022-05-20 09:00:00,0.0014,0.0015,0.0014,0.0015,598127378094.0797,860812341.9412543
2022-05-21 09:00:00,0.0014,0.0015,0.0014,0.0015,464226621016.68756,669543650.48995
2022-05-22 09:00:00,0.0015,0.0015,0.0014,0.0015,1605406477235.3992,2360524140.6161795
2022-05-23 09:00:00,0.0015,0.0015,0.0014,0.0014,1346410784557.354,1967605088.300858
2022-05-24 09:00:00,0.0014,0.0015,0.0014,0.0015,1158442134589.1758,1645038752.4503794
2022-05-25 09:00:00,0.0014,0.0015,0.0014,0.0014,876884135038.0326,1260767625.3763049
2022-05-26 09:00:00,0.0014,0.0015,0.0013,0.0013,2114980689417.9197,2948922573.0365806
2022-05-27 09:00:00,0.0014,0.0014,0.0013,0.0014,914747367363.6216,1237090168.8596976
2022-05-28 09:00:00,0.0014,0.0014,0.0013,0.0014,343701666748.8907,458733402.4161459
2022-05-29 09:00:00,0.0014,0.0014,0.0013,0.0013,416517867602.4173,563343662.3873367
2022-05-30 09:00:00,0.0014,0.0015,0.0013,0.0014,3453559349032.8364,4793943151.584429
2022-05-31 09:00:00,0.0015,0.0015,0.0014,0.0015,1465763804646.7896,2112478656.2400758
2022-06-01 09:00:00,0.0015,0.0015,0.0013,0.0014,2768762111027.4556,3909094811.8418202
2022-06-02 09:00:00,0.0014,0.0014,0.0013,0.0014,834251115911.1978,1143669300.600258
2022-06-03 09:00:00,0.0013,0.0014,0.0013,0.0014,668247609589.3374,913881712.440248
2022-06-04 09:00:00,0.0013,0.0014,0.0013,0.0013,379725291978.816,514165913.7347578
2022-06-05 09:00:00,0.0014,0.0014,0.0013,0.0013,488622541013.9452,664048124.3071045
2022-06-06 09:00:00,0.0013,0.0015,0.0013,0.0013,3711535281410.203,5219777924.834449
2022-06-07 09:00:00,0.0013,0.0014,0.0013,0.0013,776809025800.2911,1048584628.899608
2022-06-08 09:00:00,0.0013,0.0014,0.0013,0.0013,545182837696.9115,732396250.9146652
2022-06-09 09:00:00,0.0013,0.0014,0.0013,0.0013,557064294823.5072,747104375.2500372
2022-06-10 09:00:00,0.0014,0.0014,0.0013,0.0013,1034459764030.9161,1358410136.8105266
2022-06-11 09:00:00,0.0013,0.0014,0.0012,0.0013,3676130192416.979,4749591403.074249
2022-06-12 09:00:00,0.0013,0.0013,0.0012,0.0012,1352118769441.131,1652993618.005882
2022-06-13 09:00:00,0.0012,0.0013,0.001,0.001,10570855939696.215,11758860157.451977
2022-06-14 09:00:00,0.001,0.0011,0.001,0.0011,1869439839515.1296,1977195877.6507666
2022-06-15 09:00:00,0.001,0.0011,0.0009,0.0011,10383349314027.115,10468439879.10318
2022-06-16 09:00:00,0.0011,0.0011,0.0009,0.0009,4750954806163.115,4787161460.228005
2022-06-17 09:00:00,0.001,0.0011,0.0009,0.0011,1817630022822.9165,1836583706.3252294
2022-06-18 09:00:00,0.0011,0.0011,0.0009,0.001,2912024252888.206,2894602148.0621943
2022-06-19 09:00:00,0.001,0.0011,0.0009,0.0011,5350822079800.999,5375726244.364158
2022-06-20 09:00:00,0.0011,0.0011,0.001,0.001,914954605726.2625,949848708.5424213
2022-06-21 09:00:00,0.0011,0.0011,0.001,0.001,1165743377656.8777,1242869854.2272255
2022-06-22 09:00:00,0.0011,0.0011,0.001,0.0011,891790082069.3583,928071296.3205162
2022-06-23 09:00:00,0.0011,0.0011,0.001,0.001,666231124901.7898,697406328.8797686
2022-06-24 09:00:00,0.001,0.0013,0.001,0.0011,11757068739916.562,13790345022.905684
2022-06-25 09:00:00,0.0012,0.0012,0.0011,0.0011,1086971157582.941,1247523835.848251
2022-06-26 09:00:00,0.0011,0.0012,0.0011,0.0011,875540617739.2397,997590490.3911792
2022-06-27 09:00:00,0.0011,0.0012,0.001,0.001,3756692912929.525,4132688374.7545815
2022-06-28 09:00:00,0.0011,0.0014,0.001,0.0012,19536795854225.65,24447458421.259068
2022-06-29 09:00:00,0.0012,0.0014,0.0011,0.0011,14476267951839.355,16980137594.652142
2022-06-30 09:00:00,0.0012,0.0012,0.001,0.001,2302488392913.5967,2494957255.3284016
2022-07-01 09:00:00,0.001,0.0011,0.001,0.001,862249875902.9497,918857090.5924599
2022-07-02 09:00:00,0.001,0.0011,0.001,0.001,484870706434.85004,520390712.6052959
2022-07-03 09:00:00,0.001,0.0011,0.001,0.001,398910365923.76416,421013700.388581
2022-07-04 09:00:00,0.001,0.0013,0.001,0.0011,21203039336038.66,23938003677.421608
2022-07-05 09:00:00,0.0011,0.0012,0.0011,0.0011,534551536578.9934,604452276.4012202
2022-07-06 09:00:00,0.0011,0.0012,0.0011,0.0011,449267983933.95197,509604130.35317475
2022-07-07 09:00:00,0.0012,0.0013,0.0011,0.0012,6850711635263.632,8311516049.818689
2022-07-08 09:00:00,0.0013,0.0014,0.0011,0.0012,14924533081229.342,18414249016.886765
2022-07-09 09:00:00,0.0012,0.0013,0.0011,0.0012,6286707338390.53,7542235950.371932
2022-07-10 09:00:00,0.0011,0.0013,0.0011,0.0012,5059237446356.785,6053795501.256648
2022-07-11 09:00:00,0.0011,0.0012,0.0011,0.0012,458413714068.1754,521428228.03555775
2022-07-12 09:00:00,0.0012,0.0012,0.001,0.001,8315007431274.626,9142452396.95833
2022-07-13 09:00:00,0.001,0.0011,0.001,0.0011,1309584410359.9265,1412903187.5922368
2022-07-14 09:00:00,0.0011,0.0012,0.001,0.0012,5337257061390.941,5877589527.369051
2022-07-15 09:00:00,0.0012,0.0012,0.0011,0.0011,424380474747.94226,482027101.1167568
2022-07-16 09:00:00,0.0012,0.0012,0.0011,0.0011,983891760582.2631,1141212187.9432352
2022-07-17 09:00:00,0.0012,0.0012,0.0011,0.0012,473190834020.66113,548034575.3036286
2022-07-18 09:00:00,0.0012,0.0013,0.0011,0.0012,13709816099598.982,16454120079.488728
2022-07-19 09:00:00,0.0012,0.0013,0.0011,0.0013,4066108801341.8667,4886807374.947041
2022-07-20 09:00:00,0.0013,0.0013,0.0012,0.0012,1502403995185.2034,1841767285.656626
2022-07-21 09:00:00,0.0012,0.0013,0.0011,0.0012,2822931313407.93,3385952363.0243263
2022-07-22 09:00:00,0.0012,0.0013,0.0012,0.0012,585854205204.6844,725648223.9280529
2022-07-23 09:00:00,0.0012,0.0013,0.0011,0.0012,3146442828252.3853,3787438581.5618787
2022-07-24 09:00:00,0.0013,0.0013,0.0012,0.0013,307860549737.0962,374076478.1755744
2022-07-25 09:00:00,0.0012,0.0013,0.0011,0.0011,2542978721672.734,3041131010.6659136
2022-07-26 09:00:00,0.0012,0.0012,0.0011,0.0012,470278072060.65826,540841745.5847938
2022-07-27 09:00:00,0.0012,0.0013,0.0011,0.0012,2190653553722.9888,2615788370.2563853
2022-07-28 09:00:00,0.0013,0.0013,0.0012,0.0012,713245043001.6901,884320033.9326915
2022-07-29 09:00:00,0.0013,0.0013,0.0012,0.0013,785131937698.757,987122542.6911097
2022-07-30 09:00:00,0.0013,0.0013,0.0012,0.0013,802180972008.2826,993401930.4734149
2022-07-31 09:00:00,0.0013,0.0014,0.0012,0.0013,11025715970895.914,14399146160.785898
2022-08-01 09:00:00,0.0013,0.0015,0.0012,0.0013,33132006912118.508,44886282410.66051
2022-08-02 09:00:00,0.0012,0.0015,0.0012,0.0012,19474597224084.35,25953567776.353203
2022-08-03 09:00:00,0.0013,0.0014,0.0012,0.0013,33713522053007.543,44446895801.551506
2022-08-04 09:00:00,0.0013,0.0014,0.0012,0.0013,3824292935457.545,4955331371.736184
2022-08-05 09:00:00,0.0012,0.0014,0.0012,0.0013,4834912515362.5625,6265692179.435519
2022-08-06 09:00:00,0.0014,0.0014,0.0012,0.0013,3517791959890.9443,4583242274.604107
2022-08-07 09:00:00,0.0013,0.0014,0.0012,0.0013,5139185373119.423,6677291128.332947
2022-08-08 09:00:00,0.0013,0.0014,0.0012,0.0014,1891173593531.8994,2475414141.3393126
2022-08-09 09:00:00,0.0014,0.0014,0.0012,0.0013,2082255234789.527,2704052740.1687136
2022-08-10 09:00:00,0.0013,0.0014,0.0012,0.0014,2473601809615.0645,3232481357.736876
2022-08-11 09:00:00,0.0014,0.0014,0.0013,0.0014,1087485237231.9015,1455607040.059324
2022-08-12 09:00:00,0.0013,0.0014,0.0013,0.0014,757820247206.4666,1009212408.8552872
2022-08-13 09:00:00,0.0014,0.0014,0.0013,0.0013,492750108337.84717,662882553.4047881
2022-08-14 09:00:00,0.0013,0.0014,0.0013,0.0013,693016420782.1514,935852999.8257158
2022-08-15 09:00:00,0.0014,0.0014,0.0013,0.0013,821197098695.0931,1084535593.836536
2022-08-16 09:00:00,0.0014,0.0014,0.0013,0.0014,968348161037.3053,1271620068.9714513
2022-08-17 09:00:00,0.0014,0.0014,0.0012,0.0013,5586884030791.644,7264775193.995293
2022-08-18 09:00:00,0.0013,0.0014,0.0012,0.0012,2021596820690.3848,2627528884.815353
2022-08-19 09:00:00,0.0013,0.0014,0.0012,0.0013,1034247089165.8375,1290963228.7971215
2022-08-20 09:00:00,0.0013,0.0013,0.0012,0.0013,475524591822.7744,593820894.7082448
2022-08-21 09:00:00,0.0013,0.0013,0.0012,0.0013,304894907219.15216,375715611.0330049
2022-08-22 09:00:00,0.0013,0.0013,0.0012,0.0013,769017346096.7059,951314212.2219559
2022-08-23 09:00:00,0.0013,0.0013,0.0012,0.0013,402678679239.01636,493793923.7686193
2022-08-24 09:00:00,0.0013,0.0013,0.0012,0.0012,213156831418.1195,264947081.12488934
2022-08-25 09:00:00,0.0012,0.0013,0.0012,0.0012,672654355039.0184,832199269.5329546
2022-08-26 09:00:00,0.0013,0.0013,0.0011,0.0012,3602199725602.286,4346452238.605719
2022-08-27 09:00:00,0.0012,0.0013,0.0011,0.0011,3457165702184.7837,4151212733.628172
2022-08-28 09:00:00,0.0012,0.0013,0.0011,0.0012,2910762440109.585,3494683408.821148
2022-08-29 09:00:00,0.0012,0.0013,0.0011,0.0013,1835286742569.9033,2186063270.6668687
2022-08-30 09:00:00,0.0012,0.0013,0.0012,0.0012,685859743464.1355,830815417.3429215
2022-08-31 09:00:00,0.0012,0.0013,0.0012,0.0013,409442369313.0408,500156967.2387792
2022-09-01 09:00:00,0.0013,0.0013,0.0012,0.0013,415355183772.4927,505282332.01182324
2022-09-02 09:00:00,0.0012,0.0013,0.0012,0.0013,234190870329.38434,284354190.38937026
2022-09-03 09:00:00,0.0012,0.0013,0.0012,0.0013,171576372910.6288,211331781.319604
2022-09-04 09:00:00,0.0012,0.0013,0.0012,0.0012,211881826680.73013,257424880.81759667
2022-09-05 09:00:00,0.0013,0.0013,0.0012,0.0013,390841479006.5566,480878585.6221538
2022-09-06 09:00:00,0.0012,0.0013,0.0012,0.0013,448498616436.4313,550980965.3015169
2022-09-07 09:00:00,0.0012,0.0013,0.0012,0.0013,434693378450.34784,528690765.4481931
2022-09-08 09:00:00,0.0012,0.0013,0.0012,0.0012,269300175485.35117,335179624.4377732
2022-09-09 09:00:00,0.0013,0.0013,0.0012,0.0013,1034130338397.2087,1326019953.5236723
2022-09-10 09:00:00,0.0013,0.0013,0.0012,0.0013,398157512136.89594,496569598.4038463
2022-09-11 09:00:00,0.0012,0.0013,0.0012,0.0013,417709341269.7271,526068517.7344344
2022-09-12 09:00:00,0.0013,0.0013,0.0012,0.0013,574216742128.0695,716759577.2475104
2022-09-13 09:00:00,0.0013,0.0013,0.0012,0.0013,1162730331980.4316,1407179343.4942737
2022-09-14 09:00:00,0.0013,0.0013,0.0012,0.0013,440979639740.15564,538983960.676762
2022-09-15 09:00:00,0.0013,0.0013,0.0011,0.0012,3206689090416.255,3848085713.2600718
2022-09-16 09:00:00,0.0011,0.0012,0.0011,0.0012,546085526888.83075,642691083.2583247
2022-09-17 09:00:00,0.0011,0.0012,0.0011,0.0012,528996338082.11993,627006888.8296149
2022-09-18 09:00:00,0.0012,0.0012,0.0011,0.0012,602763010540.0658,690890452.4343457
2022-09-19 09:00:00,0.0012,0.0012,0.0011,0.0012,641685677629.8917,725966891.9666609
2022-09-20 09:00:00,0.0011,0.0012,0.0011,0.0012,314536412759.4359,356048509.8999728
2022-09-21 09:00:00,0.0011,0.0012,0.0011,0.0012,823934803906.2302,922298450.8749318
2022-09-22 09:00:00,0.0011,0.0012,0.0011,0.0012,573550213549.0735,663290255.6330916
2022-09-23 09:00:00,0.0011,0.0012,0.0011,0.0012,927576464297.8888,1079995220.0414748
2022-09-24 09:00:00,0.0011,0.0012,0.0011,0.0011,477150940785.63354,562673621.8363369
2022-09-25 09:00:00,0.0012,0.0012,0.0011,0.0012,422505969966.0746,485921168.04699236
2022-09-26 09:00:00,0.0012,0.0012,0.0011,0.0012,356218061800.9929,401026339.10791266
2022-09-27 09:00:00,0.0011,0.0012,0.0011,0.0012,459177950434.4078,524702113.6586314
2022-09-28 09:00:00,0.0011,0.0012,0.0011,0.0012,567555883876.2776,638137114.2486306
2022-09-29 09:00:00,0.0011,0.0012,0.0011,0.0011,276093850832.6276,312543378.0720372
2022-09-30 09:00:00,0.0011,0.0012,0.0011,0.0012,485607960949.6766,548994904.0230871
2022-10-01 09:00:00,0.0012,0.0012,0.0011,0.0012,179562088651.23337,204678657.48541835
2022-10-02 09:00:00,0.0012,0.0012,0.0011,0.0012,160636927898.6405,182909956.8563555
2022-10-03 09:00:00,0.0012,0.0012,0.0011,0.0012,167455902715.44522,187776380.95410585
2022-10-04 09:00:00,0.0011,0.0012,0.0011,0.0012,286285533812.5928,326194213.8638883
2022-10-05 09:00:00,0.0011,0.0012,0.0011,0.0012,290707880158.28796,333037729.9560361
2022-10-06 09:00:00,0.0011,0.0012,0.0011,0.0012,222350080472.08307,250173955.4384338
2022-10-07 09:00:00,0.0011,0.0012,0.0011,0.0012,293160095359.0707,331809743.0966199
2022-10-08 09:00:00,0.0012,0.0012,0.0011,0.0012,265555238731.6136,307622174.07928187
2022-10-09 09:00:00,0.0012,0.0012,0.0011,0.0012,234182687787.92426,266369452.65695113
2022-10-10 09:00:00,0.0012,0.0012,0.0011,0.0012,279241485122.4349,315197393.81968576
2022-10-11 09:00:00,0.0012,0.0012,0.001,0.0011,7692902279060.03,8445265424.804287
2022-10-12 09:00:00,0.001,0.0012,0.001,0.0012,1299838130700.8794,1447712311.1110313
2022-10-13 09:00:00,0.0011,0.0012,0.001,0.0012,3935391330884.2544,4325229241.414112
2022-10-14 09:00:00,0.0012,0.0012,0.0011,0.0012,2168913212439.734,2563592564.0628285
2022-10-15 09:00:00,0.0011,0.0012,0.0011,0.0012,203562198065.13818,230428246.04363045
2022-10-16 09:00:00,0.0012,0.0012,0.0011,0.0012,192731508472.64035,215482943.97877243
2022-10-17 09:00:00,0.0012,0.0012,0.0011,0.0012,282068624547.2592,314832692.059228
2022-10-18 09:00:00,0.0012,0.0012,0.0011,0.0012,375188767684.2216,418172882.64509463
2022-10-19 09:00:00,0.0011,0.0012,0.0011,0.0012,616462899209.0189,688695384.8444612
2022-10-20 09:00:00,0.0011,0.0012,0.0011,0.0012,381574651151.7396,424324459.6779569
2022-10-21 09:00:00,0.0011,0.0012,0.001,0.0012,6265156692911.965,6890634105.866247
2022-10-22 09:00:00,0.0011,0.0012,0.001,0.0012,707866460461.537,781711790.252077
2022-10-23 09:00:00,0.0011,0.0012,0.0011,0.0012,376845901860.3887,419282278.9017794
2022-10-24 09:00:00,0.0012,0.0012,0.0011,0.0012,385899665596.71216,430884406.73779374
2022-10-25 09:00:00,0.0011,0.0012,0.001,0.0012,1244631042505.3699,1376738533.5228524
2022-10-26 09:00:00,0.0012,0.0012,0.0011,0.0012,475086576658.65796,537654137.0289648
2022-10-27 09:00:00,0.0012,0.0012,0.0011,0.0012,311440346109.51196,349024503.7592181
2022-10-28 09:00:00,0.0011,0.0012,0.0011,0.0012,306164800908.9946,348488184.21770453
2022-10-29 09:00:00,0.0011,0.0012,0.0011,0.0012,487993871585.57,559285233.4126357
2022-10-30 09:00:00,0.0012,0.0012,0.0011,0.0012,436190961898.47266,491575403.9387931
2022-10-31 09:00:00,0.0012,0.0012,0.0011,0.0011,389277117737.2376,436973518.09956694
2022-11-01 09:00:00,0.0012,0.0012,0.0011,0.0011,434209414306.96967,492862776.7219119
2022-11-02 09:00:00,0.0012,0.0012,0.0011,0.0012,505719799717.9602,574917385.7917812
2022-11-03 09:00:00,0.0011,0.0012,0.0011,0.0012,310330541570.75616,354301755.69033927
2022-11-04 09:00:00,0.0011,0.0012,0.0011,0.0012,335434388223.23816,386268309.7014279
2022-11-05 09:00:00,0.0011,0.0012,0.0011,0.0012,540340840261.59424,630703521.8963535
2022-11-06 09:00:00,0.0011,0.0012,0.0011,0.0012,365029679378.6666,414184834.08106774
2022-11-07 09:00:00,0.0012,0.0012,0.0011,0.0012,312088077177.6159,348707325.84884197
2022-11-08 09:00:00,0.0011,0.0012,0.001,0.0011,9851029879986.748,10790194513.989334
2022-11-09 09:00:00,0.0011,0.0011,0.0009,0.001,7576194950482.59,7583669693.870082
2022-11-10 09:00:00,0.0009,0.0011,0.0009,0.0011,3124693395094.969,3149293478.6345053
2022-11-11 09:00:00,0.001,0.0011,0.0009,0.001,4622170125243.528,4626054781.678134
2022-11-12 09:00:00,0.001,0.001,0.0009,0.001,1069859729055.2781,1022966003.5669242
2022-11-13 09:00:00,0.001,0.001,0.0009,0.001,691239932623.271,639944294.2715669
2022-11-14 09:00:00,0.001,0.001,0.0009,0.001,1301746881526.7498,1196251860.7339802
2022-11-15 09:00:00,0.001,0.001,0.0009,0.001,599773010639.3024,574121088.3751739
2022-11-16 09:00:00,0.0009,0.001,0.0009,0.001,503376581958.7558,469089110.8608447
2022-11-17 09:00:00,0.0009,0.001,0.0009,0.001,1306122250836.99,1287486812.90367
2022-11-18 09:00:00,0.001,0.001,0.0009,0.001,252125148095.85315,241756797.25101432
2022-11-19 09:00:00,0.0009,0.001,0.0009,0.001,403791039025.22986,386936336.33551073
2022-11-20 09:00:00,0.0009,0.001,0.0009,0.001,878691724012.4185,833731696.982692
2022-11-21 09:00:00,0.001,0.001,0.0009,0.001,1318515089622.9695,1195771463.2921536
2022-11-22 09:00:00,0.0009,0.001,0.0009,0.001,1049269909280.8882,956592978.762926
2022-11-23 09:00:00,0.0009,0.001,0.0009,0.001,491012644797.1158,471943608.33942175
2022-11-24 09:00:00,0.0009,0.001,0.0009,0.0009,526391885017.83203,490625130.60958076
2022-11-25 09:00:00,0.001,0.001,0.0009,0.001,586163703376.6376,553347110.5313562
2022-11-26 09:00:00,0.001,0.001,0.0009,0.0009,296140248991.72174,277925266.94366187
2022-11-27 09:00:00,0.001,0.001,0.0009,0.0009,348926712471.2902,327928981.8243294
2022-11-28 09:00:00,0.0009,0.001,0.0009,0.0009,411082477933.21423,379875223.0568282
2022-11-29 09:00:00,0.0009,0.001,0.0009,0.001,369217482628.05,345044352.10967714
2022-11-30 09:00:00,0.0009,0.001,0.0009,0.0009,462230613177.3966,435931577.01643646
2022-12-01 09:00:00,0.001,0.001,0.0009,0.001,394679854907.8309,376952712.20696616
2022-12-02 09:00:00,0.0009,0.001,0.0009,0.0009,279569139554.6845,262330234.39183414
2022-12-03 09:00:00,0.0009,0.001,0.0009,0.0009,186094066781.0912,176301319.2692759
2022-12-04 09:00:00,0.0009,0.001,0.0009,0.0009,569290158281.0001,522110662.1842454
2022-12-05 09:00:00,0.0009,0.001,0.0009,0.0009,457949567678.31854,421655193.8413786
2022-12-06 09:00:00,0.0009,0.001,0.0009,0.001,952853124476.4965,868684417.8290795
2022-12-07 09:00:00,0.001,0.001,0.0008,0.0009,7537697047036.162,6770158312.986443
2022-12-08 09:00:00,0.0009,0.0009,0.0008,0.0009,979118989303.9476,865675961.8653647
2022-12-09 09:00:00,0.0009,0.0009,0.0008,0.0009,695452827525.1973,616702473.3521652
2022-12-10 09:00:00,0.0009,0.0009,0.0008,0.0009,1577883110315.558,1403739026.395104
2022-12-11 09:00:00,0.0008,0.0009,0.0008,0.0009,339813223891.23376,296534492.9915281
2022-12-12 09:00:00,0.0008,0.0009,0.0008,0.0009,563235239153.7794,473358818.23043495
2022-12-13 09:00:00,0.0009,0.0009,0.0008,0.0009,745536388305.6368,642551093.9726679
2022-12-14 09:00:00,0.0008,0.0009,0.0008,0.0009,327178299104.5923,277314734.9730396
2022-12-15 09:00:00,0.0008,0.0009,0.0008,0.0009,359185317438.8761,298458531.2845695
2022-12-16 09:00:00,0.0008,0.0009,0.0008,0.0009,773352849918.0645,631667007.6993619
2022-12-17 09:00:00,0.0008,0.0009,0.0008,0.0008,374706055342.8907,305409730.69506717
2022-12-18 09:00:00,0.0008,0.0009,0.0008,0.0008,313122998978.13324,263494973.8493247
2022-12-19 09:00:00,0.0008,0.0009,0.0008,0.0008,721316859600.4105,595361637.8022194
2022-12-20 09:00:00,0.0009,0.0009,0.0008,0.0008,497163425866.88965,412155157.41658664
2022-12-21 09:00:00,0.0008,0.0009,0.0008,0.0008,261290929557.13092,215092571.58508295
2022-12-22 09:00:00,0.0009,0.0009,0.0008,0.0008,244464427937.90927,202009840.89998487
2022-12-23 09:00:00,0.0009,0.0009,0.0008,0.0008,250879983931.04758,207995496.35645932
2022-12-24 09:00:00,0.0009,0.0009,0.0008,0.0008,145068068379.11063,120419209.20197608
2022-12-25 09:00:00,0.0009,0.0009,0.0008,0.0008,504844607052.885,421068213.4680331
2022-12-26 09:00:00,0.0008,0.0009,0.0008,0.0008,511210421656.8911,414508472.3932893
2022-12-27 09:00:00,0.0009,0.0009,0.0007,0.0008,4279226826918.3057,3425152364.956494
2022-12-28 09:00:00,0.0008,0.0008,0.0007,0.0008,766156407555.4683,590357008.298351
2022-12-29 09:00:00,0.0008,0.0008,0.0007,0.0008,384463511752.73016,286500352.11753523
2022-12-30 09:00:00,0.0008,0.0008,0.0007,0.0008,290733876539.3807,214845193.1976739
2022-12-31 09:00:00,0.0008,0.0008,0.0007,0.0008,291650386188.4501,219842823.62793204
2023-01-01 09:00:00,0.0008,0.0008,0.0007,0.0008,178467636551.45676,134953082.07236725
2023-01-02 09:00:00,0.0008,0.0008,0.0007,0.0008,429929223855.9828,330518235.8908782
2023-01-03 09:00:00,0.0008,0.0008,0.0007,0.0008,276470051117.62024,211022506.5208005
2023-01-04 09:00:00,0.0007,0.0009,0.0007,0.0009,3151315245048.3394,2530152010.2215366
2023-01-05 09:00:00,0.0009,0.0009,0.0008,0.0009,779769329054.8826,630009089.2368615
2023-01-06 09:00:00,0.0008,0.0009,0.0007,0.0008,3496784041152.789,2791798163.3131323
2023-01-07 09:00:00,0.0009,0.0009,0.0008,0.0009,424893112236.53906,344094246.7193958
2023-01-08 09:00:00,0.0008,0.0009,0.0008,0.0009,251466249577.35764,205780652.51789102
2023-01-09 09:00:00,0.0008,0.0009,0.0008,0.0009,428959045878.8614,367642706.44545084
2023-01-10 09:00:00,0.0008,0.0009,0.0008,0.0009,315359960207.4769,260752993.8205063
2023-01-11 09:00:00,0.0009,0.0009,0.0008,0.0009,314570626878.1277,262189394.41102067
2023-01-12 09:00:00,0.0009,0.0009,0.0008,0.0009,451305704699.7158,383435701.6746845
2023-01-13 09:00:00,0.0008,0.0009,0.0008,0.0009,693644185997.5336,604630347.1054493
2023-01-14 09:00:00,0.0009,0.001,0.0008,0.0009,10261744235380.672,9217421909.357615
2023-01-15 09:00:00,0.001,0.001,0.0008,0.0009,2413343017503.89,2158755922.445121
2023-01-16 09:00:00,0.0008,0.001,0.0008,0.001,2935658041801.5347,2684691737.272905
2023-01-17 09:00:00,0.001,0.001,0.0009,0.001,772357892716.9779,717234610.5965545
2023-01-18 09:00:00,0.0009,0.001,0.0009,0.001,1763186207132.3806,1597570254.826386
2023-01-19 09:00:00,0.001,0.001,0.0008,0.0009,1736325163323.0063,1553744831.5562997
2023-01-20 09:00:00,0.0008,0.001,0.0008,0.001,2791960422753.4907,2511688084.529399
2023-01-21 09:00:00,0.0009,0.001,0.0009,0.001,679828079564.3713,638489985.5213392
2023-01-22 09:00:00,0.001,0.001,0.0009,0.001,523967610408.5851,489122382.5136602
2023-01-23 09:00:00,0.0009,0.001,0.0009,0.001,458496490109.649,425310727.5141118
2023-01-24 09:00:00,0.0009,0.001,0.0009,0.001,814660901150.8652,758151761.1346349
2023-01-25 09:00:00,0.001,0.001,0.0009,0.001,893489881977.0769,822041217.0603458
2023-01-26 09:00:00,0.0009,0.001,0.0009,0.001,590447109990.6162,555939512.0806391
2023-01-27 09:00:00,0.0009,0.001,0.0009,0.001,677865312170.8075,631126181.8044201
2023-01-28 09:00:00,0.0009,0.001,0.0009,0.001,387976570092.4657,361144623.14054686
2023-01-29 09:00:00,0.001,0.001,0.0009,0.001,797197606798.2474,732935043.8888613
2023-01-30 09:00:00,0.001,0.001,0.0008,0.0009,2954505702780.1685,2667763464.8742137
2023-01-31 09:00:00,0.0008,0.001,0.0008,0.001,1638756674814.045,1471398988.4256625
2023-02-01 09:00:00,0.001,0.001,0.0008,0.001,4068211167949.6123,3663076038.879496
2023-02-02 09:00:00,0.0009,0.001,0.0009,0.001,641612965001.9751,604349921.4335142
2023-02-03 09:00:00,0.001,0.001,0.0009,0.001,547678171595.72314,512425481.3649453
2023-02-04 09:00:00,0.0009,0.001,0.0009,0.001,583563996196.2626,558300838.2837988
2023-02-05 09:00:00,0.001,0.001,0.0009,0.001,619693276085.8423,582518494.5652004
2023-02-06 09:00:00,0.001,0.001,0.0009,0.001,443315168048.5358,415660400.11469775
2023-02-07 09:00:00,0.0009,0.001,0.0009,0.001,669050325182.5122,646125148.9837912
2023-02-08 09:00:00,0.001,0.001,0.0009,0.001,559084683417.9839,536612419.77942777
2023-02-09 09:00:00,0.001,0.001,0.0009,0.001,632058135797.024,587317789.6739022
2023-02-10 09:00:00,0.001,0.001,0.0009,0.001,2082702154753.899,1889007530.7233438
2023-02-11 09:00:00,0.001,0.001,0.0009,0.001,256085399033.93933,236872286.76783466
2023-02-12 09:00:00,0.001,0.001,0.0009,0.001,371031430367.0555,346645197.1696426
2023-02-13 09:00:00,0.0009,0.001,0.0008,0.0009,2747672426299.245,2469953299.2209635
2023-02-14 09:00:00,0.0009,0.001,0.0008,0.001,1644227257123.6335,1476827412.3025696
2023-02-15 09:00:00,0.001,0.001,0.0009,0.001,982236224229.7161,930948298.8190974
2023-02-16 09:00:00,0.001,0.001,0.0009,0.001,1084891518608.083,1022888939.318212
2023-02-17 09:00:00,0.001,0.001,0.0009,0.001,613288568422.039,578116734.1002928
2023-02-18 09:00:00,0.0009,0.001,0.0009,0.001,473637980900.8415,454638023.832094
2023-02-19 09:00:00,0.001,0.001,0.0009,0.0009,457317291059.63055,438343253.2416345
2023-02-20 09:00:00,0.0009,0.001,0.0009,0.001,2048841977364.3682,2001415380.0678346
2023-02-21 09:00:00,0.001,0.001,0.0009,0.001,1380945137369.834,1345552749.6524098
2023-02-22 09:00:00,0.001,0.001,0.0009,0.0009,566131646827.6925,534433289.4154341
2023-02-23 09:00:00,0.0009,0.001,0.0009,0.001,672935357544.2723,647218961.3050731
2023-02-24 09:00:00,0.001,0.001,0.0009,0.0009,608623269362.3463,574597618.6838073
2023-02-25 09:00:00,0.0009,0.001,0.0009,0.0009,417606687789.02325,392856613.89765984
2023-02-26 09:00:00,0.0009,0.001,0.0009,0.001,280335445773.402,265463073.9742743
2023-02-27 09:00:00,0.001,0.001,0.0009,0.001,459470433780.5794,427972554.1352646
2023-02-28 09:00:00,0.0009,0.001,0.0009,0.0009,129980030019.31583,121575918.21511987
