2020-06-04 09:00:00,61.5,63.5,60.4,62.6,2994929.88780186,184374921.72713074
2020-06-05 09:00:00,62.6,68.7,62.0,62.1,12373999.69069849,802135968.9732577
2020-06-06 09:00:00,62.2,69.5,61.7,67.3,8845235.77619925,583803875.2984489
2020-06-07 09:00:00,67.3,69.1,62.3,66.2,9262546.23482196,612091820.4945643
2020-06-08 09:00:00,66.8,71.8,64.1,67.9,5055349.58386658,341442810.5898352
2020-06-09 09:00:00,67.9,71.8,66.8,69.2,3678633.14854782,255392143.61099094
2020-06-10 09:00:00,69.2,72.5,68.8,69.8,4415919.30607429,310135900.1849303
2020-06-11 09:00:00,70.4,74.4,60.2,61.0,11414429.12311374,795668888.6576926
2020-06-12 09:00:00,60.9,67.2,60.8,66.4,3418667.6511756,222033021.43287823
2020-06-13 09:00:00,66.7,69.4,65.5,68.8,3009841.62897473,203935939.84331998
2020-06-14 09:00:00,68.9,69.3,64.6,65.1,1703253.07957934,114425149.92466141
2020-06-15 09:00:00,65.3,69.9,59.1,69.3,5690282.25870433,371745367.8856352
2020-06-16 09:00:00,69.2,72.5,68.8,71.4,2554070.47640411,180253932.39330596
2020-06-17 09:00:00,71.6,73.0,69.4,71.2,2298407.39917167,164073560.6984677
2020-06-18 09:00:00,71.1,75.0,69.8,71.2,5280675.23445039,379371906.15640545
2020-06-19 09:00:00,71.2,71.8,66.4,69.4,3147184.16772161,216923055.09645128
2020-06-20 09:00:00,69.4,70.9,67.9,68.5,1605472.26664351,111218382.39909732
2020-06-21 09:00:00,68.8,92.4,68.6,74.0,77048317.00172435,6226538529.835675
2020-06-22 09:00:00,73.7,75.5,72.1,73.0,10212572.39608689,751586059.7033743
2020-06-23 09:00:00,72.5,72.8,70.0,71.2,1992513.88577236,141854191.25067636
2020-06-24 09:00:00,71.6,72.8,65.8,68.2,4837599.35820993,333283339.4530474
2020-06-25 09:00:00,67.5,68.4,63.5,66.6,3173589.92459852,207267545.9685647
2020-06-26 09:00:00,66.6,66.6,63.1,63.9,882894.55558615,57124844.15280605
2020-06-27 09:00:00,63.9,63.9,59.2,60.1,2017952.66115613,125080089.81066899
2020-06-28 09:00:00,59.8,63.0,55.7,61.6,4983685.63193097,295636866.7429067
2020-06-29 09:00:00,61.6,61.9,59.3,60.2,1678106.33479552,101290839.61702524
2020-06-30 09:00:00,60.7,62.5,59.0,61.6,2086985.38638754,126706031.09704314
2020-07-01 09:00:00,61.6,62.1,60.2,61.9,1069621.82250139,65367534.46753924
2020-07-02 09:00:00,62.1,63.1,60.4,61.0,1478931.35235567,91733231.42880382
2020-07-03 09:00:00,61.4,62.7,60.1,60.1,1162620.84156108,71005627.27748336
2020-07-04 09:00:00,60.1,63.2,60.1,61.9,3827161.90302865,237680953.84708324
2020-07-05 09:00:00,62.2,62.8,60.4,61.7,1325977.09364714,81819436.10051656
2020-07-06 09:00:00,61.7,62.7,60.5,61.5,1105134.66233578,67792947.02707233
2020-07-07 09:00:00,62.2,63.8,61.0,63.3,2155982.21417457,134633720.30949092
2020-07-08 09:00:00,63.6,67.5,63.3,67.5,2958576.39441172,191701790.29020804
2020-07-09 09:00:00,67.7,68.6,64.1,65.3,4511273.46539243,296822314.6576289
2020-07-10 09:00:00,65.3,66.3,63.1,64.0,1740996.25788814,111461056.8286492
2020-07-11 09:00:00,64.0,66.4,64.0,65.3,3528646.6880824,230403719.19924703
2020-07-12 09:00:00,65.3,66.6,64.9,66.6,1546053.097839,101296237.92870295
2020-07-13 09:00:00,66.6,69.6,65.4,66.8,3922708.5503058,265956902.1514867
2020-07-14 09:00:00,66.8,68.6,66.4,68.2,2303210.1837625,155187208.3156034
2020-07-15 09:00:00,68.3,71.4,67.7,69.0,5627377.10814727,389725171.20752615
2020-07-16 09:00:00,69.0,69.5,61.6,65.2,3090570.01170136,203377593.2765689
2020-07-17 09:00:00,65.3,65.8,64.7,65.6,1013373.03772357,66109023.20351564
2020-07-18 09:00:00,65.4,70.0,64.9,68.2,3061490.3290476,205872922.50079975
2020-07-19 09:00:00,68.4,70.4,67.2,69.3,4391227.8837242,303045259.19818205
2020-07-20 09:00:00,69.3,76.0,67.6,74.8,11214533.26449463,794672979.2936784
2020-07-21 09:00:00,75.2,76.3,69.8,70.9,8281915.92311943,600300517.0935755
2020-07-22 09:00:00,71.0,84.9,69.9,72.3,25304508.1116492,1943424242.4100978
2020-07-23 09:00:00,72.5,73.2,70.3,70.7,5409937.51648665,388010805.389719
2020-07-24 09:00:00,70.9,76.7,69.1,70.5,12925031.14824202,947655772.081223
2020-07-25 09:00:00,70.5,77.4,70.1,76.4,4193121.63983438,307729400.40777385
2020-07-26 09:00:00,76.4,77.9,69.0,70.9,6957999.75875924,508866711.3727493
2020-07-27 09:00:00,70.9,72.2,64.3,66.6,5749320.23360969,394724647.00415844
2020-07-28 09:00:00,66.7,73.2,65.5,70.8,5284483.33537738,369551774.0014523
2020-07-29 09:00:00,70.9,76.0,70.6,73.8,7775195.43264618,570029328.0895947
2020-07-30 09:00:00,73.8,74.2,71.1,72.3,3544058.18688334,257101443.09309238
2020-07-31 09:00:00,72.5,73.2,70.8,71.4,1997426.28067848,143856122.31344444
2020-08-01 09:00:00,71.6,73.2,70.9,71.4,2355582.07145407,169750634.52561727
2020-08-02 09:00:00,71.4,73.1,67.7,68.5,3359853.20605164,235746738.90664116
2020-08-03 09:00:00,68.4,71.7,68.4,70.9,2503934.73772108,176031854.81968015
2020-08-04 09:00:00,70.9,71.5,68.2,71.2,1809864.89534371,127077098.47918285
2020-08-05 09:00:00,71.2,71.9,69.9,71.6,1142476.87797661,81067491.06602001
2020-08-06 09:00:00,71.7,76.1,71.0,74.3,2821396.45861332,207978962.11122134
2020-08-07 09:00:00,74.4,78.5,73.8,78.0,4709862.75699533,356996370.37472284
2020-08-08 09:00:00,78.0,82.7,75.9,82.1,5508663.06359867,439115138.1287254
2020-08-09 09:00:00,82.1,101.0,80.1,101.0,67836170.20731291,6355989154.361227
2020-08-10 09:00:00,100.0,102.0,91.2,95.4,37621800.80100219,3588133067.2696705
2020-08-11 09:00:00,95.3,98.3,84.0,86.8,20051354.74207449,1842181553.6455407
2020-08-12 09:00:00,86.9,87.3,81.5,86.3,4675443.12689134,393217282.2851858
2020-08-13 09:00:00,86.4,86.9,83.5,86.6,4477568.32095374,384070670.5401929
2020-08-14 09:00:00,86.8,90.0,84.8,89.6,3125310.90797281,274646400.15210354
2020-08-15 09:00:00,89.7,90.1,88.0,88.5,1883515.4399597,167560867.46506548
2020-08-16 09:00:00,88.7,95.5,86.3,92.1,6180835.18294942,563480182.2023593
2020-08-17 09:00:00,92.1,97.0,90.3,95.0,8913544.93174797,838135457.5166991
2020-08-18 09:00:00,95.0,110.0,92.0,108.0,20029704.17664464,2019052428.8474689
2020-08-19 09:00:00,108.0,108.0,94.7,95.5,9994821.88943699,992634525.445147
2020-08-20 09:00:00,95.6,103.0,93.0,103.0,6008113.20789586,584983249.9759365
2020-08-21 09:00:00,103.0,191.0,100.0,173.0,56272100.56534184,7430418982.2652
2020-08-22 09:00:00,173.0,223.0,132.0,141.0,119518767.21610446,19328387638.623447
2020-08-23 09:00:00,141.0,146.0,132.0,137.0,19645151.08373826,2706521389.0863953
2020-08-24 09:00:00,137.0,152.0,137.0,141.0,37920363.74384276,5474118896.878563
2020-08-25 09:00:00,141.0,143.0,123.0,130.0,10458939.34611541,1407551836.0430672
2020-08-26 09:00:00,130.0,157.0,124.0,143.0,32659905.95910758,4682805137.910432
2020-08-27 09:00:00,142.0,144.0,124.0,130.0,11951656.31593515,1601649235.55422
2020-08-28 09:00:00,130.0,148.0,127.0,147.0,13337357.29505575,1853331295.7825632
2020-08-29 09:00:00,146.0,182.0,143.0,174.0,79150799.37115902,13042073769.737349
2020-08-30 09:00:00,175.0,209.0,154.0,160.0,68640555.33380422,12586742007.266571
2020-08-31 09:00:00,159.0,177.0,157.0,159.0,47777700.55513065,7945015586.280245
2020-09-01 09:00:00,160.0,162.0,147.0,150.0,15031906.3444193,2286648671.282187
2020-09-02 09:00:00,150.0,168.0,145.0,165.0,57881702.41504408,9250150402.3386
2020-09-03 09:00:00,165.0,166.0,135.0,138.0,16889692.83365999,2576255844.8131285
2020-09-04 09:00:00,136.0,165.0,135.0,156.0,93765392.21024016,14157103409.115528
2020-09-05 09:00:00,156.0,159.0,126.0,131.0,16756896.26181124,2397370465.1619735
2020-09-06 09:00:00,131.0,145.0,125.0,134.0,39744744.73186256,5350858082.649112
2020-09-07 09:00:00,134.0,147.0,121.0,134.0,36239921.12437955,4910515561.045093
2020-09-08 09:00:00,133.0,134.0,121.0,124.0,12130983.81391767,1532954614.8642988
2020-09-09 09:00:00,125.0,129.0,121.0,127.0,11608529.50723668,1454052531.3886852
2020-09-10 09:00:00,126.0,172.0,125.0,154.0,100817059.36550063,15318940986.342863
2020-09-11 09:00:00,153.0,164.0,137.0,150.0,39946317.11879833,6030324550.717433
2020-09-12 09:00:00,150.0,151.0,141.0,146.0,16337309.5724532,2382328373.327926
2020-09-13 09:00:00,145.0,157.0,140.0,146.0,21360837.81057806,3189886194.381043
2020-09-14 09:00:00,147.0,149.0,140.0,148.0,5273291.56101856,762808162.2531283
2020-09-15 09:00:00,148.0,149.0,137.0,141.0,5441647.42634144,772233509.9590076
2020-09-16 09:00:00,139.0,140.0,128.0,131.0,8724475.96260167,1146404301.1705487
2020-09-17 09:00:00,131.0,134.0,117.0,123.0,7469534.50556047,925663465.5288173
2020-09-18 09:00:00,123.0,128.0,118.0,121.0,8804223.96329477,1079970740.294481
2020-09-19 09:00:00,121.0,148.0,119.0,129.0,48137263.36626237,6445044677.043828
2020-09-20 09:00:00,129.0,129.0,120.0,122.0,8460581.29380209,1055600195.7582985
2020-09-21 09:00:00,121.0,123.0,103.0,108.0,11881771.57689953,1327354248.1711147
2020-09-22 09:00:00,107.0,109.0,99.7,109.0,6104742.86300226,633540409.2187558
2020-09-23 09:00:00,109.0,109.0,96.4,97.2,5146709.65239698,527642464.8359108
2020-09-24 09:00:00,97.2,110.0,92.9,107.0,7488374.15195147,748293566.9365952
2020-09-25 09:00:00,107.0,112.0,101.0,109.0,7586262.89224489,796861547.7159946
2020-09-26 09:00:00,109.0,114.0,107.0,113.0,6332874.5230553,703117410.4893363
2020-09-27 09:00:00,113.0,120.0,107.0,116.0,12347333.07224705,1413257155.4419563
2020-09-28 09:00:00,116.0,130.0,115.0,118.0,14651413.47758136,1797924781.9676676
2020-09-29 09:00:00,118.0,126.0,116.0,124.0,13520038.00426209,1656529998.6316977
2020-09-30 09:00:00,124.0,129.0,121.0,123.0,5845570.69098671,729645952.9393445
2020-10-01 09:00:00,123.0,124.0,111.0,115.0,5415232.46147703,639463915.8367978
2020-10-02 09:00:00,115.0,118.0,104.0,111.0,6575959.34534517,718698546.7358894
2020-10-03 09:00:00,110.0,112.0,108.0,111.0,1423103.32686671,156350565.7101415
2020-10-04 09:00:00,111.0,113.0,107.0,111.0,1623975.42641555,178319222.04370302
2020-10-05 09:00:00,111.0,114.0,109.0,109.0,1959553.7599168,215668953.96435913
2020-10-06 09:00:00,110.0,110.0,101.0,103.0,8184797.41300768,859773681.794506
2020-10-07 09:00:00,104.0,105.0,101.0,104.0,3518992.50090844,362189320.2373583
2020-10-08 09:00:00,104.0,106.0,100.0,104.0,5792442.04443326,595336633.4007807
2020-10-09 09:00:00,104.0,110.0,101.0,109.0,6257673.56364368,654831551.3613702
2020-10-10 09:00:00,109.0,119.0,107.0,116.0,14325423.096801,1639901886.7403235
2020-10-11 09:00:00,117.0,117.0,109.0,111.0,8821745.61866148,982926111.6230744
2020-10-12 09:00:00,112.0,124.0,107.0,120.0,11077549.67340114,1266783478.2458923
2020-10-13 09:00:00,121.0,121.0,115.0,117.0,4401320.57995154,518692236.6567196
2020-10-14 09:00:00,117.0,126.0,117.0,119.0,8281396.63848723,999873703.2168812
2020-10-15 09:00:00,119.0,120.0,109.0,113.0,4988390.26848676,568192841.5888424
2020-10-16 09:00:00,113.0,114.0,104.0,109.0,4656982.09117715,499210654.3220992
2020-10-17 09:00:00,109.0,112.0,107.0,112.0,3035305.59357478,332381040.02780366
2020-10-18 09:00:00,112.0,112.0,109.0,111.0,812967.35783531,89360433.90128101
2020-10-19 09:00:00,111.0,111.0,105.0,106.0,2039125.25913913,217331348.11077133
2020-10-20 09:00:00,107.0,107.0,102.0,103.0,888919.95405906,93290230.49093008
2020-10-21 09:00:00,102.0,106.0,101.0,104.0,1536745.38876943,159266807.3072118
2020-10-22 09:00:00,105.0,109.0,104.0,107.0,1667033.96060095,177424929.31444994
2020-10-23 09:00:00,106.0,108.0,103.0,107.0,3161230.02534355,333255430.38149095
2020-10-24 09:00:00,107.0,110.0,105.0,106.0,3834296.64394898,413138303.55312437
2020-10-25 09:00:00,106.0,107.0,102.0,104.0,1472977.77037492,153863145.32318577
2020-10-26 09:00:00,103.0,108.0,100.0,100.0,3579131.11788612,371117304.0746167
2020-10-27 09:00:00,102.0,103.0,99.0,101.0,1322523.75894752,132852566.54462706
2020-10-28 09:00:00,100.0,101.0,93.9,97.0,1583824.1613931,154528609.2987773
2020-10-29 09:00:00,97.0,97.6,92.9,93.1,836927.55569176,79532365.6810445
2020-10-30 09:00:00,93.5,93.9,84.7,88.5,1145429.37413381,102145989.39490217
2020-10-31 09:00:00,88.6,89.3,87.6,87.6,539779.47261175,47701090.68612946
2020-11-01 09:00:00,87.8,90.4,87.4,90.4,333714.37195842,29613821.21386112
2020-11-02 09:00:00,90.4,91.5,87.0,87.1,640172.37260842,56870815.56435122
2020-11-03 09:00:00,87.7,87.9,81.7,86.8,788141.49995516,66701359.97009783
2020-11-04 09:00:00,87.0,87.1,82.7,84.4,920762.19578636,77579950.54362743
2020-11-05 09:00:00,84.5,91.8,83.2,91.2,1671644.08053017,143962612.62932664
2020-11-06 09:00:00,91.2,111.0,90.3,103.0,7298414.42193959,736057735.7381192
2020-11-07 09:00:00,103.0,108.0,92.8,93.9,4386891.88378097,446986692.2549909
2020-11-08 09:00:00,93.9,102.0,93.3,100.0,7577620.07308149,746574313.15345
2020-11-09 09:00:00,100.0,115.0,98.1,115.0,11960508.58745382,1287520594.7919712
2020-11-10 09:00:00,115.0,152.0,112.0,127.0,124268040.40920201,16810630415.890873
2020-11-11 09:00:00,127.0,136.0,114.0,117.0,29063456.94892436,3496394775.4253216
2020-11-12 09:00:00,116.0,119.0,107.0,110.0,10616641.05303627,1199059781.2485683
2020-11-13 09:00:00,110.0,116.0,108.0,112.0,8132045.94410746,915740470.4691447
2020-11-14 09:00:00,111.0,117.0,108.0,111.0,6478478.84637646,730713146.1675134
2020-11-15 09:00:00,111.0,115.0,109.0,112.0,3530814.98031314,396415647.23884016
2020-11-16 09:00:00,111.0,127.0,108.0,121.0,21680097.94758048,2562470384.350084
2020-11-17 09:00:00,121.0,125.0,111.0,117.0,12983568.7012724,1559211690.9032266
2020-11-18 09:00:00,116.0,118.0,110.0,118.0,4466186.1301549,506230521.4347464
2020-11-19 09:00:00,118.0,122.0,108.0,113.0,5408700.78536059,612722806.0027202
2020-11-20 09:00:00,113.0,118.0,109.0,115.0,7492142.3330571,851982178.0654001
2020-11-21 09:00:00,115.0,122.0,114.0,121.0,7523762.50286531,885790352.0553705
2020-11-22 09:00:00,121.0,147.0,114.0,128.0,58173224.14869603,7727237175.565484
2020-11-23 09:00:00,129.0,160.0,125.0,134.0,76184664.81821795,10580850230.81955
2020-11-24 09:00:00,134.0,146.0,124.0,137.0,30027355.38258568,4025265142.85746
2020-11-25 09:00:00,137.0,144.0,130.0,139.0,19343194.64678965,2666949862.7951365
2020-11-26 09:00:00,138.0,141.0,107.0,116.0,13188946.23617308,1618617055.3552876
2020-11-27 09:00:00,117.0,142.0,101.0,129.0,22304831.34952958,2720247340.8328633
2020-11-28 09:00:00,128.0,133.0,118.0,130.0,11603601.73427308,1443823059.7285528
2020-11-29 09:00:00,130.0,130.0,123.0,128.0,5110100.15019948,643999567.3376749
2020-11-30 09:00:00,128.0,137.0,123.0,128.0,12601603.07342457,1612171744.9860244
2020-12-01 09:00:00,127.0,133.0,117.0,128.0,15403054.17322848,1961592610.6401217
2020-12-02 09:00:00,128.0,137.0,124.0,132.0,15142593.89131601,1972575964.15758
2020-12-03 09:00:00,132.0,136.0,126.0,129.0,8367417.49743448,1087928615.7031112
2020-12-04 09:00:00,130.0,142.0,126.0,129.0,32999772.52851707,4462997826.099725
2020-12-05 09:00:00,129.0,138.0,126.0,137.0,8523959.04080837,1127136365.3546917
2020-12-06 09:00:00,138.0,138.0,130.0,135.0,5066579.35406727,677561383.2867577
2020-12-07 09:00:00,135.0,154.0,134.0,142.0,23714199.24094646,3359033703.6672645
2020-12-08 09:00:00,142.0,145.0,121.0,126.0,11009097.04757324,1501844834.3495545
2020-12-09 09:00:00,126.0,128.0,111.0,127.0,6538484.66419082,794109985.7196292
2020-12-10 09:00:00,128.0,167.0,122.0,128.0,57385305.0314967,8193960167.672408
2020-12-11 09:00:00,128.0,128.0,115.0,117.0,9876198.76823474,1200872815.3192017
2020-12-12 09:00:00,117.0,125.0,116.0,125.0,5394319.66635281,656291636.245928
2020-12-13 09:00:00,125.0,125.0,120.0,124.0,4096334.14702385,501751638.6967878
2020-12-14 09:00:00,123.0,127.0,121.0,125.0,2385884.41260859,292653096.15647495
2020-12-15 09:00:00,126.0,126.0,120.0,120.0,4211160.35229942,512999392.6096234
2020-12-16 09:00:00,121.0,126.0,119.0,124.0,11230393.19246634,1366681399.3479452
2020-12-17 09:00:00,124.0,126.0,121.0,122.0,5541366.87764279,683498191.252975
2020-12-18 09:00:00,122.0,128.0,120.0,128.0,5551766.26752166,692426411.630094
2020-12-19 09:00:00,128.0,143.0,126.0,139.0,17870186.84542022,2426416494.6199303
2020-12-20 09:00:00,139.0,140.0,128.0,132.0,6079823.11285812,805702690.3221555
2020-12-21 09:00:00,133.0,134.0,119.0,126.0,8450521.99778716,1066818535.6639957
2020-12-22 09:00:00,125.0,129.0,119.0,125.0,4293285.51270382,528914384.2058137
2020-12-23 09:00:00,125.0,125.0,104.0,108.0,5110236.8740817,583796725.1686001
2020-12-24 09:00:00,109.0,116.0,104.0,116.0,5105319.69039674,553922770.1866522
2020-12-25 09:00:00,116.0,118.0,110.0,112.0,2365207.57936525,271217799.96312034
2020-12-26 09:00:00,111.0,113.0,108.0,112.0,2558978.77296871,282430259.30524415
2020-12-27 09:00:00,112.0,126.0,111.0,123.0,21776766.71212774,2621190459.1773787
2020-12-28 09:00:00,124.0,150.0,120.0,127.0,64782801.08863741,8557050129.929318
2020-12-29 09:00:00,127.0,138.0,121.0,128.0,28063092.52453504,3645865131.803959
2020-12-30 09:00:00,127.0,129.0,120.0,125.0,6757886.78303824,833364933.7190281
2020-12-31 09:00:00,125.0,125.0,117.0,119.0,5170722.54597626,616926905.7865409
2021-01-01 09:00:00,120.0,126.0,118.0,120.0,11342889.41564244,1379071313.2626007
2021-01-02 09:00:00,120.0,120.0,115.0,117.0,6733791.11017203,795885642.989472
2021-01-03 09:00:00,117.0,121.0,111.0,119.0,9777853.99588248,1128461226.2867618
2021-01-04 09:00:00,119.0,164.0,110.0,125.0,177642665.48820782,24240988844.035934
2021-01-05 09:00:00,125.0,125.0,117.0,124.0,11019792.63282626,1338717378.9269354
2021-01-06 09:00:00,124.0,139.0,120.0,137.0,26758056.95720247,3494739131.741605
2021-01-07 09:00:00,137.0,168.0,132.0,148.0,84972249.66928071,12697078323.572226
2021-01-08 09:00:00,147.0,153.0,128.0,144.0,25403598.12278511,3630436030.596245
2021-01-09 09:00:00,145.0,149.0,136.0,147.0,16440306.94705114,2337378197.63392
2021-01-10 09:00:00,148.0,163.0,137.0,155.0,53533815.83317858,8209333084.588403
2021-01-11 09:00:00,155.0,155.0,113.0,130.0,21918192.04488963,2891004708.03176
2021-01-12 09:00:00,129.0,135.0,118.0,128.0,15664464.35904498,1991273600.5873277
2021-01-13 09:00:00,128.0,135.0,123.0,131.0,23767026.15070151,3064719940.0159526
2021-01-14 09:00:00,132.0,135.0,127.0,134.0,11756746.19550229,1540620230.0524027
2021-01-15 09:00:00,134.0,134.0,125.0,133.0,11697002.23169337,1507906436.2700727
2021-01-16 09:00:00,131.0,141.0,130.0,138.0,27426757.30596779,3693634491.3278255
2021-01-17 09:00:00,139.0,153.0,126.0,138.0,44849478.09797117,6279210427.436419
2021-01-18 09:00:00,137.0,142.0,131.0,139.0,11061831.56979033,1507778938.7333484
2021-01-19 09:00:00,141.0,153.0,139.0,145.0,51470402.6058839,7413264939.486497
2021-01-20 09:00:00,145.0,146.0,133.0,143.0,18674244.76960786,2597311649.6693754
2021-01-21 09:00:00,143.0,143.0,126.0,129.0,14500931.85438741,1932078873.5485058
2021-01-22 09:00:00,129.0,134.0,110.0,132.0,20486817.46287085,2547382743.966046
2021-01-23 09:00:00,131.0,133.0,124.0,130.0,11635778.25837247,1498209485.4008458
2021-01-24 09:00:00,130.0,133.0,126.0,132.0,8302287.5437788,1079345168.2182546
2021-01-25 09:00:00,132.0,135.0,129.0,130.0,6605262.16579879,872501803.7878777
2021-01-26 09:00:00,130.0,131.0,124.0,129.0,4827521.78174402,613028114.0540489
2021-01-27 09:00:00,129.0,129.0,116.0,125.0,7816807.46584169,960763927.9640808
2021-01-28 09:00:00,123.0,135.0,122.0,130.0,10218163.6276761,1334069033.3059874
2021-01-29 09:00:00,130.0,135.0,127.0,131.0,9208625.3998479,1199450571.0941248
2021-01-30 09:00:00,130.0,134.0,126.0,133.0,6475419.2467471,837711543.532258
2021-01-31 09:00:00,132.0,134.0,124.0,128.0,8184180.3468729,1061405791.507373
2021-02-01 09:00:00,129.0,133.0,121.0,133.0,7085113.53388011,901181179.8117952
2021-02-02 09:00:00,133.0,137.0,130.0,136.0,6182703.50153949,826970759.080268
2021-02-03 09:00:00,137.0,163.0,135.0,142.0,36006824.08917753,5262617230.443647
2021-02-04 09:00:00,142.0,154.0,130.0,147.0,25194259.27844562,3647927435.225558
2021-02-05 09:00:00,146.0,163.0,145.0,159.0,19139026.14055833,2932505922.116603
2021-02-06 09:00:00,159.0,289.0,159.0,214.0,608188788.5348371,144357268157.08826
2021-02-07 09:00:00,213.0,215.0,186.0,194.0,66227002.37882728,13009846161.347937
2021-02-08 09:00:00,194.0,214.0,183.0,195.0,46816809.94879588,9305519585.814083
2021-02-09 09:00:00,195.0,200.0,188.0,200.0,19152863.94332674,3686826074.9250364
2021-02-10 09:00:00,200.0,209.0,188.0,206.0,35033319.71612844,7098812098.5246105
2021-02-11 09:00:00,206.0,228.0,200.0,224.0,25221357.0951711,5400039177.861609
2021-02-12 09:00:00,224.0,240.0,210.0,239.0,28774140.81573945,6558655682.69204
2021-02-13 09:00:00,239.0,266.0,232.0,265.0,38102267.55659097,9517362820.446308
2021-02-14 09:00:00,265.0,270.0,233.0,257.0,17954281.34193509,4588604521.604812
2021-02-15 09:00:00,257.0,269.0,206.0,252.0,18954453.14424211,4537303162.794469
2021-02-16 09:00:00,253.0,327.0,251.0,281.0,154884593.04949826,46563172945.74478
2021-02-17 09:00:00,281.0,292.0,251.0,275.0,30111701.68820066,8158387691.180252
2021-02-18 09:00:00,276.0,378.0,275.0,324.0,93478883.16542467,30158980427.436684
2021-02-19 09:00:00,324.0,940.0,296.0,455.0,923010555.3917929,554145403156.9154
2021-02-20 09:00:00,454.0,670.0,414.0,484.0,338617549.22650266,183478244017.74823
2021-02-21 09:00:00,482.0,509.0,461.0,491.0,46329654.37533021,22257716220.00317
2021-02-22 09:00:00,489.0,493.0,359.0,440.0,28516734.24644034,12386088249.684029
2021-02-23 09:00:00,450.0,555.0,257.0,337.0,51825047.25980982,20709663640.68541
2021-02-24 09:00:00,337.0,518.0,317.0,455.0,191416470.13876864,81190060359.0977
2021-02-25 09:00:00,458.0,492.0,401.0,414.0,75717689.06895576,33257269306.940914
2021-02-26 09:00:00,413.0,427.0,371.0,407.0,27123611.54399523,10829262888.781826
2021-02-27 09:00:00,407.0,434.0,390.0,418.0,39426072.34546921,16138413296.442612
2021-02-28 09:00:00,418.0,423.0,336.0,386.0,27417163.93834374,10390350812.12022
2021-03-01 09:00:00,385.0,411.0,362.0,409.0,24681115.53888994,9453460336.89296
2021-03-02 09:00:00,409.0,409.0,379.0,405.0,20140124.28367444,7924686535.995208
2021-03-03 09:00:00,405.0,444.0,403.0,427.0,45678737.12333492,18979070431.74606
2021-03-04 09:00:00,428.0,441.0,403.0,434.0,32741108.65799723,13735541339.127653
2021-03-05 09:00:00,434.0,496.0,400.0,486.0,41240801.0652614,18300221028.926273
2021-03-06 09:00:00,486.0,510.0,434.0,493.0,46143968.93177665,21892071762.56781
2021-03-07 09:00:00,492.0,493.0,462.0,488.0,28286164.71567084,13399138655.265451
2021-03-08 09:00:00,488.0,488.0,460.0,485.0,22547436.4452604,10644187442.926102
2021-03-09 09:00:00,486.0,545.0,472.0,529.0,54998717.85068969,27638761432.259396
2021-03-10 09:00:00,529.0,598.0,468.0,536.0,90291081.92528592,48579706256.55954
2021-03-11 09:00:00,536.0,548.0,501.0,529.0,40951880.58755963,21427376217.63864
2021-03-12 09:00:00,529.0,579.0,511.0,557.0,68238308.96628393,37163696596.13638
2021-03-13 09:00:00,557.0,574.0,512.0,565.0,48876993.2766867,26527915590.4325
2021-03-14 09:00:00,565.0,600.0,522.0,547.0,53428580.77593165,29652100068.99251
2021-03-15 09:00:00,547.0,560.0,456.0,514.0,53080561.09426365,27436984043.199295
2021-03-16 09:00:00,515.0,515.0,475.0,501.0,25920044.58563583,12745135937.27067
2021-03-17 09:00:00,501.0,507.0,438.0,506.0,25342159.3041195,12079578026.793179
2021-03-18 09:00:00,506.0,533.0,484.0,518.0,45695486.31127284,23482277417.145836
2021-03-19 09:00:00,518.0,542.0,501.0,537.0,25779726.8752413,13554003245.48729
2021-03-20 09:00:00,536.0,620.0,514.0,531.0,78608369.66886099,45245072777.436485
2021-03-21 09:00:00,531.0,564.0,500.0,550.0,25714810.68717253,13571609373.680956
2021-03-22 09:00:00,550.0,645.0,526.0,564.0,99646890.53384757,59336226130.55859
2021-03-23 09:00:00,563.0,667.0,513.0,665.0,110824655.7281174,65487584493.25289
2021-03-24 09:00:00,665.0,667.0,567.0,586.0,44256657.4110506,26996480167.649845
2021-03-25 09:00:00,586.0,593.0,521.0,559.0,29408247.71671317,16083561018.581184
2021-03-26 09:00:00,559.0,583.0,540.0,581.0,22904406.77236415,12895093896.37845
2021-03-27 09:00:00,581.0,740.0,566.0,730.0,95429003.22844096,60705826461.570755
2021-03-28 09:00:00,714.0,789.0,651.0,731.0,122702963.39693385,87246611780.65666
2021-03-29 09:00:00,731.0,797.0,683.0,761.0,111710460.40721369,81759083189.05971
2021-03-30 09:00:00,759.0,844.0,745.0,791.0,76942358.79135104,60199901181.27206
2021-03-31 09:00:00,791.0,791.0,699.0,759.0,50267981.53851859,37404927693.619545
2021-04-01 09:00:00,760.0,790.0,715.0,738.0,38840365.50430148,28971229976.737354
2021-04-02 09:00:00,738.0,765.0,715.0,757.0,43578307.50476425,32143355918.1317
2021-04-03 09:00:00,755.0,829.0,700.0,716.0,66030403.95242399,50828428303.55185
2021-04-04 09:00:00,712.0,788.0,700.0,765.0,32636024.29593494,24037264919.971867
2021-04-05 09:00:00,765.0,810.0,710.0,735.0,43244793.2896224,32571789663.475327
2021-04-06 09:00:00,738.0,738.0,662.0,726.0,23206176.55822924,16378602990.568384
2021-04-07 09:00:00,726.0,726.0,463.0,633.0,25250437.82795235,15774081385.341505
2021-04-08 09:00:00,630.0,696.0,591.0,696.0,15050159.81950852,9842329667.740534
2021-04-09 09:00:00,693.0,794.0,657.0,767.0,60213967.90740251,44158241449.147026
2021-04-10 09:00:00,766.0,896.0,730.0,810.0,176984623.11492696,143718260469.99487
2021-04-11 09:00:00,810.0,848.0,655.0,790.0,50741748.16625499,38398114051.64387
2021-04-12 09:00:00,790.0,802.0,725.0,751.0,20989064.90027753,15723685919.278755
2021-04-13 09:00:00,751.0,790.0,715.0,732.0,28461652.42334977,21189325982.807487
2021-04-14 09:00:00,732.0,748.0,660.0,702.0,22963071.79859547,15993487117.080141
2021-04-15 09:00:00,703.0,731.0,690.0,731.0,15324425.993716,10871211498.76379
2021-04-16 09:00:00,731.0,768.0,660.0,693.0,32623362.07652436,22824183033.098312
2021-04-17 09:00:00,693.0,739.0,669.0,693.0,19861316.74043817,13789799504.742455
2021-04-18 09:00:00,690.0,699.0,570.0,635.0,16544102.50749595,10392748948.673052
2021-04-19 09:00:00,635.0,725.0,564.0,572.0,41162997.78117703,26614467042.242546
2021-04-20 09:00:00,572.0,654.0,479.0,580.0,71181359.9759781,40715386552.24096
2021-04-21 09:00:00,579.0,591.0,555.0,564.0,14771597.05588264,8471600360.1342325
2021-04-22 09:00:00,563.0,622.0,398.0,436.0,24731879.38148074,13305749332.80058
2021-04-23 09:00:00,435.0,451.0,334.0,439.0,23780367.12488128,9145598511.599268
2021-04-24 09:00:00,440.0,469.0,401.0,412.0,16842386.74225342,7114059983.979639
2021-04-25 09:00:00,412.0,456.0,395.0,437.0,20997612.44066027,9017650456.234632
2021-04-26 09:00:00,439.0,550.0,419.0,493.0,51129588.50977275,24857133807.511456
2021-04-27 09:00:00,493.0,562.0,481.0,534.0,34025994.12445039,17713043237.2818
2021-04-28 09:00:00,534.0,617.0,495.0,546.0,92966454.37509581,52144528792.366035
2021-04-29 09:00:00,546.0,546.0,505.0,538.0,12091582.19627405,6316885953.831737
2021-04-30 09:00:00,538.0,553.0,513.0,552.0,10950881.44366013,5803586390.406577
2021-05-01 09:00:00,552.0,555.0,536.0,553.0,10289575.70046922,5619714528.618708
2021-05-02 09:00:00,554.0,600.0,523.0,586.0,28647231.39788135,16184369187.033554
2021-05-03 09:00:00,586.0,629.0,572.0,606.0,37429403.17628848,22475702891.154457
2021-05-04 09:00:00,606.0,606.0,540.0,565.0,20760590.26446025,11899311938.70086
2021-05-05 09:00:00,566.0,594.0,552.0,589.0,15213777.91450774,8714849377.855328
2021-05-06 09:00:00,589.0,625.0,566.0,606.0,21849483.45188997,12982029628.575926
2021-05-07 09:00:00,607.0,663.0,560.0,601.0,49370701.80088353,30536286279.892883
2021-05-08 09:00:00,601.0,667.0,592.0,630.0,35358480.91919232,22249380775.95096
2021-05-09 09:00:00,630.0,630.0,586.0,601.0,12924671.38112103,7770230427.730539
2021-05-10 09:00:00,602.0,641.0,531.0,539.0,21775275.34450786,12899403397.788269
2021-05-11 09:00:00,539.0,559.0,503.0,554.0,17093444.89092793,9155144792.004057
2021-05-12 09:00:00,553.0,571.0,482.0,485.0,18305777.47517793,9976963829.55882
2021-05-13 09:00:00,482.0,527.0,460.0,513.0,8182206.92722687,4108927494.3565555
2021-05-14 09:00:00,513.0,524.0,498.0,520.0,4468623.75727385,2281910003.907202
2021-05-15 09:00:00,520.0,565.0,476.0,482.0,12412496.3118821,6436651280.820171
2021-05-16 09:00:00,482.0,509.0,456.0,471.0,4827949.94167921,2328857267.857736
2021-05-17 09:00:00,471.0,507.0,410.0,442.0,29928788.40842629,13855282434.889235
2021-05-18 09:00:00,443.0,475.0,432.0,475.0,7395926.18941325,3363614649.5290384
2021-05-19 09:00:00,474.0,521.0,262.0,372.0,31473316.28392743,12921578065.425892
2021-05-20 09:00:00,376.0,468.0,332.0,432.0,26540030.28435036,10663631650.601141
2021-05-21 09:00:00,432.0,504.0,375.0,439.0,83827580.16254017,38630506455.5383
2021-05-22 09:00:00,439.0,515.0,354.0,411.0,40109524.83331543,17394329671.889507
2021-05-23 09:00:00,411.0,431.0,280.0,331.0,15435476.46786098,5479871924.40403
2021-05-24 09:00:00,331.0,377.0,290.0,373.0,13232159.69090122,4391555318.510945
2021-05-25 09:00:00,373.0,407.0,342.0,395.0,12712324.77367939,4757441107.034053
2021-05-26 09:00:00,395.0,419.0,375.0,417.0,9902812.14305835,3932498255.642968
2021-05-27 09:00:00,417.0,489.0,395.0,425.0,108439806.62871769,48729446300.48346
2021-05-28 09:00:00,425.0,430.0,360.0,383.0,9568459.76316362,3751768505.2264547
2021-05-29 09:00:00,384.0,497.0,341.0,356.0,58275085.3769675,24689521040.062958
2021-05-30 09:00:00,356.0,364.0,325.0,351.0,7911466.34115272,2745458913.0370507
2021-05-31 09:00:00,351.0,366.0,333.0,365.0,4727798.87596608,1663892606.5839844
2021-06-01 09:00:00,363.0,367.0,345.0,358.0,3726495.31195287,1323199201.895374
2021-06-02 09:00:00,360.0,378.0,350.0,377.0,5058003.62013388,1838428713.6640782
2021-06-03 09:00:00,377.0,420.0,368.0,394.0,14765939.438063,5794778151.517958
2021-06-04 09:00:00,394.0,394.0,351.0,370.0,4061154.38609576,1503976826.9729965
2021-06-05 09:00:00,372.0,409.0,351.0,357.0,13139248.9221608,4966690360.676771
2021-06-06 09:00:00,358.0,390.0,351.0,365.0,14993628.38945156,5477988117.166733
2021-06-07 09:00:00,365.0,393.0,334.0,338.0,14733635.76381518,5422825565.7191515
2021-06-08 09:00:00,338.0,343.0,300.0,324.0,4866001.73450313,1560079271.2847722
2021-06-09 09:00:00,326.0,390.0,325.0,346.0,56853877.64226419,19572898175.548626
2021-06-10 09:00:00,347.0,354.0,330.0,350.0,5459606.77736616,1855693569.2444193
2021-06-11 09:00:00,350.0,351.0,316.0,320.0,6486719.51655053,2158257832.9981537
2021-06-12 09:00:00,318.0,325.0,277.0,302.0,5121263.85103128,1538394323.7083542
2021-06-13 09:00:00,303.0,332.0,287.0,327.0,9378146.1363434,2873664558.281576
2021-06-14 09:00:00,327.0,344.0,316.0,340.0,2884805.21147085,948829699.6236979
2021-06-15 09:00:00,337.0,345.0,329.0,343.0,1779203.36457406,597850268.7070603
2021-06-16 09:00:00,341.0,344.0,326.0,342.0,2465254.2914176,826291351.3178831
2021-06-17 09:00:00,342.0,365.0,318.0,327.0,16906908.51947831,5859223972.576758
2021-06-18 09:00:00,329.0,329.0,303.0,312.0,2811777.48406202,879957607.0932375
2021-06-19 09:00:00,314.0,327.0,300.0,308.0,2192629.8295221,680275679.5774231
2021-06-20 09:00:00,308.0,324.0,284.0,313.0,6107923.92589173,1871500409.6980374
2021-06-21 09:00:00,314.0,314.0,242.0,246.0,4469962.19211132,1215200472.598132
2021-06-22 09:00:00,247.0,296.0,190.0,242.0,21745980.84882268,5375779422.740282
2021-06-23 09:00:00,242.0,263.0,232.0,258.0,7956095.46760008,1988869498.1761138
2021-06-24 09:00:00,258.0,282.0,248.0,281.0,4157952.36016964,1091013345.8823752
2021-06-25 09:00:00,281.0,302.0,263.0,271.0,7645230.96166873,2179653884.681564
2021-06-26 09:00:00,272.0,280.0,252.0,271.0,2551967.81717665,684371059.1070603
2021-06-27 09:00:00,270.0,297.0,260.0,287.0,2358242.25794499,657080614.7298946
2021-06-28 09:00:00,288.0,313.0,280.0,302.0,11949684.76650854,3541082885.8898115
2021-06-29 09:00:00,302.0,335.0,300.0,328.0,10690899.6842244,3342001304.9351745
2021-06-30 09:00:00,330.0,363.0,312.0,349.0,33967701.09407513,11461840409.363464
2021-07-01 09:00:00,348.0,445.0,330.0,362.0,108507222.53600469,41415753968.795296
2021-07-02 09:00:00,362.0,367.0,316.0,337.0,11219092.82590603,3804039138.1285057
2021-07-03 09:00:00,337.0,376.0,324.0,344.0,16299833.99935301,5602085080.6375675
2021-07-04 09:00:00,345.0,505.0,337.0,382.0,440554196.5272918,196746284834.53983
2021-07-05 09:00:00,383.0,392.0,353.0,369.0,27742500.19834956,10347510838.616606
2021-07-06 09:00:00,369.0,417.0,369.0,379.0,58059380.67258105,22563170528.22128
2021-07-07 09:00:00,379.0,429.0,378.0,392.0,81139854.5325985,32491132004.618355
2021-07-08 09:00:00,394.0,397.0,344.0,372.0,8088482.86243166,2984896953.4245863
2021-07-09 09:00:00,372.0,386.0,340.0,381.0,8947086.64979243,3232739005.9107704
2021-07-10 09:00:00,381.0,419.0,363.0,374.0,22937682.86047618,8916846584.871283
2021-07-11 09:00:00,374.0,380.0,360.0,377.0,5346340.30274941,1969877431.3322327
2021-07-12 09:00:00,378.0,392.0,361.0,366.0,9412824.87122611,3513791024.5799074
2021-07-13 09:00:00,368.0,383.0,354.0,370.0,18733551.86499244,6923395862.924475
2021-07-14 09:00:00,370.0,370.0,335.0,361.0,6378854.19052283,2244318935.243511
2021-07-15 09:00:00,362.0,362.0,338.0,344.0,4734609.43098789,1651988538.4931157
2021-07-16 09:00:00,344.0,384.0,311.0,383.0,10970325.80371818,3863449908.3560863
2021-07-17 09:00:00,382.0,385.0,331.0,344.0,13995924.24525766,4799363658.195241
2021-07-18 09:00:00,344.0,356.0,337.0,343.0,4197397.94193271,1441476567.5607781
2021-07-19 09:00:00,343.0,363.0,333.0,353.0,11569340.8673528,4026206983.7352614
2021-07-20 09:00:00,354.0,407.0,334.0,358.0,115257359.9887488,42461133036.55319
2021-07-21 09:00:00,359.0,374.0,320.0,373.0,35646720.3987459,12569791313.666414
2021-07-22 09:00:00,374.0,375.0,354.0,368.0,19604282.28930164,7118414453.937729
2021-07-23 09:00:00,367.0,370.0,354.0,367.0,13761890.14792835,4959670724.384496
2021-07-24 09:00:00,367.0,371.0,356.0,370.0,8968564.10044522,3250037850.4128175
2021-07-25 09:00:00,371.0,371.0,356.0,367.0,6504735.98875219,2357167545.327484
2021-07-26 09:00:00,366.0,405.0,363.0,395.0,13111568.30364927,5037223640.644147
2021-07-27 09:00:00,395.0,426.0,382.0,418.0,11793634.63042641,4703034998.270696
2021-07-28 09:00:00,418.0,464.0,404.0,420.0,61448447.7091133,26689898641.687515
2021-07-29 09:00:00,418.0,433.0,398.0,432.0,16041958.33918471,6678460111.1458435
2021-07-30 09:00:00,433.0,471.0,407.0,439.0,34909045.82729823,15447393573.659887
2021-07-31 09:00:00,439.0,468.0,430.0,461.0,23288333.90423992,10431476635.373837
2021-08-01 09:00:00,461.0,465.0,425.0,437.0,12106040.37674503,5414325398.568062
2021-08-02 09:00:00,439.0,476.0,406.0,435.0,31812066.17334482,13894481370.003426
2021-08-03 09:00:00,435.0,460.0,410.0,430.0,11395193.97925057,4930492042.633487
2021-08-04 09:00:00,429.0,452.0,415.0,447.0,7315567.02237037,3154088512.744404
2021-08-05 09:00:00,447.0,605.0,445.0,502.0,357235010.68402606,194989315438.36398
2021-08-06 09:00:00,502.0,504.0,480.0,491.0,26005236.09399976,12681054711.799622
2021-08-07 09:00:00,490.0,498.0,483.0,493.0,16652340.51163345,8139595906.436073
2021-08-08 09:00:00,493.0,498.0,471.0,479.0,8771008.73811863,4266527308.0892043
2021-08-09 09:00:00,479.0,497.0,455.0,486.0,10434433.65657837,4977910869.927345
2021-08-10 09:00:00,486.0,493.0,478.0,491.0,6884563.07016987,3340495694.600025
2021-08-11 09:00:00,491.0,503.0,481.0,499.0,12795350.4470367,6325792493.920598
2021-08-12 09:00:00,498.0,505.0,457.0,485.0,13788072.6101414,6713966412.405349
2021-08-13 09:00:00,482.0,500.0,477.0,499.0,8490759.50265618,4157839281.036443
2021-08-14 09:00:00,499.0,510.0,486.0,510.0,10975183.92829119,5462489470.381914
2021-08-15 09:00:00,509.0,511.0,490.0,507.0,8378086.93882011,4186291253.662439
2021-08-16 09:00:00,506.0,529.0,495.0,529.0,13446498.02364983,6864500576.778911
2021-08-17 09:00:00,529.0,554.0,485.0,492.0,26425704.74634192,13715099437.848848
2021-08-18 09:00:00,490.0,507.0,465.0,483.0,6499414.85439389,3138404539.20359
2021-08-19 09:00:00,483.0,496.0,466.0,495.0,3209832.65261108,1548617165.852181
2021-08-20 09:00:00,495.0,519.0,492.0,508.0,12790784.23136357,6474280999.761332
2021-08-21 09:00:00,508.0,520.0,503.0,513.0,10275731.91668155,5256654801.776874
2021-08-22 09:00:00,514.0,514.0,497.0,510.0,5179834.84467134,2629196196.388773
2021-08-23 09:00:00,510.0,627.0,501.0,537.0,260238953.3193662,148607060415.33954
2021-08-24 09:00:00,537.0,551.0,516.0,540.0,20548113.14714817,10971390348.850622
2021-08-25 09:00:00,539.0,570.0,500.0,547.0,29426615.75883309,15809588822.829754
2021-08-26 09:00:00,548.0,548.0,509.0,524.0,8428850.5623516,4409543194.551724
2021-08-27 09:00:00,524.0,551.0,505.0,550.0,6026842.40050001,3180355439.5079784
2021-08-28 09:00:00,549.0,550.0,531.0,536.0,5328741.2209979,2863924335.3043647
2021-08-29 09:00:00,539.0,675.0,517.0,561.0,140926000.93782893,84457043776.69492
2021-08-30 09:00:00,563.0,626.0,549.0,557.0,93469992.88289735,54472704321.77816
2021-08-31 09:00:00,558.0,615.0,540.0,569.0,77886456.09651925,45421349227.51465
2021-09-01 09:00:00,570.0,723.0,555.0,584.0,189783427.9368966,120362407121.94937
2021-09-02 09:00:00,583.0,784.0,575.0,639.0,422593504.31889486,291833307026.3297
2021-09-03 09:00:00,638.0,848.0,630.0,734.0,639083525.2931156,471115165605.26196
2021-09-04 09:00:00,734.0,910.0,723.0,805.0,312209332.6196472,255593512148.52988
2021-09-05 09:00:00,805.0,819.0,655.0,680.0,52703119.83854148,37611976263.22053
2021-09-06 09:00:00,680.0,806.0,667.0,725.0,169842084.6360909,124820141677.08134
2021-09-07 09:00:00,725.0,763.0,571.0,609.0,53442949.74326188,37509772883.25629
2021-09-08 09:00:00,608.0,721.0,600.0,662.0,138523306.75437972,91487208246.539
2021-09-09 09:00:00,662.0,714.0,615.0,680.0,55758923.56599571,37344606457.139626
2021-09-10 09:00:00,680.0,687.0,603.0,635.0,22241742.09017367,14608978870.404797
2021-09-11 09:00:00,635.0,638.0,613.0,633.0,5289041.97865462,3313858056.5458755
2021-09-12 09:00:00,633.0,682.0,615.0,659.0,24354825.81716352,15926293549.490856
2021-09-13 09:00:00,660.0,677.0,580.0,608.0,19784903.85581083,12293945734.98102
2021-09-14 09:00:00,607.0,631.0,591.0,618.0,12272108.57308516,7465677287.718807
2021-09-15 09:00:00,617.0,624.0,592.0,624.0,9493090.10654268,5783309780.207447
2021-09-16 09:00:00,623.0,624.0,601.0,618.0,6304566.91230064,3868497695.9233623
2021-09-17 09:00:00,618.0,715.0,612.0,660.0,173132128.87517273,116244668791.90973
2021-09-18 09:00:00,659.0,663.0,636.0,640.0,12722366.65347157,8168259674.753467
2021-09-19 09:00:00,641.0,649.0,614.0,620.0,9443454.98367721,5959132929.80199
2021-09-20 09:00:00,620.0,691.0,593.0,609.0,148985936.09335577,95036070230.6104
2021-09-21 09:00:00,609.0,630.0,519.0,528.0,35978823.70050303,20659971021.75828
2021-09-22 09:00:00,528.0,582.0,500.0,579.0,17282869.75659549,9343963541.362469
2021-09-23 09:00:00,579.0,617.0,550.0,592.0,22404758.59023696,13195713587.62668
2021-09-24 09:00:00,592.0,592.0,523.0,557.0,8071107.49068178,4509563911.093102
2021-09-25 09:00:00,558.0,561.0,534.0,551.0,2804937.44752887,1533037477.1152549
2021-09-26 09:00:00,551.0,580.0,507.0,568.0,6932857.30595492,3784402201.682579
2021-09-27 09:00:00,568.0,592.0,546.0,552.0,7248978.29409575,4080299382.352535
2021-09-28 09:00:00,550.0,590.0,512.0,518.0,9259754.65815855,5062194635.801613
2021-09-29 09:00:00,518.0,543.0,509.0,531.0,3645168.72222558,1923693408.6036339
2021-09-30 09:00:00,531.0,690.0,525.0,603.0,86685095.96772574,52774398394.94612
2021-10-01 09:00:00,605.0,659.0,595.0,639.0,51436807.40318029,32346606715.808804
2021-10-02 09:00:00,639.0,645.0,615.0,635.0,15233890.97407158,9602203406.338015
2021-10-03 09:00:00,635.0,643.0,613.0,638.0,13543304.62191942,8533199282.497608
2021-10-04 09:00:00,638.0,670.0,608.0,641.0,28134689.22351156,17919800590.350296
2021-10-05 09:00:00,641.0,668.0,624.0,662.0,22309236.30507438,14360101772.242151
2021-10-06 09:00:00,661.0,725.0,623.0,687.0,53961103.67680306,36437698897.11252
2021-10-07 09:00:00,685.0,685.0,653.0,675.0,12381433.84402472,8218559555.063395
2021-10-08 09:00:00,676.0,855.0,661.0,773.0,235550432.5975427,180042732945.0526
2021-10-09 09:00:00,774.0,780.0,690.0,697.0,55231393.81470452,39983224418.06036
2021-10-10 09:00:00,698.0,718.0,670.0,678.0,15251645.99742379,10496013873.694515
2021-10-11 09:00:00,675.0,703.0,660.0,692.0,16580036.10439259,11305694232.572144
2021-10-12 09:00:00,692.0,692.0,631.0,666.0,8467236.18932746,5529541993.112294
2021-10-13 09:00:00,666.0,687.0,644.0,676.0,10393612.22670392,6897046597.7396555
2021-10-14 09:00:00,675.0,696.0,663.0,694.0,7837459.76406568,5329475319.572038
2021-10-15 09:00:00,695.0,697.0,630.0,651.0,10144291.16864456,6758531664.824783
2021-10-16 09:00:00,651.0,669.0,638.0,652.0,4072197.94465998,2647741306.923935
2021-10-17 09:00:00,651.0,680.0,626.0,626.0,7620874.6643021,4959290081.0855665
2021-10-18 09:00:00,627.0,634.0,602.0,631.0,5074149.9582646,3117279470.3551006
2021-10-19 09:00:00,632.0,645.0,618.0,644.0,4802199.40499375,3028880688.5923376
2021-10-20 09:00:00,644.0,660.0,624.0,658.0,4778370.21757501,3087960505.4280157
2021-10-21 09:00:00,658.0,675.0,649.0,656.0,4357800.73451293,2883854630.943951
2021-10-22 09:00:00,656.0,674.0,652.0,667.0,4522643.06448145,2995613842.6040444
2021-10-23 09:00:00,665.0,681.0,650.0,674.0,5341217.80799149,3570908307.585425
2021-10-24 09:00:00,675.0,675.0,649.0,657.0,2485041.74895753,1640437579.3769665
2021-10-25 09:00:00,656.0,661.0,645.0,659.0,1946380.19076084,1271807625.906919
2021-10-26 09:00:00,660.0,735.0,647.0,674.0,31320807.81238224,21844472986.90865
2021-10-27 09:00:00,673.0,674.0,582.0,593.0,14044898.29191463,8825188656.622831
2021-10-28 09:00:00,594.0,613.0,581.0,611.0,3867404.65289152,2316239036.10939
2021-10-29 09:00:00,609.0,633.0,606.0,626.0,5927761.76383834,3681163831.815386
2021-10-30 09:00:00,625.0,674.0,610.0,630.0,30356241.83082891,19370459002.501217
2021-10-31 09:00:00,628.0,774.0,608.0,642.0,186863989.60706717,131202793041.14243
2021-11-01 09:00:00,641.0,815.0,625.0,694.0,158789964.74392515,112795404626.76875
2021-11-02 09:00:00,694.0,770.0,677.0,713.0,78592098.97212614,57315623708.702866
2021-11-03 09:00:00,713.0,713.0,647.0,676.0,19724691.80077057,13312508169.09109
2021-11-04 09:00:00,676.0,704.0,671.0,684.0,12300379.40899903,8406497016.898072
2021-11-05 09:00:00,684.0,699.0,672.0,692.0,9266248.56338326,6357728180.026723
2021-11-06 09:00:00,692.0,695.0,664.0,677.0,5020443.79929132,3407384334.107224
2021-11-07 09:00:00,677.0,690.0,670.0,682.0,5482796.54600531,3733358100.6517305
2021-11-08 09:00:00,681.0,699.0,660.0,677.0,9171882.26532376,6212183639.095973
2021-11-09 09:00:00,677.0,688.0,665.0,674.0,7403476.08042842,4986840414.357368
2021-11-10 09:00:00,673.0,677.0,635.0,645.0,6983174.9555791,4611297148.644263
2021-11-11 09:00:00,645.0,656.0,630.0,645.0,3340881.73611548,2143245133.5829282
2021-11-12 09:00:00,645.0,645.0,623.0,631.0,4013892.17034099,2534392389.31168
2021-11-13 09:00:00,633.0,677.0,624.0,637.0,12214751.95828956,7869883257.572431
2021-11-14 09:00:00,637.0,643.0,626.0,639.0,4166432.64776468,2638338268.789203
2021-11-15 09:00:00,639.0,683.0,631.0,665.0,13160414.77946209,8642517625.678972
2021-11-16 09:00:00,665.0,665.0,615.0,639.0,20965416.00975094,13403462697.266876
2021-11-17 09:00:00,639.0,857.0,620.0,714.0,319796892.01708823,241527583476.53775
2021-11-18 09:00:00,714.0,732.0,620.0,621.0,51093031.76318868,34460567747.57757
2021-11-19 09:00:00,621.0,689.0,601.0,670.0,18075742.50853943,11685623288.06844
2021-11-20 09:00:00,670.0,736.0,662.0,715.0,33051164.33962139,23230006886.462154
2021-11-21 09:00:00,716.0,747.0,684.0,696.0,19550249.66773825,13856176614.047638
2021-11-22 09:00:00,696.0,697.0,656.0,664.0,11079691.68876424,7417656558.930384
2021-11-23 09:00:00,662.0,745.0,646.0,670.0,51785836.79752467,35565607500.53996
2021-11-24 09:00:00,671.0,707.0,645.0,665.0,24005642.99589516,16119360760.864273
2021-11-25 09:00:00,665.0,695.0,648.0,692.0,19059469.50112581,12721322222.077982
2021-11-26 09:00:00,693.0,1065.0,677.0,914.0,570336796.6053623,522273518890.36804
2021-11-27 09:00:00,914.0,1020.0,822.0,904.0,252245168.00718755,232769069165.02032
2021-11-28 09:00:00,904.0,1145.0,885.0,949.0,373197872.16221786,375560780138.6275
2021-11-29 09:00:00,949.0,1020.0,924.0,998.0,126445013.7829713,122892889895.27577
2021-11-30 09:00:00,999.0,1005.0,874.0,881.0,46597706.46431852,43233523877.778694
2021-12-01 09:00:00,894.0,970.0,880.0,894.0,86310110.68456295,79747310925.15634
2021-12-02 09:00:00,894.0,895.0,807.0,817.0,29356930.92735158,24446271941.672382
2021-12-03 09:00:00,817.0,874.0,725.0,748.0,52798660.62757701,43195451320.372765
2021-12-04 09:00:00,750.0,782.0,465.0,638.0,44948871.00626052,28746048704.025753
2021-12-05 09:00:00,638.0,654.0,576.0,609.0,13795730.13732333,8534791991.555434
2021-12-06 09:00:00,610.0,707.0,525.0,641.0,103435867.35266148,65562090105.90844
2021-12-07 09:00:00,641.0,712.0,630.0,681.0,75193268.2312992,50801761829.8721
2021-12-08 09:00:00,681.0,744.0,624.0,683.0,34628023.15986216,23628750283.24979
2021-12-09 09:00:00,683.0,690.0,618.0,618.0,12636738.79657792,8292003583.682598
2021-12-10 09:00:00,619.0,629.0,560.0,591.0,11800718.87015496,7078498872.658288
2021-12-11 09:00:00,589.0,645.0,577.0,613.0,15192353.57207867,9304964791.513931
2021-12-12 09:00:00,612.0,619.0,591.0,603.0,4183250.11349261,2523244561.186454
2021-12-13 09:00:00,603.0,617.0,533.0,538.0,9468501.77342881,5472412792.81501
2021-12-14 09:00:00,538.0,551.0,480.0,526.0,7963762.76074584,4130225398.2902417
2021-12-15 09:00:00,527.0,560.0,494.0,549.0,8705676.18829657,4595570933.689922
2021-12-16 09:00:00,550.0,579.0,540.0,554.0,7435096.26594594,4172171058.0839386
2021-12-17 09:00:00,554.0,592.0,536.0,558.0,13764294.44636399,7761550367.609786
2021-12-18 09:00:00,558.0,575.0,545.0,568.0,3952392.3967225,2212412365.5144362
2021-12-19 09:00:00,568.0,574.0,550.0,552.0,3705671.20305361,2071292291.890212
2021-12-20 09:00:00,552.0,553.0,505.0,526.0,5146450.92065733,2694286785.061474
2021-12-21 09:00:00,526.0,550.0,501.0,544.0,4865966.54129946,2589182629.3013964
2021-12-22 09:00:00,544.0,557.0,532.0,549.0,6728170.5873604,3680849708.356083
2021-12-23 09:00:00,552.0,582.0,549.0,580.0,25953197.5662318,14717691388.887947
2021-12-24 09:00:00,581.0,600.0,573.0,577.0,8885206.99075975,5202657995.573423
2021-12-25 09:00:00,577.0,586.0,573.0,586.0,4644762.64933438,2688327794.7822013
2021-12-26 09:00:00,586.0,624.0,586.0,601.0,32747451.54913042,19821762757.915073
2021-12-27 09:00:00,602.0,604.0,582.0,594.0,9344505.54302106,5548488749.611896
2021-12-28 09:00:00,594.0,594.0,546.0,548.0,6329556.21302964,3598562716.957275
2021-12-29 09:00:00,547.0,580.0,510.0,517.0,9584677.66699291,5192547227.9827
2021-12-30 09:00:00,517.0,531.0,505.0,520.0,5389016.63017117,2789273114.851743
2021-12-31 09:00:00,522.0,599.0,521.0,559.0,90327076.79192294,51571814976.58464
2022-01-01 09:00:00,559.0,577.0,545.0,562.0,15663658.55160915,8743326627.001545
2022-01-02 09:00:00,561.0,765.0,548.0,628.0,251555643.17595714,165306125576.59247
2022-01-03 09:00:00,628.0,690.0,579.0,593.0,77384337.95763056,49110046187.94588
2022-01-04 09:00:00,593.0,622.0,560.0,577.0,34617751.37071451,20592994834.334263
2022-01-05 09:00:00,582.0,602.0,521.0,552.0,14776037.25566975,8463639791.982986
2022-01-06 09:00:00,552.0,574.0,520.0,550.0,7021998.5105372,3782717337.145912
2022-01-07 09:00:00,548.0,583.0,504.0,522.0,17580166.11941046,9549033010.30392
2022-01-08 09:00:00,522.0,526.0,493.0,505.0,4194352.70828858,2147538387.7202773
2022-01-09 09:00:00,512.0,557.0,499.0,530.0,55875438.31395504,29835310666.930485
2022-01-10 09:00:00,531.0,541.0,463.0,509.0,16139919.67776199,8260247068.0946665
2022-01-11 09:00:00,507.0,530.0,474.0,519.0,9143320.70537076,4538156196.048424
2022-01-12 09:00:00,519.0,531.0,499.0,530.0,11142266.68365125,5750278534.236802
2022-01-13 09:00:00,530.0,542.0,505.0,509.0,12913218.29649388,6788202683.029624
2022-01-14 09:00:00,511.0,518.0,497.0,512.0,5110367.81298342,2590214176.8804626
2022-01-15 09:00:00,515.0,605.0,512.0,539.0,192643128.87467304,110107997562.2133
2022-01-16 09:00:00,539.0,539.0,518.0,527.0,21524687.93268808,11310694205.193798
2022-01-17 09:00:00,527.0,527.0,504.0,516.0,6974245.45595943,3586594983.496594
2022-01-18 09:00:00,516.0,516.0,492.0,507.0,4332115.76832484,2173598451.822799
2022-01-19 09:00:00,505.0,506.0,472.0,484.0,4300900.89882623,2097399452.0785954
2022-01-20 09:00:00,484.0,512.0,474.0,486.0,9309986.33942465,4586779831.839405
2022-01-21 09:00:00,486.0,487.0,407.0,423.0,8805598.89894768,3949546490.3279
2022-01-22 09:00:00,423.0,445.0,343.0,395.0,10268459.1184212,3994085601.4702373
2022-01-23 09:00:00,391.0,405.0,368.0,401.0,7640655.22256464,2991633879.3805256
2022-01-24 09:00:00,402.0,435.0,337.0,383.0,36464579.75467754,14443628481.679472
2022-01-25 09:00:00,383.0,411.0,348.0,386.0,35907937.40009481,13622896305.314266
2022-01-26 09:00:00,386.0,414.0,368.0,397.0,21225027.4955409,8328783555.398571
2022-01-27 09:00:00,398.0,412.0,378.0,406.0,7858402.32103563,3093040324.240509
2022-01-28 09:00:00,410.0,456.0,406.0,422.0,70085632.35175402,30366105116.474636
2022-01-29 09:00:00,422.0,429.0,412.0,428.0,11738309.12486748,4928173282.560414
2022-01-30 09:00:00,428.0,448.0,413.0,424.0,16212335.38897269,6968575399.725727
2022-01-31 09:00:00,424.0,424.0,400.0,422.0,4796868.80814734,1972629983.5404813
2022-02-01 09:00:00,422.0,430.0,415.0,428.0,4400345.77718456,1857466212.6992874
2022-02-02 09:00:00,428.0,449.0,419.0,427.0,20374384.64811251,8776530551.896566
2022-02-03 09:00:00,425.0,480.0,417.0,444.0,54766719.67595289,24469194540.402897
2022-02-04 09:00:00,446.0,469.0,435.0,469.0,16564293.88309706,7391055534.845361
2022-02-05 09:00:00,468.0,493.0,459.0,490.0,19694707.19339416,9348901597.281946
2022-02-06 09:00:00,490.0,493.0,459.0,491.0,13326999.53923276,6396110689.846095
2022-02-07 09:00:00,492.0,553.0,490.0,505.0,126317398.24492645,66094343447.080696
2022-02-08 09:00:00,505.0,506.0,453.0,484.0,16202070.35269846,7815007502.191518
2022-02-09 09:00:00,484.0,502.0,467.0,498.0,15532227.17265053,7597002432.476745
2022-02-10 09:00:00,496.0,497.0,465.0,482.0,6774082.91364122,3264023158.889342
2022-02-11 09:00:00,485.0,505.0,455.0,463.0,9964132.43155326,4741066062.949348
2022-02-12 09:00:00,463.0,476.0,440.0,460.0,5504790.86873982,2510745304.9896803
2022-02-13 09:00:00,459.0,466.0,443.0,456.0,5151779.88553142,2338624721.52917
2022-02-14 09:00:00,456.0,456.0,432.0,443.0,4673586.52598075,2055663901.5714016
2022-02-15 09:00:00,442.0,471.0,435.0,468.0,6909116.18660992,3131610006.8194594
2022-02-16 09:00:00,467.0,469.0,449.0,463.0,5991890.84760603,2756257470.408643
2022-02-17 09:00:00,464.0,480.0,422.0,425.0,10589252.11608539,4839083352.322704
2022-02-18 09:00:00,424.0,432.0,410.0,419.0,5501494.07742835,2323869591.6121817
2022-02-19 09:00:00,418.0,423.0,397.0,411.0,2991907.51633013,1220121196.6953783
2022-02-20 09:00:00,413.0,430.0,387.0,399.0,4893812.29181662,1979013726.312775
2022-02-21 09:00:00,399.0,407.0,372.0,378.0,4296602.97735006,1701513409.049406
2022-02-22 09:00:00,378.0,393.0,354.0,392.0,4930471.23091514,1836529155.832834
2022-02-23 09:00:00,392.0,402.0,375.0,389.0,6294132.39308364,2446214292.273779
2022-02-24 09:00:00,384.0,398.0,340.0,380.0,9522080.0937203,3442964923.1785526
2022-02-25 09:00:00,382.0,627.0,378.0,600.0,1042791578.5829918,565983423547.8423
2022-02-26 09:00:00,599.0,786.0,581.0,670.0,868014061.258379,589377401730.6503
2022-02-27 09:00:00,670.0,705.0,540.0,553.0,255654657.3272975,158291845224.8326
2022-02-28 09:00:00,549.0,609.0,506.0,586.0,267388596.9617745,147465358042.72855
2022-03-01 09:00:00,586.0,587.0,546.0,574.0,153201372.02156138,86432228582.08635
2022-03-02 09:00:00,575.0,582.0,524.0,540.0,67785581.35158585,36747197152.75634
2022-03-03 09:00:00,539.0,540.0,511.0,525.0,26751585.95761937,13985358303.092958
2022-03-04 09:00:00,520.0,698.0,484.0,611.0,740920117.3700025,442039740003.8259
2022-03-05 09:00:00,612.0,656.0,577.0,584.0,256979881.78931382,157425706260.16345
2022-03-06 09:00:00,584.0,612.0,554.0,564.0,218319601.89348203,128122939543.53621
2022-03-07 09:00:00,563.0,602.0,535.0,601.0,152758104.02722064,85438645749.31544
2022-03-08 09:00:00,601.0,715.0,588.0,630.0,399606479.9650002,254050360502.5601
2022-03-09 09:00:00,629.0,651.0,599.0,627.0,178450228.2293377,111487345593.45805
2022-03-10 09:00:00,627.0,627.0,555.0,579.0,68058184.6441058,40571843598.571335
2022-03-11 09:00:00,579.0,658.0,545.0,606.0,241084478.26594284,146472812853.59848
2022-03-12 09:00:00,606.0,633.0,597.0,613.0,71418796.50244156,43792182484.612724
2022-03-13 09:00:00,612.0,618.0,573.0,585.0,34789268.49855371,20740207032.043686
2022-03-14 09:00:00,585.0,595.0,563.0,588.0,41082466.01116561,23763915055.31843
2022-03-15 09:00:00,588.0,591.0,561.0,567.0,23981277.13174554,13680678676.571133
2022-03-16 09:00:00,567.0,576.0,557.0,574.0,22753072.9768517,12859012869.438322
2022-03-17 09:00:00,574.0,574.0,560.0,573.0,12888704.82493321,7290068811.799536
2022-03-18 09:00:00,572.0,600.0,564.0,587.0,42883816.19933948,24813851793.80705
2022-03-19 09:00:00,587.0,597.0,574.0,589.0,28625241.98319975,16750658791.883726
2022-03-20 09:00:00,589.0,600.0,578.0,600.0,26539133.10005996,15560468084.696474
2022-03-21 09:00:00,600.0,605.0,577.0,592.0,23460939.65125511,13750154559.116402
2022-03-22 09:00:00,591.0,597.0,582.0,595.0,32497684.9933597,19196900259.844788
2022-03-23 09:00:00,595.0,596.0,583.0,592.0,19187510.29671291,11270970468.741293
2022-03-24 09:00:00,593.0,595.0,584.0,593.0,19211462.54812926,11298289796.889034
2022-03-25 09:00:00,593.0,652.0,586.0,613.0,118386967.86988105,73877055759.80211
2022-03-26 09:00:00,613.0,646.0,592.0,633.0,79722606.11573032,49514962967.705734
2022-03-27 09:00:00,633.0,714.0,618.0,647.0,197309060.55949304,130404971752.1956
2022-03-28 09:00:00,648.0,692.0,638.0,675.0,87674648.17957543,58265284665.934235
2022-03-29 09:00:00,675.0,700.0,640.0,669.0,56017955.57990501,37709465296.03033
2022-03-30 09:00:00,670.0,706.0,643.0,681.0,52789987.32974642,35508363308.95834
2022-03-31 09:00:00,682.0,698.0,650.0,676.0,73095580.60460712,49357292741.93139
2022-04-01 09:00:00,676.0,694.0,643.0,693.0,30473515.63587661,20226479979.561684
2022-04-02 09:00:00,694.0,730.0,673.0,698.0,51121840.78290209,35541420491.81747
2022-04-03 09:00:00,698.0,711.0,663.0,710.0,23702331.47248977,16301669910.265385
2022-04-04 09:00:00,711.0,713.0,635.0,661.0,29765883.61141666,19966892423.684624
2022-04-05 09:00:00,659.0,667.0,634.0,639.0,12522409.00647129,8086040701.993609
2022-04-06 09:00:00,639.0,653.0,555.0,559.0,26086896.03294538,15423955995.58528
2022-04-07 09:00:00,559.0,584.0,541.0,582.0,11763448.97165993,6672770612.2807045
2022-04-08 09:00:00,582.0,598.0,559.0,583.0,11231741.42320428,6506105451.431494
2022-04-09 09:00:00,583.0,589.0,562.0,580.0,5438572.12776976,3117749058.3854218
2022-04-10 09:00:00,580.0,581.0,558.0,563.0,4525895.83139876,2563741417.29092
2022-04-11 09:00:00,563.0,564.0,502.0,509.0,10227012.78023898,5399001758.639069
2022-04-12 09:00:00,509.0,582.0,497.0,531.0,30694572.19838119,16398994839.487728
2022-04-13 09:00:00,532.0,619.0,520.0,563.0,92447695.88370094,53035104718.61637
2022-04-14 09:00:00,564.0,579.0,536.0,547.0,17073125.39502289,9508269163.302011
2022-04-15 09:00:00,547.0,572.0,535.0,549.0,15195233.13973107,8371162594.197518
2022-04-16 09:00:00,549.0,549.0,532.0,537.0,3185562.8317138,1720283938.8382802
2022-04-17 09:00:00,538.0,553.0,526.0,530.0,9600114.83388094,5188974422.303892
2022-04-18 09:00:00,531.0,531.0,497.0,526.0,9661174.42154331,4941985640.159172
2022-04-19 09:00:00,526.0,546.0,519.0,539.0,8366737.127563,4447838268.394299
2022-04-20 09:00:00,539.0,549.0,523.0,548.0,7591827.23222049,4068108054.5009575
2022-04-21 09:00:00,548.0,586.0,532.0,544.0,41813667.10491544,23246010671.0427
2022-04-22 09:00:00,544.0,559.0,531.0,546.0,14042441.42702072,7647485876.8580885
2022-04-23 09:00:00,545.0,623.0,545.0,556.0,158826616.97716692,92434567159.34914
2022-04-24 09:00:00,556.0,572.0,516.0,525.0,21846699.24828651,11906626908.979166
2022-04-25 09:00:00,525.0,525.0,491.0,518.0,11618769.92951907,5905592644.806535
2022-04-26 09:00:00,518.0,543.0,493.0,504.0,26538522.1869828,13889201015.421711
2022-04-27 09:00:00,503.0,512.0,485.0,508.0,7950912.85768081,3979361033.5141253
2022-04-28 09:00:00,509.0,514.0,495.0,505.0,6524584.33401978,3295346397.1777706
2022-04-29 09:00:00,505.0,509.0,483.0,484.0,4229990.62408921,2088407077.2080443
2022-04-30 09:00:00,488.0,520.0,448.0,450.0,20426934.70135714,9987653824.752724
2022-05-01 09:00:00,450.0,483.0,410.0,456.0,12851234.83326422,5736364730.747646
2022-05-02 09:00:00,456.0,460.0,430.0,451.0,4526094.0822053,2020339009.0049658
2022-05-03 09:00:00,453.0,460.0,438.0,442.0,5302717.46151296,2382252367.825589
2022-05-04 09:00:00,442.0,477.0,433.0,477.0,7661517.46051776,3463959102.4120946
2022-05-05 09:00:00,488.0,537.0,458.0,487.0,144547751.64063263,73958753476.37654
2022-05-06 09:00:00,488.0,506.0,439.0,464.0,25117494.05324061,11692530755.261803
2022-05-07 09:00:00,464.0,464.0,426.0,436.0,7338290.09569295,3260105438.193007
2022-05-08 09:00:00,435.0,441.0,405.0,418.0,6629769.43911997,2774130653.489265
2022-05-09 09:00:00,416.0,425.0,360.0,362.0,10208930.84194986,4000121165.5955815
2022-05-10 09:00:00,370.0,396.0,330.0,365.0,12888446.64495144,4720511100.037138
2022-05-11 09:00:00,363.0,370.0,287.0,294.0,15515164.60585454,5085383821.775509
2022-05-12 09:00:00,295.0,303.0,225.0,286.0,25697358.12800875,6468774024.652279
2022-05-13 09:00:00,287.0,330.0,267.0,318.0,16593145.81273352,5065731706.353516
2022-05-14 09:00:00,318.0,348.0,298.0,344.0,13579079.90448253,4449302047.931065
2022-05-15 09:00:00,342.0,365.0,325.0,363.0,4812701.88896912,1642666161.1784902
2022-05-16 09:00:00,362.0,362.0,327.0,336.0,5837268.47911729,1994805077.3863773
2022-05-17 09:00:00,337.0,354.0,330.0,353.0,3749616.24974982,1273615831.5274477
2022-05-18 09:00:00,354.0,435.0,330.0,334.0,180093127.39498553,71054275960.58832
2022-05-19 09:00:00,334.0,345.0,299.0,340.0,28865778.18203808,9213884102.746193
2022-05-20 09:00:00,342.0,342.0,312.0,329.0,18187031.5934899,5991822249.067986
2022-05-21 09:00:00,329.0,330.0,315.0,328.0,5911452.49626439,1904954415.7568874
2022-05-22 09:00:00,328.0,354.0,322.0,347.0,19013888.9393405,6439128843.597207
2022-05-23 09:00:00,347.0,400.0,320.0,331.0,55029051.23547596,20134518242.384846
2022-05-24 09:00:00,331.0,337.0,304.0,333.0,10275736.86675778,3309897053.4657297
2022-05-25 09:00:00,333.0,335.0,318.0,332.0,6107241.40705749,1986294587.1803486
2022-05-26 09:00:00,332.0,353.0,306.0,322.0,16046898.81604371,5280764948.68652
2022-05-27 09:00:00,322.0,339.0,303.0,320.0,19611681.90997174,6370940108.736246
2022-05-28 09:00:00,320.0,323.0,310.0,321.0,3282510.62035981,1036303619.4722037
2022-05-29 09:00:00,321.0,329.0,311.0,329.0,4143769.1262831,1322149739.8758821
2022-05-30 09:00:00,329.0,352.0,320.0,351.0,12895007.75229867,4335962531.681784
2022-05-31 09:00:00,350.0,363.0,332.0,346.0,15477623.80962874,5378967264.50336
2022-06-01 09:00:00,347.0,444.0,336.0,349.0,129469277.54438493,49776349903.22365
2022-06-02 09:00:00,349.0,519.0,337.0,425.0,883853901.5479751,403143997408.85254
2022-06-03 09:00:00,425.0,455.0,391.0,414.0,222277520.25618577,94283269300.41109
2022-06-04 09:00:00,412.0,414.0,376.0,388.0,34726641.09425,13555290178.067581
2022-06-05 09:00:00,388.0,406.0,363.0,383.0,39421151.68831144,14937513792.124432
2022-06-06 09:00:00,383.0,400.0,374.0,387.0,32386743.39309217,12494750039.807316
2022-06-07 09:00:00,386.0,399.0,358.0,375.0,33302878.96476862,12685370245.819952
2022-06-08 09:00:00,375.0,376.0,361.0,367.0,7236757.65096815,2654003177.4251657
2022-06-09 09:00:00,369.0,409.0,365.0,380.0,61083504.32786187,23151690857.093113
2022-06-10 09:00:00,379.0,380.0,344.0,353.0,19322216.69435698,6961036465.128695
2022-06-11 09:00:00,353.0,363.0,318.0,333.0,15101370.87828806,5177320256.408035
2022-06-12 09:00:00,334.0,335.0,293.0,304.0,10713732.26584127,3310959354.8096604
2022-06-13 09:00:00,304.0,309.0,248.0,261.0,16790612.20383659,4628222258.158739
2022-06-14 09:00:00,262.0,267.0,226.0,266.0,15996262.57954972,4030585757.597081
2022-06-15 09:00:00,266.0,284.0,231.0,284.0,16192261.4641877,4162403971.638558
2022-06-16 09:00:00,283.0,325.0,266.0,278.0,68525179.21064362,20056336391.47369
2022-06-17 09:00:00,278.0,299.0,267.0,292.0,19023953.65672669,5436418585.512667
2022-06-18 09:00:00,291.0,295.0,255.0,270.0,11871726.23356851,3254364723.155362
2022-06-19 09:00:00,271.0,290.0,247.0,289.0,17644567.77366029,4744651282.477502
2022-06-20 09:00:00,288.0,299.0,271.0,298.0,18060729.84307393,5136800949.164845
2022-06-21 09:00:00,299.0,345.0,298.0,314.0,106872944.88813536,34367247755.505585
2022-06-22 09:00:00,314.0,314.0,294.0,303.0,15495756.20947774,4669595485.286614
2022-06-23 09:00:00,303.0,326.0,298.0,325.0,14838793.9958254,4596301101.300816
2022-06-24 09:00:00,325.0,333.0,311.0,333.0,19039859.62599476,6065766942.652236
2022-06-25 09:00:00,333.0,333.0,314.0,328.0,14703051.07286363,4761107535.978142
2022-06-26 09:00:00,328.0,329.0,314.0,315.0,9184776.10475352,2943429938.652464
2022-06-27 09:00:00,315.0,346.0,309.0,324.0,38007379.81002649,12275725655.32009
2022-06-28 09:00:00,324.0,341.0,314.0,315.0,38683231.03192085,12663921152.882576
2022-06-29 09:00:00,315.0,324.0,297.0,308.0,11525502.53161061,3536761879.345879
2022-06-30 09:00:00,308.0,324.0,271.0,297.0,77947129.74385798,23830184619.243225
2022-07-01 09:00:00,298.0,336.0,290.0,305.0,100853726.2545143,31622075785.569473
2022-07-02 09:00:00,305.0,305.0,291.0,298.0,8139327.55568821,2412832366.889827
2022-07-03 09:00:00,299.0,313.0,291.0,305.0,27523493.50479746,8371091435.853884
2022-07-04 09:00:00,306.0,328.0,295.0,315.0,81222272.38879319,25560218195.522766
2022-07-05 09:00:00,316.0,327.0,307.0,318.0,34496097.39482691,10950465779.395693
2022-07-06 09:00:00,318.0,321.0,309.0,319.0,6708272.43615002,2103757209.0575192
2022-07-07 09:00:00,319.0,325.0,312.0,325.0,9502313.06054589,3013772221.092279
2022-07-08 09:00:00,325.0,338.0,318.0,329.0,27502343.67762981,9022959926.05184
2022-07-09 09:00:00,329.0,333.0,317.0,333.0,14906777.28245803,4850431260.821561
2022-07-10 09:00:00,333.0,340.0,320.0,335.0,18095665.73978886,5980260649.309473
2022-07-11 09:00:00,335.0,342.0,312.0,315.0,26303316.08124943,8615801645.603067
2022-07-12 09:00:00,314.0,333.0,305.0,308.0,36575687.41351108,11686242040.841574
2022-07-13 09:00:00,308.0,312.0,291.0,311.0,14034985.85667562,4239031248.4207935
2022-07-14 09:00:00,311.0,315.0,296.0,311.0,6458854.77580815,1970765714.9034288
2022-07-15 09:00:00,311.0,319.0,306.0,316.0,6727309.87995853,2098306568.4091756
2022-07-16 09:00:00,317.0,320.0,310.0,318.0,5717951.83534107,1799210508.3282933
2022-07-17 09:00:00,318.0,320.0,310.0,314.0,7174090.71487148,2264311024.7136908
2022-07-18 09:00:00,315.0,330.0,311.0,329.0,13873331.19524668,4451421760.014753
2022-07-19 09:00:00,329.0,340.0,321.0,338.0,15358108.32446206,5049017873.668549
2022-07-20 09:00:00,339.0,348.0,319.0,325.0,29071201.80040587,9858805943.77092
2022-07-21 09:00:00,324.0,332.0,317.0,331.0,11831219.5590771,3849851491.9228873
2022-07-22 09:00:00,330.0,341.0,324.0,340.0,10704887.79087865,3554236045.364722
2022-07-23 09:00:00,340.0,340.0,327.0,338.0,7911551.26267625,2646601590.1014333
2022-07-24 09:00:00,338.0,338.0,330.0,333.0,5137636.19523532,1713636581.220226
2022-07-25 09:00:00,334.0,334.0,309.0,311.0,8066475.48264081,2570832147.9214635
2022-07-26 09:00:00,311.0,330.0,301.0,317.0,16454356.82070163,5194553829.869637
2022-07-27 09:00:00,317.0,329.0,312.0,328.0,6966559.99541758,2230380177.870055
2022-07-28 09:00:00,329.0,336.0,320.0,334.0,10966612.83542216,3579876929.8356147
2022-07-29 09:00:00,334.0,337.0,323.0,333.0,11920635.04748718,3953541370.3531146
2022-07-30 09:00:00,333.0,347.0,332.0,340.0,13845912.86455467,4710690200.801935
2022-07-31 09:00:00,340.0,367.0,332.0,350.0,31811714.20069037,11183117954.455694
2022-08-01 09:00:00,350.0,370.0,348.0,370.0,31240203.15540919,11249273048.020578
2022-08-02 09:00:00,370.0,372.0,337.0,352.0,14597183.033274,5144295921.388212
2022-08-03 09:00:00,352.0,354.0,341.0,351.0,7146397.13544197,2480726133.2511225
2022-08-04 09:00:00,348.0,353.0,346.0,350.0,6917238.07193917,2415844058.091921
2022-08-05 09:00:00,350.0,361.0,348.0,360.0,8844460.67959325,3113887851.8019457
2022-08-06 09:00:00,360.0,364.0,357.0,362.0,5355258.02778252,1928320146.392166
2022-08-07 09:00:00,361.0,361.0,355.0,361.0,4298577.53158875,1538685487.6715846
2022-08-08 09:00:00,360.0,363.0,354.0,362.0,9101079.94133897,3272773991.4858475
2022-08-09 09:00:00,362.0,362.0,341.0,347.0,11399051.67096769,4004333031.523921
2022-08-10 09:00:00,348.0,360.0,339.0,358.0,11479939.19247952,4025867790.6134467
2022-08-11 09:00:00,359.0,516.0,359.0,405.0,872026399.3940642,404376262347.9756
2022-08-12 09:00:00,405.0,405.0,383.0,395.0,37327167.08496056,14651984573.732975
2022-08-13 09:00:00,395.0,395.0,384.0,385.0,10291461.18402364,3986969257.142439
2022-08-14 09:00:00,385.0,419.0,380.0,384.0,61609709.41155342,24608112614.39976
2022-08-15 09:00:00,384.0,428.0,376.0,384.0,70442881.7932448,28106804677.827545
2022-08-16 09:00:00,384.0,422.0,376.0,403.0,162179285.07571736,65334013508.732635
2022-08-17 09:00:00,403.0,428.0,382.0,397.0,63293608.57685096,25806059956.416954
2022-08-18 09:00:00,396.0,409.0,382.0,397.0,30025290.32095603,11959928476.97357
2022-08-19 09:00:00,396.0,397.0,344.0,345.0,19656260.6220579,7229943199.317739
2022-08-20 09:00:00,345.0,368.0,343.0,352.0,10349158.83654021,3663839247.322283
2022-08-21 09:00:00,352.0,369.0,348.0,360.0,19139898.65769196,6874835112.0161
2022-08-22 09:00:00,360.0,360.0,336.0,350.0,8149666.67149936,2824412918.490837
2022-08-23 09:00:00,349.0,352.0,338.0,350.0,6488476.21363804,2244297832.204085
2022-08-24 09:00:00,350.0,356.0,342.0,348.0,7196226.45446482,2507310766.4379582
2022-08-25 09:00:00,348.0,365.0,346.0,356.0,20218234.34478,7173552599.797451
2022-08-26 09:00:00,356.0,360.0,333.0,335.0,10203901.15765567,3548851196.1502857
2022-08-27 09:00:00,335.0,344.0,325.0,335.0,5869833.04164218,1952066720.8109245
2022-08-28 09:00:00,335.0,354.0,324.0,326.0,21012862.28711025,7159354107.374726
2022-08-29 09:00:00,325.0,354.0,321.0,341.0,58795833.80592697,20042697621.05682
2022-08-30 09:00:00,342.0,345.0,330.0,335.0,9924442.49164711,3358934996.6761765
2022-08-31 09:00:00,335.0,343.0,333.0,336.0,6956565.67946192,2346794166.8259616
2022-09-01 09:00:00,336.0,337.0,325.0,332.0,4954348.46194065,1638392618.5881824
2022-09-02 09:00:00,333.0,350.0,327.0,333.0,14694860.68909971,4948797265.08785
2022-09-03 09:00:00,333.0,334.0,328.0,329.0,2506773.23795588,826773124.9304345
2022-09-04 09:00:00,330.0,330.0,324.0,328.0,2122390.08304507,694875001.686338
2022-09-05 09:00:00,328.0,329.0,321.0,324.0,3763954.98651924,1219847136.1718261
2022-09-06 09:00:00,324.0,330.0,311.0,312.0,5542926.61720885,1787552279.8288114
2022-09-07 09:00:00,312.0,323.0,307.0,320.0,4429328.86368351,1387999081.0695179
2022-09-08 09:00:00,321.0,535.0,317.0,408.0,735487004.6527148,318481805799.59985
2022-09-09 09:00:00,408.0,444.0,380.0,391.0,203572806.748737,83343297571.01344
2022-09-10 09:00:00,391.0,400.0,375.0,384.0,38014615.50061944,14595900637.296785
2022-09-11 09:00:00,384.0,454.0,379.0,407.0,309723092.85967803,128350425491.69148
2022-09-12 09:00:00,408.0,541.0,396.0,439.0,589494633.4530625,280532669532.4235
2022-09-13 09:00:00,439.0,492.0,408.0,447.0,283065110.9075866,128455231794.63277
2022-09-14 09:00:00,448.0,474.0,415.0,430.0,96131288.822992,42843601836.49088
2022-09-15 09:00:00,429.0,430.0,395.0,413.0,46280863.90035089,19114549956.206486
2022-09-16 09:00:00,413.0,449.0,406.0,428.0,85277107.26951088,36853069272.11176
2022-09-17 09:00:00,428.0,442.0,417.0,427.0,23194454.6352486,9975642438.548065
2022-09-18 09:00:00,429.0,434.0,379.0,385.0,15977052.18914832,6528604566.441464
2022-09-19 09:00:00,386.0,428.0,382.0,413.0,45337835.39397639,18086427447.244026
2022-09-20 09:00:00,413.0,413.0,389.0,393.0,14835383.27949429,5905541703.466483
2022-09-21 09:00:00,392.0,424.0,381.0,393.0,58108657.8503372,23361023586.342403
2022-09-22 09:00:00,394.0,402.0,387.0,401.0,13402940.98724437,5289330092.507438
2022-09-23 09:00:00,401.0,412.0,386.0,397.0,22727630.10066971,9051218872.566452
2022-09-24 09:00:00,397.0,411.0,390.0,399.0,17907346.43748132,7162131902.214634
2022-09-25 09:00:00,399.0,399.0,385.0,388.0,8331316.02256772,3270557379.400683
2022-09-26 09:00:00,388.0,395.0,369.0,387.0,17886281.80714386,6863711106.482433
2022-09-27 09:00:00,387.0,395.0,375.0,383.0,14345809.98682359,5559993523.877265
2022-09-28 09:00:00,382.0,383.0,370.0,381.0,6663077.06622663,2510248557.867497
2022-09-29 09:00:00,381.0,381.0,371.0,379.0,4473144.76047841,1683076911.0866199
2022-09-30 09:00:00,379.0,379.0,372.0,377.0,4610290.93457584,1725778842.2772233
2022-10-01 09:00:00,376.0,433.0,374.0,401.0,117999734.50820605,48336205306.03933
2022-10-02 09:00:00,400.0,403.0,375.0,377.0,33180416.61002406,12899260886.976513
2022-10-03 09:00:00,376.0,398.0,372.0,379.0,41959038.61168555,16088202572.822367
2022-10-04 09:00:00,379.0,384.0,375.0,381.0,12852975.04199421,4863938479.048167
2022-10-05 09:00:00,380.0,381.0,374.0,379.0,7254832.16772794,2731698963.2364817
2022-10-06 09:00:00,379.0,385.0,376.0,378.0,10706285.45607428,4056451624.728889
2022-10-07 09:00:00,379.0,398.0,372.0,384.0,42094973.96199845,16195037286.43635
2022-10-08 09:00:00,384.0,420.0,380.0,392.0,95019544.4375863,38011205778.82543
2022-10-09 09:00:00,392.0,392.0,378.0,384.0,14185135.1689333,5426379595.017418
2022-10-10 09:00:00,383.0,404.0,378.0,380.0,38410615.78843535,14988315405.522692
2022-10-11 09:00:00,380.0,380.0,363.0,370.0,9881797.0325536,3660886041.114451
2022-10-12 09:00:00,370.0,370.0,362.0,367.0,3713668.88704512,1354975467.2506552
2022-10-13 09:00:00,367.0,367.0,333.0,361.0,10773710.26972478,3769531938.664475
2022-10-14 09:00:00,360.0,374.0,357.0,374.0,7508326.72170997,2743793688.1870275
2022-10-15 09:00:00,373.0,374.0,361.0,365.0,3682758.30386175,1348023053.3905644
2022-10-16 09:00:00,365.0,365.0,359.0,362.0,3036955.56760002,1099658827.5478804
2022-10-17 09:00:00,362.0,424.0,347.0,380.0,172272913.86439326,67842848824.85738
2022-10-18 09:00:00,381.0,407.0,372.0,376.0,105833158.4861827,41488226655.53522
2022-10-19 09:00:00,376.0,398.0,372.0,380.0,83587208.91459954,32107739029.016876
2022-10-20 09:00:00,379.0,380.0,362.0,369.0,14622687.32264767,5383124028.953264
2022-10-21 09:00:00,368.0,382.0,355.0,369.0,19692974.23825202,7255207069.684626
2022-10-22 09:00:00,368.0,373.0,364.0,368.0,8196758.57733889,3009904511.929634
2022-10-23 09:00:00,368.0,378.0,362.0,372.0,16656172.22238105,6137777012.148079
2022-10-24 09:00:00,372.0,377.0,365.0,373.0,10857924.63990056,3999755163.1216955
2022-10-25 09:00:00,374.0,377.0,368.0,377.0,9691673.68488166,3602616300.6015816
2022-10-26 09:00:00,377.0,404.0,374.0,385.0,56787039.67040201,22037293625.52504
2022-10-27 09:00:00,385.0,386.0,378.0,379.0,14250068.86503104,5426547333.42492
2022-10-28 09:00:00,379.0,381.0,371.0,381.0,8106823.49725213,3044703041.375641
2022-10-29 09:00:00,380.0,388.0,378.0,384.0,12100532.04387498,4625767730.282136
2022-10-30 09:00:00,383.0,383.0,377.0,382.0,9469910.6646421,3594901297.0132155
2022-10-31 09:00:00,382.0,398.0,373.0,388.0,29842907.92033812,11513826521.823273
2022-11-01 09:00:00,388.0,418.0,381.0,390.0,61979854.24235253,24600157613.171402
2022-11-02 09:00:00,390.0,396.0,370.0,377.0,22076417.01567464,8426702098.467845
2022-11-03 09:00:00,377.0,408.0,376.0,393.0,72990898.63093299,28704966597.503025
2022-11-04 09:00:00,393.0,404.0,385.0,402.0,20623299.50745516,8077832700.807632
2022-11-05 09:00:00,403.0,407.0,396.0,399.0,12675532.70458122,5069251964.854659
2022-11-06 09:00:00,400.0,401.0,385.0,386.0,7334058.87542824,2890927606.4434366
2022-11-07 09:00:00,386.0,393.0,381.0,388.0,9974198.66480453,3856066840.691579
2022-11-08 09:00:00,390.0,390.0,320.0,339.0,18720210.57272631,6733481871.79997
2022-11-09 09:00:00,339.0,347.0,245.0,261.0,21810409.6803135,6527892580.965587
2022-11-10 09:00:00,261.0,306.0,255.0,306.0,20718073.82486883,5782723407.556164
2022-11-11 09:00:00,306.0,310.0,265.0,285.0,14811029.10638713,4236685949.234353
2022-11-12 09:00:00,285.0,296.0,270.0,280.0,7603719.67904154,2155236534.201876
2022-11-13 09:00:00,280.0,293.0,256.0,270.0,22358101.43666488,6201318955.411712
2022-11-14 09:00:00,270.0,272.0,237.0,271.0,18225218.19624372,4694390672.862961
2022-11-15 09:00:00,271.0,304.0,263.0,281.0,54704177.61921079,15670717488.285402
2022-11-16 09:00:00,282.0,306.0,278.0,289.0,93713615.94806561,27432877044.135353
2022-11-17 09:00:00,289.0,291.0,270.0,280.0,12528342.33210512,3509620581.407547
2022-11-18 09:00:00,280.0,305.0,276.0,291.0,38876867.46580085,11350066834.475039
2022-11-19 09:00:00,290.0,305.0,286.0,304.0,17691392.20960728,5236462514.190359
2022-11-20 09:00:00,303.0,324.0,283.0,288.0,45642688.80896828,14071359505.656267
2022-11-21 09:00:00,289.0,290.0,272.0,283.0,14221230.05329979,3991670560.9691844
2022-11-22 09:00:00,283.0,294.0,269.0,293.0,9778444.43801872,2733635491.0315547
2022-11-23 09:00:00,292.0,306.0,289.0,305.0,19787647.62889614,5864325786.727155
2022-11-24 09:00:00,305.0,312.0,277.0,307.0,17355093.80162624,5183545792.908412
2022-11-25 09:00:00,306.0,315.0,293.0,309.0,15703931.41971946,4763193574.331168
2022-11-26 09:00:00,308.0,309.0,300.0,305.0,6566548.21841318,1995184880.1107907
2022-11-27 09:00:00,304.0,304.0,299.0,303.0,5793617.595342,1748001899.0482159
2022-11-28 09:00:00,303.0,303.0,287.0,294.0,7480055.3201853,2193934595.324731
2022-11-29 09:00:00,293.0,299.0,290.0,297.0,5669200.97319771,1671694688.2476683
2022-11-30 09:00:00,296.0,322.0,295.0,310.0,58924309.57643765,18366515876.92288
2022-12-01 09:00:00,310.0,310.0,300.0,303.0,8600629.5117857,2616137469.4276614
2022-12-02 09:00:00,304.0,319.0,292.0,307.0,24289993.30305619,7423301398.530056
2022-12-03 09:00:00,307.0,307.0,300.0,302.0,3649575.80355168,1106161207.7285883
2022-12-04 09:00:00,302.0,303.0,298.0,302.0,3516801.90783292,1055615541.6106611
2022-12-05 09:00:00,303.0,303.0,297.0,298.0,4545218.24481347,1360506665.193624
2022-12-06 09:00:00,298.0,309.0,297.0,303.0,12597245.62452614,3814476146.1935496
2022-12-07 09:00:00,303.0,304.0,284.0,293.0,6693188.71098639,1964399492.9612298
2022-12-08 09:00:00,293.0,304.0,289.0,297.0,6487836.35001517,1922049746.6281993
2022-12-09 09:00:00,296.0,300.0,293.0,298.0,3672527.32203361,1086529869.3629823
2022-12-10 09:00:00,298.0,314.0,295.0,310.0,27477596.19918644,8379804789.002377
2022-12-11 09:00:00,310.0,311.0,299.0,300.0,8070632.8072281,2446451144.8501225
2022-12-12 09:00:00,300.0,300.0,286.0,293.0,4917449.98152424,1438827497.5984976
2022-12-13 09:00:00,294.0,306.0,284.0,300.0,19935185.36812359,5932792546.107662
2022-12-14 09:00:00,301.0,307.0,294.0,296.0,10541261.13617478,3171518101.778019
2022-12-15 09:00:00,296.0,299.0,290.0,293.0,4210075.91262688,1238499211.8088713
2022-12-16 09:00:00,293.0,297.0,263.0,268.0,8787417.86640564,2484529660.269138
2022-12-17 09:00:00,267.0,269.0,244.0,259.0,9888316.9468006,2523244777.447972
2022-12-18 09:00:00,258.0,264.0,254.0,260.0,3979683.9066687,1028146554.7965077
2022-12-19 09:00:00,260.0,266.0,237.0,240.0,6350968.85841755,1597703425.862939
2022-12-20 09:00:00,240.0,268.0,237.0,255.0,25782264.16579383,6609640789.949962
2022-12-21 09:00:00,256.0,267.0,251.0,255.0,18210600.76962571,4717937496.158576
2022-12-22 09:00:00,255.0,267.0,253.0,259.0,18702665.7412546,4860816345.859871
2022-12-23 09:00:00,259.0,262.0,254.0,261.0,5290844.33109787,1365356906.725957
2022-12-24 09:00:00,261.0,265.0,259.0,263.0,4182553.90104045,1093225095.743917
2022-12-25 09:00:00,262.0,262.0,252.0,255.0,4103628.94603562,1050916785.3736955
2022-12-26 09:00:00,255.0,257.0,243.0,249.0,4498585.14487141,1117915193.8004243
2022-12-27 09:00:00,249.0,250.0,240.0,244.0,3930955.93463037,961042936.2639616
2022-12-28 09:00:00,243.0,243.0,224.0,228.0,6896489.45254389,1598079614.6704817
2022-12-29 09:00:00,227.0,233.0,214.0,224.0,7407503.84600479,1647756391.3641179
2022-12-30 09:00:00,225.0,242.0,219.0,229.0,31900681.49889196,7430431689.831914
2022-12-31 09:00:00,229.0,229.0,220.0,229.0,10069641.37779043,2265441523.3377085
2023-01-01 09:00:00,228.0,231.0,225.0,230.0,3755664.74582752,853179967.8027501
2023-01-02 09:00:00,230.0,234.0,224.0,231.0,7765483.16084681,1787166378.8982368
2023-01-03 09:00:00,230.0,232.0,228.0,229.0,3581628.52673737,825646783.0040089
2023-01-04 09:00:00,230.0,239.0,228.0,236.0,10006379.73722082,2347664024.1937084
2023-01-05 09:00:00,236.0,237.0,231.0,235.0,4028018.49154936,944624514.5841068
2023-01-06 09:00:00,235.0,236.0,227.0,234.0,5912238.63410053,1370035203.8123531
2023-01-07 09:00:00,235.0,238.0,232.0,235.0,2687051.20781399,629874673.964156
2023-01-08 09:00:00,234.0,239.0,232.0,238.0,3378642.79675694,795166223.8089656
2023-01-09 09:00:00,238.0,248.0,238.0,243.0,13227504.56428225,3205476336.8360314
2023-01-10 09:00:00,242.0,255.0,241.0,250.0,16364809.90287805,4034739168.7793865
2023-01-11 09:00:00,249.0,254.0,246.0,252.0,8888559.45515354,2214265476.9284105
2023-01-12 09:00:00,252.0,257.0,246.0,256.0,9281160.91807862,2330769606.7200565
2023-01-13 09:00:00,255.0,265.0,251.0,265.0,10812535.75015953,2792612792.288839
2023-01-14 09:00:00,264.0,280.0,252.0,275.0,19359846.49907818,5232243839.754613
2023-01-15 09:00:00,275.0,330.0,266.0,280.0,109913252.51536198,32234436309.973858
2023-01-16 09:00:00,280.0,297.0,269.0,284.0,49269722.5356701,14022759304.583134
2023-01-17 09:00:00,284.0,286.0,275.0,280.0,18313948.6254104,5128498944.831275
2023-01-18 09:00:00,280.0,321.0,261.0,262.0,238592979.15302777,71190280742.26807
2023-01-19 09:00:00,261.0,286.0,259.0,274.0,42200770.18777726,11484229615.441124
2023-01-20 09:00:00,273.0,287.0,269.0,286.0,13234802.79515712,3647312318.336193
2023-01-21 09:00:00,286.0,296.0,280.0,287.0,21595673.98680306,6213450417.694044
2023-01-22 09:00:00,287.0,291.0,283.0,288.0,10454551.98775933,2999838588.736812
2023-01-23 09:00:00,288.0,296.0,285.0,296.0,13846366.70660696,4011045930.322317
2023-01-24 09:00:00,296.0,317.0,276.0,286.0,58064985.57690342,17441729704.701305
2023-01-25 09:00:00,286.0,302.0,276.0,298.0,30099819.88155054,8760386946.7433
2023-01-26 09:00:00,298.0,302.0,291.0,299.0,16771861.58353131,4951489129.88417
2023-01-27 09:00:00,299.0,330.0,293.0,311.0,146401829.33659643,45760304129.98598
2023-01-28 09:00:00,312.0,331.0,298.0,313.0,68228688.29189235,21796674687.57067
2023-01-29 09:00:00,313.0,313.0,304.0,313.0,9359135.50777148,2890722982.435647
2023-01-30 09:00:00,314.0,314.0,285.0,293.0,11794026.83682,3527088350.6506
2023-01-31 09:00:00,292.0,295.0,284.0,295.0,6384160.66161034,1849337534.708647
2023-02-01 09:00:00,295.0,301.0,280.0,301.0,10323588.57808652,2996849925.8050866
2023-02-02 09:00:00,301.0,310.0,299.0,308.0,16246245.30375889,4947151454.885192
2023-02-03 09:00:00,308.0,320.0,303.0,318.0,24459888.58805567,7621130391.33767
2023-02-04 09:00:00,319.0,342.0,318.0,338.0,77979173.58832568,25831103258.935738
2023-02-05 09:00:00,338.0,404.0,309.0,325.0,217127899.94380718,77011887574.1758
2023-02-06 09:00:00,325.0,333.0,317.0,326.0,36313043.73546924,11850943793.687244
2023-02-07 09:00:00,326.0,330.0,313.0,329.0,16228491.45398995,5183326253.586609
2023-02-08 09:00:00,329.0,341.0,324.0,338.0,37737611.26182307,12628266207.244917
2023-02-09 09:00:00,337.0,340.0,317.0,319.0,33373932.92815375,10948073646.91775
2023-02-10 09:00:00,319.0,331.0,305.0,320.0,28080015.86665968,8955702488.17605
2023-02-11 09:00:00,319.0,324.0,315.0,322.0,8627300.82930852,2754640304.4954214
2023-02-12 09:00:00,321.0,323.0,313.0,316.0,7031083.47046149,2233834781.919733
2023-02-13 09:00:00,317.0,318.0,293.0,307.0,16435517.09934992,5048184295.855477
2023-02-14 09:00:00,306.0,315.0,294.0,314.0,7534947.4521028,2298066042.288008
2023-02-15 09:00:00,315.0,333.0,309.0,332.0,16030345.09255223,5154234963.226768
2023-02-16 09:00:00,332.0,342.0,322.0,328.0,31320362.55716163,10422747562.629545
2023-02-17 09:00:00,328.0,346.0,321.0,344.0,22208943.58975586,7433203766.594726
2023-02-18 09:00:00,344.0,345.0,332.0,342.0,12606310.9924975,4280883772.610836
2023-02-19 09:00:00,341.0,342.0,332.0,340.0,15243420.30426074,5141964830.675355
2023-02-20 09:00:00,340.0,358.0,330.0,354.0,30951906.00802477,10689066775.55424
2023-02-21 09:00:00,353.0,373.0,337.0,363.0,70580020.96288647,25163578302.94683
2023-02-22 09:00:00,362.0,378.0,342.0,359.0,42130530.29927185,15124619366.088537
2023-02-23 09:00:00,359.0,361.0,346.0,358.0,15308186.06190058,5409604862.575817
2023-02-24 09:00:00,357.0,382.0,351.0,378.0,60064593.88141204,22092991158.025787
2023-02-25 09:00:00,377.0,388.0,355.0,369.0,55805116.07947922,20629271616.838802
2023-02-26 09:00:00,369.0,371.0,358.0,368.0,10658764.43819594,3869666390.351577
2023-02-27 09:00:00,368.0,368.0,353.0,361.0,14411342.12169028,5184855851.577124
2023-02-28 09:00:00,361.0,364.0,354.0,357.0,3515432.20017384,1257200765.7450187
