2020-06-04 09:00:00,3510.0,3795.0,3490.0,3755.0,272814.88995682,1005693984.6999907
2020-06-05 09:00:00,3750.0,3840.0,3640.0,3730.0,192948.30499537,723540879.9413218
2020-06-06 09:00:00,3725.0,3790.0,3665.0,3685.0,65520.40612028,244877271.68463296
2020-06-07 09:00:00,3680.0,3730.0,3480.0,3635.0,95503.36049041,344134252.75282186
2020-06-08 09:00:00,3625.0,3780.0,3595.0,3765.0,71769.29256415,264030756.56651956
2020-06-09 09:00:00,3775.0,3810.0,3700.0,3730.0,79888.17327611,300728744.1333414
2020-06-10 09:00:00,3725.0,3730.0,3610.0,3700.0,54057.72261669,198531615.5472366
2020-06-11 09:00:00,3705.0,3870.0,3265.0,3310.0,157524.51356814,552414090.2491281
2020-06-12 09:00:00,3310.0,3510.0,3280.0,3445.0,91816.57124056,313289955.86321807
2020-06-13 09:00:00,3455.0,3480.0,3400.0,3450.0,32433.09864849,111428112.6216778
2020-06-14 09:00:00,3465.0,3470.0,3285.0,3330.0,61708.61411691,208701974.76213616
2020-06-15 09:00:00,3320.0,3365.0,3060.0,3260.0,139245.24069685,442597929.49362713
2020-06-16 09:00:00,3255.0,3310.0,3220.0,3275.0,50278.93706202,164653378.1932117
2020-06-17 09:00:00,3280.0,3310.0,3205.0,3275.0,118037.34924893,384864035.8747156
2020-06-18 09:00:00,3270.0,3280.0,3160.0,3200.0,88607.23976792,285226046.8246506
2020-06-19 09:00:00,3200.0,3210.0,3095.0,3150.0,125870.93295761,397279817.53680927
2020-06-20 09:00:00,3150.0,3175.0,3100.0,3165.0,74488.53165556,233486651.88237664
2020-06-21 09:00:00,3170.0,3185.0,3105.0,3150.0,49496.65553276,155964857.4518208
2020-06-22 09:00:00,3145.0,3270.0,3135.0,3215.0,88071.25053767,282980761.4428803
2020-06-23 09:00:00,3220.0,3390.0,3185.0,3320.0,106343.23381693,348825837.64542294
2020-06-24 09:00:00,3320.0,3440.0,3185.0,3245.0,128863.70876918,427821926.07626224
2020-06-25 09:00:00,3235.0,3245.0,3060.0,3160.0,79021.70577394,249552750.5430806
2020-06-26 09:00:00,3160.0,3190.0,3020.0,3165.0,103471.30137447,320163033.3249558
2020-06-27 09:00:00,3150.0,3260.0,2780.0,2945.0,73712.06160327,224690810.30404815
2020-06-28 09:00:00,2940.0,3085.0,2870.0,3015.0,50604.83073285,150025873.4434341
2020-06-29 09:00:00,3010.0,3195.0,2960.0,3170.0,111519.20212635,342072527.8362452
2020-06-30 09:00:00,3165.0,3190.0,3085.0,3095.0,77030.21539383,241510329.26416495
2020-07-01 09:00:00,3095.0,3200.0,3070.0,3180.0,49001.49597273,153966886.6482475
2020-07-02 09:00:00,3185.0,3330.0,3135.0,3195.0,91128.22300461,294031434.8561334
2020-07-03 09:00:00,3170.0,3345.0,3135.0,3235.0,114739.16560214,374528528.917213
2020-07-04 09:00:00,3225.0,3315.0,3220.0,3315.0,51897.05424494,169894725.89838326
2020-07-05 09:00:00,3315.0,3555.0,3280.0,3510.0,178581.85807054,607615151.732377
2020-07-06 09:00:00,3525.0,3725.0,3480.0,3590.0,263119.65677283,948764146.4538496
2020-07-07 09:00:00,3590.0,3885.0,3520.0,3850.0,182718.61868011,674632840.1642066
2020-07-08 09:00:00,3850.0,4230.0,3735.0,4195.0,213935.00858111,865008822.803859
2020-07-09 09:00:00,4195.0,4510.0,4035.0,4500.0,209099.45064532,890642160.4036332
2020-07-10 09:00:00,4505.0,4950.0,4250.0,4830.0,307708.86861982,1398539287.007479
2020-07-11 09:00:00,4825.0,5305.0,4590.0,4670.0,589091.4062324,2942904133.6560826
2020-07-12 09:00:00,4660.0,4955.0,4590.0,4785.0,422123.14617698,2022343136.4103162
2020-07-13 09:00:00,4780.0,5145.0,4400.0,4610.0,506289.0071515,2470020139.189313
2020-07-14 09:00:00,4610.0,4810.0,4530.0,4715.0,271920.28006973,1266113951.7406442
2020-07-15 09:00:00,4715.0,4930.0,4600.0,4815.0,114031.44760278,539665011.4995526
2020-07-16 09:00:00,4840.0,5130.0,4455.0,4885.0,340569.65587242,1626655259.1326673
2020-07-17 09:00:00,4850.0,5075.0,4725.0,4960.0,171602.3997452,843850638.0252753
2020-07-18 09:00:00,4960.0,5375.0,4910.0,5190.0,238528.32288774,1225226658.5953112
2020-07-19 09:00:00,5190.0,5380.0,4745.0,4995.0,275451.94609472,1404738821.4530578
2020-07-20 09:00:00,4990.0,5065.0,4625.0,4645.0,223087.75778463,1076890575.6907988
2020-07-21 09:00:00,4645.0,4850.0,4480.0,4740.0,170603.14583966,797248642.4231966
2020-07-22 09:00:00,4740.0,4815.0,4635.0,4745.0,102982.26155965,484425664.98007816
2020-07-23 09:00:00,4745.0,4855.0,4635.0,4685.0,116235.78036932,555603937.3705252
2020-07-24 09:00:00,4680.0,4700.0,4495.0,4545.0,84772.49579388,391694365.2470707
2020-07-25 09:00:00,4555.0,4690.0,4480.0,4620.0,128422.97399498,589411382.3269461
2020-07-26 09:00:00,4630.0,4630.0,4400.0,4505.0,149936.32146221,679016204.2325021
2020-07-27 09:00:00,4505.0,4630.0,3890.0,4200.0,204034.74815002,895570657.9486485
2020-07-28 09:00:00,4225.0,4445.0,4175.0,4390.0,124294.52722809,535304037.8012834
2020-07-29 09:00:00,4390.0,4525.0,4280.0,4295.0,123092.00161375,543727237.5205251
2020-07-30 09:00:00,4305.0,4450.0,4245.0,4385.0,105877.8403442,461744101.85963494
2020-07-31 09:00:00,4400.0,4550.0,4340.0,4490.0,102190.65053977,455631744.8681618
2020-08-01 09:00:00,4490.0,4875.0,4490.0,4835.0,194081.41733153,921644565.9594742
2020-08-02 09:00:00,4825.0,5015.0,4000.0,4590.0,223326.1463107,1037689762.8485577
2020-08-03 09:00:00,4590.0,4840.0,4500.0,4540.0,142233.45792303,668570440.3311944
2020-08-04 09:00:00,4540.0,4810.0,4520.0,4780.0,101971.69215027,476013511.94341874
2020-08-05 09:00:00,4780.0,4965.0,4690.0,4910.0,145202.37396284,703366001.2368578
2020-08-06 09:00:00,4895.0,5005.0,4850.0,4925.0,74890.94031582,370067155.9861382
2020-08-07 09:00:00,4925.0,4955.0,4650.0,4765.0,127919.88660942,618988365.6030126
2020-08-08 09:00:00,4765.0,5235.0,4715.0,5215.0,124607.85918388,610949481.8666
2020-08-09 09:00:00,5220.0,6425.0,5070.0,6235.0,593162.97224309,3454164990.625356
2020-08-10 09:00:00,6240.0,7000.0,6040.0,6445.0,528356.85217217,3393905533.11937
2020-08-11 09:00:00,6455.0,6550.0,5610.0,5885.0,161585.92505586,968542794.4556649
2020-08-12 09:00:00,5900.0,7110.0,5815.0,7005.0,414233.94636169,2663111301.183282
2020-08-13 09:00:00,7000.0,7775.0,6500.0,7145.0,438014.41314282,3084831525.433594
2020-08-14 09:00:00,7145.0,7760.0,6975.0,7165.0,264071.71249328,1944550156.4552171
2020-08-15 09:00:00,7170.0,7455.0,6970.0,7135.0,108806.09890892,778398828.927428
2020-08-16 09:00:00,7120.0,7465.0,6800.0,7265.0,199871.81788192,1412570976.3366146
2020-08-17 09:00:00,7270.0,7380.0,6850.0,6855.0,192944.7361117,1373156499.518308
2020-08-18 09:00:00,6855.0,7150.0,6440.0,6810.0,176529.85545442,1206264843.1158848
2020-08-19 09:00:00,6830.0,6945.0,6245.0,6715.0,237075.80047347,1559423629.2253168
2020-08-20 09:00:00,6720.0,7500.0,6540.0,7410.0,204462.93470376,1447723557.2159793
2020-08-21 09:00:00,7410.0,7785.0,6700.0,6700.0,210597.59189523,1529041920.0154912
2020-08-22 09:00:00,6725.0,7700.0,6405.0,7630.0,267981.26834479,1935658226.1945937
2020-08-23 09:00:00,7610.0,10200.0,7505.0,10080.0,1530612.94783205,13696291180.8572
2020-08-24 09:00:00,10110.0,10160.0,9060.0,9705.0,585215.60104019,5598789574.368212
2020-08-25 09:00:00,9705.0,10500.0,9200.0,10010.0,568764.18923235,5637754452.252856
2020-08-26 09:00:00,10010.0,10330.0,9070.0,9130.0,231872.20949923,2233306207.342374
2020-08-27 09:00:00,9130.0,9360.0,8240.0,8585.0,202406.17683577,1785861419.4945834
2020-08-28 09:00:00,8635.0,9200.0,8410.0,8905.0,107083.70912673,943363363.8288224
2020-08-29 09:00:00,8895.0,8930.0,8550.0,8550.0,91915.87288296,804524162.522736
2020-08-30 09:00:00,8550.0,9300.0,8520.0,8910.0,141826.86487793,1261426790.9417927
2020-08-31 09:00:00,8905.0,9165.0,8450.0,8505.0,88722.66499829,780112769.9893864
2020-09-01 09:00:00,8505.0,8940.0,8265.0,8475.0,116439.50104125,1000426682.7029408
2020-09-02 09:00:00,8465.0,8540.0,7605.0,7940.0,124820.77165687,1013803280.7083051
2020-09-03 09:00:00,7925.0,8040.0,5620.0,5965.0,276740.69226909,1926107018.1139529
2020-09-04 09:00:00,6000.0,6820.0,5725.0,6650.0,439619.41153999,2757258565.058967
2020-09-05 09:00:00,6610.0,6915.0,5680.0,5995.0,210178.04280449,1321308816.4251652
2020-09-06 09:00:00,5985.0,6460.0,5375.0,6275.0,205645.90568942,1218137916.3777802
2020-09-07 09:00:00,6275.0,6340.0,5515.0,6040.0,172394.13891625,1020484384.2056429
2020-09-08 09:00:00,6040.0,6165.0,5660.0,5920.0,140914.77740047,835238796.604133
2020-09-09 09:00:00,5905.0,6535.0,5835.0,6340.0,142346.25733781,878332799.7031543
2020-09-10 09:00:00,6325.0,6610.0,6160.0,6355.0,247056.06580055,1568817428.8575554
2020-09-11 09:00:00,6360.0,6450.0,6055.0,6355.0,129500.80628553,807365104.8807567
2020-09-12 09:00:00,6355.0,6765.0,6115.0,6655.0,182761.65167486,1180722050.574185
2020-09-13 09:00:00,6650.0,6950.0,6105.0,6360.0,202106.65682572,1317222742.7785885
2020-09-14 09:00:00,6365.0,6560.0,6130.0,6430.0,106799.70468521,675989388.9093801
2020-09-15 09:00:00,6430.0,6450.0,5660.0,5780.0,176516.9445985,1061819918.2979096
2020-09-16 09:00:00,5780.0,6135.0,5590.0,6045.0,157460.43832026,913885566.6172183
2020-09-17 09:00:00,6030.0,6135.0,5730.0,5955.0,75772.12205361,448054691.2772707
2020-09-18 09:00:00,5925.0,6080.0,5620.0,5825.0,69286.21116412,406954462.3865091
2020-09-19 09:00:00,5815.0,5875.0,5690.0,5790.0,34591.80820475,200221418.27891266
2020-09-20 09:00:00,5790.0,5945.0,5290.0,5490.0,110113.9341182,617125388.9355506
2020-09-21 09:00:00,5465.0,5555.0,4670.0,4815.0,188557.92756447,943705424.0653466
2020-09-22 09:00:00,4825.0,5000.0,4680.0,4920.0,110135.57571981,538357504.177099
2020-09-23 09:00:00,4925.0,5030.0,4445.0,4515.0,107764.85531086,517438277.9251291
2020-09-24 09:00:00,4495.0,5290.0,4440.0,5225.0,134029.31693723,662839473.7929549
2020-09-25 09:00:00,5225.0,5600.0,5055.0,5600.0,141380.71015773,751483153.0795768
2020-09-26 09:00:00,5580.0,5615.0,5220.0,5365.0,90491.23742813,488724577.7304176
2020-09-27 09:00:00,5365.0,5590.0,5270.0,5525.0,111035.92333822,603846188.3038611
2020-09-28 09:00:00,5520.0,6040.0,5465.0,5630.0,136336.76391379,789614321.7120513
2020-09-29 09:00:00,5630.0,6250.0,5580.0,6155.0,141942.02829299,829256219.6369183
2020-09-30 09:00:00,6155.0,6480.0,6035.0,6260.0,114895.99459992,723879393.8894492
2020-10-01 09:00:00,6245.0,6505.0,5830.0,6010.0,122064.58652822,760341603.0257007
2020-10-02 09:00:00,6010.0,6155.0,5490.0,5755.0,111882.92232782,645145113.8266891
2020-10-03 09:00:00,5760.0,6015.0,5745.0,5895.0,45139.63961748,266026110.83687434
2020-10-04 09:00:00,5890.0,6285.0,5705.0,6210.0,85444.37252316,521936241.662509
2020-10-05 09:00:00,6215.0,6290.0,6010.0,6255.0,186989.18451306,1145276726.5877132
2020-10-06 09:00:00,6255.0,6265.0,5500.0,5550.0,105871.30445288,628664509.0809035
2020-10-07 09:00:00,5550.0,5745.0,5305.0,5710.0,51969.41248357,286130654.750411
2020-10-08 09:00:00,5710.0,5910.0,5390.0,5805.0,50686.01718042,286659141.6611402
2020-10-09 09:00:00,5800.0,6045.0,5680.0,5880.0,116924.55296759,692672153.9030305
2020-10-10 09:00:00,5895.0,6490.0,5870.0,6300.0,72906.75120338,452111076.420027
2020-10-11 09:00:00,6305.0,7110.0,6175.0,6880.0,217469.45069802,1458800916.5217075
2020-10-12 09:00:00,6900.0,7125.0,6640.0,6825.0,115226.66357264,794093304.3530059
2020-10-13 09:00:00,6825.0,7070.0,6700.0,6920.0,61461.90995812,421650187.37885976
2020-10-14 09:00:00,6905.0,7050.0,6510.0,6610.0,67135.45505969,457222660.4346725
2020-10-15 09:00:00,6600.0,6780.0,6340.0,6615.0,73812.71252078,479686248.1177382
2020-10-16 09:00:00,6645.0,6710.0,6135.0,6265.0,49701.26832731,314848945.051495
2020-10-17 09:00:00,6230.0,6340.0,6100.0,6295.0,15643.45635454,97213326.85347556
2020-10-18 09:00:00,6295.0,6640.0,6255.0,6605.0,32961.29049688,213663426.12486896
2020-10-19 09:00:00,6615.0,6615.0,6250.0,6275.0,51754.50797145,332227632.81784576
2020-10-20 09:00:00,6280.0,6285.0,5750.0,5755.0,80012.94776706,480864611.7472884
2020-10-21 09:00:00,5755.0,6190.0,5740.0,5920.0,65694.78981946,391212575.40950596
2020-10-22 09:00:00,5910.0,6250.0,5905.0,6085.0,46866.24207116,284925420.62679327
2020-10-23 09:00:00,6110.0,6180.0,5860.0,6050.0,61985.02819789,374588275.6245784
2020-10-24 09:00:00,6055.0,6305.0,5935.0,6255.0,52016.55534804,315821351.21705264
2020-10-25 09:00:00,6245.0,6370.0,5930.0,5975.0,60387.72699391,373059259.920377
2020-10-26 09:00:00,5975.0,6035.0,5670.0,5820.0,61448.91260814,361892179.030085
2020-10-27 09:00:00,5820.0,5995.0,5710.0,5775.0,46929.11564939,274392152.941578
2020-10-28 09:00:00,5755.0,5785.0,5360.0,5460.0,44724.87474179,249589691.64610744
2020-10-29 09:00:00,5460.0,5500.0,5115.0,5245.0,47479.93916249,252978697.5551062
2020-10-30 09:00:00,5240.0,5325.0,4935.0,5240.0,63745.10339602,324713872.6996881
2020-10-31 09:00:00,5240.0,5410.0,5200.0,5240.0,46001.7220056,245080194.64540195
2020-11-01 09:00:00,5220.0,5500.0,5160.0,5350.0,39214.37305129,210690568.99255744
2020-11-02 09:00:00,5350.0,5505.0,5165.0,5245.0,41554.88274019,222616142.8238485
2020-11-03 09:00:00,5220.0,5225.0,4935.0,5095.0,49593.36174409,249890230.7953823
2020-11-04 09:00:00,5065.0,5100.0,4765.0,4950.0,93845.05244861,462849628.14294994
2020-11-05 09:00:00,4965.0,5110.0,4815.0,5020.0,86782.72577029,431016334.8855047
2020-11-06 09:00:00,5015.0,5515.0,4940.0,5475.0,175823.22075461,927799602.2373792
2020-11-07 09:00:00,5470.0,5755.0,5070.0,5185.0,172878.30806419,945633539.7777457
2020-11-08 09:00:00,5185.0,5465.0,5120.0,5375.0,62271.49271813,329791203.9094857
2020-11-09 09:00:00,5380.0,5830.0,5215.0,5765.0,131431.70869186,725719533.9929278
2020-11-10 09:00:00,5755.0,5880.0,5485.0,5665.0,151764.99143442,865530174.5171019
2020-11-11 09:00:00,5665.0,5820.0,5560.0,5585.0,63490.4338862,360960133.8935037
2020-11-12 09:00:00,5585.0,5870.0,5500.0,5550.0,100409.77314383,575856967.8452535
2020-11-13 09:00:00,5550.0,5790.0,5520.0,5735.0,57160.10816704,325036280.3770199
2020-11-14 09:00:00,5735.0,5780.0,5550.0,5615.0,59383.47163153,336066744.93350625
2020-11-15 09:00:00,5590.0,5660.0,5410.0,5520.0,46462.61307564,256842731.4151673
2020-11-16 09:00:00,5500.0,5690.0,5430.0,5560.0,70682.4815517,395275741.66760266
2020-11-17 09:00:00,5560.0,5830.0,5550.0,5785.0,54786.91120843,312051307.1675913
2020-11-18 09:00:00,5785.0,5855.0,5415.0,5640.0,124373.3711685,704277201.9180785
2020-11-19 09:00:00,5665.0,5755.0,5555.0,5670.0,55867.64380775,316441033.9115672
2020-11-20 09:00:00,5670.0,6040.0,5650.0,5835.0,159140.25727299,935237550.292246
2020-11-21 09:00:00,5855.0,6470.0,5820.0,6450.0,224174.3164711,1373647286.229156
2020-11-22 09:00:00,6450.0,6500.0,5855.0,6035.0,198234.68073932,1211848787.1301928
2020-11-23 09:00:00,6050.0,6460.0,5990.0,6350.0,180601.20162067,1119168778.9805596
2020-11-24 09:00:00,6365.0,7045.0,6220.0,6535.0,301981.01587123,2005639846.8648968
2020-11-25 09:00:00,6535.0,7095.0,6420.0,6620.0,401537.19994991,2737472140.8408065
2020-11-26 09:00:00,6605.0,7440.0,5670.0,5980.0,1908479.26019199,12636833825.930933
2020-11-27 09:00:00,5980.0,6140.0,5615.0,5995.0,186237.7501226,1095815218.9840689
2020-11-28 09:00:00,6000.0,6115.0,5840.0,5995.0,141585.43715763,848135230.0072012
2020-11-29 09:00:00,6000.0,6085.0,5850.0,5955.0,87460.03432262,522078180.3936822
2020-11-30 09:00:00,5970.0,6110.0,5810.0,6035.0,147888.52232145,886884886.6472753
2020-12-01 09:00:00,6035.0,6205.0,5655.0,5845.0,218094.00348993,1300885498.4774668
2020-12-02 09:00:00,5845.0,6085.0,5760.0,6040.0,111203.27497116,655847235.3164836
2020-12-03 09:00:00,6050.0,6150.0,5890.0,6000.0,121047.88479341,724798505.9422133
2020-12-04 09:00:00,6000.0,6030.0,5500.0,5575.0,126464.80559567,736384104.6786138
2020-12-05 09:00:00,5575.0,5765.0,5495.0,5705.0,95336.69596437,534312724.2386994
2020-12-06 09:00:00,5715.0,5735.0,5540.0,5645.0,59790.71239331,336573313.8622516
2020-12-07 09:00:00,5645.0,5665.0,5540.0,5550.0,45683.73646951,256010447.17508504
2020-12-08 09:00:00,5550.0,5570.0,5120.0,5170.0,122504.83189632,659160580.7711483
2020-12-09 09:00:00,5180.0,5320.0,4955.0,5245.0,152757.40689176,787575175.2497479
2020-12-10 09:00:00,5265.0,5270.0,5090.0,5105.0,61947.48815561,320356211.3204633
2020-12-11 09:00:00,5090.0,5330.0,4960.0,5135.0,129791.51517782,661953975.4754587
2020-12-12 09:00:00,5130.0,5570.0,5130.0,5540.0,94658.86960568,507723189.4548494
2020-12-13 09:00:00,5555.0,5845.0,5530.0,5620.0,240591.50714351,1380413445.3052428
2020-12-14 09:00:00,5620.0,5795.0,5495.0,5685.0,102758.72926291,573420941.7819892
2020-12-15 09:00:00,5690.0,5810.0,5530.0,5750.0,72032.51630159,409543102.03731066
2020-12-16 09:00:00,5755.0,5980.0,5605.0,5905.0,140744.76092049,823204071.5738683
2020-12-17 09:00:00,5910.0,6130.0,5745.0,5800.0,249653.91154696,1490734667.2399867
2020-12-18 09:00:00,5805.0,5910.0,5645.0,5795.0,116664.35108723,678348374.2407848
2020-12-19 09:00:00,5800.0,5955.0,5770.0,5825.0,177506.90069879,1038449507.2987711
2020-12-20 09:00:00,5825.0,5890.0,5500.0,5545.0,178849.21737324,1023401311.2139498
2020-12-21 09:00:00,5540.0,5690.0,5340.0,5630.0,250167.43274781,1382660146.6872506
2020-12-22 09:00:00,5630.0,5680.0,5280.0,5565.0,192862.51952069,1058057384.5517402
2020-12-23 09:00:00,5565.0,5610.0,4840.0,4960.0,183369.87069846,960129247.7175281
2020-12-24 09:00:00,4985.0,5585.0,4820.0,5525.0,162349.44910628,844292092.4109931
2020-12-25 09:00:00,5525.0,5575.0,5220.0,5400.0,83169.37596081,450921853.17688894
2020-12-26 09:00:00,5400.0,5460.0,5230.0,5345.0,66644.4314703,357236850.3036917
2020-12-27 09:00:00,5345.0,5535.0,5080.0,5405.0,337258.62178291,1808556672.2205958
2020-12-28 09:00:00,5410.0,6185.0,5355.0,6030.0,670150.90401095,3901695796.909536
2020-12-29 09:00:00,6010.0,6350.0,5675.0,6270.0,459067.81953004,2759661791.251219
2020-12-30 09:00:00,6270.0,6495.0,5950.0,6015.0,346474.41637666,2150689405.7505946
2020-12-31 09:00:00,6000.0,7200.0,5820.0,7150.0,692893.63332491,4519095693.922474
2021-01-01 09:00:00,7155.0,7200.0,6230.0,6465.0,818431.32690333,5452001758.950896
2021-01-02 09:00:00,6460.0,6475.0,5845.0,6000.0,922903.17504042,5635258795.312324
2021-01-03 09:00:00,6005.0,6650.0,5905.0,6610.0,854961.75350609,5333634014.130192
2021-01-04 09:00:00,6610.0,7170.0,5990.0,6885.0,1133546.28211593,7589212241.604199
2021-01-05 09:00:00,6885.0,7200.0,6460.0,6980.0,601404.62251953,4124380311.373002
2021-01-06 09:00:00,6980.0,7690.0,6640.0,7405.0,1377207.02271233,9818466479.548334
2021-01-07 09:00:00,7405.0,7660.0,6665.0,7115.0,1166190.96070355,8565514567.950293
2021-01-08 09:00:00,7115.0,7225.0,6675.0,6905.0,769067.31242442,5355908935.040959
2021-01-09 09:00:00,6900.0,7770.0,6765.0,7450.0,1339449.06377655,9923426622.334435
2021-01-10 09:00:00,7460.0,8145.0,6680.0,7295.0,2025486.74861883,15280293600.397148
2021-01-11 09:00:00,7290.0,7300.0,5765.0,6485.0,1063196.78962589,6779226944.921618
2021-01-12 09:00:00,6480.0,6950.0,6165.0,6470.0,766750.82440142,5021549511.194445
2021-01-13 09:00:00,6450.0,6945.0,6320.0,6895.0,444888.81022572,2947106022.95055
2021-01-14 09:00:00,6920.0,7210.0,6730.0,7100.0,766573.70962976,5380502451.762486
2021-01-15 09:00:00,7100.0,9465.0,6950.0,8800.0,10759555.64456914,91856800497.0894
2021-01-16 09:00:00,8800.0,10900.0,8435.0,10080.0,6859807.07805164,65880761978.91036
2021-01-17 09:00:00,10050.0,10240.0,8940.0,9415.0,2116835.77464728,20071640305.1481
2021-01-18 09:00:00,9415.0,10850.0,9400.0,10380.0,2764349.0578907,27811575741.83229
2021-01-19 09:00:00,10400.0,11380.0,9785.0,9830.0,2032209.79823695,21375931924.94294
2021-01-20 09:00:00,9830.0,10440.0,8925.0,9850.0,1284179.19737749,12440655555.296747
2021-01-21 09:00:00,9850.0,9970.0,8010.0,8030.0,934264.33859656,8387827664.587944
2021-01-22 09:00:00,8030.0,9345.0,7245.0,8820.0,1511996.0934044,12794957520.223286
2021-01-23 09:00:00,8820.0,9625.0,8650.0,9240.0,1602120.73376202,14800917006.211878
2021-01-24 09:00:00,9240.0,9675.0,8705.0,9115.0,821993.31772136,7596888872.779557
2021-01-25 09:00:00,9115.0,9385.0,8610.0,8660.0,743435.23834397,6722021519.447451
2021-01-26 09:00:00,8665.0,8870.0,8310.0,8560.0,517681.54236775,4438457623.432561
2021-01-27 09:00:00,8560.0,8680.0,7650.0,7905.0,951876.81077772,7725344645.433162
2021-01-28 09:00:00,7880.0,9465.0,7710.0,8845.0,1502744.25483723,13155035251.00654
2021-01-29 09:00:00,8885.0,9370.0,8495.0,8740.0,978957.43243242,8569892654.401176
2021-01-30 09:00:00,8740.0,9125.0,8500.0,8690.0,546995.76208762,4812454821.180977
2021-01-31 09:00:00,8695.0,9735.0,8565.0,8950.0,1038859.584284,9600419233.528366
2021-02-01 09:00:00,8950.0,10070.0,8565.0,10070.0,814244.32703327,7407147659.43822
2021-02-02 09:00:00,10070.0,10100.0,9365.0,9525.0,481951.15902005,4665074467.694681
2021-02-03 09:00:00,9510.0,9875.0,9350.0,9750.0,462910.08085818,4427260577.240154
2021-02-04 09:00:00,9750.0,10000.0,9080.0,9875.0,434056.28194595,4193169460.0132694
2021-02-05 09:00:00,9890.0,13530.0,9750.0,12870.0,1778753.53501161,21100318266.73964
2021-02-06 09:00:00,12860.0,14500.0,12040.0,12850.0,1292678.22962613,17015515750.845734
2021-02-07 09:00:00,12850.0,15180.0,12390.0,14930.0,1096265.19718392,15325175507.347544
2021-02-08 09:00:00,14930.0,16300.0,14360.0,14980.0,949466.47731952,14561998597.481737
2021-02-09 09:00:00,15050.0,16380.0,14550.0,15780.0,486855.81311349,7498134278.798456
2021-02-10 09:00:00,15770.0,16590.0,14730.0,16220.0,646114.21760458,10192246732.703215
2021-02-11 09:00:00,16210.0,19570.0,16050.0,18880.0,787490.51210999,14014936715.377441
2021-02-12 09:00:00,18860.0,23700.0,18400.0,22640.0,1858791.14669322,40580406097.18886
2021-02-13 09:00:00,22640.0,24180.0,20650.0,21810.0,1223471.26890426,27370864469.718903
2021-02-14 09:00:00,21840.0,22190.0,19870.0,20750.0,654476.91060655,13926803053.6222
2021-02-15 09:00:00,20750.0,26840.0,16520.0,24670.0,1608310.82775864,35524599356.44663
2021-02-16 09:00:00,24560.0,29540.0,24110.0,27960.0,2581123.38843762,70982318830.5695
2021-02-17 09:00:00,27960.0,28670.0,25190.0,26250.0,1569435.30908524,41683453693.465675
2021-02-18 09:00:00,26270.0,27600.0,25500.0,25960.0,1135724.86926662,29997696499.629093
2021-02-19 09:00:00,25960.0,26370.0,24250.0,26190.0,893584.57780382,22745520551.908234
2021-02-20 09:00:00,26190.0,27970.0,24300.0,24940.0,1424298.79886792,37955607186.763504
2021-02-21 09:00:00,24970.0,25760.0,23690.0,24700.0,902933.27310154,22330223027.84249
2021-02-22 09:00:00,24700.0,24720.0,19400.0,23720.0,1122934.51643588,25357657620.304134
2021-02-23 09:00:00,23720.0,26520.0,16350.0,21840.0,2662479.73858955,59279724490.17814
2021-02-24 09:00:00,21840.0,23140.0,20320.0,21780.0,974587.95144902,21470516011.633823
2021-02-25 09:00:00,21800.0,23230.0,20100.0,20260.0,772103.6985475,16785917283.241732
2021-02-26 09:00:00,20360.0,22020.0,18720.0,22020.0,867260.72366063,17519699564.486286
2021-02-27 09:00:00,22010.0,23990.0,21470.0,22210.0,747730.95428837,17015532898.153215
2021-02-28 09:00:00,22210.0,22410.0,19140.0,20220.0,446822.31875924,9191758586.75826
2021-03-01 09:00:00,20250.0,21330.0,20020.0,21320.0,412733.16309048,8580537775.392902
2021-03-02 09:00:00,21340.0,23300.0,20750.0,21810.0,571532.78253103,12753096078.291376
2021-03-03 09:00:00,21880.0,25170.0,21360.0,24600.0,581028.2333168,13301303230.986666
2021-03-04 09:00:00,24610.0,25140.0,21300.0,21980.0,599305.86626778,13908423236.68141
2021-03-05 09:00:00,21980.0,22590.0,21070.0,21720.0,566392.56195816,12389603209.59398
2021-03-06 09:00:00,21720.0,22070.0,21150.0,21790.0,248285.35667793,5381544830.444041
2021-03-07 09:00:00,21790.0,22290.0,21500.0,22250.0,239524.97295094,5246618960.012344
2021-03-08 09:00:00,22250.0,22700.0,21400.0,22190.0,371738.46311123,8144037167.500235
2021-03-09 09:00:00,22190.0,24270.0,21810.0,24240.0,528511.79577579,12062719422.485931
2021-03-10 09:00:00,24230.0,24240.0,22130.0,22670.0,443825.62681904,10200031592.147186
2021-03-11 09:00:00,22670.0,22750.0,21650.0,22200.0,299872.65826788,6659268614.738674
2021-03-12 09:00:00,22220.0,22590.0,20790.0,21580.0,479093.89332174,10412527380.949343
2021-03-13 09:00:00,21580.0,22850.0,20850.0,22450.0,601181.47224589,13233354588.231968
2021-03-14 09:00:00,22400.0,22550.0,21300.0,21430.0,339683.76063679,7442814385.885293
2021-03-15 09:00:00,21430.0,24470.0,20240.0,22960.0,834224.44955731,18695784158.93692
2021-03-16 09:00:00,22960.0,25570.0,21610.0,24430.0,675290.27122165,15950955658.393715
2021-03-17 09:00:00,24470.0,25180.0,22440.0,24360.0,488039.9064101,11635606989.607693
2021-03-18 09:00:00,24370.0,28770.0,23750.0,25710.0,805226.97987723,21011881351.7372
2021-03-19 09:00:00,25710.0,27050.0,25000.0,25990.0,364041.67325132,9555471500.09727
2021-03-20 09:00:00,25950.0,26750.0,24090.0,24400.0,368495.26720433,9548774828.467936
2021-03-21 09:00:00,24400.0,24980.0,23380.0,24000.0,325315.97304496,7848350313.9409895
2021-03-22 09:00:00,24000.0,27140.0,22910.0,22910.0,728716.55977976,17784573156.815823
2021-03-23 09:00:00,22910.0,23660.0,22150.0,22610.0,415580.12427445,9555841035.612928
2021-03-24 09:00:00,22670.0,23710.0,20590.0,21650.0,543505.09913813,12307542485.917042
2021-03-25 09:00:00,21630.0,22050.0,20530.0,21100.0,443772.70122159,9456053213.059801
2021-03-26 09:00:00,21100.0,22780.0,21010.0,22600.0,345750.16190219,7589749097.623246
2021-03-27 09:00:00,22600.0,22900.0,21760.0,22310.0,241650.94960919,5405764905.29805
2021-03-28 09:00:00,22350.0,23920.0,22050.0,23290.0,373354.24476342,8596842722.394897
2021-03-29 09:00:00,23290.0,25180.0,22960.0,24210.0,572067.99941673,13692067921.566818
2021-03-30 09:00:00,24180.0,24660.0,23550.0,24110.0,537311.98402046,12891690139.679005
2021-03-31 09:00:00,24120.0,24280.0,22440.0,23310.0,722738.89461266,16888458921.395996
2021-04-01 09:00:00,23310.0,24460.0,23010.0,24050.0,1016571.5134518,24174707456.437424
2021-04-02 09:00:00,24130.0,25580.0,23510.0,25520.0,872079.53816688,21378152182.689854
2021-04-03 09:00:00,25520.0,30580.0,25000.0,25400.0,2240352.27650527,61832185044.28356
2021-04-04 09:00:00,25400.0,27760.0,24800.0,27410.0,637717.13820902,16745289213.757984
2021-04-05 09:00:00,27380.0,29380.0,26040.0,28720.0,1429078.49057553,39831216946.93681
2021-04-06 09:00:00,28720.0,31090.0,25990.0,29090.0,1976278.80561563,57878153812.814606
2021-04-07 09:00:00,29090.0,30190.0,21000.0,25480.0,1656535.09467342,44447854455.28728
2021-04-08 09:00:00,25450.0,26750.0,24500.0,26670.0,664054.76360407,17133039850.371964
2021-04-09 09:00:00,26670.0,28040.0,26160.0,28040.0,719258.42311144,19531407865.635685
2021-04-10 09:00:00,28000.0,29480.0,27270.0,27600.0,880090.51897993,25072673540.696384
2021-04-11 09:00:00,27690.0,31000.0,26400.0,30740.0,1486538.34099407,42751044787.26054
2021-04-12 09:00:00,30740.0,31000.0,27950.0,28750.0,985220.41401105,29146283377.24661
2021-04-13 09:00:00,28800.0,31880.0,27710.0,30300.0,1017738.90728762,30121099400.471375
2021-04-14 09:00:00,30300.0,34670.0,29000.0,34630.0,1595722.53745888,50066285018.54362
2021-04-15 09:00:00,34620.0,36130.0,32830.0,35160.0,955253.60566983,32796782274.28568
2021-04-16 09:00:00,35000.0,35600.0,31030.0,33200.0,960106.35615544,31961113427.855553
2021-04-17 09:00:00,33200.0,35390.0,31550.0,31630.0,1116669.11310698,37425964032.81683
2021-04-18 09:00:00,31630.0,32240.0,24700.0,28880.0,1236079.98275143,34968300043.22939
2021-04-19 09:00:00,28880.0,29820.0,24510.0,24740.0,800575.22702,21683027545.286568
2021-04-20 09:00:00,24750.0,27160.0,21700.0,26470.0,1249973.60628351,30208300170.494656
2021-04-21 09:00:00,26470.0,26890.0,24200.0,24830.0,591318.76900399,15156341181.049528
2021-04-22 09:00:00,24840.0,25860.0,21110.0,21760.0,916337.54501074,22052110547.92675
2021-04-23 09:00:00,21510.0,24430.0,18500.0,24350.0,2335556.53756719,50150252200.884056
2021-04-24 09:00:00,24350.0,24430.0,22120.0,22390.0,427338.70400215,9892500683.319798
2021-04-25 09:00:00,22460.0,23870.0,21500.0,22840.0,427871.30502566,9744878804.898607
2021-04-26 09:00:00,22840.0,26760.0,22390.0,26220.0,651815.42666908,16127674283.053574
2021-04-27 09:00:00,26220.0,27540.0,25360.0,27170.0,505915.78362687,13448962333.360226
2021-04-28 09:00:00,27180.0,28220.0,25400.0,26830.0,570030.61493974,15376143773.999651
2021-04-29 09:00:00,26830.0,27020.0,25400.0,26420.0,280773.7568775,7391385434.186485
2021-04-30 09:00:00,26460.0,27920.0,25950.0,26710.0,423800.08922533,11456145665.384115
2021-05-01 09:00:00,26750.0,29250.0,26350.0,28340.0,594471.90709715,16605876237.552263
2021-05-02 09:00:00,28350.0,28590.0,26500.0,27900.0,311651.39080835,8607335459.202404
2021-05-03 09:00:00,27900.0,28700.0,27310.0,28130.0,485680.85773791,13621570802.6852
2021-05-04 09:00:00,28130.0,29000.0,26150.0,26380.0,1262337.77048167,35067664135.9115
2021-05-05 09:00:00,26370.0,29740.0,25860.0,29740.0,1491357.32991167,41779606688.63838
2021-05-06 09:00:00,29740.0,33190.0,28500.0,31210.0,1702068.63892238,53068910848.9909
2021-05-07 09:00:00,31220.0,39900.0,30010.0,34230.0,5112946.08849259,179279941741.71594
2021-05-08 09:00:00,34330.0,37940.0,32330.0,35970.0,1742362.61667141,61432725697.18257
2021-05-09 09:00:00,35950.0,36430.0,33100.0,35190.0,795292.58666798,27340876996.18407
2021-05-10 09:00:00,35190.0,36280.0,31550.0,32190.0,704891.6490657,24189269344.35265
2021-05-11 09:00:00,32190.0,33430.0,29800.0,33020.0,652694.60044386,20526051365.897842
2021-05-12 09:00:00,33150.0,33980.0,27800.0,28690.0,630918.29342723,20234049671.66326
2021-05-13 09:00:00,28490.0,31500.0,27460.0,29820.0,710305.7221586,21155610791.365166
2021-05-14 09:00:00,29820.0,31970.0,29440.0,31970.0,414147.58573378,12556776625.148396
2021-05-15 09:00:00,31920.0,35700.0,30200.0,30740.0,1902973.22343749,64069587520.215675
2021-05-16 09:00:00,30730.0,32550.0,28530.0,30100.0,686286.86388911,21213801669.725674
2021-05-17 09:00:00,30110.0,30170.0,25820.0,26210.0,618848.03533372,17147315737.582926
2021-05-18 09:00:00,26200.0,29050.0,25720.0,28350.0,554704.48295799,15294472539.435232
2021-05-19 09:00:00,28440.0,29100.0,15000.0,19010.0,3724297.60818759,77975830141.7112
2021-05-20 09:00:00,19120.0,21500.0,17000.0,21390.0,1467152.43298147,28875589622.363674
2021-05-21 09:00:00,21400.0,22180.0,15520.0,17910.0,1637945.8000559,30639467747.17823
2021-05-22 09:00:00,17920.0,17970.0,14380.0,15550.0,941401.46924942,15057641449.649582
2021-05-23 09:00:00,15570.0,16610.0,10740.0,14310.0,1839439.42520548,25385825535.422108
2021-05-24 09:00:00,14300.0,17570.0,13150.0,17570.0,1236102.57660718,19098736419.56406
2021-05-25 09:00:00,17580.0,18480.0,15380.0,17110.0,820510.65618125,13915266820.537138
2021-05-26 09:00:00,17070.0,18790.0,16580.0,18350.0,695933.22571238,12459439659.328531
2021-05-27 09:00:00,18350.0,18490.0,16640.0,17600.0,540371.86018693,9472944386.310505
2021-05-28 09:00:00,17600.0,17720.0,14630.0,15590.0,646483.47056501,10248196028.600267
2021-05-29 09:00:00,15560.0,17530.0,14120.0,14930.0,1187991.764586,19295958764.644203
2021-05-30 09:00:00,14870.0,15830.0,13610.0,15270.0,437505.10530026,6547842776.950711
2021-05-31 09:00:00,15240.0,16420.0,14410.0,16350.0,520066.19602363,8201126620.829736
2021-06-01 09:00:00,16390.0,17170.0,15890.0,16210.0,809794.34925528,13333226045.128466
2021-06-02 09:00:00,16210.0,19820.0,16030.0,17280.0,1496045.46289954,26293349242.706337
2021-06-03 09:00:00,17290.0,20690.0,17090.0,19300.0,2483515.83252793,47695106267.1571
2021-06-04 09:00:00,19310.0,19950.0,16650.0,17580.0,875887.32369587,15682647920.011532
2021-06-05 09:00:00,17580.0,19000.0,17000.0,17540.0,694585.15979314,12502453193.788902
2021-06-06 09:00:00,17540.0,17910.0,16950.0,17600.0,322185.13029113,5595409006.324011
2021-06-07 09:00:00,17610.0,18130.0,15480.0,15650.0,450703.22173684,7714132864.234308
2021-06-08 09:00:00,15650.0,15990.0,14100.0,15650.0,535057.43538721,8128345118.226657
2021-06-09 09:00:00,15650.0,16130.0,14520.0,16100.0,388860.00948529,6025770467.445553
2021-06-10 09:00:00,16110.0,16220.0,14770.0,15060.0,436814.22094696,6765255772.900727
2021-06-11 09:00:00,15060.0,15120.0,13560.0,13930.0,354468.46465158,5121620024.503836
2021-06-12 09:00:00,13930.0,13980.0,12730.0,13500.0,298303.87294354,3972522017.640635
2021-06-13 09:00:00,13500.0,14370.0,13180.0,14350.0,237821.47610872,3265253603.8184924
2021-06-14 09:00:00,14380.0,15400.0,14030.0,15250.0,275355.0476895,4039812511.2908516
2021-06-15 09:00:00,15280.0,15550.0,14680.0,14970.0,239722.77441651,3634710558.466858
2021-06-16 09:00:00,15010.0,15900.0,14370.0,15880.0,270020.97305817,4074177821.5477157
2021-06-17 09:00:00,15880.0,17170.0,15730.0,16050.0,546634.94224766,9008280654.594324
2021-06-18 09:00:00,16010.0,16060.0,14330.0,14810.0,236774.8649536,3587963467.4198756
2021-06-19 09:00:00,14820.0,14980.0,14060.0,14100.0,146732.46823601,2142094977.4929128
2021-06-20 09:00:00,14100.0,14540.0,13140.0,14100.0,239759.31647602,3328309171.000412
2021-06-21 09:00:00,14120.0,14250.0,11110.0,11310.0,486685.9424701,6087747416.027524
2021-06-22 09:00:00,11310.0,12430.0,9220.0,10460.0,798428.37990171,8531795559.651231
2021-06-23 09:00:00,10450.0,12060.0,9900.0,11130.0,423693.93284959,4795354373.162761
2021-06-24 09:00:00,11160.0,12380.0,10510.0,12010.0,405159.31450922,4600660927.394433
2021-06-25 09:00:00,12020.0,12390.0,10390.0,10680.0,713381.95476462,8108574943.178493
2021-06-26 09:00:00,10680.0,11200.0,10170.0,11150.0,335246.13581172,3561623436.721149
2021-06-27 09:00:00,11150.0,11620.0,10940.0,11620.0,301136.03211893,3392539773.822693
2021-06-28 09:00:00,11620.0,12640.0,11450.0,12620.0,367237.10103721,4332614140.016019
2021-06-29 09:00:00,12630.0,14980.0,12490.0,13450.0,534330.63279307,7317911405.905854
2021-06-30 09:00:00,13520.0,13990.0,13010.0,13980.0,332018.3641793,4478129996.24051
2021-07-01 09:00:00,13980.0,14080.0,12700.0,13000.0,295982.75978561,3962652484.074282
2021-07-02 09:00:00,12990.0,13780.0,12350.0,13760.0,261033.40904341,3396225556.8505726
2021-07-03 09:00:00,13780.0,14250.0,13490.0,13740.0,268657.5691481,3713003279.910492
2021-07-04 09:00:00,13730.0,14440.0,13490.0,14310.0,200653.25960151,2824781080.477928
2021-07-05 09:00:00,14300.0,16330.0,13860.0,15820.0,1010234.71597715,15401631684.759203
2021-07-06 09:00:00,15880.0,16500.0,15020.0,15350.0,443182.18472169,6931141664.732115
2021-07-07 09:00:00,15350.0,15760.0,15000.0,15220.0,338740.61909319,5204661420.698966
2021-07-08 09:00:00,15220.0,15270.0,13830.0,14170.0,270755.00213759,3907734585.377913
2021-07-09 09:00:00,14170.0,16510.0,13490.0,15510.0,1198385.88111866,18419568104.05564
2021-07-10 09:00:00,15570.0,17200.0,15320.0,17030.0,693621.16504066,11200169675.236858
2021-07-11 09:00:00,17020.0,17430.0,16360.0,16560.0,562228.49027908,9526801433.237667
2021-07-12 09:00:00,16560.0,16580.0,15190.0,15420.0,357971.85483729,5748083709.436877
2021-07-13 09:00:00,15420.0,16170.0,14040.0,14330.0,641366.52501207,9834051246.565786
2021-07-14 09:00:00,14330.0,14540.0,13140.0,13830.0,554945.4169942,7685584636.294671
2021-07-15 09:00:00,13830.0,14200.0,12680.0,13480.0,480112.04179836,6399260470.21712
2021-07-16 09:00:00,13520.0,15560.0,12990.0,13230.0,1963370.43334705,27774311264.79777
2021-07-17 09:00:00,13230.0,13570.0,12620.0,13060.0,660630.33777763,8683012209.314924
2021-07-18 09:00:00,13060.0,13590.0,12760.0,13070.0,381461.19016227,5014868398.052764
2021-07-19 09:00:00,13040.0,13130.0,11880.0,11920.0,398007.08394365,4925138180.307698
2021-07-20 09:00:00,11910.0,12090.0,10650.0,11200.0,389568.2325132,4378863837.279962
2021-07-21 09:00:00,11210.0,12550.0,10830.0,12360.0,577884.11343213,6928646889.615908
2021-07-22 09:00:00,12360.0,13620.0,12040.0,13350.0,500113.79399312,6418412273.898925
2021-07-23 09:00:00,13360.0,13510.0,12630.0,13350.0,441601.69248927,5797889800.938012
2021-07-24 09:00:00,13350.0,13740.0,13050.0,13410.0,457330.46452145,6095650435.567963
2021-07-25 09:00:00,13410.0,13600.0,12830.0,13300.0,330194.01977342,4355687205.826159
2021-07-26 09:00:00,13250.0,14410.0,13150.0,13180.0,878729.03318883,12157401251.66735
2021-07-27 09:00:00,13150.0,13600.0,12740.0,13530.0,499094.71173585,6571980142.483841
2021-07-28 09:00:00,13500.0,13880.0,13270.0,13440.0,448374.49119888,6056622680.062904
2021-07-29 09:00:00,13440.0,13650.0,13110.0,13550.0,582003.6060819,7793540277.079288
2021-07-30 09:00:00,13550.0,14090.0,13110.0,14020.0,1047849.61635672,14294568642.04182
2021-07-31 09:00:00,13980.0,14980.0,13700.0,14580.0,1125611.1167264,16060828810.565311
2021-08-01 09:00:00,14580.0,15780.0,14220.0,14290.0,1820567.91042497,27394508493.158043
2021-08-02 09:00:00,14280.0,14780.0,13990.0,14500.0,803415.62845987,11548358536.145796
2021-08-03 09:00:00,14500.0,14680.0,13770.0,14250.0,580189.92059293,8229809530.869077
2021-08-04 09:00:00,14240.0,14870.0,13980.0,14750.0,659229.51927975,9540876317.034039
2021-08-05 09:00:00,14750.0,15260.0,14530.0,15050.0,605004.90346527,8989664711.083271
2021-08-06 09:00:00,15050.0,16110.0,14760.0,15650.0,633572.10478833,9801966787.471548
2021-08-07 09:00:00,15660.0,16460.0,15570.0,16030.0,679275.02031493,10892204876.144474
2021-08-08 09:00:00,16030.0,16290.0,15170.0,15250.0,521364.56155038,8235757543.12623
2021-08-09 09:00:00,15250.0,16130.0,14640.0,15660.0,654886.04675958,10190980146.31279
2021-08-10 09:00:00,15620.0,16500.0,15510.0,16180.0,707763.0092394,11337189169.145706
2021-08-11 09:00:00,16180.0,17640.0,16140.0,16830.0,1116323.65200964,19115785410.759075
2021-08-12 09:00:00,16830.0,17580.0,15930.0,16490.0,717254.40411825,11970069407.828396
2021-08-13 09:00:00,16500.0,17690.0,16230.0,17530.0,494603.73400398,8411790976.931911
2021-08-14 09:00:00,17540.0,18320.0,17120.0,18110.0,830078.96187957,14702867371.325914
2021-08-15 09:00:00,18120.0,18570.0,17400.0,18550.0,691812.27208802,12433946086.12618
2021-08-16 09:00:00,18550.0,19130.0,18050.0,18540.0,856468.55763355,15923571569.64846
2021-08-17 09:00:00,18540.0,20540.0,17620.0,18930.0,1584890.65273118,30438785072.4056
2021-08-18 09:00:00,18900.0,21900.0,17670.0,21160.0,1648164.18595354,32424250580.04259
2021-08-19 09:00:00,21130.0,24730.0,21110.0,21960.0,7310802.85397593,166401403226.34216
2021-08-20 09:00:00,21950.0,23500.0,21540.0,22140.0,1705105.40096051,38479215712.66912
2021-08-21 09:00:00,22140.0,31100.0,21600.0,26050.0,12483951.15493577,337210174323.68506
2021-08-22 09:00:00,26070.0,29480.0,24810.0,25570.0,9534776.12102875,260294442242.68893
2021-08-23 09:00:00,25580.0,27150.0,24950.0,25440.0,3085887.20745836,80182307914.22456
2021-08-24 09:00:00,25450.0,25470.0,22860.0,23070.0,1351522.68563309,32732744403.308575
2021-08-25 09:00:00,23010.0,24280.0,21780.0,23390.0,1081342.4405442,24768917352.87267
2021-08-26 09:00:00,23390.0,23710.0,21100.0,21200.0,1048797.34986384,23036197996.001987
2021-08-27 09:00:00,21200.0,24230.0,20320.0,23940.0,2481316.18918887,56500700006.302185
2021-08-28 09:00:00,23960.0,25180.0,22900.0,25030.0,1321915.16703349,31778963693.458893
2021-08-29 09:00:00,25030.0,26300.0,24000.0,24900.0,1449487.24813952,36568256808.468506
2021-08-30 09:00:00,24880.0,27980.0,23220.0,26340.0,1958568.0346589,49928689603.902245
2021-08-31 09:00:00,26370.0,30780.0,25500.0,26830.0,6911044.33407752,198356195842.73508
2021-09-01 09:00:00,26830.0,30100.0,25910.0,29370.0,2568891.92115676,70885361190.53093
2021-09-02 09:00:00,29370.0,29900.0,27510.0,28090.0,1141592.89637754,32354265945.028847
2021-09-03 09:00:00,28090.0,28730.0,27080.0,27930.0,1490851.42999394,41706984261.54383
2021-09-04 09:00:00,27910.0,29450.0,27450.0,28350.0,1310592.25648867,36965926934.02603
2021-09-05 09:00:00,28350.0,30000.0,27500.0,29460.0,1236598.84536881,35098626593.77495
2021-09-06 09:00:00,29460.0,31180.0,27690.0,29000.0,1537404.18936072,45953024297.36701
2021-09-07 09:00:00,29000.0,31820.0,21910.0,25480.0,4343695.21475967,123705833170.8788
2021-09-08 09:00:00,25510.0,26420.0,22100.0,25070.0,1681320.59056919,41069788313.08176
2021-09-09 09:00:00,25090.0,34000.0,24670.0,32350.0,10087647.33175227,306155114953.96014
2021-09-10 09:00:00,32320.0,38580.0,30080.0,36120.0,14428965.66265916,492994264676.9715
2021-09-11 09:00:00,36180.0,37680.0,32610.0,33160.0,5192658.07169847,182648312561.3765
2021-09-12 09:00:00,33190.0,42290.0,31540.0,41910.0,13310098.1328864,507527966135.1672
2021-09-13 09:00:00,41880.0,47570.0,37260.0,43250.0,22191087.79950549,943207399746.2817
2021-09-14 09:00:00,43300.0,45740.0,39770.0,41040.0,8166945.61544599,348585365316.69946
2021-09-15 09:00:00,41070.0,42660.0,39350.0,40430.0,3076871.42283495,124687816299.54512
2021-09-16 09:00:00,40410.0,44750.0,37260.0,44520.0,3757173.35746565,153856691524.95578
2021-09-17 09:00:00,44520.0,45740.0,39900.0,40760.0,3521330.97443998,150881753146.23572
2021-09-18 09:00:00,40770.0,50420.0,39980.0,49550.0,9563466.01892611,445111553435.39703
2021-09-19 09:00:00,49580.0,54830.0,46320.0,54440.0,8982101.43731976,453176309156.2752
2021-09-20 09:00:00,54430.0,55130.0,41940.0,42530.0,18789087.16301959,907785151243.8932
2021-09-21 09:00:00,42600.0,46070.0,37120.0,38010.0,15683017.25757767,668669613352.8342
2021-09-22 09:00:00,38050.0,49820.0,36130.0,49390.0,15108391.22824844,643287295581.885
2021-09-23 09:00:00,49370.0,52410.0,46920.0,50300.0,14016813.09837816,696757246488.8789
2021-09-24 09:00:00,50310.0,53770.0,45240.0,51900.0,14915237.37994553,729636703469.7859
2021-09-25 09:00:00,51900.0,52530.0,47990.0,48480.0,5315936.54039704,266495687675.1214
2021-09-26 09:00:00,48490.0,50770.0,44260.0,48900.0,8191814.96185433,389591289807.8514
2021-09-27 09:00:00,48820.0,49440.0,45050.0,45810.0,3428184.59499145,162438956855.1433
2021-09-28 09:00:00,45810.0,46500.0,41010.0,41450.0,4034649.50425862,178116141356.53818
2021-09-29 09:00:00,41450.0,44660.0,40400.0,41530.0,4921247.35096859,210215603493.07346
2021-09-30 09:00:00,41530.0,44310.0,40890.0,44180.0,4085862.09262376,172788910265.01956
2021-10-01 09:00:00,44190.0,46740.0,42590.0,45920.0,4720263.43604032,211728969395.8506
2021-10-02 09:00:00,45920.0,50460.0,44950.0,47290.0,4744619.74317329,225301306789.11603
2021-10-03 09:00:00,47280.0,49700.0,45820.0,47170.0,4229711.78337861,202211136829.3152
2021-10-04 09:00:00,47160.0,47300.0,44000.0,45010.0,2879551.96584535,131107626534.50255
2021-10-05 09:00:00,44990.0,46440.0,42750.0,44120.0,2438013.57562141,109711170836.9547
2021-10-06 09:00:00,44120.0,44420.0,40020.0,42690.0,2063502.26200639,87531149417.68727
2021-10-07 09:00:00,42680.0,45980.0,41110.0,44590.0,1844629.15518131,80661879244.57286
2021-10-08 09:00:00,44590.0,45210.0,42790.0,42830.0,903585.93718979,39718237235.13139
2021-10-09 09:00:00,42830.0,44400.0,42370.0,43030.0,677658.09835104,29404164766.53712
2021-10-10 09:00:00,43090.0,43090.0,40010.0,40250.0,700641.1157048,29228086227.315228
2021-10-11 09:00:00,40240.0,42170.0,38810.0,39480.0,850412.31162051,34464977618.39527
2021-10-12 09:00:00,39480.0,41980.0,37230.0,41310.0,1407975.29020303,55487725001.5676
2021-10-13 09:00:00,41320.0,43000.0,38950.0,42100.0,1286585.41138044,52677177938.24816
2021-10-14 09:00:00,42110.0,43540.0,40930.0,41210.0,868315.19859772,36621418723.336975
2021-10-15 09:00:00,41210.0,41420.0,39500.0,40640.0,800851.32282706,32563491057.857006
2021-10-16 09:00:00,40640.0,42450.0,40200.0,40730.0,450639.50468506,18602584504.97616
2021-10-17 09:00:00,40700.0,41990.0,39140.0,39970.0,361909.7605511,14679210716.850895
2021-10-18 09:00:00,39970.0,40260.0,38420.0,39240.0,367350.0276844,14445207377.648457
2021-10-19 09:00:00,39320.0,43360.0,38780.0,42830.0,4001002.81960862,166697515543.5653
2021-10-20 09:00:00,42830.0,44650.0,41130.0,43470.0,989924.15849412,42144721396.03945
2021-10-21 09:00:00,43350.0,44700.0,41710.0,42010.0,794074.18808418,34387362838.12804
2021-10-22 09:00:00,42010.0,44000.0,41500.0,41770.0,582890.58123064,24868174720.22931
2021-10-23 09:00:00,41790.0,45380.0,41410.0,43600.0,875418.2761508,38217568924.255135
2021-10-24 09:00:00,43630.0,44100.0,41510.0,41920.0,364395.67312451,15609507479.770597
2021-10-25 09:00:00,42030.0,43000.0,41800.0,42700.0,292721.5487395,12428678041.000816
2021-10-26 09:00:00,42700.0,52480.0,42480.0,52140.0,4605893.8995266,222763671306.00528
2021-10-27 09:00:00,52240.0,53130.0,43650.0,45250.0,4418693.71119607,211548714067.14886
2021-10-28 09:00:00,45180.0,49330.0,44100.0,45990.0,1522617.04693137,71859377479.53255
2021-10-29 09:00:00,46000.0,49400.0,45900.0,47320.0,992438.49660944,46926407977.053055
2021-10-30 09:00:00,47320.0,47490.0,43300.0,44310.0,688871.97543485,31180136843.862995
2021-10-31 09:00:00,44300.0,44720.0,42180.0,43990.0,600079.09453645,26154192805.413597
2021-11-01 09:00:00,43960.0,45280.0,41500.0,44440.0,780889.91284278,34249478472.76452
2021-11-02 09:00:00,44360.0,45100.0,43000.0,43620.0,604441.0992763,26562025457.972324
2021-11-03 09:00:00,43620.0,45790.0,41730.0,45700.0,776012.56604778,33735413511.456253
2021-11-04 09:00:00,45620.0,46470.0,44010.0,45140.0,545830.20726465,24701954618.437214
2021-11-05 09:00:00,45130.0,46870.0,44210.0,44810.0,597174.5631509,27257019222.357418
2021-11-06 09:00:00,44800.0,44810.0,42500.0,43920.0,440901.07654674,19254601349.451015
2021-11-07 09:00:00,43930.0,44310.0,43120.0,43300.0,288225.05870898,12606806896.45806
2021-11-08 09:00:00,43310.0,44890.0,42550.0,44180.0,623502.9616076,27325382904.85465
2021-11-09 09:00:00,44170.0,45900.0,42750.0,43160.0,848767.98773779,37696089172.56675
2021-11-10 09:00:00,43160.0,44600.0,37920.0,39570.0,1105962.89804727,45492928359.25208
2021-11-11 09:00:00,39560.0,41280.0,38870.0,40100.0,619314.99927656,24881130341.664978
2021-11-12 09:00:00,40080.0,40100.0,37800.0,39050.0,664020.18117428,25929127324.552933
2021-11-13 09:00:00,39100.0,40240.0,38860.0,39350.0,317245.88983447,12491931775.043833
2021-11-14 09:00:00,39340.0,40150.0,38050.0,38690.0,347664.37038341,13552380472.720545
2021-11-15 09:00:00,38700.0,40840.0,38310.0,38560.0,924721.39014505,36765241308.81239
2021-11-16 09:00:00,38430.0,38570.0,34900.0,34930.0,909038.15247047,33012670166.003494
2021-11-17 09:00:00,34900.0,36280.0,33170.0,36040.0,599247.96525723,20733010632.915394
2021-11-18 09:00:00,36040.0,36430.0,32210.0,33030.0,554455.35399756,19173355445.783714
2021-11-19 09:00:00,33030.0,35250.0,32210.0,34780.0,316054.50593458,10718270803.755774
2021-11-20 09:00:00,34780.0,36890.0,34600.0,36390.0,322312.28500046,11475925136.041042
2021-11-21 09:00:00,36410.0,39450.0,35250.0,38410.0,506569.49958123,19036805192.106415
2021-11-22 09:00:00,38530.0,42440.0,36230.0,40310.0,1358728.98888061,54440558066.24087
2021-11-23 09:00:00,40310.0,41400.0,38400.0,39920.0,476138.03217206,18965294467.41539
2021-11-24 09:00:00,39920.0,39960.0,36750.0,37210.0,464036.76209467,17590475219.356106
2021-11-25 09:00:00,37210.0,38680.0,36700.0,36960.0,593474.1045858,22375276003.74619
2021-11-26 09:00:00,36960.0,37600.0,32560.0,34480.0,678461.79845712,23610109411.919933
2021-11-27 09:00:00,34340.0,35650.0,34120.0,34350.0,236037.43397329,8268072363.991224
2021-11-28 09:00:00,34280.0,35030.0,32200.0,34670.0,275000.1799964,9188543795.939796
2021-11-29 09:00:00,34610.0,35600.0,33540.0,35170.0,299632.19126544,10339563372.419363
2021-11-30 09:00:00,35170.0,36400.0,33750.0,34160.0,717959.86652732,25366052418.11666
2021-12-01 09:00:00,34230.0,34940.0,33100.0,33170.0,378635.656675,12884322797.777227
2021-12-02 09:00:00,33170.0,35570.0,32090.0,35390.0,468012.87717127,15699629026.099964
2021-12-03 09:00:00,35400.0,42240.0,34570.0,41650.0,3694257.73320019,146532656495.65225
2021-12-04 09:00:00,41650.0,41730.0,29820.0,35590.0,3110669.55798959,109785971536.0286
2021-12-05 09:00:00,35560.0,37230.0,29920.0,30910.0,1072847.40762159,35959920431.16834
2021-12-06 09:00:00,30910.0,30950.0,27600.0,30230.0,1081802.65627587,31644769997.702705
2021-12-07 09:00:00,30230.0,31550.0,29700.0,30460.0,835131.61565978,25555284144.612885
2021-12-08 09:00:00,30460.0,32090.0,28370.0,31170.0,1199324.94415978,36368861076.290825
2021-12-09 09:00:00,31250.0,31500.0,28020.0,28090.0,645093.60540011,19150408933.419086
2021-12-10 09:00:00,28040.0,29950.0,27510.0,28670.0,700810.73819692,20105434709.331036
2021-12-11 09:00:00,28650.0,30830.0,27880.0,30320.0,569670.22622821,16934042651.965595
2021-12-12 09:00:00,30330.0,31290.0,29470.0,30380.0,462920.16484142,14063195841.283009
2021-12-13 09:00:00,30400.0,30930.0,26780.0,27300.0,426892.64312908,12272576166.390581
2021-12-14 09:00:00,27330.0,27790.0,26120.0,27060.0,444073.26676612,11944419881.652666
2021-12-15 09:00:00,27090.0,28650.0,25200.0,27950.0,509570.05595044,13792279596.7328
2021-12-16 09:00:00,27960.0,29240.0,27200.0,27340.0,311634.20932383,8786297896.505102
2021-12-17 09:00:00,27400.0,27610.0,25750.0,26690.0,270925.14180962,7277782226.258742
2021-12-18 09:00:00,26690.0,28930.0,26410.0,28840.0,231108.59050085,6334410938.762949
2021-12-19 09:00:00,28780.0,29400.0,27570.0,27660.0,244975.54146351,7028971811.765125
2021-12-20 09:00:00,27710.0,27880.0,25930.0,26620.0,194014.42598449,5197610097.225752
2021-12-21 09:00:00,26650.0,29070.0,26480.0,28990.0,311737.60169422,8677911486.088493
2021-12-22 09:00:00,28940.0,34980.0,28690.0,33590.0,1680963.49066947,54439226128.59676
2021-12-23 09:00:00,33590.0,35500.0,32510.0,34240.0,1322075.13532284,45141919706.880394
2021-12-24 09:00:00,34280.0,36200.0,32730.0,32830.0,591839.59160377,20582528327.403526
2021-12-25 09:00:00,32830.0,36060.0,32610.0,36020.0,372452.33728417,12614391973.208532
2021-12-26 09:00:00,36020.0,39000.0,34710.0,38840.0,1147568.00900322,42956389010.4693
2021-12-27 09:00:00,38830.0,39630.0,36010.0,36160.0,905965.6924937,34235627046.981945
2021-12-28 09:00:00,36160.0,36260.0,32250.0,32580.0,996746.67743287,34224338429.08758
2021-12-29 09:00:00,32570.0,34530.0,30780.0,34290.0,708718.3963856,23078427311.514973
2021-12-30 09:00:00,34300.0,37060.0,32410.0,36620.0,662948.04789987,23183684543.439682
2021-12-31 09:00:00,36620.0,40590.0,36500.0,39690.0,1414950.77315307,54551366184.5914
2022-01-01 09:00:00,39680.0,44990.0,39660.0,44170.0,2045558.63028652,86693384093.18071
2022-01-02 09:00:00,44160.0,44950.0,41810.0,43200.0,1479619.4803751,64174916850.66118
2022-01-03 09:00:00,43200.0,48520.0,41690.0,47800.0,2117217.01220521,97150572542.39676
2022-01-04 09:00:00,47840.0,53460.0,45630.0,51340.0,2587828.62360228,128506068661.92572
2022-01-05 09:00:00,51350.0,52940.0,43200.0,47800.0,2258278.86792201,109015828604.85524
2022-01-06 09:00:00,47800.0,50960.0,44010.0,49510.0,2492899.49516408,117030885309.55087
2022-01-07 09:00:00,49510.0,55730.0,47070.0,47810.0,7717108.68545079,401108203250.6936
2022-01-08 09:00:00,47820.0,49880.0,42880.0,44960.0,3834025.06359319,179718076907.65796
2022-01-09 09:00:00,44900.0,47330.0,42350.0,43250.0,2411817.41567098,108337992571.27116
2022-01-10 09:00:00,43230.0,46770.0,40590.0,46400.0,4572882.77967876,201763162521.32416
2022-01-11 09:00:00,46400.0,48680.0,44160.0,47350.0,2560291.85925721,118892325800.24777
2022-01-12 09:00:00,47340.0,51710.0,47230.0,48870.0,2698595.40888479,134078374001.92366
2022-01-13 09:00:00,48860.0,50310.0,45700.0,45850.0,1544545.69673541,75030298140.48392
2022-01-14 09:00:00,45870.0,49530.0,44820.0,49030.0,1274507.7220171,59340537214.755455
2022-01-15 09:00:00,49040.0,49670.0,47440.0,47450.0,650377.24457132,31593540135.021
2022-01-16 09:00:00,47440.0,53270.0,47180.0,52830.0,2731904.43869335,140286048014.39865
2022-01-17 09:00:00,52830.0,54220.0,46520.0,47760.0,2153273.42725213,109632001356.24847
2022-01-18 09:00:00,47790.0,48750.0,44150.0,46230.0,1585531.43291267,73615420979.49446
2022-01-19 09:00:00,46230.0,47000.0,42820.0,44710.0,996539.29555673,44473990848.77065
2022-01-20 09:00:00,44710.0,50700.0,44580.0,47450.0,3214484.77761429,154405454112.0076
2022-01-21 09:00:00,47490.0,50120.0,40580.0,43120.0,7339142.50904697,336262914391.82983
2022-01-22 09:00:00,43130.0,43660.0,34600.0,36260.0,6780917.3946867,258215863448.70935
2022-01-23 09:00:00,36260.0,42490.0,35930.0,42310.0,7052606.47094765,280381700413.6323
2022-01-24 09:00:00,42350.0,45070.0,37060.0,44040.0,12252190.92656251,499264319843.834
2022-01-25 09:00:00,44060.0,45490.0,42350.0,43570.0,6861126.49330951,300620802401.7427
2022-01-26 09:00:00,43590.0,44150.0,38500.0,39750.0,8242104.57183615,345200289184.07587
2022-01-27 09:00:00,39760.0,40510.0,35810.0,37100.0,4961020.50542485,189383675921.34506
2022-01-28 09:00:00,37090.0,37350.0,34470.0,36490.0,5480105.87597413,196642420500.64243
2022-01-29 09:00:00,36470.0,37450.0,35100.0,36040.0,4555562.49472693,166210711576.3929
2022-01-30 09:00:00,36030.0,36140.0,33000.0,33980.0,3451794.99621239,119972226987.68512
2022-01-31 09:00:00,33960.0,35610.0,31770.0,34490.0,3910525.9277814,131657955769.55167
2022-02-01 09:00:00,34490.0,36610.0,34170.0,35640.0,4123815.70065099,147376431179.4456
2022-02-02 09:00:00,35640.0,35760.0,32370.0,32540.0,2548366.81390225,87681481987.42932
2022-02-03 09:00:00,32550.0,36480.0,31630.0,36320.0,3464052.7081415,118120646148.15953
2022-02-04 09:00:00,36300.0,38210.0,34980.0,37870.0,2771871.06652215,101026118245.43889
2022-02-05 09:00:00,37830.0,39320.0,36860.0,37750.0,1811636.20612053,69226028560.6711
2022-02-06 09:00:00,37760.0,39170.0,36920.0,38190.0,1468438.36309109,55963571201.94268
2022-02-07 09:00:00,38190.0,40400.0,37400.0,38690.0,2179712.81420364,85418749409.45435
2022-02-08 09:00:00,38690.0,39700.0,36430.0,37090.0,1609628.92139553,61188250100.14112
2022-02-09 09:00:00,37090.0,38130.0,36000.0,37410.0,986179.41303893,36704266149.46109
2022-02-10 09:00:00,37410.0,37900.0,34950.0,35550.0,1159081.1648986,42224843633.54079
2022-02-11 09:00:00,35560.0,35660.0,32000.0,32570.0,939538.85949506,32012103633.795506
2022-02-12 09:00:00,32560.0,34700.0,31700.0,33030.0,2232004.37652236,74765896233.63084
2022-02-13 09:00:00,33030.0,33900.0,32000.0,32150.0,712668.09731122,23542153159.48675
2022-02-14 09:00:00,32160.0,33450.0,30900.0,32990.0,859598.41320345,27519443210.255848
2022-02-15 09:00:00,32950.0,35250.0,32950.0,35020.0,1023256.80095194,35064197084.93707
2022-02-16 09:00:00,35020.0,35370.0,33470.0,34640.0,619222.69288363,21367503620.954994
2022-02-17 09:00:00,34590.0,37350.0,33630.0,34140.0,3700193.60109977,132524525437.20827
2022-02-18 09:00:00,34140.0,35350.0,32770.0,32940.0,1246173.60958338,42636059300.51934
2022-02-19 09:00:00,32950.0,33450.0,31850.0,32590.0,408088.82373464,13343680307.354185
2022-02-20 09:00:00,32630.0,33000.0,31200.0,32060.0,647146.62608435,20651576471.563107
2022-02-21 09:00:00,32070.0,33240.0,28980.0,29230.0,955698.40666005,30089709845.469494
2022-02-22 09:00:00,29240.0,30370.0,28310.0,30140.0,600659.95741392,17635918743.49807
2022-02-23 09:00:00,30140.0,32650.0,29900.0,30770.0,958639.67972228,30136939618.921875
2022-02-24 09:00:00,30740.0,31270.0,26950.0,30460.0,1655519.68073475,47542340589.53916
2022-02-25 09:00:00,30460.0,33490.0,29590.0,33200.0,902472.2883621,28123006768.123085
2022-02-26 09:00:00,33190.0,36990.0,33090.0,36510.0,1264270.94262424,44428293992.63899
2022-02-27 09:00:00,36550.0,36650.0,32450.0,32990.0,1076948.6410939,37530567663.49225
2022-02-28 09:00:00,33000.0,38300.0,32460.0,37870.0,2074975.19141883,72801654910.40498
2022-03-01 09:00:00,37890.0,40000.0,36800.0,37710.0,2099354.3757776,80850182745.01682
2022-03-02 09:00:00,37710.0,39940.0,36420.0,39190.0,1532076.16871463,58212921740.86674
2022-03-03 09:00:00,39190.0,41990.0,38200.0,41530.0,2018868.19486109,81107614605.55666
2022-03-04 09:00:00,41530.0,42660.0,37610.0,37800.0,2050185.49417141,83687070997.71161
2022-03-05 09:00:00,37800.0,39040.0,36600.0,38110.0,896888.20397522,33608644792.42312
2022-03-06 09:00:00,38080.0,38300.0,34830.0,35070.0,1266759.48219645,45766672638.98971
2022-03-07 09:00:00,35070.0,36670.0,33780.0,35340.0,1385208.77214603,48617427589.4148
2022-03-08 09:00:00,35310.0,36430.0,34120.0,34710.0,1031618.37784729,36358446312.52097
2022-03-09 09:00:00,34710.0,38460.0,34610.0,36950.0,1989648.92131261,73824848805.27188
2022-03-10 09:00:00,36920.0,37350.0,34300.0,34770.0,1183302.83534734,41833580811.17662
2022-03-11 09:00:00,34770.0,35400.0,33660.0,34270.0,736870.98052445,25449571892.238605
2022-03-12 09:00:00,34250.0,35180.0,34020.0,34040.0,315112.41091819,10868155884.60299
2022-03-13 09:00:00,34050.0,34260.0,32690.0,32970.0,420395.4467422,14149521317.686691
2022-03-14 09:00:00,32970.0,33710.0,32270.0,33330.0,398545.04988723,13166202322.125523
2022-03-15 09:00:00,33320.0,34420.0,32660.0,33300.0,680146.11191823,22858110650.5346
2022-03-16 09:00:00,33280.0,35690.0,33090.0,35420.0,892314.10227435,30580490292.43022
2022-03-17 09:00:00,35410.0,35580.0,34410.0,34500.0,470266.48465197,16413654582.67093
2022-03-18 09:00:00,34510.0,35000.0,33600.0,34810.0,620952.46739772,21189652112.422016
2022-03-19 09:00:00,34800.0,35930.0,34540.0,34810.0,863873.21249511,30355836403.254116
2022-03-20 09:00:00,34810.0,35020.0,33770.0,34060.0,604198.13079521,20813825143.803703
2022-03-21 09:00:00,34060.0,34590.0,33900.0,34170.0,578295.96484801,19802512596.78814
2022-03-22 09:00:00,34160.0,35140.0,33910.0,34230.0,1075309.70778019,37034461638.70637
2022-03-23 09:00:00,34230.0,34480.0,33500.0,34330.0,1425220.80595284,48377024880.666916
2022-03-24 09:00:00,34320.0,35420.0,34000.0,35120.0,2041846.63821037,70662483040.86453
2022-03-25 09:00:00,35100.0,36130.0,34350.0,34620.0,1725391.76956605,60988505741.99751
2022-03-26 09:00:00,34620.0,35360.0,34220.0,35080.0,872583.4329542,30368647474.445408
2022-03-27 09:00:00,35080.0,35940.0,33960.0,35920.0,1282622.74714856,44791583037.350044
2022-03-28 09:00:00,35910.0,37630.0,35250.0,35540.0,1866406.2582043,68032263786.10683
2022-03-29 09:00:00,35530.0,38490.0,35470.0,36360.0,2840832.53428705,105197208795.5565
2022-03-30 09:00:00,36360.0,37420.0,35200.0,36180.0,1340559.8672164,48679040374.58043
2022-03-31 09:00:00,36180.0,37570.0,35000.0,35380.0,1624499.01027047,58920739880.64944
2022-04-01 09:00:00,35380.0,35980.0,34040.0,35830.0,964330.21126004,33814772301.621582
2022-04-02 09:00:00,35820.0,39900.0,35620.0,38270.0,2271197.99445776,85647670182.21695
2022-04-03 09:00:00,38230.0,41320.0,37390.0,39100.0,3222464.19973877,127998576467.37004
2022-04-04 09:00:00,39120.0,40200.0,37030.0,37860.0,1681964.23022984,65211598838.262146
2022-04-05 09:00:00,37860.0,38190.0,36200.0,36240.0,700317.75252784,26062571173.428455
2022-04-06 09:00:00,36240.0,37280.0,33000.0,33180.0,1340493.38162345,47002102616.364525
2022-04-07 09:00:00,33180.0,34520.0,32360.0,34320.0,698608.17560566,23477547285.298584
2022-04-08 09:00:00,34310.0,36500.0,33400.0,33930.0,1268944.79521973,44491236424.992905
2022-04-09 09:00:00,33940.0,34230.0,33410.0,34010.0,439901.38630288,14889970886.787935
2022-04-10 09:00:00,34020.0,34140.0,33110.0,33250.0,311801.28240127,10485969756.854437
2022-04-11 09:00:00,33250.0,33320.0,29700.0,30230.0,774822.4646025,24547068644.918846
2022-04-12 09:00:00,30260.0,32060.0,29800.0,31090.0,654531.19670057,20213620534.5345
2022-04-13 09:00:00,31090.0,31630.0,30460.0,31560.0,327041.42508999,10169103116.324469
2022-04-14 09:00:00,31550.0,31680.0,30020.0,30220.0,538251.75188121,16620464476.46783
2022-04-15 09:00:00,30230.0,30640.0,29940.0,30270.0,327152.73955204,9885663404.478878
2022-04-16 09:00:00,30270.0,30630.0,30010.0,30300.0,225069.15943431,6825732511.700242
2022-04-17 09:00:00,30290.0,30550.0,29140.0,29290.0,283858.58644053,8495008100.562728
2022-04-18 09:00:00,29290.0,30080.0,28270.0,30030.0,493343.42761759,14351559957.79302
2022-04-19 09:00:00,30030.0,30630.0,29660.0,30550.0,384648.05446117,11579432885.592304
2022-04-20 09:00:00,30550.0,31100.0,30000.0,30160.0,410212.31773614,12543163641.083565
2022-04-21 09:00:00,30220.0,30910.0,28900.0,29330.0,497573.69722939,14991604832.458525
2022-04-22 09:00:00,29330.0,29790.0,28870.0,29060.0,307201.23800835,9012341023.677849
2022-04-23 09:00:00,29060.0,29600.0,28640.0,29270.0,214922.16432137,6233181195.208998
2022-04-24 09:00:00,29310.0,29400.0,28110.0,28120.0,278203.17101295,7981106875.138073
2022-04-25 09:00:00,28120.0,28230.0,26490.0,27780.0,484392.94455744,13209942999.725096
2022-04-26 09:00:00,27770.0,27990.0,25650.0,25990.0,383221.32883473,10348309674.85302
2022-04-27 09:00:00,26010.0,27910.0,25820.0,27300.0,720035.51858524,19534482258.321415
2022-04-28 09:00:00,27290.0,27300.0,26220.0,26480.0,460291.10447474,12327613534.969242
2022-04-29 09:00:00,26480.0,26600.0,25000.0,25100.0,335160.01846525,8661030208.644302
2022-04-30 09:00:00,25080.0,25240.0,23140.0,23390.0,459949.297996,11095188747.332958
2022-05-01 09:00:00,23390.0,24170.0,22650.0,23190.0,488204.28333527,11409142334.631935
2022-05-02 09:00:00,23160.0,23500.0,22150.0,22900.0,444066.16937509,10149879306.200628
2022-05-03 09:00:00,22900.0,24400.0,22650.0,22700.0,576835.90048972,13591155378.110823
2022-05-04 09:00:00,22710.0,25600.0,22650.0,25390.0,570219.13090089,13679619923.859493
2022-05-05 09:00:00,25370.0,25980.0,22600.0,23220.0,738694.53483322,18023945938.704052
2022-05-06 09:00:00,23240.0,23490.0,22400.0,23080.0,371200.33723607,8506600484.0903425
2022-05-07 09:00:00,23070.0,23090.0,21290.0,21590.0,487087.98467617,10753530424.120647
2022-05-08 09:00:00,21580.0,21710.0,20520.0,20680.0,396879.38563003,8352223154.526627
2022-05-09 09:00:00,20690.0,21040.0,17000.0,17070.0,744684.30815207,14285415363.142416
2022-05-10 09:00:00,17080.0,20430.0,16150.0,17970.0,2327124.87699768,43562426925.48459
2022-05-11 09:00:00,18020.0,18650.0,13140.0,14960.0,2621369.37848393,41864066199.19435
2022-05-12 09:00:00,14970.0,15670.0,11860.0,13050.0,2733594.18365567,35987105960.94736
2022-05-13 09:00:00,13060.0,15400.0,12390.0,13820.0,5510169.63167901,76183036004.89783
2022-05-14 09:00:00,13820.0,14880.0,12850.0,14360.0,1448939.79268452,20144795831.71946
2022-05-15 09:00:00,14360.0,16290.0,13740.0,16170.0,1441057.65391841,21578454966.64653
2022-05-16 09:00:00,16170.0,16360.0,14460.0,14520.0,1174485.27762536,18096118940.82913
2022-05-17 09:00:00,14560.0,15350.0,14050.0,14800.0,843275.05510605,12518197301.34437
2022-05-18 09:00:00,14800.0,15160.0,12920.0,13050.0,842564.22225613,11792073757.547787
2022-05-19 09:00:00,13070.0,14050.0,12630.0,13890.0,810334.11068574,10813177492.180786
2022-05-20 09:00:00,13890.0,15850.0,13800.0,14510.0,3677039.83656769,54690807402.83817
2022-05-21 09:00:00,14480.0,14840.0,14010.0,14290.0,937883.05696591,13413917610.31875
2022-05-22 09:00:00,14290.0,14910.0,14150.0,14660.0,851383.92248502,12369935737.42808
2022-05-23 09:00:00,14680.0,15870.0,14010.0,14320.0,1661495.3581905,25212136627.93074
2022-05-24 09:00:00,14300.0,14530.0,13360.0,14180.0,725687.99656358,10172091718.111177
2022-05-25 09:00:00,14160.0,14460.0,13590.0,13810.0,512863.3620439,7141080557.918619
2022-05-26 09:00:00,13810.0,13980.0,12000.0,12440.0,1497333.44532224,19035994528.396572
2022-05-27 09:00:00,12440.0,12660.0,11610.0,11960.0,947139.75155389,11482787552.286247
2022-05-28 09:00:00,11950.0,12350.0,11830.0,12030.0,448493.4901159,5423131106.694132
2022-05-29 09:00:00,12040.0,12340.0,11690.0,12190.0,524251.3949512,6314621305.022393
2022-05-30 09:00:00,12190.0,13270.0,12050.0,13090.0,1060516.84631466,13552265819.66174
2022-05-31 09:00:00,13090.0,13690.0,12680.0,13010.0,1511868.03656895,19872374849.36201
2022-06-01 09:00:00,13010.0,13230.0,11700.0,11910.0,1532273.73934381,19318962346.772335
2022-06-02 09:00:00,11920.0,12230.0,11650.0,12180.0,1056905.6583122,12584027232.52353
2022-06-03 09:00:00,12170.0,12200.0,11420.0,11710.0,682880.31209317,8046463950.5814295
2022-06-04 09:00:00,11720.0,11800.0,11420.0,11780.0,380998.20490466,4435664482.676961
2022-06-05 09:00:00,11770.0,11880.0,11520.0,11690.0,459082.14100267,5356515223.713673
2022-06-06 09:00:00,11690.0,12260.0,11630.0,11950.0,1138017.55774671,13658788808.164053
2022-06-07 09:00:00,11950.0,12020.0,10950.0,11630.0,1731283.62171052,19728623130.260014
2022-06-08 09:00:00,11630.0,11910.0,11060.0,11190.0,1359871.55559989,15470537720.896109
2022-06-09 09:00:00,11190.0,11640.0,11070.0,11150.0,1288703.96051583,14547701847.15273
2022-06-10 09:00:00,11150.0,11430.0,10420.0,10520.0,1643548.55171996,18015689263.634888
2022-06-11 09:00:00,10520.0,10750.0,9625.0,9845.0,1189405.27918115,12149365952.688402
2022-06-12 09:00:00,9855.0,10030.0,9005.0,9230.0,1222335.27964863,11601655455.941301
2022-06-13 09:00:00,9230.0,9370.0,7770.0,8475.0,2001067.83169931,16796083858.00796
2022-06-14 09:00:00,8470.0,8780.0,7770.0,8300.0,1599585.17075824,13454244791.23271
2022-06-15 09:00:00,8300.0,9495.0,7840.0,9485.0,3669206.53359677,31627323272.113773
2022-06-16 09:00:00,9490.0,9670.0,8160.0,8360.0,1168952.20734725,10376237034.131071
2022-06-17 09:00:00,8360.0,8660.0,8210.0,8445.0,856589.4780746,7246839741.32446
2022-06-18 09:00:00,8445.0,8580.0,7560.0,8025.0,1224430.95480029,9790072553.035006
2022-06-19 09:00:00,8020.0,8895.0,7755.0,8775.0,1147537.39415649,9493954444.985155
2022-06-20 09:00:00,8775.0,9040.0,8450.0,8830.0,935159.01959523,8201881278.42314
2022-06-21 09:00:00,8835.0,9250.0,8675.0,9050.0,1077946.68848007,9721949368.150547
2022-06-22 09:00:00,9055.0,9950.0,8625.0,9235.0,1460633.78772803,13554000533.864386
2022-06-23 09:00:00,9235.0,10630.0,9235.0,10550.0,2623879.13049818,26382993404.7985
2022-06-24 09:00:00,10540.0,11200.0,10350.0,10700.0,1878848.02136215,20264910604.825157
2022-06-25 09:00:00,10730.0,11310.0,10390.0,11230.0,992722.80194335,10754348816.061752
2022-06-26 09:00:00,11230.0,11330.0,10450.0,10520.0,815587.54446542,8953229110.378983
2022-06-27 09:00:00,10520.0,11160.0,10130.0,10160.0,797474.57366954,8522600005.524204
2022-06-28 09:00:00,10160.0,10380.0,9550.0,9640.0,751556.31470272,7526485794.361229
2022-06-29 09:00:00,9640.0,9855.0,9260.0,9760.0,408516.9401396,3887476190.855551
2022-06-30 09:00:00,9765.0,10100.0,9160.0,9865.0,1603468.27749355,15407192157.808617
2022-07-01 09:00:00,9865.0,11040.0,9490.0,10720.0,2255937.26719695,23340942517.538597
2022-07-02 09:00:00,10720.0,11530.0,10480.0,10660.0,2282586.20981521,24777445645.215034
2022-07-03 09:00:00,10660.0,10970.0,10290.0,10660.0,685675.92508565,7292316983.169611
2022-07-04 09:00:00,10640.0,11660.0,10370.0,11410.0,804207.84057303,8851494570.925001
2022-07-05 09:00:00,11410.0,12280.0,11090.0,11730.0,2886066.52482479,33967236415.780766
2022-07-06 09:00:00,11720.0,12500.0,11560.0,11670.0,3263348.40190021,39058481334.85493
2022-07-07 09:00:00,11670.0,12470.0,11420.0,12200.0,1315712.28027759,15564062676.360832
2022-07-08 09:00:00,12170.0,12560.0,11660.0,11770.0,1181676.98907029,14263872326.763733
2022-07-09 09:00:00,11760.0,12190.0,11700.0,11760.0,612417.51923445,7326576088.228297
2022-07-10 09:00:00,11740.0,11780.0,11180.0,11500.0,517446.76779556,5922156129.219085
2022-07-11 09:00:00,11500.0,12030.0,10840.0,10870.0,1264435.55525503,14703273805.60904
2022-07-12 09:00:00,10850.0,11140.0,10270.0,10380.0,596352.72946462,6420365458.202448
2022-07-13 09:00:00,10400.0,10850.0,9870.0,10800.0,732179.32462583,7550483272.557058
2022-07-14 09:00:00,10780.0,11940.0,10640.0,11820.0,1649533.7210922,18460881637.404396
2022-07-15 09:00:00,11820.0,12490.0,11700.0,11950.0,1269311.06612916,15282600068.121431
2022-07-16 09:00:00,11960.0,12340.0,11650.0,12140.0,639661.71768775,7643070804.6310425
2022-07-17 09:00:00,12140.0,12320.0,11710.0,11780.0,691765.22452585,8317047130.136752
2022-07-18 09:00:00,11780.0,12890.0,11730.0,12530.0,1578172.46033315,19664009118.593567
2022-07-19 09:00:00,12530.0,14150.0,12150.0,13790.0,2917790.39667031,38630938942.7974
2022-07-20 09:00:00,13790.0,13950.0,12590.0,12720.0,1929745.46722009,25965419721.186935
2022-07-21 09:00:00,12720.0,14800.0,12670.0,14530.0,6589397.87103778,92081954120.92906
2022-07-22 09:00:00,14520.0,14950.0,13700.0,14110.0,3291167.10323886,47351556263.70708
2022-07-23 09:00:00,14090.0,14750.0,13010.0,13430.0,2382236.28286953,32898892498.436283
2022-07-24 09:00:00,13420.0,13560.0,13110.0,13190.0,1144172.12325881,15280519540.361065
2022-07-25 09:00:00,13200.0,13230.0,12030.0,12040.0,1523077.42045687,18931635252.206406
2022-07-26 09:00:00,12040.0,12990.0,11500.0,12340.0,3358931.88408811,41662468659.27112
2022-07-27 09:00:00,12330.0,13590.0,12080.0,13550.0,2400091.77795731,30339010759.231003
2022-07-28 09:00:00,13550.0,14570.0,13260.0,14220.0,2768232.47479957,38565005699.293564
2022-07-29 09:00:00,14210.0,15120.0,13700.0,14760.0,2355806.73176035,33623701328.367157
2022-07-30 09:00:00,14750.0,15060.0,14010.0,14150.0,1972500.3593427,28376700552.047096
2022-07-31 09:00:00,14150.0,14500.0,13630.0,13680.0,1295782.05973565,18358345575.487602
2022-08-01 09:00:00,13670.0,14250.0,13380.0,13800.0,1488791.46375875,20482096991.687107
2022-08-02 09:00:00,13800.0,13870.0,13030.0,13290.0,923518.59253286,12366219046.487566
2022-08-03 09:00:00,13290.0,14030.0,13000.0,13670.0,956842.28322003,13012877943.705946
2022-08-04 09:00:00,13660.0,14160.0,13610.0,13880.0,963163.14585355,13374657634.754135
2022-08-05 09:00:00,13860.0,14520.0,13770.0,14460.0,955750.51991816,13563442992.459747
2022-08-06 09:00:00,14480.0,14540.0,14050.0,14140.0,440587.30620036,6321697294.761476
2022-08-07 09:00:00,14140.0,15340.0,13930.0,15040.0,2138261.58813085,31608268753.280254
2022-08-08 09:00:00,15020.0,16060.0,14850.0,15610.0,1633656.76588554,25250103050.911015
2022-08-09 09:00:00,15610.0,16260.0,14830.0,15240.0,1422318.78844879,22116061708.89087
2022-08-10 09:00:00,15240.0,15930.0,14210.0,15790.0,2347647.65203985,35217618583.14594
2022-08-11 09:00:00,15800.0,16290.0,15520.0,15620.0,1438561.4084146,22886656154.315372
2022-08-12 09:00:00,15630.0,16000.0,15330.0,15950.0,839723.56371577,13117420830.377272
2022-08-13 09:00:00,15950.0,16440.0,15820.0,15850.0,873996.16160027,14082370978.500702
2022-08-14 09:00:00,15860.0,16170.0,15360.0,15500.0,618607.50310023,9788833847.779814
2022-08-15 09:00:00,15530.0,15870.0,15140.0,15340.0,580827.93347114,8970544677.059828
2022-08-16 09:00:00,15350.0,15600.0,15120.0,15330.0,680165.1799538,10465608987.92791
2022-08-17 09:00:00,15330.0,16100.0,15060.0,15890.0,1477363.25142857,23076056238.158524
2022-08-18 09:00:00,15890.0,16660.0,15620.0,15670.0,2104967.93633806,33972461184.010345
2022-08-19 09:00:00,15670.0,15680.0,14140.0,14740.0,1734964.29352899,25589285695.483727
2022-08-20 09:00:00,14750.0,15130.0,13780.0,14220.0,987002.67509805,14394819932.26321
2022-08-21 09:00:00,14220.0,14750.0,14120.0,14550.0,574731.15288057,8300720658.105317
2022-08-22 09:00:00,14550.0,15230.0,13850.0,15170.0,955309.53666728,13882865349.475992
2022-08-23 09:00:00,15160.0,16790.0,14960.0,16480.0,4685992.82721975,74994064916.57848
2022-08-24 09:00:00,16480.0,18210.0,15840.0,17700.0,4641052.48833156,78964910051.40865
2022-08-25 09:00:00,17680.0,18090.0,16990.0,17430.0,2256694.39754047,39405755873.297585
2022-08-26 09:00:00,17440.0,17820.0,15700.0,15960.0,1913212.1233944,32494454191.475403
2022-08-27 09:00:00,15960.0,16070.0,14790.0,15450.0,2056959.66582723,31341475323.71372
2022-08-28 09:00:00,15450.0,15800.0,14490.0,14640.0,1273691.0033303,19529003444.684498
2022-08-29 09:00:00,14640.0,16050.0,14080.0,15680.0,1095918.48921932,16327558394.530926
2022-08-30 09:00:00,15660.0,16750.0,15420.0,16430.0,2139296.34955301,34241162306.637432
2022-08-31 09:00:00,16420.0,16900.0,15910.0,16230.0,1161683.27447879,19061972436.149895
2022-09-01 09:00:00,16230.0,17630.0,15790.0,17460.0,2098676.20087757,35041278578.292946
2022-09-02 09:00:00,17460.0,17920.0,16960.0,17400.0,1715941.11031567,29817599938.619366
2022-09-03 09:00:00,17400.0,17830.0,16850.0,17440.0,1175628.16142635,20339192459.459084
2022-09-04 09:00:00,17430.0,17980.0,17150.0,17940.0,1182969.97951111,20846892669.047638
2022-09-05 09:00:00,17940.0,18420.0,17230.0,17440.0,1667753.70051839,29712060074.874367
2022-09-06 09:00:00,17430.0,17800.0,16400.0,16500.0,1353832.17270155,23134867473.198414
2022-09-07 09:00:00,16500.0,18420.0,16250.0,17970.0,1450915.51566833,25305025381.960808
2022-09-08 09:00:00,17970.0,19710.0,17620.0,19280.0,3458108.66119189,65068543773.17007
2022-09-09 09:00:00,19280.0,23460.0,19120.0,22160.0,8345226.70441644,182831017570.53207
2022-09-10 09:00:00,22180.0,22510.0,21250.0,22010.0,2611565.89078907,57506714176.271904
2022-09-11 09:00:00,21980.0,22700.0,21080.0,21570.0,1794036.05364333,39298059308.80311
2022-09-12 09:00:00,21600.0,22630.0,20730.0,21280.0,1810838.96170777,39331871547.327835
2022-09-13 09:00:00,21280.0,22310.0,19370.0,19580.0,2053547.06834357,43017596440.01857
2022-09-14 09:00:00,19580.0,20210.0,18850.0,19580.0,1259439.62957471,24851994870.12773
2022-09-15 09:00:00,19580.0,21970.0,18670.0,21240.0,4297647.45324315,88466084249.32755
2022-09-16 09:00:00,21230.0,23610.0,20620.0,23400.0,4883774.07748987,107895493616.27971
2022-09-17 09:00:00,23400.0,23990.0,22590.0,23000.0,2674877.25807637,62144531596.16887
2022-09-18 09:00:00,23000.0,23020.0,20630.0,20830.0,1970447.32951279,43143763249.5132
2022-09-19 09:00:00,20830.0,22790.0,20690.0,22030.0,4373784.00826029,95142538281.30103
2022-09-20 09:00:00,22030.0,22550.0,19590.0,19750.0,2812178.55095787,58869393018.94317
2022-09-21 09:00:00,19750.0,21380.0,18600.0,19240.0,3909709.09597987,77774640952.7863
2022-09-22 09:00:00,19250.0,21420.0,19120.0,20770.0,2796004.76038218,56756129286.70032
2022-09-23 09:00:00,20770.0,21770.0,19450.0,20340.0,3147653.37326674,64550688407.42425
2022-09-24 09:00:00,20340.0,20470.0,19540.0,19680.0,810738.8020457,16263535300.98156
2022-09-25 09:00:00,19680.0,21290.0,19580.0,20120.0,1969115.87820168,40170016892.20067
2022-09-26 09:00:00,20110.0,21380.0,19810.0,19990.0,3103625.69543357,63605846079.298164
2022-09-27 09:00:00,19980.0,21010.0,19040.0,19490.0,2577012.02464605,51766168875.26493
2022-09-28 09:00:00,19490.0,19600.0,18360.0,18740.0,1956309.54444847,36883972114.91344
2022-09-29 09:00:00,18740.0,18810.0,17970.0,18280.0,1414026.65806228,26038474849.244694
2022-09-30 09:00:00,18280.0,18990.0,18090.0,18720.0,1462302.48274229,27198832357.338448
2022-10-01 09:00:00,18720.0,18840.0,18100.0,18330.0,481749.20507288,8933679312.101759
2022-10-02 09:00:00,18330.0,18650.0,17430.0,17470.0,650233.34769101,11796047917.727844
2022-10-03 09:00:00,17470.0,18630.0,17220.0,18520.0,1557815.43880545,28106642372.977013
2022-10-04 09:00:00,18530.0,19040.0,18350.0,18570.0,1142750.73205604,21356014704.363182
2022-10-05 09:00:00,18550.0,18660.0,18100.0,18520.0,725064.71804136,13336317568.361973
2022-10-06 09:00:00,18520.0,19100.0,18320.0,18530.0,870795.64373784,16246092177.364706
2022-10-07 09:00:00,18510.0,18600.0,18100.0,18550.0,682432.34939454,12529110822.853928
2022-10-08 09:00:00,18550.0,19050.0,18520.0,18770.0,515966.40669948,9674929658.875643
2022-10-09 09:00:00,18770.0,18900.0,18630.0,18790.0,301442.29959161,5654483665.777583
2022-10-10 09:00:00,18780.0,18870.0,17790.0,17810.0,483939.44371938,8883564870.718136
2022-10-11 09:00:00,17820.0,18000.0,17380.0,17470.0,514599.70741007,9111317703.124702
2022-10-12 09:00:00,17490.0,17490.0,16760.0,16860.0,425442.52738896,7305595265.483329
2022-10-13 09:00:00,16850.0,16920.0,15260.0,16290.0,1044912.47336714,16808023359.403381
2022-10-14 09:00:00,16290.0,17630.0,16210.0,16800.0,1248759.15301112,21401883775.823673
2022-10-15 09:00:00,16810.0,16960.0,16510.0,16630.0,287899.99962166,4821150102.195202
2022-10-16 09:00:00,16650.0,17080.0,16500.0,16780.0,239339.34007715,4020306382.8656526
2022-10-17 09:00:00,16790.0,17890.0,16720.0,17790.0,1209214.2948086,21139596620.13516
2022-10-18 09:00:00,17790.0,18330.0,17470.0,17990.0,744597.07069525,13350269717.841782
2022-10-19 09:00:00,17990.0,18170.0,16930.0,17030.0,491202.36652303,8664187815.889608
2022-10-20 09:00:00,17010.0,17250.0,16260.0,16440.0,487461.18196736,8198372491.268731
2022-10-21 09:00:00,16460.0,16990.0,15860.0,16930.0,467472.73148153,7637481698.514591
2022-10-22 09:00:00,16900.0,17080.0,16540.0,16820.0,306794.98727877,5153095932.574593
2022-10-23 09:00:00,16840.0,17350.0,16500.0,17310.0,317052.79792273,5336654653.633016
2022-10-24 09:00:00,17300.0,17440.0,16710.0,16760.0,365959.19174502,6219937104.198676
2022-10-25 09:00:00,16770.0,17490.0,16580.0,17010.0,455235.3155007,7736238813.565723
2022-10-26 09:00:00,17010.0,17610.0,16930.0,17220.0,659525.44444189,11422054141.502235
2022-10-27 09:00:00,17210.0,18740.0,17190.0,17820.0,2102878.13941035,38152512108.71247
2022-10-28 09:00:00,17830.0,19550.0,17760.0,19000.0,3723270.24632102,69906465054.49611
2022-10-29 09:00:00,19000.0,19490.0,18740.0,18830.0,1227479.24465129,23407978896.64353
2022-10-30 09:00:00,18830.0,19800.0,18670.0,19540.0,1075416.11400073,20684710447.67615
2022-10-31 09:00:00,19540.0,20440.0,19400.0,20070.0,1227275.49258871,24388577314.283146
2022-11-01 09:00:00,20070.0,20290.0,19470.0,19760.0,557705.18120915,11046229729.167295
2022-11-02 09:00:00,19760.0,20000.0,18530.0,18900.0,722815.17348225,13970882833.46627
2022-11-03 09:00:00,18910.0,19700.0,18870.0,19210.0,496958.86354825,9592951679.99821
2022-11-04 09:00:00,19210.0,21270.0,19110.0,20870.0,1962276.41039836,40567287487.17658
2022-11-05 09:00:00,20840.0,22030.0,20790.0,21500.0,861380.1927534,18448947515.73913
2022-11-06 09:00:00,21450.0,21520.0,20360.0,20390.0,410131.03339645,8592053147.144457
2022-11-07 09:00:00,20390.0,20850.0,19600.0,20080.0,724971.99037326,14620018662.035793
2022-11-08 09:00:00,20080.0,20260.0,16860.0,17460.0,1726054.57127756,32062422736.027927
2022-11-09 09:00:00,17460.0,17860.0,13550.0,14090.0,1588725.35322568,25599950524.51906
2022-11-10 09:00:00,14100.0,17380.0,13840.0,17150.0,2260990.07406542,36015320587.11013
2022-11-11 09:00:00,17140.0,17520.0,15610.0,16220.0,1063759.84191528,17656838121.734325
2022-11-12 09:00:00,16220.0,16290.0,15070.0,15230.0,598447.55820233,9229971455.385494
2022-11-13 09:00:00,15240.0,15440.0,13870.0,14020.0,652687.31696341,9548492043.777933
2022-11-14 09:00:00,14040.0,14630.0,12950.0,14080.0,1189715.86115827,16616361041.347427
2022-11-15 09:00:00,14090.0,14790.0,13870.0,14370.0,687660.38448859,9868378931.609982
2022-11-16 09:00:00,14370.0,14520.0,13750.0,14030.0,608999.87819707,8602126780.716133
2022-11-17 09:00:00,14020.0,14070.0,13600.0,13680.0,378359.40649934,5225208938.063906
2022-11-18 09:00:00,13680.0,14090.0,13560.0,13800.0,487538.72050946,6769639141.837851
2022-11-19 09:00:00,13800.0,13880.0,13540.0,13820.0,330143.69481775,4522158121.604864
2022-11-20 09:00:00,13810.0,13900.0,13020.0,13110.0,526317.92551832,7134827407.538203
2022-11-21 09:00:00,13090.0,13110.0,12440.0,12730.0,454842.9013689,5794249838.66312
2022-11-22 09:00:00,12720.0,13310.0,12300.0,13290.0,856699.69532255,11003762345.676722
2022-11-23 09:00:00,13290.0,13800.0,13250.0,13730.0,714132.35853228,9703398875.760342
2022-11-24 09:00:00,13750.0,14070.0,13410.0,13930.0,640344.35776934,8803859485.240448
2022-11-25 09:00:00,13930.0,13960.0,13350.0,13750.0,352595.67560745,4821042089.98282
2022-11-26 09:00:00,13760.0,14340.0,13750.0,13910.0,480722.57147118,6740821439.870309
2022-11-27 09:00:00,13910.0,14190.0,13620.0,13690.0,419518.11533734,5846652112.436479
2022-11-28 09:00:00,13680.0,13750.0,13140.0,13580.0,352125.58117546,4732634541.371734
2022-11-29 09:00:00,13580.0,14030.0,13530.0,13870.0,272285.23516175,3756177090.381197
2022-11-30 09:00:00,13870.0,14430.0,13870.0,14220.0,511333.71806876,7239584596.121587
2022-12-01 09:00:00,14240.0,14310.0,13710.0,13920.0,333669.43179116,4677725779.237823
2022-12-02 09:00:00,13920.0,14050.0,13520.0,13880.0,207462.8167433,2860281540.4671345
2022-12-03 09:00:00,13880.0,13950.0,13520.0,13560.0,117458.98934062,1610157203.1093266
2022-12-04 09:00:00,13560.0,13780.0,13530.0,13730.0,121531.34819138,1655010142.8714266
2022-12-05 09:00:00,13730.0,14080.0,13630.0,13730.0,290734.87074669,4040423773.6030455
2022-12-06 09:00:00,13740.0,13890.0,13430.0,13590.0,188850.25611193,2578946976.229143
2022-12-07 09:00:00,13590.0,13620.0,12760.0,12900.0,323696.86886678,4232972671.0349774
2022-12-08 09:00:00,12900.0,13110.0,12710.0,13080.0,203193.22854508,2623305340.6946173
2022-12-09 09:00:00,13080.0,13150.0,12840.0,13010.0,190011.09842967,2471470539.01377
2022-12-10 09:00:00,13010.0,13940.0,12880.0,13270.0,456436.97559761,6086575594.465135
2022-12-11 09:00:00,13270.0,13320.0,12710.0,12730.0,203983.78418496,2663396192.3218083
2022-12-12 09:00:00,12730.0,13270.0,12550.0,12780.0,675994.03801437,8624334662.289724
2022-12-13 09:00:00,12780.0,13000.0,12060.0,12720.0,647665.0284873,8156314396.852194
2022-12-14 09:00:00,12700.0,13140.0,12520.0,12540.0,590186.12887023,7588773238.307269
2022-12-15 09:00:00,12520.0,12750.0,12300.0,12480.0,244382.06044578,3068199088.9101834
2022-12-16 09:00:00,12470.0,12560.0,11300.0,11510.0,360758.63518408,4333556435.594573
2022-12-17 09:00:00,11500.0,11680.0,11190.0,11660.0,255521.56314024,2933571019.329757
2022-12-18 09:00:00,11690.0,11850.0,11620.0,11740.0,132436.75740495,1553710631.0008998
2022-12-19 09:00:00,11740.0,11820.0,11280.0,11390.0,181493.24078338,2098389609.4849594
2022-12-20 09:00:00,11380.0,11800.0,11230.0,11660.0,186832.4862404,2169531775.1928096
2022-12-21 09:00:00,11660.0,11850.0,11350.0,11560.0,223866.29251136,2613151147.5006213
2022-12-22 09:00:00,11560.0,11740.0,11320.0,11700.0,189412.32397861,2188427266.564755
2022-12-23 09:00:00,11680.0,11750.0,11600.0,11630.0,115980.159243,1353051815.8620286
2022-12-24 09:00:00,11630.0,11820.0,11600.0,11670.0,145670.46582119,1705650765.4628882
2022-12-25 09:00:00,11670.0,11820.0,11480.0,11710.0,173816.78015745,2028790160.3089774
2022-12-26 09:00:00,11700.0,11800.0,11600.0,11770.0,161213.17506683,1885247140.919016
2022-12-27 09:00:00,11760.0,12100.0,11650.0,11760.0,420525.73866198,5000576560.493581
2022-12-28 09:00:00,11760.0,11850.0,11350.0,11620.0,339852.96972595,3941706547.4899826
2022-12-29 09:00:00,11620.0,12010.0,11440.0,11890.0,431404.37626527,5092526881.99296
2022-12-30 09:00:00,11910.0,11990.0,11650.0,11920.0,432734.9167791,5125772454.789893
2022-12-31 09:00:00,11930.0,12050.0,11800.0,11900.0,201862.8595599,2404359190.9214573
2023-01-01 09:00:00,11910.0,12070.0,11830.0,12030.0,186386.4596449,2228461441.293533
2023-01-02 09:00:00,12010.0,12790.0,11930.0,12480.0,728816.91899685,9094714648.533262
2023-01-03 09:00:00,12480.0,13230.0,12430.0,13000.0,1162580.60761003,15003647337.328394
2023-01-04 09:00:00,13000.0,13310.0,12850.0,13070.0,694535.79511682,9108531824.229652
2023-01-05 09:00:00,13070.0,13110.0,12720.0,12920.0,347924.40320535,4497983285.247068
2023-01-06 09:00:00,12920.0,13070.0,12630.0,13020.0,347726.59087853,4452117105.476271
2023-01-07 09:00:00,13020.0,13170.0,12890.0,12980.0,211866.93476026,2756894249.039236
2023-01-08 09:00:00,12980.0,13440.0,12750.0,13350.0,366236.22552882,4790306455.747127
2023-01-09 09:00:00,13350.0,14510.0,13340.0,14000.0,1462972.05711876,20589707518.7122
2023-01-10 09:00:00,14000.0,14270.0,13680.0,14230.0,322616.34756426,4513306829.127392
2023-01-11 09:00:00,14220.0,14900.0,13950.0,14850.0,329050.78852458,4700119289.641804
2023-01-12 09:00:00,14850.0,15510.0,14520.0,15350.0,572726.37369679,8551190469.1909895
2023-01-13 09:00:00,15340.0,15570.0,14970.0,15460.0,553410.55937362,8451790551.52779
2023-01-14 09:00:00,15460.0,16650.0,14810.0,15880.0,1409789.26289136,22262173405.70686
2023-01-15 09:00:00,15880.0,16200.0,15280.0,15840.0,502876.82857068,7906426704.245213
2023-01-16 09:00:00,15830.0,16110.0,15050.0,15370.0,546577.61373199,8514016053.61854
2023-01-17 09:00:00,15370.0,15650.0,15060.0,15130.0,499198.488025,7689438197.229366
2023-01-18 09:00:00,15130.0,15490.0,14200.0,14370.0,598489.66669267,8958509514.15099
2023-01-19 09:00:00,14370.0,14990.0,14340.0,14950.0,231017.64895319,3392619037.6086183
2023-01-20 09:00:00,14940.0,16370.0,14840.0,16250.0,738009.82525108,11537902651.838219
2023-01-21 09:00:00,16250.0,16910.0,16070.0,16260.0,716095.68588279,11828598810.796041
2023-01-22 09:00:00,16260.0,17060.0,16030.0,16670.0,534982.36402912,8796239103.04128
2023-01-23 09:00:00,16670.0,16940.0,16080.0,16340.0,481582.05720004,7955175784.018812
2023-01-24 09:00:00,16340.0,16730.0,15400.0,15610.0,443330.57793275,7208534739.707023
2023-01-25 09:00:00,15610.0,17180.0,15220.0,16910.0,1701753.73783249,27953799921.397564
2023-01-26 09:00:00,16910.0,17120.0,16130.0,16510.0,965851.72444125,16059441566.50409
2023-01-27 09:00:00,16510.0,17120.0,15990.0,17000.0,566066.23832301,9312854737.99354
2023-01-28 09:00:00,17000.0,17440.0,16440.0,16700.0,596080.60662573,10130320090.75594
2023-01-29 09:00:00,16710.0,17420.0,16460.0,17270.0,471254.47496685,8018939934.324748
2023-01-30 09:00:00,17270.0,17480.0,16120.0,16440.0,620542.0980164,10445978377.204193
2023-01-31 09:00:00,16430.0,16900.0,16320.0,16810.0,390937.49551957,6486650746.208305
2023-02-01 09:00:00,16800.0,18700.0,16690.0,18630.0,3382838.61048783,59988237869.2747
2023-02-02 09:00:00,18630.0,18960.0,18050.0,18130.0,972243.41985371,17984610705.309753
2023-02-03 09:00:00,18140.0,19390.0,18080.0,18810.0,880106.03310926,16478195991.660784
2023-02-04 09:00:00,18790.0,19010.0,18410.0,18500.0,321276.0986344,6020071914.8533125
2023-02-05 09:00:00,18510.0,18700.0,17710.0,18640.0,539209.55538699,9871512167.001368
2023-02-06 09:00:00,18640.0,18840.0,17840.0,18160.0,407111.27939921,7454803562.222575
2023-02-07 09:00:00,18150.0,19000.0,18100.0,18910.0,383050.85677366,7096559587.76769
2023-02-08 09:00:00,18940.0,19550.0,18680.0,19300.0,617424.38853755,11801256500.791374
2023-02-09 09:00:00,19300.0,19600.0,17300.0,17490.0,642038.44616916,11886279339.108015
2023-02-10 09:00:00,17490.0,18100.0,17220.0,17830.0,704620.02267771,12532439998.467165
2023-02-11 09:00:00,17830.0,17920.0,17440.0,17850.0,227718.52368583,4023853055.3423915
2023-02-12 09:00:00,17830.0,18020.0,17410.0,17570.0,261346.80180045,4655165282.315183
2023-02-13 09:00:00,17570.0,17570.0,16530.0,17070.0,365226.07696367,6227911670.489595
2023-02-14 09:00:00,17070.0,17590.0,16600.0,17410.0,435620.57544264,7453826806.202268
2023-02-15 09:00:00,17410.0,18350.0,17190.0,18310.0,534815.2227867,9429026365.601046
2023-02-16 09:00:00,18300.0,18540.0,17350.0,17450.0,686374.80013681,12468705699.898504
2023-02-17 09:00:00,17460.0,18390.0,17340.0,18250.0,459004.9997976,8255165877.582291
2023-02-18 09:00:00,18240.0,18620.0,17940.0,18440.0,405435.73989814,7427871637.396229
2023-02-19 09:00:00,18450.0,19090.0,18120.0,18300.0,775515.36245279,14506280405.511642
2023-02-20 09:00:00,18290.0,18770.0,17870.0,18520.0,540872.73360791,9964085266.0718
2023-02-21 09:00:00,18520.0,18840.0,17780.0,18020.0,619275.21065927,11362159250.111258
2023-02-22 09:00:00,18030.0,18450.0,17310.0,17800.0,636933.45793773,11380005127.1926
2023-02-23 09:00:00,17790.0,18150.0,17630.0,18000.0,344261.55601303,6150112647.299951
2023-02-24 09:00:00,18000.0,18070.0,17160.0,17430.0,415223.34641317,7365323106.020842
2023-02-25 09:00:00,17430.0,17510.0,16730.0,17190.0,337287.44766242,5813812446.800888
2023-02-26 09:00:00,17180.0,17370.0,17030.0,17220.0,199187.13713548,3428034806.5998464
2023-02-27 09:00:00,17220.0,17350.0,16810.0,17060.0,356090.34723969,6072059809.716151
2023-02-28 09:00:00,17060.0,17060.0,16870.0,16890.0,86737.19124106,1469109831.920291
