2020-11-17 09:00:00,3940.0,7555.0,3000.0,4480.0,19175278.16895279,107986032083.0647
2020-11-18 09:00:00,4480.0,4545.0,2780.0,2885.0,15357740.53747276,48244272935.26614
2020-11-19 09:00:00,2915.0,3070.0,2380.0,2480.0,3366244.18527973,8417418746.342033
2020-11-20 09:00:00,2480.0,2640.0,2385.0,2570.0,3664576.27274771,9182485785.485756
2020-11-21 09:00:00,2565.0,2730.0,2420.0,2500.0,1235037.40218287,3129544545.4680133
2020-11-22 09:00:00,2500.0,2580.0,2140.0,2335.0,762551.63802616,1762961886.9316998
2020-11-23 09:00:00,2355.0,2565.0,2220.0,2305.0,744196.67451131,1765100077.2403576
2020-11-24 09:00:00,2305.0,2540.0,2220.0,2320.0,1035572.54810907,2423611893.398764
2020-11-25 09:00:00,2320.0,2390.0,2205.0,2335.0,512315.74745114,1164968133.6739535
2020-11-26 09:00:00,2325.0,2330.0,1700.0,2010.0,431320.54594203,881331421.7009879
2020-11-27 09:00:00,2010.0,2295.0,1890.0,2015.0,223859.74331651,461380133.60949767
2020-11-28 09:00:00,2000.0,2035.0,1950.0,2000.0,105998.56828904,210629051.80417904
2020-11-29 09:00:00,2005.0,2005.0,1915.0,1970.0,85790.46726033,167995241.651301
2020-11-30 09:00:00,1960.0,1970.0,1890.0,1960.0,128345.40898785,247580349.0425013
2020-12-01 09:00:00,1955.0,4450.0,1855.0,2245.0,6763324.1304214,17815310199.979572
2020-12-02 09:00:00,2245.0,4190.0,2000.0,2535.0,12427021.4986305,37452729649.204254
2020-12-03 09:00:00,2530.0,4170.0,2525.0,3120.0,11022011.89321013,36534408201.34423
2020-12-04 09:00:00,3175.0,3620.0,2650.0,2765.0,2649143.5295365,8024001306.299545
2020-12-05 09:00:00,2770.0,3100.0,2505.0,2890.0,2215123.19991393,6279805280.33678
2020-12-06 09:00:00,2895.0,2960.0,2700.0,2825.0,633239.37321741,1789696668.5995176
2020-12-07 09:00:00,2825.0,2845.0,2570.0,2685.0,497332.92772924,1327193838.446083
2020-12-08 09:00:00,2685.0,3645.0,2685.0,3330.0,12342062.12938919,39267569967.595535
2020-12-09 09:00:00,3315.0,3890.0,2955.0,3365.0,5744686.0782598,19374906008.061047
2020-12-10 09:00:00,3365.0,3595.0,3015.0,3165.0,1708908.12993793,5616407802.48967
2020-12-11 09:00:00,3145.0,3160.0,2745.0,2770.0,695880.86723101,1998179609.7469535
2020-12-12 09:00:00,2800.0,2985.0,2700.0,2875.0,736447.88803849,2120524513.2400305
2020-12-13 09:00:00,2870.0,2980.0,2790.0,2870.0,525445.8990715,1503069059.3337934
2020-12-14 09:00:00,2870.0,2890.0,2745.0,2825.0,228345.50841199,641870154.5233916
2020-12-15 09:00:00,2810.0,2825.0,2650.0,2700.0,635221.49331949,1728078529.2436604
2020-12-16 09:00:00,2700.0,2720.0,2450.0,2615.0,654750.98954379,1697186788.609992
2020-12-17 09:00:00,2615.0,2635.0,2485.0,2530.0,393963.88357274,1003228439.97565
2020-12-18 09:00:00,2530.0,3300.0,2515.0,2795.0,6886584.76471576,19377509041.25047
2020-12-19 09:00:00,2795.0,3150.0,2720.0,2900.0,1582835.91629957,4600825057.809448
2020-12-20 09:00:00,2890.0,2900.0,2675.0,2705.0,430360.27259787,1193564203.4054728
2020-12-21 09:00:00,2705.0,2865.0,2500.0,2615.0,521931.37987624,1391889873.3516412
2020-12-22 09:00:00,2615.0,2640.0,2420.0,2545.0,226380.8045836,570866670.436853
2020-12-23 09:00:00,2545.0,2550.0,2045.0,2125.0,304744.09834312,698649449.7474862
2020-12-24 09:00:00,2220.0,2540.0,1990.0,2295.0,873767.24017535,1938286515.7927036
2020-12-25 09:00:00,2290.0,2620.0,2150.0,2290.0,982429.85874599,2406140746.055906
2020-12-26 09:00:00,2290.0,2375.0,2220.0,2300.0,151426.78700761,347119345.9910684
2020-12-27 09:00:00,2300.0,2440.0,2165.0,2315.0,497110.20103346,1150018308.0999568
2020-12-28 09:00:00,2315.0,2345.0,2180.0,2280.0,349682.84540933,788117422.8589579
2020-12-29 09:00:00,2275.0,2275.0,1925.0,2130.0,1754494.31740064,3561094795.1126614
2020-12-30 09:00:00,2130.0,2140.0,1975.0,2040.0,554215.02597427,1121023174.64581
2020-12-31 09:00:00,2040.0,2100.0,1930.0,2035.0,588007.89746087,1179529144.7273138
2021-01-01 09:00:00,2050.0,2255.0,2005.0,2125.0,1638232.27100189,3428466473.902597
2021-01-02 09:00:00,2115.0,2235.0,2035.0,2125.0,1246061.6484583,2651354479.32867
2021-01-03 09:00:00,2125.0,2130.0,2000.0,2065.0,606290.46810249,1241620206.1052527
2021-01-04 09:00:00,2065.0,2295.0,1880.0,2015.0,2066473.86948521,4300024877.078936
2021-01-05 09:00:00,2015.0,2085.0,1945.0,2055.0,869448.82741831,1756337873.5577898
2021-01-06 09:00:00,2055.0,2120.0,2000.0,2065.0,885251.17455689,1813485654.1472924
2021-01-07 09:00:00,2070.0,2110.0,2000.0,2045.0,663495.22963802,1354887533.826752
2021-01-08 09:00:00,2050.0,2350.0,1965.0,2140.0,1722436.24603586,3654763581.870557
2021-01-09 09:00:00,2140.0,2320.0,2065.0,2275.0,1465000.25232927,3221347302.102632
2021-01-10 09:00:00,2275.0,2495.0,2025.0,2150.0,2514584.33324623,5757966756.755663
2021-01-11 09:00:00,2150.0,2160.0,1705.0,1875.0,812563.44948036,1536838484.4052296
2021-01-12 09:00:00,1895.0,1980.0,1815.0,1905.0,457139.55036909,869018325.1604855
2021-01-13 09:00:00,1905.0,1965.0,1820.0,1935.0,196090.39373106,372205303.7619907
2021-01-14 09:00:00,1940.0,2130.0,1900.0,2045.0,1439124.57205095,2935355921.8738313
2021-01-15 09:00:00,2055.0,2055.0,1915.0,2015.0,545995.58778393,1078876999.9498234
2021-01-16 09:00:00,2015.0,3500.0,1950.0,3420.0,5231261.50972374,14301611745.218979
2021-01-17 09:00:00,3420.0,3445.0,2310.0,2410.0,5830768.63415271,14733254217.883524
2021-01-18 09:00:00,2415.0,2435.0,2255.0,2370.0,1839936.19502924,4283582820.9759674
2021-01-19 09:00:00,2370.0,2375.0,2270.0,2310.0,855811.42667465,1967618113.7227266
2021-01-20 09:00:00,2305.0,2475.0,2185.0,2325.0,1746984.46962246,4066240260.37525
2021-01-21 09:00:00,2330.0,2330.0,2035.0,2065.0,902153.94857753,1977091903.1197407
2021-01-22 09:00:00,2070.0,2125.0,1760.0,2120.0,600052.82602987,1179986033.4568675
2021-01-23 09:00:00,2090.0,2120.0,1950.0,2050.0,357789.3689567,728323894.0345503
2021-01-24 09:00:00,2050.0,2245.0,2005.0,2120.0,1451784.13206185,3101723147.540485
2021-01-25 09:00:00,2115.0,2120.0,2065.0,2090.0,324117.46546702,676446704.086303
2021-01-26 09:00:00,2090.0,2120.0,2010.0,2110.0,258227.5789123,533520604.291764
2021-01-27 09:00:00,2110.0,2120.0,1910.0,1985.0,279364.92690844,559506916.7802598
2021-01-28 09:00:00,1985.0,2080.0,1925.0,2055.0,305897.75968115,614496539.5423212
2021-01-29 09:00:00,2045.0,2110.0,1990.0,2065.0,377723.1308194,770988166.6579903
2021-01-30 09:00:00,2065.0,2080.0,1985.0,2025.0,194459.63233235,392487733.0769128
2021-01-31 09:00:00,2025.0,2035.0,1955.0,1995.0,302263.43410976,598580600.116734
2021-02-01 09:00:00,1995.0,2085.0,1875.0,1940.0,817686.7985662,1601591702.7459607
2021-02-02 09:00:00,1965.0,2050.0,1920.0,1960.0,877568.49178426,1721909128.589896
2021-02-03 09:00:00,1960.0,2050.0,1940.0,2035.0,1071767.21339159,2131564766.7092981
2021-02-04 09:00:00,2035.0,2230.0,1980.0,2175.0,1936824.67496699,4059843963.702064
2021-02-05 09:00:00,2175.0,2325.0,2065.0,2240.0,1840871.37789222,4083502834.9420776
2021-02-06 09:00:00,2245.0,2255.0,2090.0,2160.0,890796.94532805,1924243465.257437
2021-02-07 09:00:00,2160.0,2195.0,2025.0,2155.0,582741.42438447,1230458887.5001636
2021-02-08 09:00:00,2155.0,2185.0,2070.0,2165.0,681115.46336157,1441492637.0913444
2021-02-09 09:00:00,2165.0,2280.0,2100.0,2280.0,1120254.73416906,2423865189.7542195
2021-02-10 09:00:00,2280.0,2355.0,2180.0,2310.0,1884724.82983913,4280971579.65867
2021-02-11 09:00:00,2300.0,2460.0,2245.0,2445.0,1492617.66475854,3530107601.217646
2021-02-12 09:00:00,2445.0,2615.0,2370.0,2550.0,2296338.77439368,5723955843.5068245
2021-02-13 09:00:00,2550.0,2720.0,2400.0,2700.0,2415554.73138978,6296033871.019833
2021-02-14 09:00:00,2695.0,2885.0,2515.0,2705.0,2565427.71318466,6987434556.251066
2021-02-15 09:00:00,2710.0,3100.0,2410.0,2890.0,6764271.29192555,19234438521.12724
2021-02-16 09:00:00,2890.0,2975.0,2730.0,2825.0,1461338.64076886,4140582006.8477554
2021-02-17 09:00:00,2825.0,4000.0,2730.0,3550.0,13207183.34348774,44177834700.58463
2021-02-18 09:00:00,3555.0,6850.0,3235.0,4300.0,20607592.41013581,100222472279.66335
2021-02-19 09:00:00,4310.0,4330.0,3540.0,4135.0,2540688.94820929,9978458711.62253
2021-02-20 09:00:00,4135.0,4280.0,3795.0,3935.0,2033669.42453885,8182500371.8034935
2021-02-21 09:00:00,3930.0,5850.0,3800.0,4420.0,15190553.68269114,70571810203.26933
2021-02-22 09:00:00,4415.0,4620.0,3235.0,3785.0,2899310.90066739,11582780476.249723
2021-02-23 09:00:00,3785.0,4500.0,2345.0,2865.0,5209868.35437708,17995620480.675262
2021-02-24 09:00:00,2870.0,3650.0,2710.0,3195.0,6282194.15843533,19855876176.848297
2021-02-25 09:00:00,3200.0,17500.0,3090.0,11200.0,115120708.91674106,1239745297329.1565
2021-02-26 09:00:00,11200.0,18440.0,8720.0,10220.0,63094559.82381325,846300906819.7026
2021-02-27 09:00:00,10210.0,10230.0,7160.0,7395.0,10414133.07353815,90042341457.20737
2021-02-28 09:00:00,7395.0,7395.0,5630.0,6570.0,7811391.84899063,48316362315.37228
2021-03-01 09:00:00,6580.0,8355.0,6135.0,7320.0,17277646.03561074,124910792193.6262
2021-03-02 09:00:00,7320.0,9325.0,7150.0,7830.0,28711636.91094113,238152004759.35153
2021-03-03 09:00:00,7830.0,8080.0,7250.0,7610.0,7025196.97697524,53598372286.500374
2021-03-04 09:00:00,7620.0,8270.0,7020.0,7270.0,3906710.69611594,29498386571.992302
2021-03-05 09:00:00,7275.0,7310.0,6675.0,7190.0,1547157.13774362,10801234251.260874
2021-03-06 09:00:00,7190.0,7585.0,6875.0,7265.0,2094505.02340112,15297785166.860865
2021-03-07 09:00:00,7285.0,7435.0,7120.0,7260.0,1460287.56955647,10607636045.079975
2021-03-08 09:00:00,7260.0,7300.0,6985.0,7220.0,1136225.6761843,8084941370.11971
2021-03-09 09:00:00,7220.0,7760.0,7075.0,7575.0,3770790.62263541,28119668959.0931
2021-03-10 09:00:00,7575.0,8890.0,6995.0,8330.0,6535428.97967502,52162546270.378555
2021-03-11 09:00:00,8325.0,9275.0,7875.0,9075.0,5179745.2474235,44907241509.10468
2021-03-12 09:00:00,9075.0,10920.0,8510.0,9070.0,9319217.80958886,90506917091.25555
2021-03-13 09:00:00,9070.0,9335.0,8085.0,8860.0,3289608.17611906,28774602943.959415
2021-03-14 09:00:00,8860.0,9245.0,8010.0,8770.0,2345380.43498885,20186930698.086075
2021-03-15 09:00:00,8750.0,10760.0,7655.0,9205.0,7532261.3797169,70077777343.90718
2021-03-16 09:00:00,9235.0,9285.0,8100.0,8910.0,2380696.12077294,20440871199.14698
2021-03-17 09:00:00,8910.0,10300.0,8115.0,9345.0,5310624.78341835,49312633470.25042
2021-03-18 09:00:00,9340.0,9500.0,8760.0,9220.0,1544089.89956723,13987248201.10474
2021-03-19 09:00:00,9220.0,9990.0,8895.0,9645.0,2590208.08580194,24598086556.798016
2021-03-20 09:00:00,9640.0,13290.0,9430.0,10140.0,11878001.82423825,138123947050.89517
2021-03-21 09:00:00,10150.0,15340.0,10140.0,15200.0,25635796.91940673,336568732491.6878
2021-03-22 09:00:00,15200.0,15900.0,11970.0,12090.0,8622551.68668902,114876441227.9895
2021-03-23 09:00:00,12070.0,12800.0,9800.0,11210.0,4143210.63304372,45314821964.83247
2021-03-24 09:00:00,11220.0,12430.0,10090.0,10370.0,2611707.63666354,28812425665.93226
2021-03-25 09:00:00,10360.0,10890.0,9180.0,9885.0,1738318.33872826,17049575062.78901
2021-03-26 09:00:00,9885.0,10540.0,9595.0,10530.0,1135436.42849282,11370772345.254564
2021-03-27 09:00:00,10540.0,10720.0,9900.0,10620.0,1137070.52186857,11622670293.38122
2021-03-28 09:00:00,10630.0,11540.0,10280.0,10980.0,1872260.15972937,20336205285.874012
2021-03-29 09:00:00,10980.0,11930.0,10670.0,11680.0,2183225.31756545,24864227978.802315
2021-03-30 09:00:00,11680.0,13240.0,11600.0,12570.0,2815623.19612367,34952315832.82527
2021-03-31 09:00:00,12570.0,12900.0,11130.0,12060.0,2934595.24862044,34742581764.323875
2021-04-01 09:00:00,12040.0,12610.0,11430.0,12240.0,3244069.6070525,38665995815.68211
2021-04-02 09:00:00,12220.0,18190.0,11560.0,15540.0,17830917.05028072,266036474673.22467
2021-04-03 09:00:00,15540.0,15840.0,12370.0,13170.0,5002787.12576113,69687492096.79732
2021-04-04 09:00:00,13080.0,14000.0,12560.0,13790.0,2560781.03943655,34271702094.336456
2021-04-05 09:00:00,13770.0,13810.0,11650.0,12200.0,2645317.32413796,34113449587.120674
2021-04-06 09:00:00,12200.0,12740.0,10820.0,11620.0,1998842.81199952,23206873318.68851
2021-04-07 09:00:00,11640.0,12090.0,6800.0,8645.0,3411692.4279829,31084349118.80391
2021-04-08 09:00:00,8640.0,10350.0,8250.0,10340.0,3509722.88333497,33335182442.658752
2021-04-09 09:00:00,10350.0,13160.0,9715.0,11640.0,7687735.475454,90249671040.1932
2021-04-10 09:00:00,11650.0,12750.0,10810.0,11190.0,2474437.60961567,29022012329.140656
2021-04-11 09:00:00,11180.0,12760.0,9485.0,11230.0,7363098.62811292,85790258820.53587
2021-04-12 09:00:00,11230.0,11250.0,10260.0,10610.0,1215405.75058097,12918236331.48421
2021-04-13 09:00:00,10610.0,11150.0,9875.0,10320.0,1112290.18716981,11578820196.255486
2021-04-14 09:00:00,10320.0,12290.0,9250.0,9960.0,4917253.3371041,53583553875.90056
2021-04-15 09:00:00,9960.0,10390.0,9710.0,10290.0,984851.69322127,9883743791.422014
2021-04-16 09:00:00,10290.0,10300.0,9110.0,9500.0,1434948.86624071,13613669249.598875
2021-04-17 09:00:00,9475.0,9540.0,8800.0,9420.0,1018000.14982302,9233385179.44665
2021-04-18 09:00:00,9415.0,9450.0,7850.0,8710.0,1113286.55735735,9458579439.714972
2021-04-19 09:00:00,8710.0,10210.0,8050.0,8265.0,6371253.31408564,58111381178.005875
2021-04-20 09:00:00,8265.0,11410.0,7900.0,8885.0,23460801.89156806,227076091179.21576
2021-04-21 09:00:00,8830.0,10200.0,8550.0,9040.0,5224303.0770211,48350539001.26153
2021-04-22 09:00:00,9005.0,9125.0,6260.0,6830.0,2209767.51980561,17638620771.13041
2021-04-23 09:00:00,6825.0,7380.0,4865.0,6505.0,2298776.45064632,13858805924.273827
2021-04-24 09:00:00,6490.0,6515.0,5760.0,6025.0,1354620.45106036,8291868739.333031
2021-04-25 09:00:00,6040.0,8815.0,5980.0,6750.0,24881533.08934906,183808735008.4041
2021-04-26 09:00:00,6750.0,8095.0,6635.0,7600.0,6537786.94235749,48190305452.81061
2021-04-27 09:00:00,7600.0,8250.0,7240.0,8065.0,4776035.21025199,37306033238.14158
2021-04-28 09:00:00,8065.0,8090.0,7055.0,7690.0,2201808.0807776,16643481853.002283
2021-04-29 09:00:00,7695.0,8045.0,7215.0,7775.0,2249873.98917163,17271473333.65786
2021-04-30 09:00:00,7775.0,7935.0,7350.0,7885.0,2430276.4266029,18395628379.694157
2021-05-01 09:00:00,7885.0,7920.0,7505.0,7775.0,1259053.98725022,9694007800.994917
2021-05-02 09:00:00,7775.0,7905.0,7355.0,7785.0,1454716.15941656,11160166762.015978
2021-05-03 09:00:00,7790.0,8250.0,7685.0,7960.0,2954243.9625747,23383141987.90574
2021-05-04 09:00:00,7955.0,7965.0,6935.0,7130.0,2551452.70177523,18904592708.203487
2021-05-05 09:00:00,7135.0,7220.0,6760.0,7150.0,1684930.390903,11756022918.98243
2021-05-06 09:00:00,7155.0,7155.0,6760.0,6985.0,1506983.14662187,10412009991.626133
2021-05-07 09:00:00,6985.0,7355.0,6240.0,6935.0,2686284.70450852,18321966452.631313
2021-05-08 09:00:00,6940.0,7495.0,6725.0,7030.0,2086197.37391687,14629545455.586357
2021-05-09 09:00:00,6990.0,7105.0,6515.0,6860.0,886123.22314895,6014737275.323587
2021-05-10 09:00:00,6860.0,6905.0,6230.0,6340.0,1319396.12990875,8798364808.9829
2021-05-11 09:00:00,6370.0,6950.0,5940.0,6585.0,2686797.30315717,17456928889.39074
2021-05-12 09:00:00,6580.0,6970.0,5500.0,5520.0,2403274.72134715,15809433492.921816
2021-05-13 09:00:00,5515.0,6145.0,5110.0,5775.0,1731515.83108132,9863212446.625093
2021-05-14 09:00:00,5775.0,6030.0,5610.0,6030.0,799750.06648761,4637124413.271862
2021-05-15 09:00:00,6025.0,6150.0,5575.0,5650.0,719864.31991949,4176361867.1476007
2021-05-16 09:00:00,5640.0,5780.0,5270.0,5505.0,580248.11144199,3241294431.5830965
2021-05-17 09:00:00,5505.0,5510.0,4680.0,4925.0,1298088.6948811,6465680177.951786
2021-05-18 09:00:00,4925.0,7350.0,4760.0,5915.0,77634514.019514,485987760701.4887
2021-05-19 09:00:00,5915.0,7700.0,3090.0,4920.0,56854524.38900762,354810490700.98773
2021-05-20 09:00:00,4925.0,6960.0,4620.0,5500.0,32430494.15916673,187542654862.7324
2021-05-21 09:00:00,5510.0,7165.0,5005.0,5920.0,34702650.18781628,205573122657.72302
2021-05-22 09:00:00,5940.0,6955.0,4875.0,5995.0,19179952.01970583,115282141894.28426
2021-05-23 09:00:00,6055.0,6055.0,3915.0,4850.0,6679429.14070393,32599880072.57985
2021-05-24 09:00:00,4840.0,4985.0,3710.0,4955.0,7859302.32176244,33727953716.521114
2021-05-25 09:00:00,4955.0,5200.0,4250.0,4795.0,6135610.18683229,28460971105.143124
2021-05-26 09:00:00,4790.0,5000.0,4535.0,4975.0,4828889.76628225,23078829364.663525
2021-05-27 09:00:00,4975.0,4995.0,4545.0,4765.0,2979309.62450041,14193758343.2407
2021-05-28 09:00:00,4765.0,4970.0,4015.0,4330.0,3401522.94889325,15178833902.361862
2021-05-29 09:00:00,4340.0,4485.0,3840.0,4115.0,1931437.5468908,7994062466.432233
2021-05-30 09:00:00,4100.0,4130.0,3700.0,4080.0,1896568.93134953,7421507953.238655
2021-05-31 09:00:00,4080.0,4160.0,3780.0,4050.0,5136410.90186487,20158617109.344704
2021-06-01 09:00:00,4045.0,4080.0,3830.0,3915.0,2183459.80923206,8569642454.5223465
2021-06-02 09:00:00,3920.0,4070.0,3820.0,4025.0,2813099.19721453,11069921427.56867
2021-06-03 09:00:00,4025.0,4180.0,3910.0,4110.0,2768962.36858009,11235495786.581156
2021-06-04 09:00:00,4110.0,4195.0,3670.0,3840.0,3009561.58570504,11710758111.795189
2021-06-05 09:00:00,3820.0,3865.0,3655.0,3750.0,1197460.59446302,4515951245.008775
2021-06-06 09:00:00,3750.0,4300.0,3660.0,3900.0,10530897.81803021,42146924890.63382
2021-06-07 09:00:00,3890.0,4175.0,3505.0,3575.0,5643801.04584302,22425486022.605076
2021-06-08 09:00:00,3575.0,3660.0,3010.0,3325.0,3773663.91214927,12449488190.10168
2021-06-09 09:00:00,3330.0,3645.0,3290.0,3415.0,12665665.54805772,43667621627.88156
2021-06-10 09:00:00,3415.0,3555.0,3250.0,3475.0,6367456.86299338,21468276167.95296
2021-06-11 09:00:00,3490.0,3605.0,2880.0,3010.0,9419339.43295324,30735460147.41918
2021-06-12 09:00:00,2990.0,3070.0,2210.0,2385.0,6565602.57318219,16507838723.64063
2021-06-13 09:00:00,2390.0,2500.0,2130.0,2390.0,4115305.54411238,9348352894.440306
2021-06-14 09:00:00,2380.0,2585.0,2255.0,2500.0,5754471.74439816,14075709025.833403
2021-06-15 09:00:00,2495.0,2595.0,2410.0,2515.0,3596627.63218152,8997135485.016361
2021-06-16 09:00:00,2510.0,2660.0,2360.0,2430.0,4076435.25968797,10263815733.189297
2021-06-17 09:00:00,2430.0,2465.0,2330.0,2380.0,1819516.58462375,4373169484.425793
2021-06-18 09:00:00,2380.0,2390.0,2170.0,2200.0,2265300.33228761,5044638160.153991
2021-06-19 09:00:00,2200.0,2365.0,2175.0,2250.0,2816638.15501179,6377868474.277442
2021-06-20 09:00:00,2240.0,2265.0,1960.0,2115.0,2745990.41133589,5713848478.907246
2021-06-21 09:00:00,2100.0,2115.0,1400.0,1460.0,4413518.3709006,7794807120.063576
2021-06-22 09:00:00,1460.0,1585.0,1110.0,1280.0,6140537.59794184,8054197329.098263
2021-06-23 09:00:00,1280.0,1425.0,1260.0,1405.0,4674198.66203319,6304288932.718844
2021-06-24 09:00:00,1410.0,1645.0,1380.0,1595.0,6028638.83754019,9172331898.97947
2021-06-25 09:00:00,1595.0,1985.0,1510.0,1625.0,37529829.72320027,66608387315.39813
2021-06-26 09:00:00,1630.0,1665.0,1430.0,1585.0,4864769.50971372,7575189096.126082
2021-06-27 09:00:00,1585.0,1645.0,1515.0,1610.0,2846918.54977,4502800994.280271
2021-06-28 09:00:00,1615.0,1835.0,1570.0,1830.0,6771764.13643255,11692381278.214375
2021-06-29 09:00:00,1830.0,2145.0,1705.0,1980.0,9791208.06130614,19312044921.239937
2021-06-30 09:00:00,1980.0,2465.0,1965.0,2325.0,28315218.39192653,62556306905.517784
2021-07-01 09:00:00,2320.0,2535.0,2060.0,2520.0,5848723.03387142,13225805791.771217
2021-07-02 09:00:00,2520.0,2640.0,2215.0,2570.0,5059949.15799756,12026207527.189663
2021-07-03 09:00:00,2570.0,2795.0,2385.0,2640.0,7486131.00355271,19155128547.562096
2021-07-04 09:00:00,2640.0,2900.0,2510.0,2750.0,4760131.50714153,12771794800.251932
2021-07-05 09:00:00,2740.0,3140.0,2390.0,2920.0,16164242.41603539,45700828098.334145
2021-07-06 09:00:00,2915.0,3000.0,2760.0,2930.0,5634499.11338953,16125997468.678505
2021-07-07 09:00:00,2930.0,3315.0,2860.0,3205.0,17351180.06178733,53600870282.49712
2021-07-08 09:00:00,3200.0,3210.0,2630.0,2735.0,9903006.51346031,28307265457.24323
2021-07-09 09:00:00,2730.0,2740.0,2360.0,2670.0,6923829.20234176,17411665320.25325
2021-07-10 09:00:00,2670.0,2710.0,2535.0,2580.0,2669480.85589817,6948975205.36796
2021-07-11 09:00:00,2590.0,3210.0,2555.0,2935.0,41766896.87492111,123907633504.64749
2021-07-12 09:00:00,2955.0,5020.0,2925.0,4760.0,189990940.4789453,781359921000.3678
2021-07-13 09:00:00,4790.0,5450.0,3860.0,4115.0,68559712.82079995,296356212786.6123
2021-07-14 09:00:00,4110.0,4120.0,3230.0,3810.0,24787249.70484758,88322387227.63423
2021-07-15 09:00:00,3810.0,4530.0,3560.0,4050.0,68862157.01159559,279490992013.2578
2021-07-16 09:00:00,4050.0,4055.0,3305.0,3490.0,20399656.4560621,74114184601.26468
2021-07-17 09:00:00,3495.0,3970.0,3070.0,3265.0,14145754.52892716,48467757240.90491
2021-07-18 09:00:00,3265.0,3310.0,3105.0,3230.0,5397251.41902764,17264283527.565437
2021-07-19 09:00:00,3230.0,3235.0,2785.0,2935.0,7221690.54259494,21489531075.928215
2021-07-20 09:00:00,2940.0,3090.0,2405.0,2735.0,25449343.92605219,70611138270.39558
2021-07-21 09:00:00,2730.0,3020.0,2525.0,3005.0,11948851.76336777,33299303338.0369
2021-07-22 09:00:00,3005.0,3145.0,2845.0,3035.0,9351974.40374299,27640056252.22009
2021-07-23 09:00:00,3035.0,3310.0,2945.0,3235.0,17075075.72736314,53786291322.88496
2021-07-24 09:00:00,3235.0,3420.0,3105.0,3370.0,11054506.07798641,35798062430.37103
2021-07-25 09:00:00,3375.0,5430.0,3360.0,4995.0,139781412.14198375,613973413251.056
2021-07-26 09:00:00,4995.0,5415.0,4015.0,4115.0,53551488.0768004,242561279680.73123
2021-07-27 09:00:00,4115.0,4550.0,3600.0,4175.0,33344476.85107785,135124880581.24998
2021-07-28 09:00:00,4180.0,4190.0,3860.0,4015.0,9730491.59711085,38976691850.872345
2021-07-29 09:00:00,4030.0,4325.0,3800.0,4100.0,18409260.79710907,74672254281.13074
2021-07-30 09:00:00,4100.0,4160.0,3690.0,4115.0,11351713.73501037,45419081372.66447
2021-07-31 09:00:00,4120.0,4330.0,4000.0,4225.0,9574720.03060923,39888557734.256294
2021-08-01 09:00:00,4225.0,4315.0,3925.0,3985.0,7854232.42685925,32433944978.062485
2021-08-02 09:00:00,4000.0,4180.0,3925.0,4110.0,7061982.99683787,28481998970.474106
2021-08-03 09:00:00,4110.0,4230.0,3850.0,4025.0,4388684.27370324,17574748908.74701
2021-08-04 09:00:00,4010.0,4090.0,3875.0,4090.0,3117591.57732588,12419962277.672941
2021-08-05 09:00:00,4090.0,4150.0,3965.0,4150.0,4439567.37262127,17934184329.81516
2021-08-06 09:00:00,4150.0,4565.0,4025.0,4475.0,23464331.90342763,103118152422.2086
2021-08-07 09:00:00,4470.0,4625.0,4345.0,4485.0,12574744.82869092,56412560361.47469
2021-08-08 09:00:00,4490.0,4520.0,4270.0,4395.0,4668209.22464757,20361549539.33956
2021-08-09 09:00:00,4400.0,4625.0,4050.0,4455.0,7872941.32419112,34066397555.234177
2021-08-10 09:00:00,4460.0,4660.0,4335.0,4575.0,13028364.42196986,58828130316.12577
2021-08-11 09:00:00,4575.0,4820.0,4495.0,4755.0,9020725.71831387,41978303053.36468
2021-08-12 09:00:00,4775.0,5330.0,4390.0,4825.0,26553274.09929083,130003126780.64876
2021-08-13 09:00:00,4830.0,4980.0,4675.0,4975.0,9757481.76450068,47096511231.79631
2021-08-14 09:00:00,4975.0,5790.0,4805.0,5265.0,41379929.74611639,221892705857.27258
2021-08-15 09:00:00,5265.0,6150.0,5240.0,5625.0,47766229.15316871,275155805273.168
2021-08-16 09:00:00,5625.0,5860.0,5305.0,5370.0,9860520.50543736,54080723909.63524
2021-08-17 09:00:00,5370.0,5410.0,4935.0,4980.0,7224580.87738409,37382061168.18162
2021-08-18 09:00:00,4980.0,5215.0,4575.0,4845.0,6042614.18696664,29111654360.591595
2021-08-19 09:00:00,4845.0,4955.0,4660.0,4945.0,3433729.17540558,16374778185.043179
2021-08-20 09:00:00,4945.0,5120.0,4855.0,5060.0,3755455.31818766,18664276845.084496
2021-08-21 09:00:00,5055.0,5300.0,4985.0,5160.0,7087297.3872615,36529414449.993225
2021-08-22 09:00:00,5160.0,5255.0,4885.0,5065.0,5147954.58653148,26269391013.284378
2021-08-23 09:00:00,5065.0,5405.0,4945.0,5350.0,9589146.2370189,50312576594.395935
2021-08-24 09:00:00,5350.0,5850.0,5030.0,5180.0,16091690.56416234,87411237626.67961
2021-08-25 09:00:00,5200.0,5770.0,4720.0,5375.0,10931268.59679796,56964215923.82875
2021-08-26 09:00:00,5370.0,5395.0,4810.0,4910.0,4844795.44178644,24493844763.30248
2021-08-27 09:00:00,4915.0,5120.0,4595.0,5110.0,4644114.85190985,22434996209.029556
2021-08-28 09:00:00,5110.0,5110.0,4910.0,5050.0,3485018.60636123,17475606028.227364
2021-08-29 09:00:00,5050.0,5065.0,4800.0,4970.0,3428468.70044472,16847318573.37625
2021-08-30 09:00:00,4965.0,5250.0,4825.0,5030.0,8856284.9930564,44588709204.21062
2021-08-31 09:00:00,5030.0,5145.0,4840.0,5080.0,5634689.52903431,28096522611.083096
2021-09-01 09:00:00,5075.0,5280.0,4900.0,5155.0,5275715.29354111,26763778493.889915
2021-09-02 09:00:00,5160.0,5660.0,5120.0,5330.0,13155295.3301446,70599083691.0493
2021-09-03 09:00:00,5330.0,6100.0,5165.0,5940.0,19677344.48136147,112585608221.22598
2021-09-04 09:00:00,5940.0,6340.0,5670.0,6135.0,15148257.74625566,90565726135.87955
2021-09-05 09:00:00,6130.0,7095.0,5460.0,5850.0,24342169.3973368,155617918569.38538
2021-09-06 09:00:00,5850.0,6420.0,5655.0,6050.0,11812466.19222869,71606126342.47615
2021-09-07 09:00:00,6060.0,6170.0,4170.0,4985.0,9225588.62849868,49858232831.16781
2021-09-08 09:00:00,4970.0,5100.0,4220.0,4900.0,7925973.73223125,36996699044.61709
2021-09-09 09:00:00,4900.0,5160.0,4680.0,5110.0,4976731.63812109,24470745116.6052
2021-09-10 09:00:00,5110.0,5390.0,4640.0,4850.0,5749107.99628773,29052518735.349365
2021-09-11 09:00:00,4845.0,4960.0,4650.0,4870.0,1904041.22080518,9171135652.95789
2021-09-12 09:00:00,4875.0,5450.0,4860.0,5060.0,11788765.44896913,60287187388.08487
2021-09-13 09:00:00,5055.0,5090.0,4400.0,4695.0,3302536.24359896,15781836377.333923
2021-09-14 09:00:00,4695.0,4820.0,4585.0,4800.0,1992607.57283799,9392661728.05486
2021-09-15 09:00:00,4800.0,4900.0,4670.0,4825.0,2710231.67386896,12974891130.10166
2021-09-16 09:00:00,4825.0,5235.0,4815.0,4955.0,13106322.78923795,65960110107.47329
2021-09-17 09:00:00,4955.0,5020.0,4830.0,5005.0,3754474.76843079,18438286575.291813
2021-09-18 09:00:00,5010.0,5010.0,4905.0,4990.0,1621076.45544621,8023802548.926163
2021-09-19 09:00:00,4990.0,5185.0,4780.0,4850.0,3022638.59387105,14993792559.094593
2021-09-20 09:00:00,4850.0,4980.0,4010.0,4095.0,5030581.54738331,22292183133.082397
2021-09-21 09:00:00,4095.0,4185.0,3575.0,3655.0,3557278.62611008,13874923988.893942
2021-09-22 09:00:00,3650.0,4065.0,3430.0,4030.0,4066756.23282326,15193763418.556284
2021-09-23 09:00:00,4025.0,4165.0,3745.0,4045.0,3371238.67753061,13403778328.362421
2021-09-24 09:00:00,4040.0,4120.0,3540.0,3775.0,4145687.78482067,16040023752.423445
2021-09-25 09:00:00,3780.0,3970.0,3600.0,3850.0,2285014.58722424,8607318174.045582
2021-09-26 09:00:00,3845.0,4095.0,3490.0,3670.0,4403854.74566937,16719362930.850903
2021-09-27 09:00:00,3680.0,3795.0,3520.0,3545.0,1758880.04297655,6363500611.475166
2021-09-28 09:00:00,3540.0,3650.0,3225.0,3255.0,1982002.75421738,6749876547.634823
2021-09-29 09:00:00,3270.0,3385.0,3100.0,3295.0,1589669.48855076,5172581228.589322
2021-09-30 09:00:00,3290.0,3800.0,3250.0,3595.0,5452568.75182137,19371194481.868862
2021-10-01 09:00:00,3595.0,3975.0,3575.0,3940.0,3958087.94627748,14919823362.20628
2021-10-02 09:00:00,3940.0,4185.0,3835.0,4120.0,2865219.35535651,11521970336.852505
2021-10-03 09:00:00,4120.0,4170.0,3865.0,4095.0,2571083.27111917,10410001329.922201
2021-10-04 09:00:00,4090.0,4090.0,3840.0,4010.0,2752365.05082254,10869989081.503153
2021-10-05 09:00:00,4005.0,5265.0,3915.0,4300.0,32305931.45911148,143068427959.41382
2021-10-06 09:00:00,4300.0,4680.0,4030.0,4445.0,9347007.48778396,40703017428.60258
2021-10-07 09:00:00,4445.0,5800.0,4330.0,5190.0,64796898.44406404,334440326638.94836
2021-10-08 09:00:00,5190.0,7030.0,5020.0,5310.0,62421092.5704709,362926123614.7225
2021-10-09 09:00:00,5315.0,5785.0,4745.0,4920.0,18588713.29813508,100041841780.16202
2021-10-10 09:00:00,4910.0,6500.0,4855.0,5340.0,50648198.9537403,279231648490.6805
2021-10-11 09:00:00,5340.0,5900.0,5110.0,5240.0,13496293.27712118,73261424910.77861
2021-10-12 09:00:00,5240.0,5245.0,4380.0,4885.0,7271643.27854431,34457063088.19228
2021-10-13 09:00:00,4885.0,5095.0,4705.0,5085.0,7534385.8645052,37152072203.23057
2021-10-14 09:00:00,5090.0,5300.0,5010.0,5300.0,6850315.36214233,35348517119.3219
2021-10-15 09:00:00,5295.0,5300.0,4480.0,4770.0,8495762.75048987,41043446939.23898
2021-10-16 09:00:00,4770.0,4930.0,4550.0,4705.0,3481218.97626469,16371566298.45604
2021-10-17 09:00:00,4705.0,4750.0,4440.0,4530.0,2082242.71281457,9557510197.071154
2021-10-18 09:00:00,4530.0,4745.0,4195.0,4460.0,4767586.16994356,21245445762.580612
2021-10-19 09:00:00,4455.0,4530.0,4285.0,4515.0,2019133.51078325,8893390316.119894
2021-10-20 09:00:00,4510.0,4640.0,4315.0,4595.0,2300384.00500598,10253056240.840206
2021-10-21 09:00:00,4595.0,4605.0,4410.0,4435.0,2091732.46355269,9441886271.580046
2021-10-22 09:00:00,4440.0,5545.0,4410.0,5480.0,49202055.86931628,246881826971.76056
2021-10-23 09:00:00,5460.0,5495.0,4840.0,4885.0,12793947.4298284,63974197844.53676
2021-10-24 09:00:00,4890.0,4905.0,4605.0,4675.0,3112782.6335247,14720704081.362429
2021-10-25 09:00:00,4685.0,4855.0,4665.0,4720.0,4413477.1414706,20924570185.103573
2021-10-26 09:00:00,4715.0,4810.0,4660.0,4690.0,2906332.27660185,13749031890.246767
2021-10-27 09:00:00,4690.0,4690.0,3920.0,4245.0,4674558.07748084,20173556459.59579
2021-10-28 09:00:00,4275.0,4605.0,4010.0,4420.0,3422167.90869152,14701710551.49345
2021-10-29 09:00:00,4420.0,4750.0,4345.0,4705.0,4543833.84024864,20857251194.55822
2021-10-30 09:00:00,4710.0,5265.0,4540.0,5190.0,13516400.68704601,66102917700.877335
2021-10-31 09:00:00,5195.0,5980.0,4570.0,4870.0,16449056.84556882,84709848651.42542
2021-11-01 09:00:00,4865.0,5260.0,4600.0,5005.0,7374780.08972738,35967327741.58982
2021-11-02 09:00:00,5010.0,5450.0,4880.0,5270.0,8214695.47029852,42577836215.12487
2021-11-03 09:00:00,5275.0,5800.0,4920.0,5425.0,13452336.21392209,72593599923.81235
2021-11-04 09:00:00,5425.0,5440.0,5155.0,5255.0,3322486.65782764,17430725194.31535
2021-11-05 09:00:00,5250.0,5270.0,5090.0,5210.0,2732343.9044595,14119567960.232887
2021-11-06 09:00:00,5200.0,5275.0,5120.0,5250.0,2318745.14606559,12027565574.963541
2021-11-07 09:00:00,5250.0,5735.0,5245.0,5400.0,16092160.18150637,88206202627.66252
2021-11-08 09:00:00,5400.0,5410.0,5125.0,5225.0,3698413.32099172,19274157919.633568
2021-11-09 09:00:00,5220.0,5290.0,5055.0,5140.0,3114605.28388342,16027726484.862463
2021-11-10 09:00:00,5140.0,5560.0,5010.0,5250.0,11528214.28188793,60998535035.36717
2021-11-11 09:00:00,5240.0,5260.0,5060.0,5145.0,3376296.83230463,17357012893.994587
2021-11-12 09:00:00,5150.0,5180.0,4900.0,5060.0,3138631.01076937,15836094089.301952
2021-11-13 09:00:00,5060.0,5245.0,5005.0,5065.0,4362075.84271978,22356309039.930496
2021-11-14 09:00:00,5070.0,5090.0,4960.0,5040.0,2043210.99393668,10298135097.025034
2021-11-15 09:00:00,5040.0,5300.0,4970.0,5265.0,4148010.61471821,21175091349.903164
2021-11-16 09:00:00,5260.0,5530.0,4960.0,5450.0,7358408.31337197,38004379890.89237
2021-11-17 09:00:00,5455.0,9100.0,5330.0,6495.0,111278007.16454595,752143828167.0409
2021-11-18 09:00:00,6490.0,6535.0,5100.0,5260.0,19413878.07705817,112060330778.7461
2021-11-19 09:00:00,5255.0,5690.0,4965.0,5555.0,7006334.32797073,37404629149.99674
2021-11-20 09:00:00,5550.0,6795.0,5525.0,6170.0,32967276.92746324,205869649097.40048
2021-11-21 09:00:00,6170.0,6365.0,5730.0,5965.0,5289338.23847147,31563786999.408028
2021-11-22 09:00:00,5960.0,6285.0,5470.0,5815.0,5788356.02710433,33621215439.386757
2021-11-23 09:00:00,5810.0,6220.0,5565.0,6025.0,7992744.74711523,47389804094.45888
2021-11-24 09:00:00,6025.0,6820.0,5935.0,6710.0,16166255.72077437,103869673127.87967
2021-11-25 09:00:00,6725.0,8850.0,6545.0,7470.0,54627016.60319589,422529876608.4739
2021-11-26 09:00:00,7470.0,8310.0,6260.0,6455.0,19116213.83310774,139230621429.36057
2021-11-27 09:00:00,6460.0,7360.0,6230.0,7040.0,12200281.35054939,85445947744.0615
2021-11-28 09:00:00,7045.0,7265.0,6320.0,6895.0,5055532.26195544,33979718368.84058
2021-11-29 09:00:00,6895.0,7035.0,6490.0,6680.0,3075815.58381566,20447316090.04621
2021-11-30 09:00:00,6690.0,7470.0,6670.0,7150.0,23508010.73223389,167167220712.37756
2021-12-01 09:00:00,7150.0,7155.0,6755.0,6930.0,5289970.2186292,36387987937.77994
2021-12-02 09:00:00,6930.0,6950.0,6370.0,6655.0,4130497.7900641,27067700413.31714
2021-12-03 09:00:00,6710.0,6795.0,5805.0,6040.0,3674515.2543104,23189378943.85448
2021-12-04 09:00:00,6035.0,6095.0,3840.0,5190.0,9435219.12170067,46825549296.03681
2021-12-05 09:00:00,5185.0,5270.0,4225.0,4580.0,4715071.08176286,22459205957.592014
2021-12-06 09:00:00,4600.0,4950.0,4000.0,4775.0,8306964.09382476,37139865585.66326
2021-12-07 09:00:00,4775.0,5130.0,4595.0,5025.0,3475371.56842767,17054927059.174728
2021-12-08 09:00:00,5025.0,5350.0,4640.0,5090.0,6105302.64700778,30845902169.262165
2021-12-09 09:00:00,5095.0,5250.0,4650.0,4680.0,2374000.64432195,11601226218.259933
2021-12-10 09:00:00,4680.0,4815.0,4290.0,4505.0,2540846.03611417,11603722450.867062
2021-12-11 09:00:00,4500.0,4585.0,4365.0,4555.0,926789.70711278,4163039535.304693
2021-12-12 09:00:00,4565.0,5195.0,4555.0,4770.0,13835607.2476553,67876223949.39025
2021-12-13 09:00:00,4770.0,4790.0,4135.0,4160.0,3683415.05749978,16515768738.632381
2021-12-14 09:00:00,4170.0,4540.0,3975.0,4235.0,10164749.75229672,43448598165.615974
2021-12-15 09:00:00,4240.0,4575.0,3975.0,4470.0,2974587.03028267,12619647315.678925
2021-12-16 09:00:00,4480.0,4955.0,4455.0,4570.0,11135559.58613748,53090430241.99541
2021-12-17 09:00:00,4580.0,4865.0,4550.0,4725.0,6750396.8038152,31867977831.110855
2021-12-18 09:00:00,4730.0,4935.0,4670.0,4805.0,3092665.75936757,14808964467.189844
2021-12-19 09:00:00,4810.0,4935.0,4600.0,4680.0,1980768.59355339,9379776154.361002
2021-12-20 09:00:00,4680.0,4680.0,4300.0,4495.0,1648385.40469916,7373322758.230627
2021-12-21 09:00:00,4495.0,4795.0,4380.0,4740.0,4558408.87355843,21080508099.649647
2021-12-22 09:00:00,4735.0,4850.0,4610.0,4780.0,2098447.25498768,9903631908.15371
2021-12-23 09:00:00,4790.0,4980.0,4690.0,4955.0,2537345.08566874,12167226457.801811
2021-12-24 09:00:00,4965.0,5210.0,4870.0,5005.0,3565221.14524328,17975795760.716263
2021-12-25 09:00:00,5010.0,5355.0,5005.0,5125.0,5860074.57438124,30347935788.79478
2021-12-26 09:00:00,5125.0,5125.0,4970.0,5090.0,1358647.64234386,6843535028.906711
2021-12-27 09:00:00,5140.0,5180.0,4955.0,5090.0,2069351.20830594,10491435012.43663
2021-12-28 09:00:00,5090.0,5090.0,4565.0,4675.0,1868493.05073123,9088599795.222908
2021-12-29 09:00:00,4680.0,4865.0,4325.0,4485.0,2789945.54966819,12766257910.541203
2021-12-30 09:00:00,4485.0,4570.0,4325.0,4550.0,988996.7215843,4407591781.578448
2021-12-31 09:00:00,4550.0,4745.0,4405.0,4575.0,2001890.72719748,9145726976.45351
2022-01-01 09:00:00,4570.0,4625.0,4520.0,4625.0,585940.54832015,2676783700.732276
2022-01-02 09:00:00,4625.0,4965.0,4565.0,4900.0,3569637.00684529,17166437132.42441
2022-01-03 09:00:00,4890.0,5530.0,4760.0,4825.0,16260410.72137205,84385094685.85748
2022-01-04 09:00:00,4825.0,4830.0,4585.0,4700.0,1987822.33972612,9305913554.867054
2022-01-05 09:00:00,4770.0,4780.0,4250.0,4445.0,2067772.34947294,9548759851.632387
2022-01-06 09:00:00,4420.0,4695.0,4240.0,4475.0,2482320.35906708,11041448982.927984
2022-01-07 09:00:00,4480.0,4480.0,4050.0,4185.0,1274352.96325024,5374398667.09067
2022-01-08 09:00:00,4190.0,4225.0,3970.0,4100.0,772710.64867479,3182455152.3859186
2022-01-09 09:00:00,4105.0,4230.0,4025.0,4145.0,871215.29499952,3582435832.5646
2022-01-10 09:00:00,4140.0,4200.0,3675.0,3960.0,1933184.83674033,7673858963.069256
2022-01-11 09:00:00,3960.0,4150.0,3740.0,4130.0,1482374.96455064,5759707111.29822
2022-01-12 09:00:00,4130.0,4240.0,3970.0,4225.0,1407265.91683849,5775324945.398288
2022-01-13 09:00:00,4225.0,4285.0,4020.0,4070.0,1610139.72892404,6737588823.383696
2022-01-14 09:00:00,4115.0,4345.0,3925.0,4115.0,3283459.61587541,13592889081.569382
2022-01-15 09:00:00,4105.0,4140.0,4035.0,4120.0,684768.90259092,2792636575.5006266
2022-01-16 09:00:00,4130.0,4130.0,4040.0,4120.0,521389.98105586,2132020693.597082
2022-01-17 09:00:00,4125.0,4130.0,3900.0,3945.0,716352.60468009,2859899636.502452
2022-01-18 09:00:00,3960.0,3975.0,3735.0,3845.0,882353.35644594,3369999742.4819794
2022-01-19 09:00:00,3840.0,3905.0,3580.0,3655.0,967558.22324815,3614293349.4545493
2022-01-20 09:00:00,3650.0,3845.0,3490.0,3525.0,1089908.97954718,4003884928.5062747
2022-01-21 09:00:00,3520.0,3700.0,2940.0,3035.0,2720488.61867247,8967179175.68418
2022-01-22 09:00:00,3035.0,3095.0,2425.0,2710.0,3355894.70615253,9253685426.406809
2022-01-23 09:00:00,2710.0,2930.0,2635.0,2830.0,1916924.75328694,5368551863.399965
2022-01-24 09:00:00,2820.0,2820.0,2390.0,2705.0,1589871.57520668,4123203886.0935965
2022-01-25 09:00:00,2710.0,2905.0,2530.0,2835.0,1297373.53416497,3522521482.659942
2022-01-26 09:00:00,2825.0,3200.0,2760.0,2955.0,4286896.76815276,12746935357.381786
2022-01-27 09:00:00,2955.0,3135.0,2815.0,3070.0,1338558.36883871,3998042093.138386
2022-01-28 09:00:00,3070.0,3190.0,2980.0,3170.0,1477120.85373663,4505149016.41961
2022-01-29 09:00:00,3180.0,3315.0,3130.0,3225.0,1994575.64527605,6400940734.552103
2022-01-30 09:00:00,3200.0,3480.0,3200.0,3270.0,3743595.46140479,12528206747.941732
2022-01-31 09:00:00,3270.0,3280.0,3030.0,3220.0,782141.18790217,2456176787.160549
2022-02-01 09:00:00,3220.0,3280.0,3165.0,3220.0,515413.31059556,1648912328.0538297
2022-02-02 09:00:00,3220.0,3770.0,3145.0,3175.0,9465169.23717926,32186210075.89447
2022-02-03 09:00:00,3180.0,3840.0,3160.0,3350.0,13099366.14223321,45452207086.23284
2022-02-04 09:00:00,3350.0,3515.0,3270.0,3500.0,2290931.67977156,7698853500.430273
2022-02-05 09:00:00,3510.0,3695.0,3465.0,3645.0,2636196.81842377,9498643738.646332
2022-02-06 09:00:00,3650.0,3740.0,3420.0,3680.0,1807558.49802217,6523577778.55288
2022-02-07 09:00:00,3680.0,4430.0,3575.0,3965.0,29921468.97724991,122717381909.63248
2022-02-08 09:00:00,3965.0,4045.0,3600.0,3845.0,4431936.12009036,16924180598.759912
2022-02-09 09:00:00,3845.0,3980.0,3685.0,3890.0,2932417.28808341,11276773509.031668
2022-02-10 09:00:00,3890.0,3950.0,3685.0,3705.0,1977993.28980278,7541787319.995276
2022-02-11 09:00:00,3705.0,3935.0,3465.0,3585.0,4091974.64193699,15471277184.989305
2022-02-12 09:00:00,3645.0,3865.0,3420.0,3535.0,6313025.24213318,23316973565.706974
2022-02-13 09:00:00,3535.0,3590.0,3390.0,3535.0,1075043.3219415,3766171422.311699
2022-02-14 09:00:00,3540.0,3730.0,3355.0,3480.0,3228571.89929133,11325593711.937103
2022-02-15 09:00:00,3535.0,3735.0,3440.0,3710.0,4029130.27303417,14368387001.084028
2022-02-16 09:00:00,3720.0,3740.0,3550.0,3655.0,1509746.0882708,5507304282.741926
2022-02-17 09:00:00,3655.0,3680.0,3270.0,3300.0,1661587.51278989,5776870503.327003
2022-02-18 09:00:00,3300.0,3405.0,3175.0,3280.0,1639634.31115239,5388303544.467428
2022-02-19 09:00:00,3275.0,3300.0,3080.0,3195.0,728698.42945777,2308770114.678526
2022-02-20 09:00:00,3205.0,3250.0,2880.0,3040.0,1755041.62749126,5411060612.332063
2022-02-21 09:00:00,3040.0,3150.0,2730.0,2780.0,2176475.37509912,6515484686.572921
2022-02-22 09:00:00,2780.0,2955.0,2650.0,2880.0,1826025.61660534,5135830485.101491
2022-02-23 09:00:00,2885.0,3120.0,2865.0,2880.0,5525164.45312026,16627893839.863604
2022-02-24 09:00:00,2885.0,2980.0,2540.0,2840.0,2744534.69525599,7487319718.700447
2022-02-25 09:00:00,2840.0,3095.0,2765.0,3075.0,3035862.34758233,8888397795.405975
2022-02-26 09:00:00,3060.0,3300.0,3050.0,3235.0,3009679.25806905,9583364999.216003
2022-02-27 09:00:00,3220.0,3615.0,3060.0,3080.0,20631543.32751361,69817281630.75116
2022-02-28 09:00:00,3085.0,3270.0,2965.0,3265.0,2658376.80275541,8287922631.812873
2022-03-01 09:00:00,3265.0,3385.0,3195.0,3370.0,2001652.5960803,6548480637.999475
2022-03-02 09:00:00,3420.0,3630.0,3205.0,3310.0,6683056.27549122,23142966076.989334
2022-03-03 09:00:00,3320.0,3320.0,3100.0,3180.0,1018677.94969324,3256057434.9071913
2022-03-04 09:00:00,3180.0,3200.0,3020.0,3050.0,1084851.74531866,3377766560.805591
2022-03-05 09:00:00,3050.0,3170.0,3005.0,3140.0,1160076.69459318,3579821964.3687353
2022-03-06 09:00:00,3125.0,3145.0,2940.0,3020.0,946460.62785896,2851171535.335717
2022-03-07 09:00:00,3020.0,3105.0,2850.0,2995.0,1204204.50764915,3576374792.4914145
2022-03-08 09:00:00,2975.0,3085.0,2960.0,3050.0,772104.62460189,2331120260.3787217
2022-03-09 09:00:00,3050.0,3150.0,3035.0,3150.0,868733.65856875,2693825813.6641545
2022-03-10 09:00:00,3140.0,3150.0,2975.0,3135.0,954890.32028821,2916358824.727032
2022-03-11 09:00:00,3135.0,3135.0,3010.0,3085.0,633740.42364845,1942774561.0365903
2022-03-12 09:00:00,3080.0,3105.0,3045.0,3080.0,347711.03877423,1070845231.573241
2022-03-13 09:00:00,3080.0,3210.0,2930.0,2975.0,2327215.0203301,7230107105.129029
2022-03-14 09:00:00,2965.0,3020.0,2870.0,3010.0,1150427.45214617,3385148438.6188865
2022-03-15 09:00:00,2995.0,3010.0,2885.0,2955.0,568845.86441835,1672462263.3350818
2022-03-16 09:00:00,2945.0,3030.0,2910.0,3020.0,1236209.6621917,3674262316.4941497
2022-03-17 09:00:00,3015.0,3050.0,2970.0,3025.0,677403.39548524,2037951027.3245769
2022-03-18 09:00:00,3025.0,3080.0,2970.0,3065.0,613052.53149929,1846729827.2228303
2022-03-19 09:00:00,3065.0,3145.0,3045.0,3130.0,1555678.64769896,4805931665.706576
2022-03-20 09:00:00,3130.0,3240.0,3060.0,3090.0,2497050.50759996,7848971813.467697
2022-03-21 09:00:00,3095.0,3135.0,3025.0,3090.0,1116542.6273082,3440920502.066125
2022-03-22 09:00:00,3090.0,3165.0,3080.0,3155.0,1065174.92835195,3335492301.323791
2022-03-23 09:00:00,3150.0,3235.0,3120.0,3230.0,1642086.17578348,5218831385.510743
2022-03-24 09:00:00,3230.0,3365.0,3195.0,3340.0,2832553.67162852,9301557065.11917
2022-03-25 09:00:00,3340.0,3520.0,3300.0,3395.0,4542431.59730657,15444699326.773539
2022-03-26 09:00:00,3395.0,3485.0,3300.0,3475.0,1252309.57678131,4228512912.602018
2022-03-27 09:00:00,3475.0,3860.0,3390.0,3600.0,12500558.35485496,45749686697.26057
2022-03-28 09:00:00,3610.0,3885.0,3570.0,3720.0,7603708.61766048,28523215511.48939
2022-03-29 09:00:00,3720.0,4190.0,3535.0,3810.0,8672838.20640521,33668376430.75024
2022-03-30 09:00:00,3805.0,3845.0,3575.0,3835.0,2857768.08590717,10695290682.787718
2022-03-31 09:00:00,3840.0,4350.0,3780.0,4090.0,12376477.55056745,49974296079.3654
2022-04-01 09:00:00,4090.0,4190.0,3885.0,4165.0,3208709.12125292,12865532285.428795
2022-04-02 09:00:00,4170.0,4690.0,4075.0,4430.0,9836411.91808644,43256175836.95868
2022-04-03 09:00:00,4425.0,4430.0,4130.0,4255.0,2150990.88913671,9169769455.695656
2022-04-04 09:00:00,4255.0,4555.0,3800.0,4060.0,4183951.80178202,17402228030.72834
2022-04-05 09:00:00,4055.0,4060.0,3905.0,3935.0,1244934.76103347,4967935860.055574
2022-04-06 09:00:00,3950.0,3965.0,3455.0,3475.0,1858741.15318532,6806846560.8359375
2022-04-07 09:00:00,3460.0,3675.0,3420.0,3645.0,1015098.55769092,3614330522.696648
2022-04-08 09:00:00,3645.0,3690.0,3505.0,3520.0,736597.4966418,2667103241.803841
2022-04-09 09:00:00,3525.0,3625.0,3450.0,3595.0,490838.58619124,1731371048.0539174
2022-04-10 09:00:00,3595.0,4020.0,3595.0,3650.0,14314851.45238843,54342105079.16556
2022-04-11 09:00:00,3655.0,3710.0,3280.0,3320.0,2724157.54991515,9477281464.577312
2022-04-12 09:00:00,3315.0,3445.0,3160.0,3440.0,1917108.10835201,6394894730.373
2022-04-13 09:00:00,3420.0,3660.0,3370.0,3580.0,2097980.68426203,7356911465.448304
2022-04-14 09:00:00,3585.0,3745.0,3455.0,3490.0,2047640.47512512,7318264057.300332
2022-04-15 09:00:00,3490.0,3545.0,3415.0,3510.0,945024.9438315,3270147244.47655
2022-04-16 09:00:00,3510.0,3530.0,3440.0,3470.0,361525.02018438,1260337869.4722948
2022-04-17 09:00:00,3470.0,3580.0,3380.0,3410.0,880677.03124219,3080196756.095718
2022-04-18 09:00:00,3410.0,3430.0,3200.0,3405.0,1588360.90970542,5274993939.775462
2022-04-19 09:00:00,3410.0,4070.0,3345.0,3780.0,29782399.61086058,112937974352.10655
2022-04-20 09:00:00,3780.0,3855.0,3550.0,3565.0,7679668.48427304,28681919929.219753
2022-04-21 09:00:00,3565.0,3605.0,3450.0,3480.0,2625777.80289626,9263072458.590307
2022-04-22 09:00:00,3485.0,3620.0,3380.0,3460.0,2967011.5428459,10461090834.113913
2022-04-23 09:00:00,3460.0,3540.0,3395.0,3520.0,1144142.33421146,3972352358.359078
2022-04-24 09:00:00,3505.0,3515.0,3380.0,3435.0,624209.4001615,2156758321.7189713
2022-04-25 09:00:00,3440.0,3490.0,3135.0,3360.0,1559874.43835283,5126780935.528819
2022-04-26 09:00:00,3360.0,3430.0,3130.0,3140.0,1724909.5907918,5687454766.623988
2022-04-27 09:00:00,3140.0,3270.0,3100.0,3210.0,1104442.05666605,3503236108.0132475
2022-04-28 09:00:00,3225.0,3765.0,3210.0,3320.0,13640855.34891009,46711984148.41489
2022-04-29 09:00:00,3325.0,3335.0,3120.0,3130.0,1800577.95232124,5831401346.14804
2022-04-30 09:00:00,3125.0,3300.0,2910.0,2955.0,1389397.04896514,4322982700.070173
2022-05-01 09:00:00,2955.0,2990.0,2775.0,2965.0,929813.9538809,2688540104.699654
2022-05-02 09:00:00,2965.0,2990.0,2860.0,2930.0,589384.52039661,1730604631.3983867
2022-05-03 09:00:00,2930.0,3075.0,2890.0,2940.0,2227314.03116789,6637216464.374761
2022-05-04 09:00:00,2940.0,3145.0,2900.0,3145.0,1051812.05740286,3147590970.657805
2022-05-05 09:00:00,3140.0,3170.0,2830.0,2905.0,1368775.11542626,4140087598.8935113
2022-05-06 09:00:00,2915.0,2970.0,2760.0,2895.0,1128072.22096367,3233677092.955011
2022-05-07 09:00:00,2885.0,2895.0,2765.0,2790.0,425131.22759176,1205715288.7467823
2022-05-08 09:00:00,2790.0,2815.0,2630.0,2670.0,879249.38828098,2366033104.6630254
2022-05-09 09:00:00,2670.0,2690.0,2250.0,2260.0,1559176.58459053,3865531353.233036
2022-05-10 09:00:00,2265.0,2485.0,2110.0,2280.0,2397633.63538623,5547934554.319539
2022-05-11 09:00:00,2280.0,2360.0,1750.0,1835.0,2209174.5549813,4527314508.771662
2022-05-12 09:00:00,1835.0,1925.0,1405.0,1560.0,2126831.61994768,3356675811.5644393
2022-05-13 09:00:00,1560.0,1910.0,1530.0,1905.0,2180112.98207335,3787130066.1442933
2022-05-14 09:00:00,1905.0,2100.0,1800.0,2055.0,2217458.36666501,4371688214.083077
2022-05-15 09:00:00,2055.0,2170.0,1970.0,2130.0,1519812.43774587,3147382315.054503
2022-05-16 09:00:00,2135.0,2200.0,1930.0,2030.0,1403401.64509011,2902615348.165223
2022-05-17 09:00:00,2020.0,2105.0,1990.0,2100.0,658520.0621215,1337114658.6998518
2022-05-18 09:00:00,2100.0,2190.0,1875.0,1900.0,1692079.00803672,3478266777.3037505
2022-05-19 09:00:00,1925.0,2020.0,1725.0,1975.0,1771060.4212836,3320065223.1356006
2022-05-20 09:00:00,1985.0,2015.0,1855.0,1940.0,747325.348636,1454556154.2966113
2022-05-21 09:00:00,1940.0,2005.0,1875.0,1975.0,765604.95746392,1488868985.738727
2022-05-22 09:00:00,1970.0,2200.0,1950.0,2115.0,4107907.25367532,8591524941.175547
2022-05-23 09:00:00,2115.0,2420.0,1970.0,2020.0,8776825.65208406,19604627649.85679
2022-05-24 09:00:00,2030.0,2075.0,1885.0,2035.0,2186653.13982794,4397764155.834856
2022-05-25 09:00:00,2100.0,2700.0,1960.0,2310.0,62786378.07407453,152005442933.85333
2022-05-26 09:00:00,2310.0,2960.0,2215.0,2515.0,73739733.94622128,195654623342.4912
2022-05-27 09:00:00,2520.0,2595.0,2260.0,2265.0,15660771.56169431,37083109568.28304
2022-05-28 09:00:00,2265.0,2295.0,2090.0,2160.0,4619174.6795307,10028933303.972998
2022-05-29 09:00:00,2160.0,2185.0,2025.0,2170.0,4467059.5884845,9355498099.971718
2022-05-30 09:00:00,2235.0,2290.0,2160.0,2275.0,6637079.78535256,14681845328.903606
2022-05-31 09:00:00,2275.0,2285.0,2150.0,2230.0,3998751.3861365,8862181103.695335
2022-06-01 09:00:00,2225.0,2325.0,2125.0,2210.0,7063956.08036005,15857789874.956755
2022-06-02 09:00:00,2285.0,2325.0,2110.0,2260.0,5814126.84928128,12854437938.24915
2022-06-03 09:00:00,2270.0,2290.0,2100.0,2180.0,2793687.33328231,6151594799.966985
2022-06-04 09:00:00,2180.0,2185.0,2095.0,2155.0,1167350.99462288,2482435523.8935804
2022-06-05 09:00:00,2155.0,2365.0,2120.0,2250.0,9298840.82161226,20828432930.093487
2022-06-06 09:00:00,2250.0,2320.0,2225.0,2295.0,2427454.1494918,5516813294.100441
2022-06-07 09:00:00,2295.0,2340.0,2110.0,2205.0,2461875.37021789,5425073531.513004
2022-06-08 09:00:00,2205.0,2260.0,2110.0,2175.0,1159928.11775525,2526124054.414344
2022-06-09 09:00:00,2170.0,2185.0,2125.0,2145.0,728977.70485044,1566797120.8689284
2022-06-10 09:00:00,2150.0,2150.0,1960.0,2005.0,1536216.34779397,3141257172.8401556
2022-06-11 09:00:00,2005.0,2265.0,1840.0,1895.0,12382317.13338563,26177889567.71929
2022-06-12 09:00:00,1890.0,2030.0,1705.0,1770.0,2316754.76028544,4291491739.7974205
2022-06-13 09:00:00,1770.0,1800.0,1430.0,1490.0,2490896.02749455,3893812663.9794574
2022-06-14 09:00:00,1490.0,1525.0,1295.0,1510.0,2996165.30674191,4259967709.2531724
2022-06-15 09:00:00,1505.0,1615.0,1365.0,1610.0,2027115.13947399,2985187008.8599744
2022-06-16 09:00:00,1615.0,1675.0,1480.0,1545.0,3256442.96829814,5161623634.002958
2022-06-17 09:00:00,1545.0,1740.0,1510.0,1645.0,9791745.68188652,16185730867.283344
2022-06-18 09:00:00,1645.0,1680.0,1445.0,1560.0,2208682.39522196,3476602262.671655
2022-06-19 09:00:00,1565.0,1625.0,1455.0,1610.0,1784687.93899454,2733649901.413298
2022-06-20 09:00:00,1610.0,1620.0,1505.0,1615.0,2239803.52652822,3519989911.6083803
2022-06-21 09:00:00,1615.0,1700.0,1585.0,1665.0,2529859.11460493,4157306725.540483
2022-06-22 09:00:00,1670.0,1835.0,1630.0,1635.0,12901802.84108113,22279769177.414963
2022-06-23 09:00:00,1630.0,1700.0,1605.0,1695.0,2255457.35959481,3732406768.3692894
2022-06-24 09:00:00,1690.0,1745.0,1660.0,1745.0,2487201.55722934,4235466684.273321
2022-06-25 09:00:00,1745.0,1770.0,1670.0,1760.0,1547110.62566829,2659181265.741319
2022-06-26 09:00:00,1760.0,1765.0,1700.0,1710.0,1313566.89302114,2280314835.82149
2022-06-27 09:00:00,1710.0,2085.0,1680.0,1745.0,12069916.67471997,22174263351.87317
2022-06-28 09:00:00,1750.0,2100.0,1710.0,1775.0,21591246.67217441,40782850947.008965
2022-06-29 09:00:00,1775.0,2110.0,1735.0,1885.0,19958012.60367102,37879478311.22118
2022-06-30 09:00:00,1885.0,1885.0,1600.0,1735.0,6191158.90345757,10664444327.5012
2022-07-01 09:00:00,1735.0,1755.0,1635.0,1715.0,2508132.3964941,4264169569.561078
2022-07-02 09:00:00,1725.0,1850.0,1675.0,1740.0,7801566.47665492,13878174994.533539
2022-07-03 09:00:00,1740.0,1780.0,1690.0,1720.0,1991192.92024413,3456236505.571951
2022-07-04 09:00:00,1720.0,1730.0,1625.0,1725.0,1302249.80431877,2189133571.2238383
2022-07-05 09:00:00,1725.0,1730.0,1650.0,1685.0,1146004.09268198,1937275477.7148693
2022-07-06 09:00:00,1685.0,1750.0,1675.0,1710.0,2770062.10882056,4749604535.828836
2022-07-07 09:00:00,1710.0,1750.0,1685.0,1750.0,1166155.83347131,1995620605.8458722
2022-07-08 09:00:00,1750.0,1790.0,1710.0,1770.0,2008847.49114459,3519554568.5205865
2022-07-09 09:00:00,1775.0,1835.0,1730.0,1810.0,1952179.70433273,3495468750.4725385
2022-07-10 09:00:00,1815.0,1880.0,1760.0,1815.0,3311476.6303287,6052985796.250484
2022-07-11 09:00:00,1815.0,1815.0,1665.0,1690.0,1441295.94545794,2510727078.4084687
2022-07-12 09:00:00,1685.0,1705.0,1605.0,1610.0,1140745.5856533,1876860849.4680774
2022-07-13 09:00:00,1615.0,1665.0,1530.0,1650.0,1235595.95375168,1979880047.5706964
2022-07-14 09:00:00,1650.0,1675.0,1590.0,1670.0,707209.71110065,1154784736.4529636
2022-07-15 09:00:00,1665.0,1750.0,1640.0,1720.0,2177888.16083227,3731644255.484941
2022-07-16 09:00:00,1725.0,1765.0,1700.0,1760.0,839351.89816286,1450135931.703613
2022-07-17 09:00:00,1760.0,1770.0,1710.0,1720.0,885559.2890777,1539216037.6545668
2022-07-18 09:00:00,1720.0,1790.0,1720.0,1790.0,1616526.86778419,2853294518.9069753
2022-07-19 09:00:00,1790.0,1880.0,1765.0,1865.0,4824012.48476397,8825945877.85798
2022-07-20 09:00:00,1855.0,1895.0,1755.0,1785.0,2573793.25518173,4753739367.126716
2022-07-21 09:00:00,1785.0,1805.0,1715.0,1805.0,1111317.17814104,1956211722.2068207
2022-07-22 09:00:00,1800.0,1835.0,1770.0,1810.0,1327423.31662306,2393168201.3854284
2022-07-23 09:00:00,1810.0,1810.0,1745.0,1800.0,880008.87679376,1573848247.8922696
2022-07-24 09:00:00,1795.0,1820.0,1775.0,1800.0,781400.50519695,1400456436.0213842
2022-07-25 09:00:00,1795.0,1805.0,1690.0,1705.0,1067738.92414254,1848838671.9042878
2022-07-26 09:00:00,1705.0,1800.0,1645.0,1700.0,2480875.11192505,4270958945.9963064
2022-07-27 09:00:00,1695.0,1780.0,1665.0,1760.0,898164.59611473,1540014556.1764123
2022-07-28 09:00:00,1765.0,1805.0,1730.0,1805.0,1182423.61749051,2087533578.4544601
2022-07-29 09:00:00,1805.0,1830.0,1770.0,1825.0,1389197.79769053,2504969518.41857
2022-07-30 09:00:00,1825.0,1880.0,1800.0,1835.0,1082733.32423737,1990276828.245418
2022-07-31 09:00:00,1835.0,1950.0,1800.0,1915.0,3679760.57944828,6965963439.437155
2022-08-01 09:00:00,1905.0,2095.0,1875.0,2005.0,5521573.77586115,10924154450.41211
2022-08-02 09:00:00,2005.0,2195.0,1830.0,1890.0,4132800.99705611,8264068628.406931
2022-08-03 09:00:00,1895.0,2075.0,1830.0,1905.0,8591513.04045683,16879027526.215937
2022-08-04 09:00:00,1900.0,1920.0,1865.0,1910.0,1154194.7248633,2183518375.414613
2022-08-05 09:00:00,1905.0,1950.0,1880.0,1945.0,1219212.62987699,2333919729.153767
2022-08-06 09:00:00,1945.0,1990.0,1930.0,1970.0,1037580.03493723,2033833356.943635
2022-08-07 09:00:00,1970.0,2045.0,1945.0,2045.0,1262238.17350181,2510443176.6135635
2022-08-08 09:00:00,2045.0,2055.0,1975.0,2035.0,1742965.25898782,3513755752.3760734
2022-08-09 09:00:00,2040.0,2040.0,1920.0,1960.0,1499063.60769384,2961383473.2728887
2022-08-10 09:00:00,1965.0,2020.0,1890.0,2020.0,2754732.94820418,5428105978.001383
2022-08-11 09:00:00,2020.0,2155.0,1995.0,2130.0,3693538.04066888,7672652884.429245
2022-08-12 09:00:00,2145.0,2170.0,2065.0,2170.0,2225637.95663808,4711958603.634752
2022-08-13 09:00:00,2170.0,2250.0,2125.0,2165.0,2446175.21127451,5314837336.609004
2022-08-14 09:00:00,2155.0,2170.0,2120.0,2135.0,974161.92657282,2091460128.3441603
2022-08-15 09:00:00,2135.0,2265.0,2110.0,2155.0,2924233.73700942,6360660262.304907
2022-08-16 09:00:00,2150.0,2155.0,2055.0,2090.0,1160763.26877515,2425823460.3253036
2022-08-17 09:00:00,2090.0,2100.0,2000.0,2035.0,875162.17422695,1794410612.0950513
2022-08-18 09:00:00,2035.0,2120.0,2000.0,2020.0,3139564.10495136,6465965851.651947
2022-08-19 09:00:00,2015.0,2020.0,1705.0,1785.0,2052452.42133935,3807145393.9067554
2022-08-20 09:00:00,1785.0,1845.0,1765.0,1805.0,507038.01617855,918661358.8745062
2022-08-21 09:00:00,1795.0,1885.0,1785.0,1825.0,710632.28643647,1295840963.9613833
2022-08-22 09:00:00,1820.0,1840.0,1710.0,1775.0,702708.75412415,1244726589.0777085
2022-08-23 09:00:00,1790.0,1860.0,1720.0,1795.0,778557.90737336,1388494448.3562386
2022-08-24 09:00:00,1785.0,1820.0,1755.0,1770.0,776501.81289728,1381620953.9216945
2022-08-25 09:00:00,1770.0,1890.0,1770.0,1845.0,1668375.38711165,3056971486.9686875
2022-08-26 09:00:00,1840.0,1860.0,1700.0,1720.0,1229826.31583388,2210095740.8202343
2022-08-27 09:00:00,1720.0,1855.0,1665.0,1725.0,2792051.44787,4918970512.166621
2022-08-28 09:00:00,1725.0,1795.0,1685.0,1685.0,610580.15212189,1053433765.1745148
2022-08-29 09:00:00,1685.0,1735.0,1670.0,1730.0,474311.55083873,808097980.8675362
2022-08-30 09:00:00,1725.0,1825.0,1710.0,1750.0,1476844.34624529,2608660628.9970846
2022-08-31 09:00:00,1750.0,1780.0,1730.0,1755.0,610289.05044409,1070825664.8152616
2022-09-01 09:00:00,1760.0,1765.0,1705.0,1740.0,550060.54374307,951135412.2085208
2022-09-02 09:00:00,1740.0,1755.0,1720.0,1725.0,344653.71225025,598548386.9321481
2022-09-03 09:00:00,1725.0,1775.0,1720.0,1730.0,786156.4558353,1375093582.861924
2022-09-04 09:00:00,1730.0,1745.0,1705.0,1745.0,324589.90388057,559468077.2027166
2022-09-05 09:00:00,1730.0,1740.0,1705.0,1730.0,361415.32170482,621044294.1373225
2022-09-06 09:00:00,1730.0,1755.0,1630.0,1645.0,903310.14645067,1543022172.8567853
2022-09-07 09:00:00,1645.0,1690.0,1595.0,1675.0,533075.9758017,871457571.695169
2022-09-08 09:00:00,1675.0,1840.0,1670.0,1740.0,9759872.37972495,17203607707.68072
2022-09-09 09:00:00,1745.0,1950.0,1745.0,1795.0,10895113.51121702,20023922763.900635
2022-09-10 09:00:00,1800.0,1815.0,1760.0,1800.0,1282344.2173656,2283737247.5823665
2022-09-11 09:00:00,1800.0,1835.0,1770.0,1830.0,1520649.82185511,2738455933.1683197
2022-09-12 09:00:00,1830.0,1860.0,1785.0,1835.0,2366932.34126196,4323959940.19373
2022-09-13 09:00:00,1840.0,1845.0,1690.0,1705.0,1739994.29932191,3062459919.0859146
2022-09-14 09:00:00,1705.0,1770.0,1685.0,1725.0,1071510.87988362,1843995765.618618
2022-09-15 09:00:00,1725.0,1735.0,1675.0,1695.0,1035607.95307529,1768260363.617291
2022-09-16 09:00:00,1690.0,1715.0,1660.0,1695.0,496836.48685975,840741422.8513074
2022-09-17 09:00:00,1690.0,1745.0,1685.0,1715.0,678377.73659942,1160612245.2895792
2022-09-18 09:00:00,1715.0,1715.0,1590.0,1605.0,565401.5518111,936018360.1811246
2022-09-19 09:00:00,1610.0,1630.0,1535.0,1620.0,696535.73958221,1099437920.7972648
2022-09-20 09:00:00,1615.0,1615.0,1575.0,1595.0,559670.88633769,890808460.419904
2022-09-21 09:00:00,1585.0,1670.0,1565.0,1590.0,1666507.2852241,2685369678.1168284
2022-09-22 09:00:00,1590.0,1655.0,1580.0,1655.0,1208449.28314819,1970175768.340647
2022-09-23 09:00:00,1655.0,1685.0,1620.0,1680.0,1256991.4182741,2078327935.3079603
2022-09-24 09:00:00,1675.0,1700.0,1655.0,1685.0,534199.27499976,894930153.6240175
2022-09-25 09:00:00,1685.0,1695.0,1630.0,1650.0,405363.69640488,676127686.4811033
2022-09-26 09:00:00,1650.0,1655.0,1600.0,1640.0,646289.35077267,1050351859.3035563
2022-09-27 09:00:00,1640.0,1670.0,1610.0,1635.0,525394.22536952,865293970.8190988
2022-09-28 09:00:00,1635.0,1650.0,1550.0,1615.0,551706.47850754,880754740.7697699
2022-09-29 09:00:00,1620.0,1650.0,1595.0,1615.0,427840.45202972,692499424.1173043
2022-09-30 09:00:00,1615.0,1640.0,1595.0,1630.0,372884.74192289,600779541.2797608
2022-10-01 09:00:00,1630.0,1635.0,1605.0,1620.0,270383.77978903,437405920.3372672
2022-10-02 09:00:00,1610.0,1625.0,1595.0,1600.0,231020.02131255,371016380.0708687
2022-10-03 09:00:00,1600.0,1620.0,1595.0,1615.0,266063.45368267,427573796.3644561
2022-10-04 09:00:00,1615.0,1625.0,1600.0,1620.0,258969.38876169,417947731.19867307
2022-10-05 09:00:00,1620.0,1625.0,1595.0,1610.0,321739.30898257,518741759.84015703
2022-10-06 09:00:00,1610.0,1620.0,1600.0,1600.0,156168.33527673,251100415.721423
2022-10-07 09:00:00,1600.0,1640.0,1585.0,1620.0,1071082.49685306,1726163106.1877277
2022-10-08 09:00:00,1615.0,1810.0,1610.0,1640.0,7475464.51001416,12676589740.801378
2022-10-09 09:00:00,1635.0,1745.0,1615.0,1635.0,4386617.13638302,7330566041.249281
2022-10-10 09:00:00,1635.0,1635.0,1575.0,1575.0,775865.29416674,1250079220.2416139
2022-10-11 09:00:00,1575.0,1575.0,1510.0,1535.0,711631.98011064,1096442420.0689514
2022-10-12 09:00:00,1540.0,1560.0,1520.0,1540.0,305466.9300363,470211405.74522597
2022-10-13 09:00:00,1540.0,1545.0,1415.0,1495.0,931853.70096649,1373099965.6292095
2022-10-14 09:00:00,1490.0,1550.0,1485.0,1485.0,846234.73531631,1280831033.119478
2022-10-15 09:00:00,1485.0,1540.0,1475.0,1510.0,503349.62524692,750542598.9165405
2022-10-16 09:00:00,1510.0,1595.0,1470.0,1505.0,1494140.18769295,2278520782.603569
2022-10-17 09:00:00,1505.0,1545.0,1475.0,1535.0,629025.85754777,948921578.4964226
2022-10-18 09:00:00,1540.0,1545.0,1490.0,1510.0,553152.98550863,839313948.2314059
2022-10-19 09:00:00,1510.0,1555.0,1455.0,1455.0,1129421.47400718,1691909038.1518009
2022-10-20 09:00:00,1455.0,1505.0,1445.0,1455.0,421403.03447807,617986801.6939235
2022-10-21 09:00:00,1455.0,1465.0,1420.0,1455.0,491535.1045641,710781544.7286274
2022-10-22 09:00:00,1455.0,1550.0,1450.0,1470.0,1893158.00802869,2825521277.490528
2022-10-23 09:00:00,1465.0,1545.0,1445.0,1505.0,2520021.5371561,3776337485.3898544
2022-10-24 09:00:00,1500.0,1610.0,1495.0,1530.0,3468809.84574515,5331959969.142867
2022-10-25 09:00:00,1535.0,1610.0,1495.0,1545.0,3128866.39337543,4841912565.644396
2022-10-26 09:00:00,1545.0,1595.0,1520.0,1555.0,1708569.84488123,2650048468.567284
2022-10-27 09:00:00,1555.0,1565.0,1505.0,1520.0,852034.50529197,1312747626.2035127
2022-10-28 09:00:00,1510.0,1570.0,1500.0,1545.0,579700.80302947,883348704.7880621
2022-10-29 09:00:00,1540.0,1550.0,1530.0,1545.0,706745.42867922,1087988513.6237295
2022-10-30 09:00:00,1545.0,1565.0,1515.0,1520.0,703345.6331893,1078105930.4573004
2022-10-31 09:00:00,1525.0,1615.0,1500.0,1540.0,2642344.97112346,4123604312.457274
2022-11-01 09:00:00,1545.0,1605.0,1540.0,1565.0,1968435.88162797,3087266863.7874207
2022-11-02 09:00:00,1565.0,1570.0,1495.0,1505.0,1037548.50369075,1572299445.4500186
2022-11-03 09:00:00,1510.0,1545.0,1500.0,1520.0,815066.59489614,1239760373.5031219
2022-11-04 09:00:00,1525.0,1575.0,1515.0,1565.0,776381.57465557,1195908337.718714
2022-11-05 09:00:00,1565.0,1600.0,1555.0,1565.0,1017190.03681552,1603239513.1765444
2022-11-06 09:00:00,1565.0,1595.0,1515.0,1520.0,911182.09954087,1422040547.9008539
2022-11-07 09:00:00,1525.0,1550.0,1500.0,1520.0,608935.76500434,926509028.8917066
2022-11-08 09:00:00,1515.0,1635.0,1255.0,1300.0,9179744.24595438,13812788512.076548
2022-11-09 09:00:00,1305.0,1315.0,938.0,980.0,3055953.6343221,3540191236.174383
2022-11-10 09:00:00,984.0,1120.0,978.0,1115.0,3131359.07631618,3244100228.5308657
2022-11-11 09:00:00,1105.0,1170.0,999.0,1045.0,2691897.5608258,2881647530.677704
2022-11-12 09:00:00,1045.0,1095.0,1000.0,1030.0,2685581.45752211,2815552825.9538946
2022-11-13 09:00:00,1030.0,1065.0,949.0,976.0,2332598.16455567,2341970087.6726365
2022-11-14 09:00:00,976.0,976.0,855.0,964.0,3369536.58845642,3098517024.3461995
2022-11-15 09:00:00,965.0,1010.0,941.0,990.0,2733358.99285848,2672485655.0377874
2022-11-16 09:00:00,988.0,1065.0,988.0,1020.0,5285660.41151405,5419825866.306222
2022-11-17 09:00:00,1020.0,1025.0,962.0,993.0,924604.53854267,917494002.776416
2022-11-18 09:00:00,992.0,1025.0,987.0,1020.0,1240856.76893916,1244841211.0100863
2022-11-19 09:00:00,1025.0,1130.0,1015.0,1095.0,5426768.59545373,5816405747.969667
2022-11-20 09:00:00,1095.0,1165.0,1005.0,1040.0,3504203.05664718,3868505503.4885316
2022-11-21 09:00:00,1040.0,1135.0,1035.0,1085.0,7058291.34983628,7609316973.509384
2022-11-22 09:00:00,1090.0,1170.0,1015.0,1090.0,5033287.74322039,5519725420.555357
2022-11-23 09:00:00,1090.0,1235.0,1080.0,1190.0,6451478.03802666,7492849291.369243
2022-11-24 09:00:00,1190.0,1205.0,1085.0,1145.0,2842315.19542409,3262191974.6898055
2022-11-25 09:00:00,1145.0,1150.0,1090.0,1125.0,1085282.37129847,1208519817.5624068
2022-11-26 09:00:00,1130.0,1145.0,1095.0,1130.0,920661.8923642,1034011762.2016443
2022-11-27 09:00:00,1135.0,1135.0,1105.0,1115.0,814551.30832912,909453105.0692985
2022-11-28 09:00:00,1115.0,1120.0,1055.0,1080.0,768594.93526354,830307819.281545
2022-11-29 09:00:00,1080.0,1100.0,1070.0,1090.0,527213.60053681,571886154.1149112
2022-11-30 09:00:00,1090.0,1125.0,1085.0,1120.0,516881.9026809,571182419.0885804
2022-12-01 09:00:00,1120.0,1230.0,1080.0,1110.0,6149362.20066124,7045797203.381788
2022-12-02 09:00:00,1105.0,1140.0,1075.0,1130.0,1434004.25128424,1584196654.2084317
2022-12-03 09:00:00,1125.0,1140.0,1110.0,1130.0,504307.54365165,566680821.763335
2022-12-04 09:00:00,1130.0,1205.0,1125.0,1140.0,4691625.98433091,5443552332.072888
2022-12-05 09:00:00,1135.0,1160.0,1120.0,1150.0,871733.08352588,988000657.4084425
2022-12-06 09:00:00,1150.0,1165.0,1130.0,1140.0,767064.12136347,877014373.3288058
2022-12-07 09:00:00,1135.0,1140.0,1060.0,1100.0,1063244.63745546,1168843914.228647
2022-12-08 09:00:00,1100.0,1150.0,1095.0,1135.0,769922.70299871,863255907.8484249
2022-12-09 09:00:00,1135.0,1185.0,1120.0,1170.0,1109764.282461,1278447002.5417085
2022-12-10 09:00:00,1175.0,1290.0,1150.0,1170.0,6860660.27020827,8382970600.514113
2022-12-11 09:00:00,1170.0,1220.0,1145.0,1160.0,2771349.96378541,3254555557.653524
2022-12-12 09:00:00,1150.0,1155.0,1105.0,1125.0,680280.95504496,763420733.5337509
2022-12-13 09:00:00,1130.0,1415.0,1105.0,1190.0,51272145.40473648,65119136756.83654
2022-12-14 09:00:00,1190.0,1225.0,1125.0,1140.0,8551977.93800668,10031905494.733974
2022-12-15 09:00:00,1140.0,1170.0,1080.0,1100.0,3574754.85203132,3989900156.918171
2022-12-16 09:00:00,1095.0,1150.0,955.0,997.0,4021633.67078318,4337802089.40865
2022-12-17 09:00:00,995.0,1040.0,923.0,976.0,4029213.59026747,3948293900.489885
2022-12-18 09:00:00,974.0,989.0,964.0,980.0,992647.54732652,968456991.8937734
2022-12-19 09:00:00,978.0,984.0,896.0,928.0,1564578.01988928,1475372540.3119285
2022-12-20 09:00:00,920.0,985.0,907.0,976.0,5845070.82480083,5574457802.287719
2022-12-21 09:00:00,972.0,982.0,955.0,979.0,1174681.92261406,1140870132.0612955
2022-12-22 09:00:00,981.0,981.0,932.0,958.0,1105731.98047616,1054787953.4569569
2022-12-23 09:00:00,958.0,1025.0,946.0,987.0,8657931.93183128,8594772815.932892
2022-12-24 09:00:00,991.0,991.0,971.0,983.0,1192104.21059831,1167096108.9922154
2022-12-25 09:00:00,982.0,999.0,942.0,954.0,1192251.58110482,1152403449.5830677
2022-12-26 09:00:00,953.0,1015.0,950.0,958.0,11857152.35260182,11648188308.161823
2022-12-27 09:00:00,958.0,970.0,917.0,923.0,1836134.73608221,1722302032.3558698
2022-12-28 09:00:00,923.0,926.0,857.0,904.0,1976749.20711341,1751127604.7605877
2022-12-29 09:00:00,901.0,950.0,851.0,890.0,2825315.49118446,2544687346.499837
2022-12-30 09:00:00,887.0,893.0,838.0,864.0,837682.91044017,718473067.5935321
2022-12-31 09:00:00,863.0,1115.0,851.0,999.0,56657116.71633092,58003790088.195175
2023-01-01 09:00:00,999.0,1000.0,920.0,933.0,9279912.01206412,8802340343.732445
2023-01-02 09:00:00,934.0,962.0,896.0,929.0,8637345.32747406,7968336597.154078
2023-01-03 09:00:00,929.0,933.0,905.0,920.0,3244406.16928158,2970271217.045979
2023-01-04 09:00:00,920.0,952.0,910.0,926.0,4582336.02713862,4231177109.4414077
2023-01-05 09:00:00,927.0,927.0,902.0,916.0,2538669.42260572,2316939246.3945
2023-01-06 09:00:00,916.0,939.0,888.0,915.0,3328075.92034031,3031494773.1142397
2023-01-07 09:00:00,915.0,920.0,905.0,920.0,852417.62846407,776676613.9866092
2023-01-08 09:00:00,917.0,927.0,909.0,925.0,1130660.5663835,1035844936.0406452
2023-01-09 09:00:00,925.0,963.0,917.0,947.0,5307027.79320669,4973553439.050169
2023-01-10 09:00:00,946.0,980.0,920.0,962.0,4417604.19091488,4217668246.0385966
2023-01-11 09:00:00,962.0,985.0,950.0,973.0,5762300.91897902,5585430330.549855
2023-01-12 09:00:00,973.0,989.0,952.0,983.0,2457432.61306679,2382790174.5156436
2023-01-13 09:00:00,981.0,1020.0,970.0,1020.0,2498403.49216377,2479095124.72219
2023-01-14 09:00:00,1015.0,1095.0,1000.0,1070.0,10845114.56751952,11386230318.48164
2023-01-15 09:00:00,1065.0,1190.0,1035.0,1115.0,6649105.12123407,7322466226.988833
2023-01-16 09:00:00,1120.0,1145.0,1055.0,1120.0,2523854.81222423,2790971790.5979934
2023-01-17 09:00:00,1120.0,1185.0,1080.0,1170.0,3414559.24636923,3867313587.486837
2023-01-18 09:00:00,1170.0,1185.0,1075.0,1095.0,3056555.62099889,3495776003.1237035
2023-01-19 09:00:00,1100.0,1400.0,1100.0,1145.0,47987814.1013901,61034560023.035675
2023-01-20 09:00:00,1145.0,1195.0,1105.0,1190.0,4947433.55996141,5650265311.846322
2023-01-21 09:00:00,1190.0,1230.0,1155.0,1200.0,4730766.29321412,5639616898.915127
2023-01-22 09:00:00,1200.0,1230.0,1180.0,1215.0,2289078.48768669,2752166256.250188
2023-01-23 09:00:00,1215.0,1260.0,1180.0,1240.0,7365013.84576632,9043131357.67569
2023-01-24 09:00:00,1235.0,1340.0,1135.0,1180.0,7107888.47370357,8911037992.917934
2023-01-25 09:00:00,1180.0,1310.0,1125.0,1250.0,5777998.02789792,7061694355.252409
2023-01-26 09:00:00,1255.0,1310.0,1230.0,1265.0,5301159.93629466,6745694122.511917
2023-01-27 09:00:00,1260.0,1330.0,1215.0,1325.0,5140921.67099867,6565252048.444928
2023-01-28 09:00:00,1325.0,1325.0,1260.0,1310.0,2199189.93917662,2838214842.3593955
2023-01-29 09:00:00,1305.0,1315.0,1270.0,1315.0,1242139.55804145,1602096806.1612759
2023-01-30 09:00:00,1315.0,1315.0,1180.0,1215.0,4152972.07573748,5114771087.893022
2023-01-31 09:00:00,1210.0,1235.0,1160.0,1225.0,2433023.16485751,2897456473.0127516
2023-02-01 09:00:00,1225.0,1255.0,1140.0,1245.0,2769606.92590718,3312944618.986521
2023-02-02 09:00:00,1245.0,1290.0,1230.0,1285.0,2414322.8473034,3046655343.5063868
2023-02-03 09:00:00,1285.0,1385.0,1270.0,1365.0,6456040.55502896,8581210030.786684
2023-02-04 09:00:00,1370.0,1435.0,1345.0,1435.0,3462347.16640209,4805432418.663202
2023-02-05 09:00:00,1445.0,2365.0,1430.0,1500.0,204156049.70848295,372771083470.4043
2023-02-06 09:00:00,1500.0,1840.0,1450.0,1505.0,29519234.26711172,46886654214.733604
2023-02-07 09:00:00,1510.0,1510.0,1395.0,1455.0,5881390.6535855,8401782711.306367
2023-02-08 09:00:00,1455.0,1485.0,1400.0,1430.0,2838059.50682936,4105171688.02366
2023-02-09 09:00:00,1435.0,1600.0,1355.0,1430.0,25453579.96749266,38068146940.89182
2023-02-10 09:00:00,1435.0,1550.0,1360.0,1460.0,10300125.90859817,15139252307.798367
2023-02-11 09:00:00,1460.0,1480.0,1420.0,1455.0,2380666.28066005,3447269181.4860177
2023-02-12 09:00:00,1450.0,1525.0,1430.0,1480.0,7031108.25209331,10396255669.114882
2023-02-13 09:00:00,1480.0,1485.0,1350.0,1405.0,3153482.36581189,4427978513.040847
2023-02-14 09:00:00,1405.0,1430.0,1325.0,1425.0,1982471.93953948,2742443020.021746
2023-02-15 09:00:00,1425.0,1555.0,1400.0,1550.0,8113698.0772872,12065057548.486052
2023-02-16 09:00:00,1550.0,1860.0,1530.0,1560.0,30238610.73327759,51351046024.89016
2023-02-17 09:00:00,1555.0,1855.0,1545.0,1680.0,28351318.55602997,48730626662.21744
2023-02-18 09:00:00,1675.0,1680.0,1600.0,1650.0,3636536.35835798,5964298118.265858
2023-02-19 09:00:00,1650.0,1670.0,1600.0,1640.0,2514656.62438272,4109963497.9659
2023-02-20 09:00:00,1650.0,1690.0,1590.0,1690.0,4155295.58756442,6810810947.912657
2023-02-21 09:00:00,1690.0,1710.0,1615.0,1645.0,5081158.67230554,8482879991.377845
2023-02-22 09:00:00,1645.0,1665.0,1565.0,1645.0,2382759.54868226,3816661334.833406
2023-02-23 09:00:00,1650.0,1810.0,1630.0,1775.0,12125358.05171715,20944780500.947514
2023-02-24 09:00:00,1775.0,1875.0,1715.0,1820.0,10040362.17148394,17907209143.944542
2023-02-25 09:00:00,1830.0,2135.0,1690.0,1755.0,35965862.60567821,69680017649.0092
2023-02-26 09:00:00,1755.0,1755.0,1670.0,1705.0,2771039.21222252,4696328119.286427
2023-02-27 09:00:00,1705.0,1710.0,1620.0,1655.0,2870406.90103333,4736795474.990856
2023-02-28 09:00:00,1660.0,1760.0,1640.0,1705.0,4369664.13245912,7446910807.048261
