2021-04-05 09:00:00,74990.0,93980.0,9000.0,51520.0,5841896.84465688,322565270617.84717
2021-04-06 09:00:00,51520.0,51770.0,45230.0,50620.0,889086.13703576,42816788648.81
2021-04-07 09:00:00,50620.0,78900.0,48350.0,58640.0,11952302.46334219,763547392743.8033
2021-04-08 09:00:00,58600.0,62580.0,51000.0,60750.0,2015725.37779509,116388816311.11082
2021-04-09 09:00:00,60750.0,64990.0,56860.0,59200.0,1109427.98272457,66348509106.23275
2021-04-10 09:00:00,59230.0,59230.0,53700.0,55800.0,548156.20083294,30404101006.87274
2021-04-11 09:00:00,55180.0,55800.0,50510.0,51330.0,349496.78343223,18260258832.424347
2021-04-12 09:00:00,51330.0,57880.0,49000.0,50670.0,2433213.22892939,126554833922.65913
2021-04-13 09:00:00,50660.0,54440.0,49500.0,50170.0,1359088.17158384,69309555418.57085
2021-04-14 09:00:00,50170.0,50330.0,45000.0,48520.0,831348.22855287,39711485279.886345
2021-04-15 09:00:00,48790.0,50000.0,46860.0,49800.0,543233.83723255,26386819097.235535
2021-04-16 09:00:00,49910.0,49930.0,45010.0,47270.0,745039.89538766,34875913898.45631
2021-04-17 09:00:00,47270.0,47470.0,45290.0,45840.0,450696.38152563,20640348221.1659
2021-04-18 09:00:00,45840.0,51990.0,39100.0,43610.0,1473473.21880053,66789930428.96662
2021-04-19 09:00:00,43640.0,53670.0,41980.0,44060.0,4354416.62864914,205167770231.96896
2021-04-20 09:00:00,44070.0,50990.0,41240.0,45060.0,4516290.93773926,209174939900.1507
2021-04-21 09:00:00,45040.0,45610.0,42870.0,43310.0,892583.80924035,39483986434.06935
2021-04-22 09:00:00,43320.0,45330.0,27500.0,34000.0,2042802.5370781,82909397156.43388
2021-04-23 09:00:00,34080.0,37280.0,25000.0,33200.0,1180639.19849682,35927653127.69025
2021-04-24 09:00:00,33210.0,37090.0,30520.0,32820.0,872034.25643815,29270812815.91355
2021-04-25 09:00:00,32810.0,36750.0,31000.0,33320.0,837896.04216194,28474624264.199043
2021-04-26 09:00:00,33320.0,37450.0,32570.0,36970.0,1103817.96480367,38618620641.30053
2021-04-27 09:00:00,36950.0,40520.0,34900.0,39390.0,2478075.79159708,94373719844.4991
2021-04-28 09:00:00,39390.0,40670.0,35040.0,40400.0,1961267.25862762,74969513946.65512
2021-04-29 09:00:00,40400.0,40400.0,36990.0,38750.0,862795.48067885,33202172496.123505
2021-04-30 09:00:00,38710.0,39710.0,37330.0,39140.0,737534.38913412,28245532013.354504
2021-05-01 09:00:00,39130.0,39170.0,37860.0,38830.0,424723.11019397,16395333113.603853
2021-05-02 09:00:00,38780.0,38840.0,36570.0,38050.0,395968.42736591,15004219653.074318
2021-05-03 09:00:00,38040.0,39300.0,37570.0,38300.0,892344.0323378,34012994669.18064
2021-05-04 09:00:00,38310.0,48300.0,37810.0,40690.0,9278461.05912391,398545034557.12683
2021-05-05 09:00:00,40680.0,41950.0,39080.0,40150.0,1779238.72703091,71414807809.7106
2021-05-06 09:00:00,40180.0,40200.0,36100.0,37360.0,1700480.37485057,64491249218.59831
2021-05-07 09:00:00,37370.0,37430.0,33900.0,35390.0,1366307.04550291,48158245556.84327
2021-05-08 09:00:00,35390.0,37860.0,34460.0,35190.0,1088991.31754199,39042104200.87653
2021-05-09 09:00:00,35200.0,35200.0,33000.0,34160.0,735368.84365054,25043085098.063866
2021-05-10 09:00:00,34160.0,37100.0,32420.0,33120.0,1426500.27957461,49339626612.87304
2021-05-11 09:00:00,33120.0,34200.0,31790.0,33830.0,923148.71705815,30480452136.99058
2021-05-12 09:00:00,33830.0,34500.0,29000.0,29630.0,905773.85906702,29946456010.503
2021-05-13 09:00:00,29630.0,31760.0,28510.0,30500.0,674388.02918721,20496239410.689743
2021-05-14 09:00:00,30600.0,31550.0,30150.0,30830.0,410366.40446907,12705422623.480656
2021-05-15 09:00:00,30810.0,33090.0,29650.0,30650.0,866788.22765003,27143746995.4518
2021-05-16 09:00:00,30620.0,31180.0,28500.0,29370.0,386253.88294298,11613295793.198662
2021-05-17 09:00:00,29370.0,30360.0,24780.0,25280.0,1289792.62547259,33959219885.48107
2021-05-18 09:00:00,25320.0,27280.0,24350.0,26260.0,1042945.33988739,26827994636.629517
2021-05-19 09:00:00,26260.0,26270.0,13500.0,20050.0,2010111.98066943,41605748543.48596
2021-05-20 09:00:00,20040.0,20750.0,17600.0,20680.0,1422383.96146758,27697177221.71985
2021-05-21 09:00:00,20690.0,24500.0,18300.0,19910.0,2429984.74100658,50863231347.26449
2021-05-22 09:00:00,19910.0,20270.0,16760.0,17510.0,1024721.03034117,18026960756.961086
2021-05-23 09:00:00,17510.0,17980.0,13390.0,14290.0,921241.62791209,14227501030.12036
2021-05-24 09:00:00,14290.0,16980.0,13870.0,16520.0,2642989.57853979,40668704618.82749
2021-05-25 09:00:00,16530.0,23100.0,15800.0,17860.0,12222679.71653586,233118628561.2672
2021-05-26 09:00:00,17860.0,20080.0,17010.0,19030.0,3033097.76139865,56728329409.1993
2021-05-27 09:00:00,19030.0,19760.0,17570.0,17950.0,1012775.32648796,18422010160.339252
2021-05-28 09:00:00,17950.0,18830.0,15490.0,16250.0,961318.04016314,16333654447.055466
2021-05-29 09:00:00,16260.0,18600.0,15950.0,16500.0,2530381.45019952,43840372673.41819
2021-05-30 09:00:00,16500.0,16610.0,15040.0,16380.0,478553.31362059,7586446123.45828
2021-05-31 09:00:00,16420.0,17000.0,15700.0,16400.0,488876.30807474,7892241798.881014
2021-06-01 09:00:00,16400.0,16520.0,15770.0,15870.0,291788.26087082,4694990658.731404
2021-06-02 09:00:00,15880.0,16890.0,15420.0,16450.0,451264.24871094,7204906998.438924
2021-06-03 09:00:00,16470.0,17800.0,16060.0,17170.0,557001.24141115,9400981313.445944
2021-06-04 09:00:00,17180.0,19970.0,16710.0,17360.0,3971887.57326661,72256555405.02452
2021-06-05 09:00:00,17360.0,17730.0,16410.0,16590.0,618031.72483158,10497189878.874859
2021-06-06 09:00:00,16590.0,16780.0,16170.0,16590.0,593884.14004418,9786478899.143026
2021-06-07 09:00:00,16580.0,16850.0,15010.0,15210.0,438639.29941891,7114955315.261848
2021-06-08 09:00:00,15270.0,15810.0,13100.0,14260.0,735537.26918725,10615735240.946276
2021-06-09 09:00:00,14240.0,14710.0,13420.0,14600.0,468281.88642278,6557108334.175769
2021-06-10 09:00:00,14600.0,14950.0,14200.0,14680.0,542729.12914964,7898258320.12726
2021-06-11 09:00:00,14670.0,17300.0,14220.0,15170.0,2516252.35027003,39914227609.53945
2021-06-12 09:00:00,15160.0,15180.0,13220.0,13900.0,452958.79220692,6288685199.91487
2021-06-13 09:00:00,13900.0,14010.0,13380.0,13930.0,306782.74267208,4201119193.1055107
2021-06-14 09:00:00,13920.0,14500.0,13510.0,14270.0,361561.79613922,5010970587.839343
2021-06-15 09:00:00,14270.0,14480.0,13840.0,14270.0,280795.98708263,3968055098.464936
2021-06-16 09:00:00,14470.0,14930.0,13720.0,14000.0,552562.41376019,7908189023.974712
2021-06-17 09:00:00,13950.0,14440.0,13750.0,14020.0,357334.40707477,5010075853.338614
2021-06-18 09:00:00,14020.0,14200.0,11940.0,12250.0,850459.24581769,11062686250.840635
2021-06-19 09:00:00,12220.0,12560.0,11400.0,11830.0,535075.10464066,6365362615.359035
2021-06-20 09:00:00,11830.0,12150.0,10360.0,11080.0,619559.09941609,6931960518.909628
2021-06-21 09:00:00,11070.0,11700.0,8160.0,8630.0,1086069.65015892,10778776330.253471
2021-06-22 09:00:00,8640.0,8900.0,7000.0,8325.0,1070337.15710723,8577512036.128279
2021-06-23 09:00:00,8300.0,10600.0,8115.0,9890.0,1584959.98259312,15150877003.466305
2021-06-24 09:00:00,9890.0,11190.0,9500.0,10210.0,1251537.90444355,12913531529.486198
2021-06-25 09:00:00,10210.0,10660.0,9205.0,9385.0,551295.96234094,5465066542.947042
2021-06-26 09:00:00,9385.0,9590.0,8765.0,9305.0,264544.54420013,2424492460.266196
2021-06-27 09:00:00,9310.0,9945.0,9195.0,9875.0,433727.9042147,4181544100.9924583
2021-06-28 09:00:00,9875.0,10450.0,9570.0,10280.0,501816.96644198,5031699949.5709095
2021-06-29 09:00:00,10280.0,11040.0,10070.0,10850.0,1126724.5244544,11912465398.294035
2021-06-30 09:00:00,10850.0,11550.0,10370.0,11140.0,1135617.15621877,12266713361.179686
2021-07-01 09:00:00,11200.0,11450.0,10280.0,10710.0,769358.83477472,8287046838.563919
2021-07-02 09:00:00,10720.0,11900.0,10600.0,11280.0,1744135.25916467,19448397411.587456
2021-07-03 09:00:00,11270.0,13230.0,11050.0,12790.0,1677561.59415493,19990758354.570133
2021-07-04 09:00:00,12790.0,13540.0,12260.0,12830.0,1819024.31848164,23440868409.379898
2021-07-05 09:00:00,12830.0,13230.0,11620.0,12160.0,1272765.25035318,15628392171.707743
2021-07-06 09:00:00,12160.0,14430.0,12060.0,13810.0,5452524.12669877,73627927971.90529
2021-07-07 09:00:00,13800.0,19640.0,13100.0,19090.0,16393277.44221436,281686707502.5413
2021-07-08 09:00:00,19080.0,22660.0,15650.0,16350.0,17974608.22920809,350310474669.3449
2021-07-09 09:00:00,16350.0,18400.0,14100.0,17990.0,9785404.35516517,155718168782.84042
2021-07-10 09:00:00,17990.0,22390.0,16960.0,22210.0,25259103.09211969,515626053778.42957
2021-07-11 09:00:00,22160.0,24120.0,20240.0,22500.0,20133784.56100216,450633127623.98627
2021-07-12 09:00:00,22500.0,22900.0,19520.0,19710.0,6421863.82384798,133905078841.68742
2021-07-13 09:00:00,19750.0,21870.0,18400.0,20080.0,12454767.15209615,256318985969.8751
2021-07-14 09:00:00,20080.0,22640.0,18700.0,20960.0,11600093.49593482,237678371080.004
2021-07-15 09:00:00,21060.0,24570.0,20090.0,20610.0,16716053.21903996,375062416296.7737
2021-07-16 09:00:00,20610.0,23130.0,18720.0,20550.0,10475256.65434256,221536212055.94876
2021-07-17 09:00:00,20460.0,20600.0,17530.0,18050.0,3694393.25106933,68343291650.00974
2021-07-18 09:00:00,18050.0,19180.0,16840.0,17820.0,3288958.27049983,59897306530.24608
2021-07-19 09:00:00,17820.0,17900.0,15390.0,16190.0,1848486.76283526,30083909469.130074
2021-07-20 09:00:00,16160.0,16210.0,13370.0,14200.0,2775716.13087421,39630071734.75945
2021-07-21 09:00:00,14200.0,19140.0,13800.0,18250.0,9589655.843286,158628316959.04092
2021-07-22 09:00:00,18240.0,21850.0,17980.0,19750.0,13962425.54897945,280626366260.2586
2021-07-23 09:00:00,19750.0,24200.0,18880.0,22750.0,24166790.90118949,527719165093.2153
2021-07-24 09:00:00,22750.0,26080.0,21860.0,23640.0,17853692.84186211,431145565701.6099
2021-07-25 09:00:00,23700.0,24820.0,21530.0,23140.0,6360018.01484898,145036468146.25397
2021-07-26 09:00:00,23160.0,23260.0,20000.0,21310.0,5421371.78090132,114584432728.71506
2021-07-27 09:00:00,21290.0,22970.0,19230.0,21360.0,8318887.51327532,178506258372.26596
2021-07-28 09:00:00,21350.0,22660.0,20350.0,21040.0,5173976.4779957,111711103955.34828
2021-07-29 09:00:00,21050.0,22000.0,20110.0,20960.0,3751488.00512026,78993413233.73293
2021-07-30 09:00:00,20960.0,35000.0,20420.0,27630.0,55606658.21696169,1572764523027.1902
2021-07-31 09:00:00,27630.0,32500.0,26200.0,28400.0,32017383.59098258,938281239730.4591
2021-08-01 09:00:00,28400.0,28500.0,24480.0,24550.0,9140126.16978077,238929872221.03143
2021-08-02 09:00:00,24530.0,26490.0,23840.0,25700.0,6323995.07897078,159447683583.1036
2021-08-03 09:00:00,25700.0,26150.0,24010.0,24630.0,2871682.1528594,70976806221.51015
2021-08-04 09:00:00,24630.0,25800.0,23850.0,25690.0,5018630.31426577,125264273569.8681
2021-08-05 09:00:00,25700.0,27180.0,24500.0,25790.0,4781959.13533719,122536030817.84119
2021-08-06 09:00:00,25800.0,26210.0,25000.0,25870.0,3852861.21627111,98361227086.98322
2021-08-07 09:00:00,25890.0,27030.0,25310.0,26050.0,5985435.18085846,155141333197.65085
2021-08-08 09:00:00,26060.0,26910.0,25000.0,25190.0,4569373.00318492,118322402524.2254
2021-08-09 09:00:00,25190.0,25970.0,24150.0,25390.0,3012032.33311062,75456284052.27281
2021-08-10 09:00:00,25390.0,27770.0,25010.0,26540.0,11826300.0781904,312998304081.3176
2021-08-11 09:00:00,26540.0,30850.0,26270.0,27450.0,17047487.17398637,487409764598.53046
2021-08-12 09:00:00,27410.0,27870.0,25520.0,26450.0,6542049.30643779,174973037706.1612
2021-08-13 09:00:00,26440.0,28020.0,26270.0,27300.0,6175297.90633586,167770940388.34338
2021-08-14 09:00:00,27300.0,27790.0,26200.0,27190.0,4510692.82204163,121712743643.62054
2021-08-15 09:00:00,27200.0,27280.0,25860.0,26850.0,2842781.88026457,75439396658.7173
2021-08-16 09:00:00,26840.0,27470.0,26430.0,26890.0,4288782.23973481,115451598310.62352
2021-08-17 09:00:00,26900.0,29540.0,25880.0,26310.0,11974836.88185895,332159055723.0761
2021-08-18 09:00:00,26270.0,28300.0,24650.0,26650.0,7795380.90195607,207840960521.27417
2021-08-19 09:00:00,26650.0,27090.0,25250.0,26960.0,4817130.47757092,125298568008.46152
2021-08-20 09:00:00,26980.0,27700.0,26200.0,27350.0,4749979.8069644,127826761804.60176
2021-08-21 09:00:00,27350.0,30000.0,27200.0,28070.0,12307713.71668196,352161796963.6168
2021-08-22 09:00:00,28070.0,28220.0,26780.0,27350.0,3307127.93967613,91236769159.83531
2021-08-23 09:00:00,27340.0,28430.0,26780.0,28050.0,4447904.97557979,123139081793.1131
2021-08-24 09:00:00,28050.0,29500.0,26800.0,27020.0,7658668.84763162,215509726912.359
2021-08-25 09:00:00,27020.0,29480.0,25770.0,27590.0,7394625.77610328,203609439570.35733
2021-08-26 09:00:00,27600.0,27700.0,25650.0,25850.0,3315983.25293614,87788733928.97502
2021-08-27 09:00:00,25840.0,27580.0,24710.0,27480.0,3760556.03732889,97649161565.0981
2021-08-28 09:00:00,27480.0,27940.0,26600.0,27100.0,3240898.85036151,88017420520.77702
2021-08-29 09:00:00,27090.0,33280.0,26150.0,32370.0,18732172.15476903,560476141710.5092
2021-08-30 09:00:00,32370.0,34790.0,29250.0,30010.0,14320359.86157287,451774521694.05225
2021-08-31 09:00:00,30020.0,31590.0,28350.0,29080.0,9135756.09395975,273858300356.77518
2021-09-01 09:00:00,29100.0,30090.0,28020.0,29660.0,4694456.68911062,137112013863.33131
2021-09-02 09:00:00,29660.0,29780.0,29160.0,29310.0,3033316.21600705,89249230961.60614
2021-09-03 09:00:00,29300.0,29980.0,28840.0,29480.0,4236452.30932763,124665762421.26756
2021-09-04 09:00:00,29470.0,31490.0,28800.0,29810.0,6425948.317952,192717511542.51437
2021-09-05 09:00:00,29800.0,31500.0,28810.0,30500.0,6117664.28319903,183498906808.07843
2021-09-06 09:00:00,30480.0,30500.0,28970.0,29900.0,3606614.17488907,107683355571.91457
2021-09-07 09:00:00,29910.0,30360.0,24630.0,25910.0,5705492.73249304,158822032904.08508
2021-09-08 09:00:00,25910.0,27600.0,22120.0,25410.0,5441431.10520088,135677999296.31873
2021-09-09 09:00:00,25410.0,26410.0,24600.0,25950.0,3011194.21788749,76685247324.27325
2021-09-10 09:00:00,25950.0,26650.0,24010.0,24690.0,2716445.90743591,69249925550.86807
2021-09-11 09:00:00,24700.0,25070.0,23950.0,24840.0,1333722.9144485,32712525212.569378
2021-09-12 09:00:00,24830.0,25250.0,24030.0,24900.0,1262014.88865977,31051117782.399025
2021-09-13 09:00:00,24910.0,26520.0,23000.0,23700.0,2842376.44539191,68701485949.99798
2021-09-14 09:00:00,23660.0,29600.0,23500.0,27170.0,18076765.04187283,486409419320.2652
2021-09-15 09:00:00,27180.0,28230.0,25600.0,26160.0,5827000.13714594,153696193121.81842
2021-09-16 09:00:00,26160.0,26190.0,25080.0,25390.0,1769603.69683301,45171884015.02575
2021-09-17 09:00:00,25360.0,25390.0,24530.0,24990.0,1320479.26652715,33049356047.20188
2021-09-18 09:00:00,24990.0,25670.0,24810.0,25140.0,1024374.31547975,25826439649.751698
2021-09-19 09:00:00,25140.0,25420.0,24360.0,24760.0,1217896.88223701,30277165842.67468
2021-09-20 09:00:00,24730.0,24750.0,21420.0,21930.0,2025387.69630242,46285468543.206436
2021-09-21 09:00:00,21930.0,22200.0,19280.0,19560.0,1893638.57969436,39769761247.37764
2021-09-22 09:00:00,19560.0,22430.0,18630.0,21700.0,5363085.13153125,112806034558.74887
2021-09-23 09:00:00,21750.0,23490.0,20910.0,22190.0,5425097.14586056,120761770485.14081
2021-09-24 09:00:00,22200.0,22500.0,19810.0,20450.0,2377789.39219023,49494677451.38045
2021-09-25 09:00:00,20450.0,20850.0,19610.0,20380.0,1331392.82631575,27022978408.976505
2021-09-26 09:00:00,20380.0,21340.0,18850.0,19800.0,2299427.91760245,45591383530.87148
2021-09-27 09:00:00,19800.0,20170.0,19100.0,19180.0,1334813.19832849,26007359452.052097
2021-09-28 09:00:00,19180.0,19240.0,18450.0,18640.0,1359697.69364001,25607504775.90313
2021-09-29 09:00:00,18640.0,19390.0,18210.0,18550.0,1756709.0653345,33029809776.255405
2021-09-30 09:00:00,18530.0,19530.0,18360.0,19500.0,2125134.00292245,40504683839.88594
2021-10-01 09:00:00,19500.0,22000.0,19150.0,21440.0,4991300.39846214,103658685131.70255
2021-10-02 09:00:00,21440.0,23940.0,21430.0,22930.0,7789955.50974901,178626269376.17447
2021-10-03 09:00:00,22920.0,23500.0,21720.0,23450.0,3297788.73586963,75011635683.42683
2021-10-04 09:00:00,23450.0,27330.0,22000.0,25480.0,18164624.0939104,455788750726.8382
2021-10-05 09:00:00,25490.0,26980.0,23810.0,24380.0,8946473.09858728,225500812597.5403
2021-10-06 09:00:00,24370.0,25250.0,22980.0,24500.0,5209823.12048947,124777498205.9598
2021-10-07 09:00:00,24500.0,24530.0,23370.0,23720.0,2313028.55118325,54959945414.01758
2021-10-08 09:00:00,23720.0,24080.0,23090.0,23340.0,2699529.18411777,63512640575.253716
2021-10-09 09:00:00,23330.0,24890.0,23150.0,24170.0,3013263.21664201,71725123021.10442
2021-10-10 09:00:00,24170.0,24550.0,23290.0,23330.0,2999133.99036309,71707551526.14757
2021-10-11 09:00:00,23320.0,24470.0,23000.0,23120.0,3242705.84748609,77019095348.14091
2021-10-12 09:00:00,23120.0,23120.0,21370.0,22250.0,2049460.88336477,45418204977.41355
2021-10-13 09:00:00,22250.0,23850.0,22190.0,22930.0,2626027.85164674,60577016255.592636
2021-10-14 09:00:00,22910.0,23320.0,22490.0,22760.0,2576048.80958923,58825906092.76546
2021-10-15 09:00:00,22760.0,22830.0,20430.0,21670.0,3397023.0848249,73409022094.74478
2021-10-16 09:00:00,21660.0,21890.0,18550.0,19740.0,6767197.83173073,136518477365.66406
2021-10-17 09:00:00,19740.0,19870.0,17720.0,18730.0,13064633.63237675,244998402029.48425
2021-10-18 09:00:00,18730.0,18850.0,17350.0,17900.0,9781459.77128826,175924665976.18472
2021-10-19 09:00:00,17910.0,17940.0,16260.0,16550.0,9378243.57519545,158885206209.76862
2021-10-20 09:00:00,16550.0,17300.0,15510.0,17180.0,21202482.01780175,347484255539.7994
2021-10-21 09:00:00,17170.0,18360.0,16950.0,17270.0,15765744.10242074,279064463946.08795
2021-10-22 09:00:00,17260.0,17680.0,16200.0,16770.0,9610617.06287461,162795211336.1467
2021-10-23 09:00:00,16770.0,16780.0,16140.0,16370.0,4431620.30718264,72895366753.01762
2021-10-24 09:00:00,16360.0,16850.0,15860.0,16120.0,4954490.24875932,80795364466.35078
2021-10-25 09:00:00,16110.0,16600.0,15930.0,16300.0,4967905.99551422,81242512288.19759
2021-10-26 09:00:00,16300.0,16350.0,15940.0,16000.0,4506801.09574421,72816318511.1284
2021-10-27 09:00:00,16010.0,16090.0,13850.0,14660.0,9746291.49416773,146859491669.69376
2021-10-28 09:00:00,14670.0,15480.0,14150.0,15450.0,6288028.03368987,94047509417.34634
2021-10-29 09:00:00,15440.0,17080.0,15280.0,16500.0,18241484.38951578,299851357710.9326
2021-10-30 09:00:00,16500.0,17950.0,15720.0,17690.0,20901349.0990783,351903744903.59344
2021-10-31 09:00:00,17690.0,19590.0,16060.0,16590.0,22647723.02228677,398058640488.5717
2021-11-01 09:00:00,16600.0,17050.0,15910.0,16620.0,8886513.49569307,146124960562.02402
2021-11-02 09:00:00,16610.0,17450.0,16300.0,16930.0,10632574.79980607,179045985724.00568
2021-11-03 09:00:00,16940.0,16990.0,15880.0,16530.0,6979893.8171013,114441151414.65683
2021-11-04 09:00:00,16530.0,16990.0,16370.0,16630.0,6671934.22514558,111187778458.34305
2021-11-05 09:00:00,16630.0,17300.0,16420.0,16880.0,6921851.61202187,116912933540.51796
2021-11-06 09:00:00,16890.0,16930.0,16500.0,16770.0,3850432.76806449,64354619792.12227
2021-11-07 09:00:00,16760.0,16780.0,16610.0,16710.0,2119757.8915501,35377586650.63697
2021-11-08 09:00:00,16710.0,16860.0,16610.0,16800.0,4896473.98914587,81984074798.7207
2021-11-09 09:00:00,16790.0,16800.0,16330.0,16530.0,5074273.66025321,84296980694.03276
2021-11-10 09:00:00,16520.0,16580.0,15520.0,15790.0,5648003.22389838,91247053582.39165
2021-11-11 09:00:00,15780.0,16280.0,15750.0,16000.0,3280563.52528274,52449665697.432655
2021-11-12 09:00:00,16000.0,16000.0,15330.0,15650.0,4032202.36406951,63209728555.76504
2021-11-13 09:00:00,15650.0,16070.0,15410.0,15890.0,3016711.06946819,47631502003.16207
2021-11-14 09:00:00,15890.0,15970.0,15550.0,15790.0,1770607.21166606,27977423585.16521
2021-11-15 09:00:00,15780.0,17190.0,15600.0,16200.0,12441335.54870467,205566485420.02496
2021-11-16 09:00:00,16180.0,16200.0,15010.0,15470.0,7015652.42342511,109245246814.76074
2021-11-17 09:00:00,15470.0,15600.0,14800.0,15410.0,6518294.47011311,99165158024.20723
2021-11-18 09:00:00,15420.0,15420.0,14320.0,14500.0,6081335.40221084,90090145388.66695
2021-11-19 09:00:00,14490.0,15610.0,14150.0,15190.0,3595461.9180454,53582443173.569855
2021-11-20 09:00:00,15190.0,16150.0,15030.0,15930.0,4374645.39914655,68796946726.82428
2021-11-21 09:00:00,15940.0,18800.0,15600.0,17570.0,31043321.63293337,549926410294.847
2021-11-22 09:00:00,17560.0,18710.0,16500.0,16950.0,25091456.76411787,443072616581.8952
2021-11-23 09:00:00,16940.0,17230.0,16030.0,16440.0,8503070.71863425,139925476250.86075
2021-11-24 09:00:00,16440.0,16800.0,15830.0,16290.0,7845688.61781654,127754648905.43102
2021-11-25 09:00:00,16290.0,17540.0,16050.0,16460.0,9084184.24197936,150831849984.5311
2021-11-26 09:00:00,16450.0,16460.0,14810.0,14960.0,7475766.71874374,116120550058.72435
2021-11-27 09:00:00,14960.0,15600.0,14810.0,15210.0,2974213.91318965,45429990436.376816
2021-11-28 09:00:00,15220.0,16550.0,14570.0,15570.0,9624702.86312526,151150824209.84436
2021-11-29 09:00:00,15570.0,16320.0,15370.0,16020.0,5940361.49936847,94585592941.54214
2021-11-30 09:00:00,16020.0,16120.0,15300.0,15410.0,4503257.48951162,70765713721.10043
2021-12-01 09:00:00,15410.0,15750.0,15200.0,15250.0,3008792.32132381,46620105434.629196
2021-12-02 09:00:00,15250.0,15470.0,14770.0,15010.0,4368542.09400143,65875394704.749504
2021-12-03 09:00:00,15020.0,15250.0,14500.0,14690.0,3410953.97200757,50960137844.883804
2021-12-04 09:00:00,14690.0,14730.0,10100.0,12530.0,9205895.52091551,116542479778.93228
2021-12-05 09:00:00,12530.0,12970.0,11320.0,11620.0,3878402.8050669,47394442649.71214
2021-12-06 09:00:00,11620.0,12500.0,10700.0,11940.0,5937945.10555875,67685271691.086914
2021-12-07 09:00:00,11940.0,12920.0,11800.0,12510.0,4150504.81295957,51743549960.58574
2021-12-08 09:00:00,12500.0,13700.0,11950.0,12670.0,4770645.79792996,60792648868.648705
2021-12-09 09:00:00,12670.0,12790.0,11460.0,11530.0,2461711.15771032,29915555288.99209
2021-12-10 09:00:00,11530.0,11870.0,11110.0,11180.0,2672255.97476032,30928012645.38372
2021-12-11 09:00:00,11160.0,11870.0,11070.0,11480.0,1583415.24393208,18277436559.37321
2021-12-12 09:00:00,11480.0,11790.0,11190.0,11390.0,1689180.67266826,19381161251.227207
2021-12-13 09:00:00,11400.0,11600.0,10730.0,10830.0,3012249.73950571,33578861163.45878
2021-12-14 09:00:00,10830.0,10990.0,10140.0,10740.0,5449022.15757055,57266490881.97058
2021-12-15 09:00:00,10750.0,11270.0,10200.0,11100.0,3179345.47022097,33943141760.36287
2021-12-16 09:00:00,11110.0,11300.0,10640.0,10730.0,2188725.21303733,24184656962.53876
2021-12-17 09:00:00,10730.0,10860.0,10300.0,10520.0,2318291.69128503,24599208026.80053
2021-12-18 09:00:00,10520.0,10700.0,10300.0,10600.0,1142952.65446762,12044668809.945759
2021-12-19 09:00:00,10590.0,10750.0,10410.0,10440.0,1257040.26018905,13311774617.795488
2021-12-20 09:00:00,10450.0,10460.0,10000.0,10130.0,2291006.46761413,23367347579.323856
2021-12-21 09:00:00,10140.0,10320.0,9960.0,10250.0,2366733.17029863,24087936947.790894
2021-12-22 09:00:00,10260.0,10550.0,10170.0,10450.0,2525970.26587258,26267137211.77265
2021-12-23 09:00:00,10440.0,11550.0,10430.0,11250.0,7369478.34247038,81376487962.19302
2021-12-24 09:00:00,11260.0,11690.0,11050.0,11110.0,3739911.24190378,42315380881.4899
2021-12-25 09:00:00,11100.0,11270.0,11020.0,11150.0,1522387.42345695,16983119718.88417
2021-12-26 09:00:00,11150.0,11230.0,10880.0,11210.0,1804169.50359633,19953899525.70338
2021-12-27 09:00:00,11200.0,11700.0,11050.0,11440.0,2990581.13047192,34129082767.581303
2021-12-28 09:00:00,11440.0,11440.0,10580.0,10690.0,2733761.41685377,30094041397.579937
2021-12-29 09:00:00,10690.0,10810.0,10330.0,10550.0,2209580.75847525,23355983987.94021
2021-12-30 09:00:00,10550.0,10730.0,10330.0,10610.0,1324555.27623365,13980552393.121735
2021-12-31 09:00:00,10600.0,10870.0,10510.0,10850.0,1286341.17541802,13771884553.788519
2022-01-01 09:00:00,10840.0,11160.0,10770.0,11130.0,1119308.02996586,12224026706.500721
2022-01-02 09:00:00,11140.0,11530.0,10960.0,11270.0,2367825.69880139,26570955398.10218
2022-01-03 09:00:00,11250.0,11280.0,10860.0,10940.0,2062996.13871555,22836447577.983246
2022-01-04 09:00:00,10940.0,11250.0,10580.0,10880.0,2555761.91796963,27908268281.092377
2022-01-05 09:00:00,10910.0,11270.0,10190.0,10460.0,3016550.34852124,32754035310.924023
2022-01-06 09:00:00,10460.0,10530.0,9990.0,10310.0,2873093.11565589,29190313892.931034
2022-01-07 09:00:00,10320.0,10320.0,9705.0,9880.0,3107476.41706874,30887110290.848846
2022-01-08 09:00:00,9875.0,9950.0,9500.0,9670.0,2279550.48788578,22303023277.230095
2022-01-09 09:00:00,9670.0,9750.0,9500.0,9615.0,1773286.11542956,17104101990.024397
2022-01-10 09:00:00,9610.0,9775.0,8850.0,9195.0,3668713.22590762,34082882599.375156
2022-01-11 09:00:00,9195.0,9400.0,8910.0,9360.0,2702505.85167685,24616335047.405914
2022-01-12 09:00:00,9360.0,9750.0,9245.0,9630.0,3005520.94912353,28497790348.63468
2022-01-13 09:00:00,9630.0,9895.0,9370.0,9390.0,2622921.118778,25315595897.48395
2022-01-14 09:00:00,9395.0,9645.0,9250.0,9390.0,2175030.04566582,20523719265.12727
2022-01-15 09:00:00,9400.0,9455.0,9290.0,9390.0,2003961.50652898,18778020247.319866
2022-01-16 09:00:00,9385.0,9520.0,9170.0,9250.0,2491997.2706179,23277178325.331703
2022-01-17 09:00:00,9250.0,9250.0,8860.0,8965.0,2833088.13382211,25632258074.891926
2022-01-18 09:00:00,8965.0,9010.0,8280.0,8460.0,6573198.54924284,55924422890.1462
2022-01-19 09:00:00,8460.0,9145.0,8315.0,8675.0,8734938.61865577,76108229704.39053
2022-01-20 09:00:00,8660.0,9085.0,8030.0,8120.0,6418111.25628187,54642015445.42379
2022-01-21 09:00:00,8110.0,8210.0,7045.0,7235.0,8819874.29463447,67498777371.5565
2022-01-22 09:00:00,7240.0,7315.0,5775.0,6260.0,9830999.10518337,63746629100.71918
2022-01-23 09:00:00,6255.0,6540.0,6080.0,6375.0,3869711.74845974,24442187780.102875
2022-01-24 09:00:00,6375.0,6375.0,5360.0,5940.0,7657122.36267195,43808264885.301926
2022-01-25 09:00:00,5940.0,6135.0,5535.0,5965.0,5010672.50174397,28987712578.305584
2022-01-26 09:00:00,5960.0,6625.0,5805.0,6080.0,8814501.38755352,55373931158.87831
2022-01-27 09:00:00,6090.0,6510.0,5855.0,6315.0,6193301.91807487,38425446609.82792
2022-01-28 09:00:00,6315.0,7150.0,6210.0,7055.0,10823741.35027645,72630300189.85263
2022-01-29 09:00:00,7060.0,8265.0,6905.0,8010.0,27438843.02831823,212952041530.57562
2022-01-30 09:00:00,8010.0,9075.0,7670.0,8415.0,33864727.40857945,289009879162.09515
2022-01-31 09:00:00,8415.0,8655.0,7800.0,8345.0,16960149.25298812,139893702449.87512
2022-02-01 09:00:00,8340.0,8935.0,8115.0,8230.0,14837589.99962987,126427129543.84593
2022-02-02 09:00:00,8230.0,8245.0,7485.0,7550.0,9409671.32486589,74564603735.4835
2022-02-03 09:00:00,7550.0,7690.0,6980.0,7320.0,6467134.32187062,46964277137.547424
2022-02-04 09:00:00,7325.0,7900.0,7140.0,7820.0,7192577.87682636,53683755719.265274
2022-02-05 09:00:00,7825.0,8325.0,7680.0,8050.0,9366397.32296178,75806385018.10414
2022-02-06 09:00:00,8050.0,9190.0,8050.0,9110.0,24089690.54898888,210053950577.6435
2022-02-07 09:00:00,9110.0,9670.0,8750.0,9240.0,20680673.15316188,191272084428.85794
2022-02-08 09:00:00,9250.0,9715.0,8385.0,9080.0,15030450.58473056,136025245501.78276
2022-02-09 09:00:00,9085.0,10060.0,8625.0,9850.0,24825967.94861202,236595541497.73743
2022-02-10 09:00:00,9865.0,10300.0,9380.0,9715.0,26365571.46635278,259759165413.0383
2022-02-11 09:00:00,9720.0,9800.0,8465.0,8765.0,11350359.21072857,105090548686.74857
2022-02-12 09:00:00,8760.0,9225.0,8415.0,9030.0,12931741.62343385,114905558461.31273
2022-02-13 09:00:00,9020.0,9275.0,8545.0,8680.0,6468337.50315103,58068129445.127846
2022-02-14 09:00:00,8685.0,8785.0,8155.0,8390.0,7699815.0921318,64371502192.24896
2022-02-15 09:00:00,8405.0,9070.0,8275.0,9000.0,7370060.68255623,63941886571.19516
2022-02-16 09:00:00,9000.0,9265.0,8505.0,8890.0,7398396.30424211,65953228186.82197
2022-02-17 09:00:00,8890.0,9020.0,7885.0,7930.0,9267467.78191939,78208075349.99947
2022-02-18 09:00:00,7930.0,8230.0,7585.0,7820.0,6656514.89586544,52746191242.41114
2022-02-19 09:00:00,7820.0,7910.0,7315.0,7580.0,4414211.47732264,33482110948.331898
2022-02-20 09:00:00,7580.0,7620.0,6905.0,7050.0,6327043.56529326,45142652905.740135
2022-02-21 09:00:00,7050.0,7335.0,6340.0,6410.0,8606698.55305776,59594236381.17058
2022-02-22 09:00:00,6405.0,6755.0,6200.0,6725.0,5218635.74647844,33801531733.62769
2022-02-23 09:00:00,6725.0,7125.0,6570.0,6595.0,5276713.9939333,36058355971.74425
2022-02-24 09:00:00,6610.0,6730.0,5780.0,6650.0,8725654.52424019,54213623428.28867
2022-02-25 09:00:00,6650.0,7010.0,6415.0,6975.0,4915940.40966499,32979486198.91016
2022-02-26 09:00:00,6975.0,7200.0,6810.0,6980.0,4488884.10751787,31421838241.62987
2022-02-27 09:00:00,6980.0,7800.0,6670.0,7060.0,18160082.79617848,133123966923.6465
2022-02-28 09:00:00,7055.0,7735.0,6800.0,7660.0,14427182.48513533,105134819104.18929
2022-03-01 09:00:00,7665.0,8265.0,7535.0,8070.0,18129302.15235396,144418686502.5201
2022-03-02 09:00:00,8050.0,8115.0,7650.0,7800.0,7273997.11407249,57229127405.14826
2022-03-03 09:00:00,7800.0,7860.0,7210.0,7365.0,6258290.55656553,46968811180.77195
2022-03-04 09:00:00,7365.0,7660.0,6935.0,7000.0,8369326.89679624,61148151443.33738
2022-03-05 09:00:00,7000.0,7395.0,6800.0,7175.0,5712684.9378707,40916492922.8466
2022-03-06 09:00:00,7165.0,7335.0,6890.0,6925.0,4911592.784868,34682056143.306725
2022-03-07 09:00:00,6925.0,7335.0,6760.0,6995.0,7970905.65138827,55912068657.31607
2022-03-08 09:00:00,6980.0,7285.0,6950.0,7120.0,5212919.54419192,37128146891.89827
2022-03-09 09:00:00,7120.0,7500.0,7070.0,7400.0,5585471.45656538,40953153656.25017
2022-03-10 09:00:00,7400.0,7710.0,6880.0,7155.0,9610714.81951255,69088613421.63588
2022-03-11 09:00:00,7160.0,7195.0,6905.0,7000.0,4483083.15367317,31544161916.005062
2022-03-12 09:00:00,7005.0,7150.0,6905.0,6965.0,2901819.36921921,20380996383.615173
2022-03-13 09:00:00,6960.0,7040.0,6660.0,6665.0,4052519.2695867,27798932863.900642
2022-03-14 09:00:00,6665.0,6785.0,6510.0,6665.0,3632196.02350772,24086150035.289394
2022-03-15 09:00:00,6665.0,6670.0,6415.0,6540.0,3539919.875712,23047064236.9574
2022-03-16 09:00:00,6540.0,6775.0,6460.0,6750.0,5378555.76000783,35488307435.44974
2022-03-17 09:00:00,6750.0,7100.0,6690.0,6875.0,13174706.47990363,90945506408.06699
2022-03-18 09:00:00,6870.0,6970.0,6715.0,6885.0,5227659.62040928,35642401995.80034
2022-03-19 09:00:00,6885.0,7200.0,6865.0,7095.0,6004330.66622182,42077781273.41453
2022-03-20 09:00:00,7095.0,7590.0,6970.0,7160.0,12944735.53090502,94744051610.86433
2022-03-21 09:00:00,7165.0,7820.0,7160.0,7360.0,16973150.83989993,127573768780.56091
2022-03-22 09:00:00,7355.0,7625.0,7320.0,7505.0,8151221.02965587,61112334662.9133
2022-03-23 09:00:00,7505.0,7655.0,7305.0,7610.0,6807278.98558673,50650400224.697235
2022-03-24 09:00:00,7610.0,7975.0,7520.0,7805.0,14216585.90748072,109868766445.34901
2022-03-25 09:00:00,7805.0,7985.0,7650.0,7715.0,8934678.84473631,69631109392.90627
2022-03-26 09:00:00,7715.0,8090.0,7685.0,8010.0,10711941.34337355,85165162434.76163
2022-03-27 09:00:00,8010.0,8225.0,7770.0,8155.0,7568514.91600475,60422523655.93548
2022-03-28 09:00:00,8160.0,8745.0,8085.0,8295.0,9949349.85467015,83602228776.20712
2022-03-29 09:00:00,8295.0,9330.0,8205.0,8575.0,18887334.71699541,165351803300.80612
2022-03-30 09:00:00,8575.0,8765.0,8235.0,8610.0,7447928.58864667,63450267939.880325
2022-03-31 09:00:00,8610.0,8835.0,8240.0,8360.0,8816834.00290997,75717403992.83955
2022-04-01 09:00:00,8410.0,8565.0,7955.0,8445.0,6010113.41433621,49477714364.73582
2022-04-02 09:00:00,8445.0,9950.0,8410.0,9580.0,35350664.55868805,327423686458.65
2022-04-03 09:00:00,9570.0,9610.0,8910.0,9155.0,8081483.46898162,74129906891.6369
2022-04-04 09:00:00,9155.0,9155.0,8500.0,8895.0,6873091.64591485,60867583017.384445
2022-04-05 09:00:00,8905.0,9355.0,8865.0,9125.0,9825333.5492817,89651060008.91011
2022-04-06 09:00:00,9130.0,9265.0,7845.0,7890.0,10046600.28939054,84919324291.82903
2022-04-07 09:00:00,7885.0,8265.0,7625.0,8190.0,6707852.12752476,53473732262.94588
2022-04-08 09:00:00,8185.0,8320.0,7775.0,7810.0,4367357.58298987,35343953911.22221
2022-04-09 09:00:00,7815.0,8085.0,7680.0,7895.0,2572917.43553309,20238508403.011505
2022-04-10 09:00:00,7900.0,7975.0,7625.0,7655.0,2215468.85651917,17311170270.4278
2022-04-11 09:00:00,7655.0,7945.0,7000.0,7045.0,6051372.78197326,44812866312.64125
2022-04-12 09:00:00,7045.0,7325.0,6865.0,7200.0,5110036.77531649,36379367672.99972
2022-04-13 09:00:00,7205.0,7475.0,7040.0,7420.0,3935488.68595233,28579961408.78234
2022-04-14 09:00:00,7425.0,7880.0,7190.0,7290.0,6299841.6075895,47591356852.111984
2022-04-15 09:00:00,7295.0,7565.0,7230.0,7405.0,3523075.22124986,26096709861.132412
2022-04-16 09:00:00,7410.0,7500.0,7200.0,7310.0,1936499.12524707,14226573979.375319
2022-04-17 09:00:00,7315.0,7350.0,7010.0,7055.0,1855869.02932923,13388952749.70476
2022-04-18 09:00:00,7060.0,7310.0,6665.0,7205.0,5840695.36724733,40828404678.06426
2022-04-19 09:00:00,7200.0,7510.0,7130.0,7475.0,3354204.80573224,24573850346.913754
2022-04-20 09:00:00,7480.0,7490.0,7170.0,7255.0,2896938.8068743,21263430309.84471
2022-04-21 09:00:00,7260.0,7415.0,7010.0,7125.0,3667520.34877187,26680178360.202183
2022-04-22 09:00:00,7120.0,7225.0,7005.0,7065.0,2693316.60085434,19182484290.65574
2022-04-23 09:00:00,7070.0,7160.0,6915.0,7005.0,2005368.04672677,14119763407.54219
2022-04-24 09:00:00,7005.0,7200.0,6840.0,6900.0,2860463.18714376,20053706399.406246
2022-04-25 09:00:00,6900.0,6940.0,6505.0,6910.0,3995672.64088644,26839726970.69555
2022-04-26 09:00:00,6910.0,7045.0,6540.0,6625.0,3836880.47289484,26193041212.335983
2022-04-27 09:00:00,6630.0,6750.0,6520.0,6725.0,2286995.34204301,15252156988.495533
2022-04-28 09:00:00,6730.0,6850.0,6570.0,6695.0,2352722.72525509,15750167827.565548
2022-04-29 09:00:00,6695.0,6770.0,6280.0,6355.0,2857093.10314647,18685489895.321606
2022-04-30 09:00:00,6355.0,6400.0,5835.0,5900.0,3056830.49006687,18728793989.879253
2022-05-01 09:00:00,5900.0,6215.0,5625.0,6095.0,2904717.36783595,17200642031.688522
2022-05-02 09:00:00,6095.0,6155.0,5710.0,5990.0,2583163.69688244,15353069757.60077
2022-05-03 09:00:00,5990.0,6065.0,5830.0,5925.0,2002857.47790242,11902535935.126064
2022-05-04 09:00:00,5925.0,6580.0,5860.0,6515.0,3819814.325404,23597682920.32298
2022-05-05 09:00:00,6515.0,6645.0,5815.0,5925.0,3949542.44418029,24573523610.037125
2022-05-06 09:00:00,5940.0,6000.0,5600.0,5895.0,3447592.59460628,19877627661.678
2022-05-07 09:00:00,5890.0,6010.0,5630.0,5775.0,3260318.5577797,18955060653.06353
2022-05-08 09:00:00,5775.0,5825.0,5550.0,5615.0,4282976.13187041,24076850456.946503
2022-05-09 09:00:00,5615.0,5755.0,4675.0,4710.0,9724646.81889218,50293626899.87897
2022-05-10 09:00:00,4710.0,5945.0,4345.0,5130.0,31027801.53121334,164669073686.66046
2022-05-11 09:00:00,5130.0,5800.0,3985.0,4250.0,45413216.75040399,228049313406.6282
2022-05-12 09:00:00,4245.0,4495.0,3255.0,3660.0,34193144.35263616,127488551968.46126
2022-05-13 09:00:00,3660.0,4175.0,3560.0,3885.0,17238119.85747537,68395555825.22776
2022-05-14 09:00:00,3885.0,4150.0,3580.0,3990.0,10294487.31189644,39818451522.55006
2022-05-15 09:00:00,3985.0,4045.0,3765.0,4045.0,6498345.96843963,25298256079.76351
2022-05-16 09:00:00,4045.0,4045.0,3650.0,3725.0,5796853.48358225,22086429782.269165
2022-05-17 09:00:00,3740.0,4050.0,3650.0,3845.0,8298685.35638821,31909461456.058956
2022-05-18 09:00:00,3845.0,3965.0,3500.0,3715.0,16600375.69637808,62307770422.81651
2022-05-19 09:00:00,3720.0,3860.0,3435.0,3770.0,14740972.41006052,53957520097.12999
2022-05-20 09:00:00,3770.0,3845.0,3510.0,3590.0,8817622.64364501,32497607885.383434
2022-05-21 09:00:00,3585.0,3655.0,3500.0,3630.0,4175906.31405509,14939363548.724882
2022-05-22 09:00:00,3625.0,3745.0,3575.0,3725.0,5683360.03750557,20862254709.880234
2022-05-23 09:00:00,3725.0,3850.0,3435.0,3515.0,9193754.83307779,34041174734.75694
2022-05-24 09:00:00,3515.0,3575.0,3245.0,3515.0,6536840.0273988,22542901428.06095
2022-05-25 09:00:00,3515.0,3530.0,3365.0,3455.0,4766938.23776393,16400772784.326546
2022-05-26 09:00:00,3465.0,3575.0,3105.0,3205.0,10314244.76753178,34279214038.19356
2022-05-27 09:00:00,3205.0,3290.0,2975.0,3050.0,7789034.66521219,24122735641.248863
2022-05-28 09:00:00,3055.0,3100.0,2985.0,3075.0,2401464.08420259,7313422397.597853
2022-05-29 09:00:00,3075.0,3105.0,2980.0,3080.0,2739154.99958208,8323942571.450415
2022-05-30 09:00:00,3090.0,3415.0,3050.0,3345.0,7639800.08012971,24800224717.76746
2022-05-31 09:00:00,3345.0,3700.0,3330.0,3425.0,19003809.70941491,66476001080.37066
2022-06-01 09:00:00,3420.0,3435.0,3150.0,3190.0,7662663.94076595,25346197041.924515
2022-06-02 09:00:00,3190.0,3240.0,3095.0,3230.0,4206667.55305948,13278224522.328825
2022-06-03 09:00:00,3230.0,3240.0,3050.0,3100.0,3462046.26750389,10833359243.598724
2022-06-04 09:00:00,3100.0,3215.0,3090.0,3145.0,5572558.0617873,17515571041.038776
2022-06-05 09:00:00,3140.0,3175.0,3075.0,3120.0,3203779.90391828,9982966028.946394
2022-06-06 09:00:00,3115.0,3275.0,3105.0,3180.0,5540931.34588049,17664873393.61984
2022-06-07 09:00:00,3180.0,3190.0,3010.0,3080.0,4751158.2008549,14553457397.924257
2022-06-08 09:00:00,3080.0,3190.0,3020.0,3060.0,3814299.83046699,11722245661.048895
2022-06-09 09:00:00,3060.0,3080.0,3025.0,3035.0,2198233.64372482,6696941677.090119
2022-06-10 09:00:00,3035.0,3180.0,2940.0,2970.0,10478722.99357938,32020365304.426796
2022-06-11 09:00:00,2970.0,3020.0,2660.0,2725.0,7932972.50346317,22456304001.09935
2022-06-12 09:00:00,2725.0,2730.0,2370.0,2370.0,11405148.00045693,28286036446.254818
2022-06-13 09:00:00,2370.0,2405.0,2000.0,2075.0,15887588.17055322,33958955722.29994
2022-06-14 09:00:00,2070.0,2130.0,1835.0,2080.0,16599877.98987381,33429207618.504505
2022-06-15 09:00:00,2080.0,2200.0,1865.0,2200.0,13588269.97174821,27026802380.433758
2022-06-16 09:00:00,2200.0,2210.0,1900.0,1915.0,8002763.56856178,16514708056.062323
2022-06-17 09:00:00,1915.0,1995.0,1855.0,1960.0,5450180.93558243,10580193909.751354
2022-06-18 09:00:00,1955.0,1985.0,1755.0,1830.0,5537435.24417705,10243766775.912575
2022-06-19 09:00:00,1825.0,1890.0,1705.0,1885.0,5427395.06488643,9708886002.289219
2022-06-20 09:00:00,1885.0,1935.0,1790.0,1900.0,5139993.58755836,9608544243.593155
2022-06-21 09:00:00,1900.0,2045.0,1890.0,1990.0,9404288.76983999,18609697874.52991
2022-06-22 09:00:00,1995.0,2000.0,1865.0,1905.0,6680675.17536565,12862287207.50344
2022-06-23 09:00:00,1910.0,2220.0,1905.0,2085.0,26531368.55601194,55329149078.600586
2022-06-24 09:00:00,2085.0,2250.0,2055.0,2215.0,10462872.29866636,22345890798.606796
2022-06-25 09:00:00,2210.0,2345.0,2160.0,2320.0,7993575.78899123,17879824099.74228
2022-06-26 09:00:00,2320.0,2335.0,2130.0,2145.0,6700265.56987433,15081643206.789568
2022-06-27 09:00:00,2145.0,2285.0,2110.0,2200.0,10247917.45391711,22588040555.458202
2022-06-28 09:00:00,2195.0,2385.0,2105.0,2110.0,15142541.1260483,34524613977.086395
2022-06-29 09:00:00,2115.0,2280.0,2015.0,2070.0,11551917.28769571,24786851676.19762
2022-06-30 09:00:00,2075.0,2080.0,1840.0,1975.0,7911729.90878627,15224920712.586756
2022-07-01 09:00:00,1975.0,2035.0,1895.0,1940.0,6252323.70299525,12288266180.121399
2022-07-02 09:00:00,1940.0,2070.0,1920.0,2025.0,6655320.87265401,13251847067.10441
2022-07-03 09:00:00,2025.0,2085.0,1970.0,2035.0,5641579.70240298,11435499657.938229
2022-07-04 09:00:00,2040.0,2105.0,1970.0,2090.0,4532472.13317503,9240072074.369719
2022-07-05 09:00:00,2090.0,2185.0,2040.0,2115.0,7183433.81706554,15183059711.029911
2022-07-06 09:00:00,2110.0,2125.0,2040.0,2105.0,4596858.69281284,9562248555.15748
2022-07-07 09:00:00,2100.0,2170.0,2060.0,2160.0,3212793.7652981,6781890699.243125
2022-07-08 09:00:00,2155.0,2220.0,2085.0,2150.0,5210337.32762537,11199592847.738007
2022-07-09 09:00:00,2150.0,2240.0,2135.0,2215.0,4514587.11033807,9843544627.224945
2022-07-10 09:00:00,2215.0,2220.0,2110.0,2150.0,3391614.51061494,7324916686.183535
2022-07-11 09:00:00,2150.0,2150.0,1995.0,2000.0,3026650.45388051,6264947529.83681
2022-07-12 09:00:00,2000.0,2015.0,1900.0,1910.0,2729633.07296797,5367274447.18018
2022-07-13 09:00:00,1910.0,2000.0,1835.0,1995.0,4381031.1113873,8423436670.24401
2022-07-14 09:00:00,1995.0,2055.0,1915.0,2050.0,4335913.3662698,8550045137.568792
2022-07-15 09:00:00,2045.0,2110.0,2030.0,2050.0,3704853.89024468,7616214748.087092
2022-07-16 09:00:00,2050.0,2110.0,1990.0,2105.0,2743023.35207707,5616723343.337874
2022-07-17 09:00:00,2105.0,2140.0,2060.0,2075.0,3733193.24160199,7816972360.436196
2022-07-18 09:00:00,2075.0,2235.0,2065.0,2210.0,7077196.16532398,15378626468.023434
2022-07-19 09:00:00,2210.0,2580.0,2155.0,2515.0,25088798.8034727,59760108475.12978
2022-07-20 09:00:00,2515.0,2790.0,2375.0,2445.0,28422753.37204316,75020390627.8452
2022-07-21 09:00:00,2445.0,2490.0,2305.0,2470.0,6928111.32914263,16592280060.436508
2022-07-22 09:00:00,2470.0,2650.0,2400.0,2440.0,10877609.07652301,27618516196.117683
2022-07-23 09:00:00,2435.0,2520.0,2350.0,2455.0,5403185.33541002,13233129299.766598
2022-07-24 09:00:00,2455.0,2580.0,2410.0,2420.0,9516646.34321829,23656960701.869385
2022-07-25 09:00:00,2415.0,2450.0,2175.0,2185.0,6358276.46533251,14601097206.714558
2022-07-26 09:00:00,2185.0,2190.0,2055.0,2140.0,4836069.02460666,10249367207.912674
2022-07-27 09:00:00,2140.0,2340.0,2070.0,2325.0,8805000.71155943,19470441701.46538
2022-07-28 09:00:00,2325.0,2555.0,2275.0,2455.0,7317187.9069702,17548294180.286873
2022-07-29 09:00:00,2450.0,2570.0,2400.0,2470.0,10736150.96663862,26846176941.612137
2022-07-30 09:00:00,2465.0,2730.0,2465.0,2545.0,15464263.23552295,40204461221.12694
2022-07-31 09:00:00,2545.0,2765.0,2515.0,2545.0,10645788.40551855,27988436624.72459
2022-08-01 09:00:00,2545.0,2820.0,2505.0,2690.0,10448228.36742935,27776517017.5996
2022-08-02 09:00:00,2685.0,2750.0,2425.0,2515.0,10044153.64158401,25366122588.981552
2022-08-03 09:00:00,2510.0,2585.0,2435.0,2485.0,5430795.50825146,13703936906.577896
2022-08-04 09:00:00,2485.0,3700.0,2470.0,3490.0,153614510.5607638,506239861755.8863
2022-08-05 09:00:00,3490.0,3970.0,3300.0,3605.0,141658011.90281528,515429311679.3012
2022-08-06 09:00:00,3610.0,3820.0,3405.0,3425.0,33027585.98653123,118721494766.95107
2022-08-07 09:00:00,3425.0,3680.0,3335.0,3485.0,31817825.8076287,112218277876.8237
2022-08-08 09:00:00,3480.0,4150.0,3450.0,3990.0,112238564.2268843,441863833165.6166
2022-08-09 09:00:00,3985.0,4165.0,3745.0,4015.0,50714767.5590252,202276911783.68918
2022-08-10 09:00:00,4020.0,4135.0,3730.0,4040.0,50233838.59979608,196487868913.03262
2022-08-11 09:00:00,4040.0,4290.0,3910.0,3960.0,44002807.55920096,178259520439.86487
2022-08-12 09:00:00,3960.0,3960.0,3805.0,3900.0,11980651.11141954,46639820485.43257
2022-08-13 09:00:00,3900.0,4045.0,3875.0,3905.0,12344000.89225123,48676966883.48405
2022-08-14 09:00:00,3900.0,3915.0,3760.0,3810.0,8868780.35868833,34103288186.670673
2022-08-15 09:00:00,3810.0,3930.0,3610.0,3655.0,18217278.79754435,68559045575.27014
2022-08-16 09:00:00,3655.0,3730.0,3550.0,3605.0,10420735.62258661,37842822059.179054
2022-08-17 09:00:00,3605.0,3685.0,3425.0,3470.0,8857738.36562193,31452016210.397003
2022-08-18 09:00:00,3480.0,3790.0,3430.0,3480.0,33974075.36478788,123463323209.67676
2022-08-19 09:00:00,3475.0,3550.0,2870.0,2915.0,23480605.512771,74733130245.08293
2022-08-20 09:00:00,2915.0,3130.0,2820.0,2960.0,14557984.61367964,43765364746.73401
2022-08-21 09:00:00,2955.0,3015.0,2870.0,2970.0,7280450.36876416,21505214070.499847
2022-08-22 09:00:00,2965.0,2995.0,2790.0,2905.0,9596977.13845963,27500727023.264015
2022-08-23 09:00:00,2905.0,2960.0,2790.0,2920.0,8011012.09667698,23089837052.04821
2022-08-24 09:00:00,2920.0,3030.0,2830.0,2915.0,9990087.25552621,29462475170.589474
2022-08-25 09:00:00,2910.0,3000.0,2905.0,2950.0,6036741.86789509,17815793347.67334
2022-08-26 09:00:00,2950.0,2955.0,2620.0,2665.0,12146531.3998358,34156726275.628807
2022-08-27 09:00:00,2665.0,2685.0,2555.0,2600.0,5122929.42872722,13382069194.841562
2022-08-28 09:00:00,2605.0,2630.0,2425.0,2440.0,5787035.60075272,14740532305.22317
2022-08-29 09:00:00,2445.0,2890.0,2370.0,2700.0,21702990.71539511,58257868952.34844
2022-08-30 09:00:00,2700.0,2875.0,2610.0,2775.0,28879305.38202107,78911158581.26816
2022-08-31 09:00:00,2775.0,2955.0,2720.0,2840.0,16395453.18965997,46080466455.792885
2022-09-01 09:00:00,2840.0,2875.0,2710.0,2805.0,7532321.39915544,20990440269.726562
2022-09-02 09:00:00,2805.0,2825.0,2690.0,2725.0,6749626.90483247,18663557070.65555
2022-09-03 09:00:00,2725.0,2725.0,2625.0,2690.0,4053188.50158101,10829559447.549496
2022-09-04 09:00:00,2690.0,2735.0,2655.0,2685.0,3280890.90468975,8843985971.99341
2022-09-05 09:00:00,2685.0,2705.0,2565.0,2650.0,5031248.17156476,13224360505.307549
2022-09-06 09:00:00,2645.0,2700.0,2460.0,2480.0,8798347.74043682,22845756933.88569
2022-09-07 09:00:00,2485.0,2615.0,2440.0,2585.0,5765627.20170862,14545382529.848648
2022-09-08 09:00:00,2580.0,2830.0,2570.0,2720.0,19458214.51733452,52799711241.06727
2022-09-09 09:00:00,2715.0,3045.0,2700.0,2900.0,20992693.88046442,60596389599.60954
2022-09-10 09:00:00,2900.0,3020.0,2830.0,2900.0,9010537.13426696,26231199301.47423
2022-09-11 09:00:00,2900.0,2950.0,2850.0,2910.0,5828110.87703901,16818550349.397465
2022-09-12 09:00:00,2910.0,3165.0,2845.0,2885.0,14343998.12183016,42689510697.782974
2022-09-13 09:00:00,2885.0,2885.0,2605.0,2620.0,12481443.27841378,34311946518.079704
2022-09-14 09:00:00,2620.0,2645.0,2535.0,2620.0,11043645.86554759,28635229860.8958
2022-09-15 09:00:00,2620.0,2625.0,2485.0,2505.0,9321532.47706435,23723106457.219097
2022-09-16 09:00:00,2505.0,2535.0,2440.0,2510.0,6261942.24732556,15547645417.769314
2022-09-17 09:00:00,2510.0,2590.0,2500.0,2580.0,4488292.33584185,11376108250.625778
2022-09-18 09:00:00,2580.0,2585.0,2245.0,2345.0,6457528.97503475,15863886830.050365
2022-09-19 09:00:00,2345.0,2415.0,2260.0,2395.0,6175195.65224933,14387831277.784124
2022-09-20 09:00:00,2395.0,2430.0,2320.0,2375.0,4528324.22629896,10776037400.891878
2022-09-21 09:00:00,2375.0,2485.0,2290.0,2325.0,5775963.80905228,13660320526.262522
2022-09-22 09:00:00,2330.0,2440.0,2325.0,2425.0,4114096.43300619,9840443886.469479
2022-09-23 09:00:00,2430.0,2510.0,2340.0,2440.0,6579593.45817635,15963172267.697199
2022-09-24 09:00:00,2440.0,2505.0,2415.0,2420.0,3969682.69428334,9760097078.388206
2022-09-25 09:00:00,2420.0,2440.0,2340.0,2365.0,3112309.26144064,7470398854.66293
2022-09-26 09:00:00,2370.0,2390.0,2300.0,2385.0,3980114.06983506,9327515175.262281
2022-09-27 09:00:00,2385.0,2465.0,2345.0,2385.0,5132422.92113706,12403161075.791346
2022-09-28 09:00:00,2385.0,2400.0,2285.0,2365.0,4270467.98635734,9967009268.675638
2022-09-29 09:00:00,2365.0,2580.0,2320.0,2425.0,23173167.50070532,57339360723.590546
2022-09-30 09:00:00,2420.0,2510.0,2385.0,2430.0,11016463.79562241,26835418541.71634
2022-10-01 09:00:00,2430.0,2460.0,2410.0,2425.0,2473327.77734416,6016965830.8576765
2022-10-02 09:00:00,2430.0,2445.0,2355.0,2360.0,2884323.45277334,6910966010.008488
2022-10-03 09:00:00,2365.0,2435.0,2340.0,2420.0,2478101.32316114,5911925740.203997
2022-10-04 09:00:00,2420.0,2465.0,2395.0,2440.0,2685501.10846001,6530047098.619918
2022-10-05 09:00:00,2450.0,2455.0,2380.0,2420.0,2550051.53464007,6149904780.6814375
2022-10-06 09:00:00,2420.0,2440.0,2380.0,2410.0,3371524.30618645,8143208621.22089
2022-10-07 09:00:00,2410.0,2420.0,2370.0,2400.0,2826584.01734165,6768240097.459507
2022-10-08 09:00:00,2395.0,2435.0,2390.0,2405.0,2012102.44193693,4858246500.1423855
2022-10-09 09:00:00,2410.0,2435.0,2390.0,2430.0,2029140.22016111,4893887590.638471
2022-10-10 09:00:00,2430.0,2440.0,2255.0,2260.0,5275842.49777065,12353317594.752073
2022-10-11 09:00:00,2260.0,2310.0,2200.0,2260.0,4286406.77181106,9677226516.821154
2022-10-12 09:00:00,2265.0,2295.0,2215.0,2230.0,2218316.65335909,4974978343.780579
2022-10-13 09:00:00,2230.0,2240.0,2005.0,2175.0,6782547.54935723,14315958211.751213
2022-10-14 09:00:00,2170.0,2245.0,2100.0,2140.0,3634300.43347886,7909609620.504297
2022-10-15 09:00:00,2140.0,2165.0,2105.0,2120.0,2262936.03881307,4839637659.669931
2022-10-16 09:00:00,2120.0,2175.0,2120.0,2150.0,1745730.39333916,3742845505.833929
2022-10-17 09:00:00,2150.0,2210.0,2125.0,2205.0,2823958.25216698,6118487750.741238
2022-10-18 09:00:00,2205.0,2265.0,2165.0,2200.0,5159740.75858056,11447657912.450748
2022-10-19 09:00:00,2200.0,2210.0,2085.0,2090.0,4133059.27704266,8798285209.67538
2022-10-20 09:00:00,2090.0,2130.0,2050.0,2065.0,2436916.20232066,5087944848.194096
2022-10-21 09:00:00,2065.0,2095.0,2010.0,2085.0,3407753.9690922,6991242386.192071
2022-10-22 09:00:00,2085.0,2145.0,2065.0,2110.0,3607171.23430293,7589731317.460401
2022-10-23 09:00:00,2105.0,2205.0,2065.0,2175.0,2635338.48621095,5588907757.2791395
2022-10-24 09:00:00,2170.0,2205.0,2115.0,2130.0,2426407.41871379,5217416239.665888
2022-10-25 09:00:00,2130.0,2240.0,2120.0,2190.0,3629766.84154372,7875020558.002927
2022-10-26 09:00:00,2205.0,2405.0,2190.0,2275.0,17490397.10252939,40588329278.51805
2022-10-27 09:00:00,2280.0,2410.0,2250.0,2265.0,11526951.49144399,26803612852.41822
2022-10-28 09:00:00,2270.0,2415.0,2250.0,2375.0,6960879.41633349,16139828423.15267
2022-10-29 09:00:00,2375.0,2615.0,2370.0,2505.0,15203701.3872184,37891698612.713036
2022-10-30 09:00:00,2505.0,2540.0,2375.0,2415.0,6808488.94962283,16798770839.124714
2022-10-31 09:00:00,2415.0,2440.0,2310.0,2350.0,4865049.63335101,11518656309.777603
2022-11-01 09:00:00,2350.0,2375.0,2275.0,2310.0,3625239.09905219,8460943221.787709
2022-11-02 09:00:00,2310.0,2375.0,2225.0,2285.0,6618044.16577642,15191322019.603914
2022-11-03 09:00:00,2285.0,2870.0,2275.0,2520.0,54111709.33904579,143563629184.86053
2022-11-04 09:00:00,2515.0,2600.0,2435.0,2570.0,19039876.40717625,48029917501.13671
2022-11-05 09:00:00,2565.0,2720.0,2545.0,2585.0,14993124.91685007,39445982816.00175
2022-11-06 09:00:00,2585.0,2600.0,2425.0,2440.0,4885526.04148757,12330878501.772976
2022-11-07 09:00:00,2440.0,2505.0,2380.0,2435.0,5022461.95174506,12271125856.798927
2022-11-08 09:00:00,2435.0,2445.0,1870.0,2085.0,14622497.49865437,32376726627.438347
2022-11-09 09:00:00,2085.0,2115.0,1620.0,1670.0,14940190.00539956,28142325408.22355
2022-11-10 09:00:00,1680.0,1940.0,1645.0,1905.0,11974769.77801101,21655439311.336407
2022-11-11 09:00:00,1905.0,1935.0,1680.0,1780.0,8204883.21315538,14766518636.886223
2022-11-12 09:00:00,1780.0,1805.0,1655.0,1715.0,6379179.18360075,10958751623.618435
2022-11-13 09:00:00,1715.0,1800.0,1605.0,1630.0,12914806.15842641,21935854101.71574
2022-11-14 09:00:00,1630.0,1675.0,1510.0,1650.0,9956678.53598596,15899391378.409449
2022-11-15 09:00:00,1645.0,1745.0,1615.0,1690.0,5305262.01603063,8911377036.50758
2022-11-16 09:00:00,1685.0,1820.0,1635.0,1685.0,9469897.34888683,16256463586.827494
2022-11-17 09:00:00,1685.0,1690.0,1615.0,1650.0,3201884.5459917,5292170690.424139
2022-11-18 09:00:00,1650.0,1700.0,1645.0,1680.0,4533449.11940989,7581574094.793004
2022-11-19 09:00:00,1680.0,1725.0,1655.0,1705.0,4473310.01839014,7552291850.1868925
2022-11-20 09:00:00,1705.0,1735.0,1585.0,1605.0,7404457.2881636,12400952502.003475
2022-11-21 09:00:00,1605.0,1625.0,1540.0,1580.0,6517412.93534055,10339068554.707354
2022-11-22 09:00:00,1580.0,1600.0,1505.0,1595.0,7197523.63324128,11219207984.726587
2022-11-23 09:00:00,1590.0,1640.0,1575.0,1630.0,7344971.63888775,11798194911.550333
2022-11-24 09:00:00,1625.0,1640.0,1530.0,1580.0,8199627.37261623,13014595504.52274
2022-11-25 09:00:00,1575.0,1580.0,1510.0,1550.0,6499911.38526555,9997155227.9655
2022-11-26 09:00:00,1550.0,1570.0,1535.0,1550.0,4491450.71563423,6967147693.523377
2022-11-27 09:00:00,1545.0,1590.0,1535.0,1550.0,5046150.45965404,7879454977.714949
2022-11-28 09:00:00,1545.0,1560.0,1500.0,1505.0,7530905.58091808,11426683652.154367
2022-11-29 09:00:00,1505.0,1525.0,1475.0,1495.0,5655639.63517038,8505904392.19922
2022-11-30 09:00:00,1500.0,1540.0,1490.0,1540.0,6382973.56823961,9675419392.316177
2022-12-01 09:00:00,1535.0,1545.0,1490.0,1500.0,5507130.34879143,8311843628.055089
2022-12-02 09:00:00,1500.0,1505.0,1440.0,1480.0,6797254.8920901,10009935145.79155
2022-12-03 09:00:00,1480.0,1485.0,1440.0,1455.0,3397547.30439602,4978109340.162903
2022-12-04 09:00:00,1450.0,1520.0,1445.0,1505.0,10267630.06491553,15314407841.186647
2022-12-05 09:00:00,1505.0,1555.0,1460.0,1470.0,12885374.14104167,19419982329.870796
2022-12-06 09:00:00,1470.0,1495.0,1465.0,1485.0,6418106.33788119,9471195503.495571
2022-12-07 09:00:00,1485.0,1485.0,1365.0,1400.0,10425791.14228144,14751872490.797863
2022-12-08 09:00:00,1395.0,1405.0,1345.0,1395.0,11217666.7003352,15440414805.711359
2022-12-09 09:00:00,1395.0,1395.0,1355.0,1370.0,7521162.7330691,10324134635.13514
2022-12-10 09:00:00,1375.0,1380.0,1350.0,1365.0,7463973.10251926,10174246086.373358
2022-12-11 09:00:00,1370.0,1385.0,1305.0,1305.0,8793963.36446558,11856613046.637754
2022-12-12 09:00:00,1305.0,1330.0,1220.0,1265.0,14811288.59654182,18654272304.293858
2022-12-13 09:00:00,1260.0,1290.0,1170.0,1255.0,14480781.18906572,17793219411.0778
2022-12-14 09:00:00,1255.0,1265.0,1205.0,1210.0,6416067.22024051,7958684370.817068
2022-12-15 09:00:00,1210.0,1220.0,1165.0,1180.0,9705750.55660568,11503616120.478281
2022-12-16 09:00:00,1180.0,1190.0,1010.0,1030.0,18022996.51433872,19934458503.030533
2022-12-17 09:00:00,1035.0,1045.0,949.0,1040.0,20298751.97856892,20159815534.110752
2022-12-18 09:00:00,1040.0,1045.0,995.0,1015.0,5342988.13594972,5409422954.520761
2022-12-19 09:00:00,1010.0,1025.0,931.0,961.0,9402562.32755611,9253068046.636787
2022-12-20 09:00:00,960.0,1025.0,944.0,1015.0,9337711.39208272,9300055560.422955
2022-12-21 09:00:00,1010.0,1015.0,979.0,1005.0,5693671.73316716,5678348484.36621
2022-12-22 09:00:00,1000.0,1005.0,964.0,997.0,6042535.18046451,5973078540.0665045
2022-12-23 09:00:00,996.0,1005.0,976.0,994.0,7741554.82489112,7659586906.966486
2022-12-24 09:00:00,993.0,997.0,981.0,988.0,3294638.83915173,3259799264.4095416
2022-12-25 09:00:00,988.0,990.0,957.0,966.0,5085433.70166059,4948137022.763613
2022-12-26 09:00:00,967.0,1015.0,966.0,982.0,22192658.94697156,21901908479.77778
2022-12-27 09:00:00,982.0,991.0,929.0,943.0,10357509.72692179,9901378383.98555
2022-12-28 09:00:00,943.0,946.0,866.0,880.0,14283888.4451574,12881383830.24849
2022-12-29 09:00:00,880.0,904.0,852.0,866.0,12782959.04543717,11149816180.38845
2022-12-30 09:00:00,867.0,871.0,807.0,831.0,12106306.78685817,10085281393.673208
2022-12-31 09:00:00,834.0,848.0,823.0,834.0,8795815.07970624,7342443708.672681
2023-01-01 09:00:00,834.0,841.0,822.0,836.0,4199159.18644918,3483959523.1179476
2023-01-02 09:00:00,835.0,860.0,820.0,847.0,8212696.25686658,6920028680.027289
2023-01-03 09:00:00,847.0,973.0,847.0,928.0,81576626.40081514,74943030535.16817
2023-01-04 09:00:00,928.0,964.0,911.0,933.0,32294366.00749143,30342158275.56596
2023-01-05 09:00:00,933.0,938.0,897.0,906.0,11580018.09107332,10593716563.723543
2023-01-06 09:00:00,906.0,924.0,858.0,889.0,17519000.72882434,15465762453.759146
2023-01-07 09:00:00,893.0,916.0,885.0,891.0,12375973.48741452,11108180995.53918
2023-01-08 09:00:00,892.0,927.0,875.0,922.0,10613663.48166036,9502450081.747833
2023-01-09 09:00:00,922.0,1060.0,917.0,988.0,44494408.65058323,43729116562.84622
2023-01-10 09:00:00,987.0,1015.0,962.0,1010.0,17323736.3634868,17104448570.897089
2023-01-11 09:00:00,1010.0,1030.0,959.0,1025.0,15963792.77811966,15788148305.938482
2023-01-12 09:00:00,1025.0,1145.0,1005.0,1090.0,53876005.64031523,57955415826.73777
2023-01-13 09:00:00,1090.0,1180.0,1075.0,1160.0,33901188.06172141,38377780799.19986
2023-01-14 09:00:00,1160.0,1355.0,1135.0,1270.0,63100338.07708461,78299683843.0243
2023-01-15 09:00:00,1270.0,1440.0,1260.0,1345.0,80017998.3750752,108249575883.36426
2023-01-16 09:00:00,1350.0,1425.0,1270.0,1340.0,30647581.01294171,41039342566.1301
2023-01-17 09:00:00,1340.0,1345.0,1280.0,1310.0,14697718.46942801,19251516897.69135
2023-01-18 09:00:00,1310.0,1365.0,1190.0,1210.0,23602267.67012169,30462724742.645336
2023-01-19 09:00:00,1210.0,1300.0,1205.0,1295.0,12676775.37009367,15774205018.931213
2023-01-20 09:00:00,1295.0,1390.0,1245.0,1380.0,16744104.76678529,21725751639.687588
2023-01-21 09:00:00,1375.0,1465.0,1345.0,1350.0,23157922.52279701,32261573078.404846
2023-01-22 09:00:00,1350.0,1555.0,1345.0,1490.0,56407192.41298461,82507193750.77219
2023-01-23 09:00:00,1485.0,1600.0,1440.0,1495.0,35521217.15243112,53667189532.10493
2023-01-24 09:00:00,1495.0,1645.0,1350.0,1385.0,36806197.0508884,56244533489.28577
2023-01-25 09:00:00,1385.0,1455.0,1315.0,1425.0,19695497.27317887,27061814395.451817
2023-01-26 09:00:00,1425.0,1475.0,1385.0,1420.0,16189770.24870776,23073057808.29234
2023-01-27 09:00:00,1420.0,1435.0,1345.0,1430.0,12794958.32941589,17770897049.306545
2023-01-28 09:00:00,1430.0,1505.0,1395.0,1405.0,13979125.09540062,20209145397.00837
2023-01-29 09:00:00,1410.0,1450.0,1385.0,1435.0,7776271.83517502,11070183236.872313
2023-01-30 09:00:00,1435.0,1435.0,1265.0,1300.0,12858874.20011266,17364798703.555904
2023-01-31 09:00:00,1300.0,1365.0,1260.0,1355.0,9349047.00684275,12166197806.29791
2023-02-01 09:00:00,1350.0,1435.0,1280.0,1410.0,13031252.2891764,17569478421.369736
2023-02-02 09:00:00,1415.0,1490.0,1400.0,1410.0,13897890.25104813,19953203624.24079
2023-02-03 09:00:00,1415.0,1495.0,1395.0,1495.0,16632309.86762646,24110665700.98301
2023-02-04 09:00:00,1495.0,1510.0,1460.0,1495.0,12585063.4418126,18676854943.141933
2023-02-05 09:00:00,1495.0,1545.0,1395.0,1435.0,23555118.25159306,34758166851.72206
2023-02-06 09:00:00,1435.0,1480.0,1415.0,1435.0,13844595.9570537,20014522078.63742
2023-02-07 09:00:00,1440.0,1525.0,1405.0,1515.0,13346880.69490565,19419788924.801933
2023-02-08 09:00:00,1520.0,1675.0,1495.0,1555.0,37572268.28485661,59873421391.93026
2023-02-09 09:00:00,1555.0,1560.0,1375.0,1385.0,18214659.87942103,26742795273.413116
2023-02-10 09:00:00,1385.0,1410.0,1330.0,1385.0,9469183.62932101,13031384023.138643
2023-02-11 09:00:00,1390.0,1405.0,1370.0,1405.0,4655479.66649542,6460898886.779234
2023-02-12 09:00:00,1400.0,1435.0,1365.0,1380.0,6326306.98742114,8872318370.08067
2023-02-13 09:00:00,1380.0,1385.0,1280.0,1345.0,8704262.60660549,11605875770.449154
2023-02-14 09:00:00,1345.0,1390.0,1285.0,1380.0,11845126.88115343,15957273335.92901
2023-02-15 09:00:00,1380.0,1495.0,1355.0,1475.0,14768946.35717521,20760702672.022087
2023-02-16 09:00:00,1475.0,1565.0,1420.0,1435.0,24610046.17735231,36971171006.97284
2023-02-17 09:00:00,1430.0,1760.0,1425.0,1700.0,55003094.2945706,88104356588.09721
2023-02-18 09:00:00,1700.0,1820.0,1655.0,1690.0,39710881.51644716,68731654596.02484
2023-02-19 09:00:00,1690.0,1765.0,1670.0,1740.0,21293489.02767992,36738345909.93725
2023-02-20 09:00:00,1740.0,1870.0,1725.0,1790.0,35660701.02194827,64279587068.66044
2023-02-21 09:00:00,1785.0,1865.0,1675.0,1710.0,27092384.38806977,47846203830.920135
2023-02-22 09:00:00,1710.0,1735.0,1535.0,1675.0,26175943.4539521,42615454731.61823
2023-02-23 09:00:00,1670.0,1705.0,1605.0,1645.0,13481117.45667261,22267820169.485588
2023-02-24 09:00:00,1645.0,1645.0,1545.0,1575.0,17440495.41888819,27735303239.51626
2023-02-25 09:00:00,1575.0,1695.0,1555.0,1625.0,33465624.59937828,54331374383.558
2023-02-26 09:00:00,1625.0,1635.0,1580.0,1625.0,7800968.41167542,12520652646.658064
2023-02-27 09:00:00,1625.0,1650.0,1580.0,1615.0,10692182.11659077,17244258815.872135
2023-02-28 09:00:00,1620.0,1620.0,1590.0,1600.0,2293005.89686992,3673363850.238775
