2020-06-04 09:00:00,240.0,248.0,236.0,240.0,3229754.97979816,780916821.2789816
2020-06-05 09:00:00,240.0,249.0,232.0,243.0,3357596.63070916,802958169.576901
2020-06-06 09:00:00,243.0,249.0,238.0,244.0,1867898.7836137,455547172.22842586
2020-06-07 09:00:00,243.0,244.0,231.0,237.0,1892912.81495714,447443314.7218981
2020-06-08 09:00:00,237.0,247.0,232.0,245.0,2572868.82886859,617248242.650853
2020-06-09 09:00:00,245.0,255.0,240.0,242.0,4990509.50694505,1237784206.280074
2020-06-10 09:00:00,241.0,252.0,235.0,246.0,4929941.15294943,1196097076.8581479
2020-06-11 09:00:00,247.0,253.0,220.0,222.0,6118940.9832159,1476518483.780743
2020-06-12 09:00:00,222.0,246.0,211.0,232.0,8680585.62837746,1981038153.5183976
2020-06-13 09:00:00,232.0,238.0,227.0,230.0,3583784.07230854,829720988.8786215
2020-06-14 09:00:00,230.0,230.0,215.0,219.0,1809924.7208746,404062557.27415913
2020-06-15 09:00:00,218.0,219.0,192.0,215.0,4151287.87321196,852901597.0622883
2020-06-16 09:00:00,214.0,223.0,204.0,216.0,2492900.91128618,538745993.5648906
2020-06-17 09:00:00,217.0,217.0,205.0,210.0,2998657.01352904,638271574.3384118
2020-06-18 09:00:00,211.0,222.0,206.0,215.0,9985028.74846962,2142418395.756066
2020-06-19 09:00:00,215.0,218.0,206.0,210.0,2196113.27294767,466203869.26827216
2020-06-20 09:00:00,210.0,211.0,202.0,207.0,1439792.39940602,297933009.5062293
2020-06-21 09:00:00,207.0,212.0,204.0,206.0,1798327.630104,372133231.1510801
2020-06-22 09:00:00,206.0,213.0,205.0,212.0,2021748.39963108,423010062.2065112
2020-06-23 09:00:00,212.0,227.0,208.0,217.0,3035199.61384754,661722779.4267725
2020-06-24 09:00:00,217.0,224.0,205.0,211.0,2267176.53720933,486651221.2897224
2020-06-25 09:00:00,211.0,212.0,199.0,205.0,1999294.91862767,405698672.3912991
2020-06-26 09:00:00,204.0,208.0,191.0,193.0,1943410.64070532,384968714.55140567
2020-06-27 09:00:00,193.0,193.0,178.0,185.0,1943327.90627391,362598560.65876967
2020-06-28 09:00:00,185.0,193.0,177.0,189.0,1293207.35531097,239760325.75777048
2020-06-29 09:00:00,188.0,210.0,181.0,206.0,1314491.98166755,258145328.48497993
2020-06-30 09:00:00,206.0,214.0,200.0,202.0,1581042.03579405,330359385.5629692
2020-07-01 09:00:00,200.0,207.0,195.0,206.0,1162086.23390669,232151957.93611044
2020-07-02 09:00:00,207.0,209.0,193.0,200.0,1025765.14834798,207820212.2571117
2020-07-03 09:00:00,199.0,209.0,196.0,205.0,1610377.81691173,325670501.5657602
2020-07-04 09:00:00,205.0,222.0,204.0,217.0,2672783.42390802,570805149.7508157
2020-07-05 09:00:00,216.0,225.0,202.0,207.0,2488035.31643068,526038035.5982205
2020-07-06 09:00:00,207.0,214.0,205.0,211.0,1548388.57756368,325721151.98355454
2020-07-07 09:00:00,212.0,212.0,206.0,209.0,1032009.85669504,215146765.58371302
2020-07-08 09:00:00,210.0,220.0,209.0,218.0,1962072.91340171,422616725.93518037
2020-07-09 09:00:00,219.0,230.0,208.0,219.0,3162083.71114775,696039777.2162614
2020-07-10 09:00:00,219.0,220.0,202.0,211.0,2732148.62910084,572616298.3909992
2020-07-11 09:00:00,210.0,216.0,208.0,216.0,1230319.85185267,260716910.6250587
2020-07-12 09:00:00,216.0,216.0,205.0,210.0,1052649.22396436,222229004.84285873
2020-07-13 09:00:00,210.0,228.0,207.0,214.0,3088632.5023156,667894389.5274413
2020-07-14 09:00:00,215.0,238.0,211.0,221.0,8296484.13303235,1874532189.3719625
2020-07-15 09:00:00,221.0,229.0,217.0,220.0,1707855.92814044,381906838.706576
2020-07-16 09:00:00,222.0,238.0,204.0,230.0,4140878.99937834,908547006.0192412
2020-07-17 09:00:00,230.0,258.0,228.0,241.0,9342170.43192133,2277846229.749643
2020-07-18 09:00:00,241.0,260.0,235.0,247.0,5623478.95836592,1394479357.3645837
2020-07-19 09:00:00,248.0,252.0,235.0,246.0,3440583.28866378,835115674.9300389
2020-07-20 09:00:00,246.0,247.0,231.0,232.0,2649791.48001109,629021099.5965939
2020-07-21 09:00:00,232.0,234.0,222.0,229.0,2437521.17585326,555384790.1740001
2020-07-22 09:00:00,230.0,236.0,225.0,226.0,2179870.02103896,500017136.4724278
2020-07-23 09:00:00,226.0,228.0,218.0,220.0,2359745.54623103,527468267.75688404
2020-07-24 09:00:00,220.0,224.0,217.0,220.0,1058523.03558281,233200516.92670378
2020-07-25 09:00:00,222.0,230.0,219.0,223.0,1754887.77164848,393725141.2860632
2020-07-26 09:00:00,223.0,224.0,209.0,212.0,2368876.78693189,511738262.5220175
2020-07-27 09:00:00,211.0,215.0,190.0,198.0,4606885.99373915,925159771.62948
2020-07-28 09:00:00,198.0,209.0,194.0,204.0,2647829.45504592,534008991.71819955
2020-07-29 09:00:00,204.0,217.0,203.0,208.0,3058486.30271397,645656807.8286946
2020-07-30 09:00:00,208.0,214.0,206.0,210.0,1598459.78702147,334193251.6759557
2020-07-31 09:00:00,211.0,216.0,204.0,208.0,2357849.19558641,493748824.56283665
2020-08-01 09:00:00,207.0,212.0,204.0,209.0,2491829.88515808,517218993.5408014
2020-08-02 09:00:00,209.0,214.0,197.0,206.0,3234496.25418871,666994316.5337933
2020-08-03 09:00:00,206.0,214.0,206.0,210.0,2346411.6087484,495336582.5491179
2020-08-04 09:00:00,211.0,225.0,211.0,223.0,3158284.22772115,691549856.7587708
2020-08-05 09:00:00,223.0,235.0,221.0,223.0,3701766.29488831,838409680.3678952
2020-08-06 09:00:00,223.0,230.0,219.0,227.0,1676267.02616522,377214639.8313183
2020-08-07 09:00:00,228.0,250.0,226.0,246.0,5202402.47376795,1252701444.3343046
2020-08-08 09:00:00,248.0,261.0,244.0,251.0,3579086.97375457,905799031.6863878
2020-08-09 09:00:00,250.0,285.0,242.0,262.0,8801543.66074183,2341198042.9124203
2020-08-10 09:00:00,262.0,267.0,245.0,265.0,4350031.59777836,1115577127.6792617
2020-08-11 09:00:00,264.0,264.0,234.0,242.0,5594868.17995906,1370405378.1500726
2020-08-12 09:00:00,243.0,249.0,233.0,246.0,2416843.49308233,582204889.7410263
2020-08-13 09:00:00,246.0,262.0,237.0,248.0,3382980.92862484,843925173.1223998
2020-08-14 09:00:00,248.0,256.0,240.0,246.0,2785861.30066654,692025205.3370639
2020-08-15 09:00:00,246.0,247.0,239.0,240.0,1544765.17320719,373533472.9983731
2020-08-16 09:00:00,241.0,251.0,238.0,250.0,2050985.96201653,500490377.91162515
2020-08-17 09:00:00,250.0,250.0,235.0,240.0,3498105.15540127,847000719.3521031
2020-08-18 09:00:00,240.0,248.0,234.0,244.0,3146178.00322874,757829283.4209038
2020-08-19 09:00:00,244.0,247.0,230.0,233.0,2221249.29124685,525018400.90917355
2020-08-20 09:00:00,233.0,250.0,229.0,246.0,2575092.90387399,609635759.100223
2020-08-21 09:00:00,245.0,280.0,242.0,252.0,12339764.45443102,3213732468.2253714
2020-08-22 09:00:00,252.0,271.0,233.0,267.0,6574593.95396001,1682001676.647242
2020-08-23 09:00:00,267.0,269.0,253.0,262.0,3306424.96023548,855201197.7125639
2020-08-24 09:00:00,262.0,308.0,256.0,289.0,10163160.87484895,2890969040.712144
2020-08-25 09:00:00,289.0,290.0,256.0,268.0,7203736.58101732,1959038250.7944808
2020-08-26 09:00:00,270.0,280.0,262.0,268.0,4266151.46612413,1151662664.8093364
2020-08-27 09:00:00,269.0,270.0,239.0,250.0,5126871.0356113,1296030958.1977415
2020-08-28 09:00:00,249.0,264.0,244.0,262.0,1982379.74909429,506265150.7669527
2020-08-29 09:00:00,261.0,261.0,248.0,251.0,4306703.76692564,1084594930.3442686
2020-08-30 09:00:00,251.0,266.0,249.0,256.0,3144144.17683246,801332296.4950033
2020-08-31 09:00:00,255.0,263.0,253.0,253.0,2530706.15323914,650530480.9866724
2020-09-01 09:00:00,253.0,254.0,243.0,247.0,2951705.39156968,730885328.0608336
2020-09-02 09:00:00,246.0,248.0,235.0,241.0,3290249.70320802,790783908.6548654
2020-09-03 09:00:00,242.0,246.0,198.0,209.0,4191249.66534939,942139316.5182288
2020-09-04 09:00:00,208.0,217.0,191.0,207.0,4187989.27345613,853177443.9418343
2020-09-05 09:00:00,206.0,212.0,176.0,187.0,2809733.71829799,551134964.7745582
2020-09-06 09:00:00,185.0,195.0,173.0,191.0,1884487.65843711,346570508.5069503
2020-09-07 09:00:00,193.0,195.0,166.0,179.0,3617062.83020044,645362137.5683976
2020-09-08 09:00:00,179.0,187.0,169.0,184.0,3072380.3414697,545789218.9402759
2020-09-09 09:00:00,184.0,206.0,180.0,198.0,3534197.55374518,682010500.7346224
2020-09-10 09:00:00,196.0,218.0,194.0,210.0,3101876.03967164,636406207.826027
2020-09-11 09:00:00,211.0,213.0,199.0,204.0,1248085.99001284,254557963.3196174
2020-09-12 09:00:00,205.0,206.0,199.0,206.0,911617.50423918,184106169.8998522
2020-09-13 09:00:00,206.0,206.0,189.0,194.0,1708736.69611154,338070899.1636108
2020-09-14 09:00:00,193.0,199.0,189.0,198.0,749477.09519692,144768154.46600926
2020-09-15 09:00:00,199.0,205.0,188.0,189.0,1315745.37438439,257589286.65579504
2020-09-16 09:00:00,189.0,189.0,179.0,186.0,716775.0511315,132026920.17810683
2020-09-17 09:00:00,185.0,192.0,182.0,189.0,910806.532834,169656073.94770673
2020-09-18 09:00:00,189.0,199.0,185.0,194.0,1544075.42625942,297394112.73959875
2020-09-19 09:00:00,194.0,202.0,189.0,198.0,707964.05930534,138756079.5036826
2020-09-20 09:00:00,198.0,198.0,183.0,188.0,662055.72187079,125434668.35816422
2020-09-21 09:00:00,189.0,194.0,166.0,170.0,1660388.87347886,294260496.9608466
2020-09-22 09:00:00,170.0,183.0,164.0,182.0,1089276.73686513,187916009.59615403
2020-09-23 09:00:00,182.0,192.0,165.0,168.0,1444229.24616061,261564781.0933631
2020-09-24 09:00:00,168.0,188.0,166.0,182.0,908342.0660184,159039104.4358957
2020-09-25 09:00:00,182.0,185.0,172.0,180.0,1309885.31781085,232243474.66646156
2020-09-26 09:00:00,180.0,190.0,180.0,190.0,598498.11063982,109799632.66406453
2020-09-27 09:00:00,189.0,211.0,181.0,197.0,7648819.46186822,1533591565.252038
2020-09-28 09:00:00,197.0,207.0,191.0,196.0,2532441.48964949,501735153.70481974
2020-09-29 09:00:00,196.0,211.0,183.0,186.0,6022644.69873848,1152623709.0136354
2020-09-30 09:00:00,186.0,190.0,182.0,186.0,3297084.16914172,616205218.8012816
2020-10-01 09:00:00,187.0,194.0,175.0,181.0,2592531.19829012,473902097.85125875
2020-10-02 09:00:00,180.0,182.0,169.0,179.0,2002586.72923758,349971360.36127156
2020-10-03 09:00:00,179.0,181.0,174.0,176.0,390376.89202095,69144476.63155206
2020-10-04 09:00:00,176.0,181.0,171.0,179.0,995693.42075989,174239390.5835077
2020-10-05 09:00:00,179.0,181.0,173.0,181.0,1470425.92194682,260127777.98682362
2020-10-06 09:00:00,181.0,181.0,167.0,169.0,1544856.24302694,265463159.90753588
2020-10-07 09:00:00,169.0,174.0,163.0,172.0,1112161.89229308,186632972.43493575
2020-10-08 09:00:00,172.0,176.0,165.0,174.0,2047552.89234198,347970787.3401344
2020-10-09 09:00:00,175.0,180.0,169.0,177.0,2683972.66382746,468820783.829185
2020-10-10 09:00:00,177.0,187.0,175.0,182.0,3670125.87202897,659100454.7145987
2020-10-11 09:00:00,182.0,189.0,177.0,181.0,2284477.7331321,415858960.9908583
2020-10-12 09:00:00,180.0,197.0,180.0,190.0,4990378.96448838,951790716.6949457
2020-10-13 09:00:00,190.0,191.0,182.0,184.0,912136.34049924,170351414.54566133
2020-10-14 09:00:00,184.0,187.0,174.0,178.0,1112315.93550541,199007267.7202722
2020-10-15 09:00:00,178.0,179.0,171.0,177.0,696881.42387472,122146051.40448508
2020-10-16 09:00:00,175.0,177.0,167.0,168.0,1531104.18463084,260833700.87947977
2020-10-17 09:00:00,169.0,178.0,166.0,171.0,1103313.96225831,189117915.8024591
2020-10-18 09:00:00,171.0,174.0,168.0,173.0,490790.03504558,83528410.96485181
2020-10-19 09:00:00,173.0,173.0,168.0,171.0,1031019.64741619,175497657.73330274
2020-10-20 09:00:00,171.0,171.0,157.0,161.0,1785294.76533987,292697424.058623
2020-10-21 09:00:00,160.0,168.0,160.0,162.0,1011647.05938583,165337891.0848457
2020-10-22 09:00:00,163.0,173.0,162.0,169.0,1317531.25394166,220867419.7438373
2020-10-23 09:00:00,169.0,172.0,165.0,166.0,1268325.55432003,213982906.73419908
2020-10-24 09:00:00,166.0,170.0,164.0,166.0,1064825.96140805,177036975.07610765
2020-10-25 09:00:00,165.0,167.0,161.0,162.0,989064.92431075,162108332.5624275
2020-10-26 09:00:00,164.0,164.0,151.0,157.0,2130453.79132603,337162302.9721998
2020-10-27 09:00:00,157.0,159.0,153.0,155.0,1332776.93344264,207158733.43064138
2020-10-28 09:00:00,155.0,158.0,149.0,154.0,831608.47789578,127356632.84939013
2020-10-29 09:00:00,153.0,155.0,148.0,151.0,823708.63918127,124851490.16734762
2020-10-30 09:00:00,150.0,151.0,141.0,143.0,1649787.11736255,239460142.99695796
2020-10-31 09:00:00,144.0,148.0,143.0,145.0,757689.64472292,110105877.4579538
2020-11-01 09:00:00,145.0,146.0,141.0,145.0,710073.21141012,101601750.16812131
2020-11-02 09:00:00,145.0,147.0,138.0,139.0,1186141.33410021,167599085.41332555
2020-11-03 09:00:00,138.0,139.0,131.0,135.0,2036082.1416496,272172169.2358882
2020-11-04 09:00:00,136.0,136.0,127.0,134.0,1561798.35281772,204171314.82517046
2020-11-05 09:00:00,134.0,141.0,133.0,139.0,1145752.66517688,156801782.50429374
2020-11-06 09:00:00,139.0,154.0,136.0,153.0,2630437.63516125,386204121.75180256
2020-11-07 09:00:00,155.0,160.0,140.0,145.0,2532287.99256959,383682964.0172147
2020-11-08 09:00:00,145.0,156.0,142.0,152.0,1141436.67121222,168964318.26636994
2020-11-09 09:00:00,152.0,154.0,144.0,150.0,882283.72263261,130235218.53631048
2020-11-10 09:00:00,150.0,159.0,147.0,155.0,2395269.71666036,368775508.19306374
2020-11-11 09:00:00,156.0,161.0,152.0,154.0,2921523.16968334,456304541.7771588
2020-11-12 09:00:00,154.0,158.0,146.0,149.0,1934139.01203558,295169739.46981883
2020-11-13 09:00:00,149.0,159.0,148.0,158.0,2072440.23806764,317396314.1071922
2020-11-14 09:00:00,159.0,159.0,150.0,157.0,1381995.61758235,213506617.50296798
2020-11-15 09:00:00,157.0,166.0,154.0,161.0,5953215.15815518,958260185.7138699
2020-11-16 09:00:00,160.0,166.0,155.0,160.0,2222845.07969363,355575783.0309163
2020-11-17 09:00:00,160.0,162.0,156.0,160.0,1815646.778916,288870207.17209333
2020-11-18 09:00:00,160.0,161.0,148.0,154.0,4265212.11202382,651137480.3546832
2020-11-19 09:00:00,153.0,156.0,149.0,151.0,2873851.82598046,438193265.16018003
2020-11-20 09:00:00,151.0,156.0,147.0,155.0,2110179.370863,320738363.599279
2020-11-21 09:00:00,154.0,165.0,153.0,163.0,4636505.48209479,737980407.6441348
2020-11-22 09:00:00,163.0,170.0,152.0,159.0,6408430.48365334,1019764687.9950982
2020-11-23 09:00:00,160.0,172.0,155.0,170.0,4646422.41445294,768860160.2154746
2020-11-24 09:00:00,170.0,181.0,162.0,174.0,8221791.53969466,1417403747.8261483
2020-11-25 09:00:00,175.0,195.0,170.0,180.0,11028184.92598078,1989331359.3795302
2020-11-26 09:00:00,181.0,190.0,151.0,159.0,8889290.12335267,1493628141.1131697
2020-11-27 09:00:00,160.0,163.0,148.0,158.0,3409850.69058257,528533953.0172631
2020-11-28 09:00:00,158.0,167.0,156.0,160.0,2421740.97348403,387932144.0946337
2020-11-29 09:00:00,159.0,160.0,156.0,159.0,2968751.60074472,469134411.6067409
2020-11-30 09:00:00,159.0,162.0,152.0,161.0,7554222.93550361,1189285100.7991252
2020-12-01 09:00:00,161.0,169.0,153.0,162.0,11744215.03381534,1901149479.4803357
2020-12-02 09:00:00,163.0,180.0,160.0,178.0,10373224.19662982,1727484799.4045782
2020-12-03 09:00:00,178.0,180.0,168.0,171.0,6372326.74384843,1098617923.5500088
2020-12-04 09:00:00,172.0,176.0,158.0,162.0,6267431.94436631,1036775577.6630528
2020-12-05 09:00:00,162.0,171.0,158.0,166.0,2942738.60189771,484929489.887121
2020-12-06 09:00:00,166.0,166.0,161.0,165.0,2723516.63626276,446329077.3291391
2020-12-07 09:00:00,166.0,169.0,163.0,166.0,3514972.17503493,583085894.9290481
2020-12-08 09:00:00,165.0,178.0,152.0,153.0,10860257.42001788,1792101229.3336623
2020-12-09 09:00:00,153.0,155.0,142.0,154.0,4957901.36608689,744795637.9416437
2020-12-10 09:00:00,155.0,158.0,150.0,155.0,2166403.19092993,332958051.6881923
2020-12-11 09:00:00,156.0,157.0,148.0,152.0,1876353.25571045,284923132.88187534
2020-12-12 09:00:00,151.0,159.0,151.0,157.0,1075992.66869428,168787442.251516
2020-12-13 09:00:00,158.0,160.0,154.0,156.0,1951353.59720125,305234414.6128952
2020-12-14 09:00:00,156.0,170.0,153.0,164.0,11797710.17694633,1919411680.5916433
2020-12-15 09:00:00,164.0,173.0,160.0,169.0,6421907.68245736,1073099751.3904561
2020-12-16 09:00:00,169.0,171.0,163.0,166.0,4157868.6063295,691074309.4568349
2020-12-17 09:00:00,166.0,175.0,164.0,166.0,6271563.42465882,1066574882.4696416
2020-12-18 09:00:00,165.0,180.0,163.0,174.0,6794895.45154699,1179205348.3444977
2020-12-19 09:00:00,175.0,183.0,172.0,174.0,6124964.64166023,1084474244.5747762
2020-12-20 09:00:00,174.0,175.0,166.0,169.0,5857468.42382346,1003410161.7824159
2020-12-21 09:00:00,169.0,175.0,156.0,162.0,9082915.52738488,1506647003.4291914
2020-12-22 09:00:00,162.0,164.0,152.0,163.0,3479483.13987455,553924774.5247812
2020-12-23 09:00:00,163.0,164.0,129.0,139.0,6263219.96147486,932236867.2260486
2020-12-24 09:00:00,139.0,161.0,136.0,160.0,6097411.36832752,894845238.522248
2020-12-25 09:00:00,160.0,162.0,152.0,154.0,2919233.4035979,458793567.50923383
2020-12-26 09:00:00,154.0,156.0,148.0,156.0,2520951.84268641,383450436.4474998
2020-12-27 09:00:00,156.0,163.0,147.0,153.0,9417814.96321365,1467604990.1946428
2020-12-28 09:00:00,154.0,161.0,150.0,156.0,3094864.6708461,482078673.7942981
2020-12-29 09:00:00,155.0,158.0,146.0,148.0,2605424.0048849,392818325.89984494
2020-12-30 09:00:00,148.0,156.0,143.0,144.0,4765340.15946038,708767694.2446381
2020-12-31 09:00:00,144.0,144.0,139.0,144.0,3277458.44927402,462735707.72607535
2021-01-01 09:00:00,145.0,153.0,142.0,150.0,3157383.88215876,467483542.01571447
2021-01-02 09:00:00,150.0,150.0,142.0,147.0,3898160.22614372,569318989.4455762
2021-01-03 09:00:00,146.0,154.0,144.0,153.0,8543460.01071319,1275024160.9513958
2021-01-04 09:00:00,153.0,168.0,144.0,160.0,12991166.39950169,2059479820.1759388
2021-01-05 09:00:00,162.0,167.0,152.0,164.0,5095846.67330195,813005589.863868
2021-01-06 09:00:00,164.0,179.0,161.0,178.0,8485961.54899697,1449457116.1763716
2021-01-07 09:00:00,178.0,212.0,175.0,186.0,18639696.92556136,3610374001.037103
2021-01-08 09:00:00,186.0,316.0,185.0,249.0,520872714.6680377,140000595672.79272
2021-01-09 09:00:00,249.0,251.0,220.0,233.0,41217097.75955376,9470995156.44465
2021-01-10 09:00:00,233.0,242.0,188.0,212.0,14800411.25990961,3276006996.0256248
2021-01-11 09:00:00,211.0,212.0,161.0,186.0,9802668.31570835,1784763695.3928285
2021-01-12 09:00:00,186.0,210.0,175.0,190.0,20297597.80162808,3867568687.648365
2021-01-13 09:00:00,190.0,202.0,178.0,200.0,6487261.70609782,1224495656.356524
2021-01-14 09:00:00,199.0,208.0,189.0,201.0,8790882.68310179,1741906149.43244
2021-01-15 09:00:00,200.0,215.0,190.0,211.0,12244483.77518868,2507736856.781885
2021-01-16 09:00:00,211.0,227.0,207.0,216.0,8887038.15824781,1917428081.615824
2021-01-17 09:00:00,218.0,445.0,216.0,253.0,324945926.1391608,95841801613.50493
2021-01-18 09:00:00,255.0,335.0,247.0,269.0,140580857.3659413,39689195339.322784
2021-01-19 09:00:00,270.0,545.0,258.0,404.0,671334370.3953879,261528494700.49786
2021-01-20 09:00:00,401.0,525.0,385.0,469.0,531931411.8067349,251354976258.7082
2021-01-21 09:00:00,469.0,493.0,367.0,371.0,94833535.84343326,40750029738.83187
2021-01-22 09:00:00,371.0,460.0,312.0,420.0,195585138.0731308,81014950173.60632
2021-01-23 09:00:00,421.0,510.0,410.0,477.0,229135714.06659046,107526933360.01443
2021-01-24 09:00:00,476.0,477.0,436.0,463.0,53004429.90778371,24133058796.304996
2021-01-25 09:00:00,463.0,553.0,444.0,534.0,85183754.28712872,41493695804.48694
2021-01-26 09:00:00,532.0,552.0,435.0,486.0,165210981.69988394,80696567519.68855
2021-01-27 09:00:00,486.0,487.0,402.0,412.0,78107826.84517331,33998921444.045475
2021-01-28 09:00:00,411.0,435.0,384.0,413.0,71984235.63829122,29709581565.408638
2021-01-29 09:00:00,414.0,414.0,380.0,394.0,43456294.94027057,17174495538.582342
2021-01-30 09:00:00,394.0,397.0,353.0,363.0,23959283.40123623,8972092750.234653
2021-01-31 09:00:00,363.0,404.0,358.0,376.0,58166460.93199195,22306617315.538284
2021-02-01 09:00:00,376.0,382.0,341.0,373.0,38241883.51702054,13787367686.838211
2021-02-02 09:00:00,373.0,449.0,364.0,390.0,88579851.77272895,35424255999.96099
2021-02-03 09:00:00,390.0,402.0,381.0,393.0,37110698.6850391,14509513854.047565
2021-02-04 09:00:00,393.0,410.0,350.0,395.0,39199327.51547884,15213549207.13175
2021-02-05 09:00:00,395.0,442.0,388.0,432.0,44448506.96301109,18544742314.509945
2021-02-06 09:00:00,432.0,439.0,381.0,417.0,26995075.20960116,11109954721.583466
2021-02-07 09:00:00,417.0,437.0,391.0,413.0,22487547.88240006,9373395818.544296
2021-02-08 09:00:00,413.0,435.0,405.0,421.0,26533233.71188231,11194941822.266436
2021-02-09 09:00:00,421.0,459.0,412.0,440.0,23174766.93416605,10014398539.17682
2021-02-10 09:00:00,439.0,479.0,419.0,462.0,31793454.29335421,14457720700.886381
2021-02-11 09:00:00,462.0,746.0,452.0,645.0,363345748.6502591,228038174650.5212
2021-02-12 09:00:00,645.0,714.0,608.0,657.0,140420768.8097378,91563221437.31976
2021-02-13 09:00:00,657.0,684.0,585.0,639.0,63173031.04494596,41002555874.38798
2021-02-14 09:00:00,639.0,671.0,568.0,600.0,47476887.52341845,29821207109.27878
2021-02-15 09:00:00,600.0,616.0,493.0,574.0,28656667.04678686,16184877005.465572
2021-02-16 09:00:00,575.0,643.0,559.0,605.0,31074043.87935498,18958723263.89631
2021-02-17 09:00:00,604.0,627.0,564.0,606.0,23015932.95909786,13645216525.039932
2021-02-18 09:00:00,605.0,661.0,596.0,660.0,28880662.51267306,18100518591.81857
2021-02-19 09:00:00,661.0,685.0,615.0,684.0,18990523.70685809,12314401059.394495
2021-02-20 09:00:00,684.0,686.0,621.0,635.0,20889300.64392043,13837287395.141176
2021-02-21 09:00:00,635.0,683.0,621.0,654.0,18696731.54119322,12154183270.775705
2021-02-22 09:00:00,651.0,806.0,528.0,621.0,103206809.2491731,70337575702.047
2021-02-23 09:00:00,621.0,624.0,386.0,509.0,27612706.84488997,13949668710.824423
2021-02-24 09:00:00,509.0,568.0,465.0,559.0,13900822.74839794,7364726829.778325
2021-02-25 09:00:00,558.0,829.0,557.0,620.0,174826227.46991414,120461039220.79695
2021-02-26 09:00:00,622.0,749.0,602.0,671.0,63758498.16082696,42935922050.40461
2021-02-27 09:00:00,674.0,765.0,647.0,662.0,37318466.70512899,26284912368.576965
2021-02-28 09:00:00,662.0,673.0,547.0,664.0,15825416.6452642,9775964320.586164
2021-03-01 09:00:00,664.0,888.0,641.0,793.0,119010560.1418361,92401478983.25963
2021-03-02 09:00:00,790.0,1015.0,739.0,911.0,274213555.45002687,252603119089.96155
2021-03-03 09:00:00,910.0,2305.0,892.0,1350.0,335513946.4912438,430235118772.8922
2021-03-04 09:00:00,1355.0,1770.0,1235.0,1515.0,261834206.64287487,401262856518.9288
2021-03-05 09:00:00,1515.0,1620.0,1340.0,1395.0,78660515.27373017,115039232520.3588
2021-03-06 09:00:00,1395.0,1470.0,1260.0,1330.0,34785455.5482042,47082708760.996185
2021-03-07 09:00:00,1330.0,1645.0,1295.0,1605.0,82414160.75267066,122652449869.4209
2021-03-08 09:00:00,1605.0,2145.0,1570.0,1980.0,222051570.62089545,419713877113.1521
2021-03-09 09:00:00,1985.0,2260.0,1880.0,1965.0,105140844.95786142,217223483303.24417
2021-03-10 09:00:00,1960.0,2020.0,1740.0,1905.0,38672449.86744576,73568328195.96289
2021-03-11 09:00:00,1910.0,2205.0,1865.0,2060.0,57776154.0489347,116577875950.31659
2021-03-12 09:00:00,2060.0,2570.0,2055.0,2405.0,92289438.28634197,217126707385.83926
2021-03-13 09:00:00,2410.0,2590.0,2170.0,2340.0,44221149.17273886,105554668802.91026
2021-03-14 09:00:00,2355.0,3040.0,2240.0,2715.0,61887739.77867087,162157437076.67386
2021-03-15 09:00:00,2710.0,3585.0,2705.0,3100.0,72640943.46425775,229788321966.78958
2021-03-16 09:00:00,3100.0,3375.0,2720.0,2970.0,28804893.59194965,87375017481.0038
2021-03-17 09:00:00,2970.0,3130.0,2450.0,2865.0,22659615.76048262,63999268633.997345
2021-03-18 09:00:00,2870.0,3245.0,2825.0,3080.0,24426373.44248956,74292620799.77116
2021-03-19 09:00:00,3095.0,3105.0,2880.0,2910.0,15614533.64618622,46716215921.63966
2021-03-20 09:00:00,2910.0,2935.0,2550.0,2565.0,16227549.0415039,45828712934.00656
2021-03-21 09:00:00,2565.0,2905.0,2505.0,2850.0,12877113.54794037,34604888713.9629
2021-03-22 09:00:00,2845.0,2855.0,2510.0,2585.0,9475104.03214271,25459574585.4655
2021-03-23 09:00:00,2585.0,2650.0,2330.0,2480.0,10247516.01258115,25642776571.29037
2021-03-24 09:00:00,2480.0,3505.0,2415.0,2660.0,102597637.75689867,302538476814.82697
2021-03-25 09:00:00,2660.0,2735.0,2455.0,2590.0,17847516.68910049,46543315872.84277
2021-03-26 09:00:00,2590.0,2850.0,2585.0,2785.0,16221950.38301439,44448919994.66262
2021-03-27 09:00:00,2785.0,2830.0,2675.0,2750.0,9844709.91990099,27134359358.908314
2021-03-28 09:00:00,2750.0,3160.0,2710.0,3035.0,22150449.86206633,65172571201.22964
2021-03-29 09:00:00,3030.0,3090.0,2860.0,2970.0,12015892.6600745,35509492386.68732
2021-03-30 09:00:00,2975.0,3015.0,2900.0,3010.0,14774176.83921975,43405302776.81722
2021-03-31 09:00:00,3010.0,3185.0,2830.0,3105.0,27368402.13555015,82656240389.79997
2021-04-01 09:00:00,3105.0,3205.0,2975.0,3095.0,16646426.38572412,51461359172.94158
2021-04-02 09:00:00,3095.0,3240.0,2970.0,3240.0,20246296.1255539,62268672400.65147
2021-04-03 09:00:00,3240.0,3240.0,2840.0,2935.0,18471161.59674896,57023809308.383514
2021-04-04 09:00:00,2935.0,3125.0,2850.0,3055.0,13888044.46086576,41901900632.42809
2021-04-05 09:00:00,3060.0,3570.0,2950.0,3285.0,44110643.40639262,143247970369.08295
2021-04-06 09:00:00,3285.0,3290.0,2970.0,3115.0,18632988.39124299,59030160196.631035
2021-04-07 09:00:00,3115.0,3970.0,2195.0,3765.0,124680894.07640804,426581178693.17004
2021-04-08 09:00:00,3760.0,4740.0,3200.0,4225.0,253648377.5899354,1007029133831.8428
2021-04-09 09:00:00,4230.0,5460.0,3960.0,4490.0,289455253.3652953,1349890838214.7888
2021-04-10 09:00:00,4490.0,4750.0,4080.0,4240.0,84449088.28431457,369008122369.315
2021-04-11 09:00:00,4235.0,4300.0,3710.0,4100.0,28685824.11761906,116268932370.10294
2021-04-12 09:00:00,4100.0,4170.0,3810.0,3905.0,16980941.78286505,67306279576.51052
2021-04-13 09:00:00,3905.0,4200.0,3825.0,3915.0,21044545.26869711,83595241335.67177
2021-04-14 09:00:00,3915.0,3940.0,3535.0,3705.0,15998271.35441166,60095901600.150986
2021-04-15 09:00:00,3705.0,4085.0,3630.0,4000.0,12151137.83165802,46882298292.25364
2021-04-16 09:00:00,4000.0,4050.0,3635.0,3915.0,15029669.69698531,58074740926.717224
2021-04-17 09:00:00,3920.0,4050.0,3755.0,3835.0,10066814.44943227,39065042773.625404
2021-04-18 09:00:00,3845.0,3890.0,3050.0,3620.0,13519502.15450154,46695382451.94282
2021-04-19 09:00:00,3620.0,3700.0,3060.0,3090.0,9007861.87694278,30486113207.35596
2021-04-20 09:00:00,3090.0,3355.0,2630.0,3200.0,23189487.43383036,71266860664.14017
2021-04-21 09:00:00,3215.0,3495.0,3105.0,3140.0,9794720.90410082,32658196257.198
2021-04-22 09:00:00,3145.0,3220.0,2435.0,2555.0,8515000.49622206,24655737716.141212
2021-04-23 09:00:00,2560.0,2800.0,1855.0,2670.0,13506946.68933805,32042145094.671955
2021-04-24 09:00:00,2675.0,2705.0,2405.0,2455.0,4218941.27227464,10712195090.95045
2021-04-25 09:00:00,2455.0,2695.0,2325.0,2480.0,5661060.07466469,14414952927.160454
2021-04-26 09:00:00,2485.0,3035.0,2410.0,3015.0,10491435.49028103,29105251427.04559
2021-04-27 09:00:00,3015.0,3145.0,2875.0,3080.0,8522848.61096524,25782561875.448467
2021-04-28 09:00:00,3070.0,3255.0,2730.0,3200.0,24580548.31095392,75879873099.94148
2021-04-29 09:00:00,3210.0,3360.0,2980.0,3145.0,10643827.9586746,33988400974.642666
2021-04-30 09:00:00,3145.0,3325.0,3060.0,3260.0,5945126.87432237,19012570831.60325
2021-05-01 09:00:00,3260.0,3345.0,3185.0,3240.0,4504387.69355684,14685395846.20241
2021-05-02 09:00:00,3240.0,3255.0,3100.0,3175.0,3709526.48471322,11794094384.420599
2021-05-03 09:00:00,3180.0,3320.0,3160.0,3215.0,5978244.20001454,19365964867.19366
2021-05-04 09:00:00,3215.0,3245.0,2860.0,2930.0,7725542.18963845,23645613198.276035
2021-05-05 09:00:00,2925.0,3220.0,2880.0,3100.0,7180014.86370583,21925477770.386143
2021-05-06 09:00:00,3100.0,3150.0,2935.0,3025.0,6418248.323708,19525255621.755585
2021-05-07 09:00:00,3025.0,3240.0,2885.0,2985.0,10117340.44073813,30916439747.63469
2021-05-08 09:00:00,2985.0,3090.0,2910.0,3010.0,5255413.67496222,15781909735.108181
2021-05-09 09:00:00,3010.0,3035.0,2920.0,2995.0,3973313.05543147,11842509948.735638
2021-05-10 09:00:00,2995.0,3035.0,2750.0,2790.0,6642572.34752635,19566304303.443985
2021-05-11 09:00:00,2790.0,2930.0,2695.0,2860.0,7547452.74945056,21176593520.901115
2021-05-12 09:00:00,2865.0,3310.0,2440.0,2480.0,28383825.71243365,85671488850.25345
2021-05-13 09:00:00,2485.0,2740.0,2330.0,2605.0,5877064.75440079,15271365617.321487
2021-05-14 09:00:00,2600.0,2680.0,2545.0,2625.0,3549410.76305695,9267575521.051737
2021-05-15 09:00:00,2625.0,2645.0,2390.0,2440.0,4481678.29173375,11422131564.632376
2021-05-16 09:00:00,2440.0,2640.0,2280.0,2450.0,4109076.19243591,10174299493.481005
2021-05-17 09:00:00,2445.0,2455.0,2060.0,2240.0,4487460.74223881,10099639116.410845
2021-05-18 09:00:00,2240.0,2510.0,2185.0,2350.0,9334109.58341259,22318470773.969055
2021-05-19 09:00:00,2360.0,2405.0,1110.0,1655.0,14262272.44763671,25527768272.98588
2021-05-20 09:00:00,1655.0,1950.0,1410.0,1885.0,9638325.67362396,16933457856.3265
2021-05-21 09:00:00,1885.0,2000.0,1455.0,1695.0,11244291.20025817,20079761053.10379
2021-05-22 09:00:00,1695.0,1695.0,1390.0,1510.0,10172205.69802791,15586788271.41229
2021-05-23 09:00:00,1510.0,1550.0,941.0,1155.0,12313095.57741585,15161606842.071064
2021-05-24 09:00:00,1155.0,1640.0,1070.0,1525.0,74372660.93676339,108521511832.41376
2021-05-25 09:00:00,1525.0,1615.0,1345.0,1525.0,9398158.42178796,13953230821.235956
2021-05-26 09:00:00,1525.0,2530.0,1465.0,2330.0,126339800.16043653,272451103395.34802
2021-05-27 09:00:00,2335.0,2650.0,1990.0,2085.0,61059987.2195383,140267057493.26852
2021-05-28 09:00:00,2095.0,2180.0,1650.0,1760.0,20532315.22879611,39165333951.201744
2021-05-29 09:00:00,1760.0,1805.0,1525.0,1675.0,9801165.96648805,16266490497.033426
2021-05-30 09:00:00,1675.0,2090.0,1500.0,1850.0,94327447.29058415,182973978020.85184
2021-05-31 09:00:00,1845.0,1990.0,1720.0,1905.0,31871264.79890545,60180501600.28563
2021-06-01 09:00:00,1905.0,2035.0,1830.0,1855.0,23069860.91470008,44580702011.82438
2021-06-02 09:00:00,1850.0,1915.0,1800.0,1845.0,9545728.57742381,17661559186.350243
2021-06-03 09:00:00,1845.0,1965.0,1795.0,1910.0,9913963.25334864,18654183107.473286
2021-06-04 09:00:00,1910.0,2040.0,1670.0,1750.0,19653239.88904958,36274159229.39993
2021-06-05 09:00:00,1760.0,1840.0,1670.0,1715.0,7342632.27537863,12888941980.181828
2021-06-06 09:00:00,1720.0,1780.0,1685.0,1725.0,6421237.4257143,11079600831.313868
2021-06-07 09:00:00,1725.0,1750.0,1535.0,1555.0,6076436.58979523,10146838780.531445
2021-06-08 09:00:00,1555.0,1595.0,1340.0,1535.0,7766147.94965301,11542338364.675531
2021-06-09 09:00:00,1545.0,1595.0,1420.0,1585.0,6977797.68948627,10577304086.336588
2021-06-10 09:00:00,1585.0,1605.0,1470.0,1515.0,6528791.50716708,10017842801.238113
2021-06-11 09:00:00,1510.0,1835.0,1450.0,1530.0,38848612.17273386,64746705396.20394
2021-06-12 09:00:00,1530.0,1590.0,1335.0,1440.0,11213295.43572092,16254974702.066442
2021-06-13 09:00:00,1445.0,1520.0,1385.0,1505.0,4852361.81278186,7049619590.5837755
2021-06-14 09:00:00,1500.0,1730.0,1450.0,1640.0,10261882.62088587,16292146383.869698
2021-06-15 09:00:00,1640.0,1710.0,1585.0,1625.0,6336172.46094385,10353761987.656307
2021-06-16 09:00:00,1625.0,1780.0,1555.0,1655.0,15398101.23486217,25818820450.076668
2021-06-17 09:00:00,1655.0,1745.0,1625.0,1655.0,11180605.01348252,18862331365.589565
2021-06-18 09:00:00,1650.0,1650.0,1465.0,1515.0,8114996.25562723,12658947752.076
2021-06-19 09:00:00,1515.0,1540.0,1455.0,1470.0,3518667.38319,5265223219.928182
2021-06-20 09:00:00,1465.0,1490.0,1350.0,1470.0,4914534.97111695,7043938542.698641
2021-06-21 09:00:00,1470.0,1485.0,1090.0,1115.0,8509297.87714698,11032037091.686
2021-06-22 09:00:00,1110.0,1190.0,903.0,1065.0,13494254.05407169,14411634603.72766
2021-06-23 09:00:00,1065.0,1255.0,1010.0,1220.0,10649317.35769745,12545783325.27509
2021-06-24 09:00:00,1215.0,1255.0,1135.0,1250.0,9703395.2208283,11720636396.42956
2021-06-25 09:00:00,1250.0,1285.0,1100.0,1120.0,10347504.64528848,12386574038.504498
2021-06-26 09:00:00,1110.0,1150.0,1045.0,1110.0,5490868.42620488,6019385413.758733
2021-06-27 09:00:00,1115.0,1160.0,1080.0,1160.0,4426490.59516756,4934886214.226218
2021-06-28 09:00:00,1160.0,1210.0,1120.0,1195.0,7632325.31130989,8923338601.403719
2021-06-29 09:00:00,1195.0,1315.0,1185.0,1265.0,13485941.41655233,16722490001.992794
2021-06-30 09:00:00,1270.0,1370.0,1205.0,1365.0,19203579.21171205,24542301348.46906
2021-07-01 09:00:00,1355.0,1450.0,1260.0,1340.0,22295251.54580184,30110084793.66939
2021-07-02 09:00:00,1345.0,1365.0,1240.0,1315.0,10336706.44712567,13233271805.138819
2021-07-03 09:00:00,1315.0,1380.0,1270.0,1340.0,6658090.92737832,8750441544.283651
2021-07-04 09:00:00,1340.0,1415.0,1310.0,1360.0,9088011.89956595,12478724067.935041
2021-07-05 09:00:00,1355.0,1370.0,1245.0,1300.0,11473698.78339963,14992020398.205198
2021-07-06 09:00:00,1300.0,1425.0,1290.0,1370.0,22135729.02034072,30346555995.503983
2021-07-07 09:00:00,1370.0,1665.0,1340.0,1645.0,61903888.53037743,95110431328.66222
2021-07-08 09:00:00,1645.0,1780.0,1385.0,1440.0,65556858.29161076,106078723692.27533
2021-07-09 09:00:00,1445.0,1550.0,1320.0,1525.0,17320808.9537195,24450551086.873478
2021-07-10 09:00:00,1525.0,1625.0,1470.0,1515.0,19697520.94499333,30613897313.549774
2021-07-11 09:00:00,1515.0,1660.0,1490.0,1625.0,15765113.01677637,24866294292.160362
2021-07-12 09:00:00,1625.0,1625.0,1500.0,1540.0,8662163.36870945,13487327065.216381
2021-07-13 09:00:00,1540.0,1565.0,1410.0,1445.0,10662464.60410497,16021915076.50253
2021-07-14 09:00:00,1450.0,1595.0,1325.0,1555.0,18380431.81424678,27241797556.18942
2021-07-15 09:00:00,1555.0,1730.0,1420.0,1475.0,38948364.50414076,62508867521.5986
2021-07-16 09:00:00,1475.0,1550.0,1390.0,1400.0,15657229.08942726,23058733439.5131
2021-07-17 09:00:00,1400.0,1445.0,1370.0,1405.0,5090491.68534616,7129467794.171257
2021-07-18 09:00:00,1405.0,1470.0,1365.0,1405.0,7356106.44739872,10486534743.246126
2021-07-19 09:00:00,1400.0,1410.0,1260.0,1280.0,5590872.50709989,7362741697.069875
2021-07-20 09:00:00,1285.0,1295.0,1090.0,1180.0,6622981.0794884,7762775905.487032
2021-07-21 09:00:00,1180.0,1325.0,1135.0,1300.0,11085987.65055244,14029772576.061
2021-07-22 09:00:00,1295.0,1360.0,1265.0,1320.0,13173272.05533902,17333656478.400143
2021-07-23 09:00:00,1315.0,1450.0,1305.0,1445.0,17446869.47756384,23838625109.085052
2021-07-24 09:00:00,1445.0,1745.0,1410.0,1520.0,62026069.33283746,96422552445.41588
2021-07-25 09:00:00,1520.0,1600.0,1430.0,1585.0,17088605.39772592,25811468423.333534
2021-07-26 09:00:00,1580.0,1680.0,1480.0,1490.0,25079248.8426727,39759244488.93799
2021-07-27 09:00:00,1490.0,1600.0,1410.0,1555.0,14113863.90743044,21532448308.84378
2021-07-28 09:00:00,1555.0,1590.0,1505.0,1540.0,9034490.89996078,13954458885.888355
2021-07-29 09:00:00,1540.0,1745.0,1510.0,1600.0,40568926.7643126,66608311504.54593
2021-07-30 09:00:00,1600.0,1670.0,1520.0,1660.0,15537518.2360808,24896507068.195984
2021-07-31 09:00:00,1665.0,1695.0,1620.0,1675.0,10144713.16184319,16788113311.79184
2021-08-01 09:00:00,1675.0,1720.0,1580.0,1595.0,11844470.33617104,19790044836.23322
2021-08-02 09:00:00,1590.0,1645.0,1540.0,1610.0,9410592.59578014,15088692306.963121
2021-08-03 09:00:00,1610.0,1645.0,1560.0,1600.0,7326474.18577775,11731631081.120668
2021-08-04 09:00:00,1600.0,1630.0,1560.0,1620.0,6512963.45819223,10398567720.60432
2021-08-05 09:00:00,1620.0,1630.0,1565.0,1630.0,7078085.74367294,11343145237.454733
2021-08-06 09:00:00,1630.0,1685.0,1600.0,1660.0,7976563.73147772,13060927026.234776
2021-08-07 09:00:00,1665.0,1775.0,1640.0,1715.0,14455825.54018989,24650398644.079334
2021-08-08 09:00:00,1720.0,1755.0,1615.0,1635.0,11975747.33053397,20294195656.483154
2021-08-09 09:00:00,1635.0,1860.0,1570.0,1750.0,33916670.5740952,59491493853.510124
2021-08-10 09:00:00,1755.0,1895.0,1735.0,1865.0,27089143.00888691,49191462131.81338
2021-08-11 09:00:00,1865.0,1930.0,1840.0,1870.0,13916198.1616154,26164921113.54392
2021-08-12 09:00:00,1870.0,1930.0,1735.0,1835.0,13515762.06890134,24723992252.00011
2021-08-13 09:00:00,1835.0,1940.0,1810.0,1935.0,12602392.90214005,23871267358.602577
2021-08-14 09:00:00,1930.0,2000.0,1875.0,1965.0,10472425.20187585,20190063953.87952
2021-08-15 09:00:00,1960.0,1965.0,1850.0,1945.0,7705588.61862302,14730120825.559444
2021-08-16 09:00:00,1940.0,2030.0,1900.0,1905.0,12371604.67846347,24230782386.222225
2021-08-17 09:00:00,1905.0,1975.0,1795.0,1815.0,12818085.69744027,24263532153.32057
2021-08-18 09:00:00,1815.0,1840.0,1700.0,1790.0,7883400.38272357,14064201099.231514
2021-08-19 09:00:00,1795.0,1865.0,1730.0,1860.0,6294810.75248871,11238612028.58749
2021-08-20 09:00:00,1865.0,1960.0,1840.0,1955.0,6770191.8864947,12811540125.848406
2021-08-21 09:00:00,1955.0,2300.0,1930.0,2165.0,30297435.68558404,63629027556.38858
2021-08-22 09:00:00,2160.0,2315.0,2035.0,2150.0,27861983.96283452,60931027457.74985
2021-08-23 09:00:00,2150.0,2565.0,2105.0,2535.0,42370196.97625647,100424364917.00937
2021-08-24 09:00:00,2540.0,2545.0,2205.0,2225.0,31068541.17950344,73686770998.06258
2021-08-25 09:00:00,2225.0,2430.0,2080.0,2410.0,17980923.97596087,40746309674.62063
2021-08-26 09:00:00,2415.0,2425.0,2170.0,2180.0,17367187.55549112,39408791242.51203
2021-08-27 09:00:00,2180.0,2390.0,2110.0,2340.0,13780311.64498054,31013733310.633602
2021-08-28 09:00:00,2340.0,2430.0,2295.0,2410.0,10939664.40017078,25789230092.07166
2021-08-29 09:00:00,2415.0,2600.0,2290.0,2550.0,28204916.08113222,69589090787.33954
2021-08-30 09:00:00,2565.0,2730.0,2450.0,2470.0,35537517.88830734,92173115898.59741
2021-08-31 09:00:00,2470.0,2520.0,2335.0,2370.0,12087841.43847934,29426130346.187103
2021-09-01 09:00:00,2370.0,2425.0,2290.0,2410.0,9551851.17265206,22576925572.874107
2021-09-02 09:00:00,2405.0,2450.0,2375.0,2380.0,7659522.78763122,18470680718.04881
2021-09-03 09:00:00,2385.0,2435.0,2330.0,2395.0,8717918.16636254,20845764899.162296
2021-09-04 09:00:00,2400.0,2475.0,2365.0,2425.0,13929567.08302206,33697410897.17207
2021-09-05 09:00:00,2425.0,2525.0,2370.0,2510.0,15982808.91458853,38900825976.053246
2021-09-06 09:00:00,2510.0,2605.0,2440.0,2525.0,17831357.05148387,44903196438.1649
2021-09-07 09:00:00,2515.0,2530.0,1850.0,2120.0,27126497.06578824,60500576879.37349
2021-09-08 09:00:00,2120.0,2175.0,1820.0,2085.0,13393094.37751858,27000197952.856426
2021-09-09 09:00:00,2085.0,2200.0,2030.0,2160.0,7983240.46593605,16907995907.081991
2021-09-10 09:00:00,2155.0,2250.0,1980.0,2020.0,8807381.12397743,18817335563.471794
2021-09-11 09:00:00,2025.0,2095.0,1985.0,2040.0,3217661.33502271,6560848184.617051
2021-09-12 09:00:00,2040.0,2110.0,1990.0,2050.0,3490593.54932119,7138381338.73576
2021-09-13 09:00:00,2050.0,2065.0,1860.0,1965.0,4877129.0192724,9550014804.745974
2021-09-14 09:00:00,1970.0,2025.0,1930.0,2020.0,3061865.3282718,6077596653.917436
2021-09-15 09:00:00,2020.0,2105.0,1995.0,2095.0,3936559.00825041,8060482758.215408
2021-09-16 09:00:00,2100.0,2105.0,1990.0,2010.0,4057850.79460605,8251848775.989657
2021-09-17 09:00:00,2015.0,2035.0,1950.0,1990.0,4090878.52027148,8151537256.088374
2021-09-18 09:00:00,1990.0,2040.0,1965.0,2005.0,3028445.18280798,6083644579.015258
2021-09-19 09:00:00,2005.0,2005.0,1915.0,1935.0,2428150.69385943,4765816866.78961
2021-09-20 09:00:00,1930.0,1930.0,1640.0,1680.0,6089820.36297069,10886692752.903215
2021-09-21 09:00:00,1680.0,1715.0,1505.0,1525.0,5657554.04383651,9210928835.594868
2021-09-22 09:00:00,1525.0,1765.0,1470.0,1750.0,5748890.89424458,9294780093.713745
2021-09-23 09:00:00,1750.0,1800.0,1660.0,1795.0,3932451.72415914,6869748549.046394
2021-09-24 09:00:00,1790.0,1805.0,1565.0,1640.0,3867030.51806595,6447306739.22373
2021-09-25 09:00:00,1645.0,1675.0,1570.0,1640.0,2363467.98261197,3860230564.8934326
2021-09-26 09:00:00,1640.0,1730.0,1565.0,1620.0,10792564.60606995,17763459453.304466
2021-09-27 09:00:00,1625.0,1660.0,1550.0,1555.0,2418212.7207338,3912177536.2270565
2021-09-28 09:00:00,1555.0,1595.0,1465.0,1475.0,2592167.94609295,3964049406.3023343
2021-09-29 09:00:00,1475.0,1555.0,1455.0,1495.0,1967188.92088598,2951091407.4989033
2021-09-30 09:00:00,1495.0,1625.0,1490.0,1600.0,4133420.57878449,6441601566.059816
2021-10-01 09:00:00,1600.0,1860.0,1580.0,1850.0,6120956.45006919,10497968490.715923
2021-10-02 09:00:00,1850.0,1915.0,1800.0,1845.0,4545008.63016245,8437843026.0983515
2021-10-03 09:00:00,1845.0,1910.0,1785.0,1890.0,3773511.57795954,7003702106.542224
2021-10-04 09:00:00,1880.0,2080.0,1845.0,1915.0,20264824.68023662,40133354668.63862
2021-10-05 09:00:00,1915.0,2070.0,1880.0,2030.0,7145868.50085275,13907262556.024038
2021-10-06 09:00:00,2030.0,2095.0,1870.0,2000.0,8306765.06648468,16560822419.469006
2021-10-07 09:00:00,2000.0,2040.0,1940.0,2040.0,4508018.72725413,8959425780.625755
2021-10-08 09:00:00,2040.0,2110.0,1985.0,2080.0,8411240.722957,17282533259.27048
2021-10-09 09:00:00,2080.0,2110.0,2025.0,2105.0,6399099.68561056,13203411714.279266
2021-10-10 09:00:00,2100.0,2110.0,1955.0,1965.0,5690270.6463051,11613445801.3577
2021-10-11 09:00:00,1965.0,2050.0,1900.0,1925.0,5487923.08223107,10859452893.780102
2021-10-12 09:00:00,1925.0,1935.0,1800.0,1905.0,3921232.92621838,7279961535.681486
2021-10-13 09:00:00,1905.0,1940.0,1840.0,1935.0,2920387.05639139,5518869309.273216
2021-10-14 09:00:00,1935.0,2010.0,1905.0,1965.0,3272689.80264067,6411612011.844068
2021-10-15 09:00:00,1970.0,1995.0,1860.0,1975.0,3799992.21913518,7311595016.758812
2021-10-16 09:00:00,1980.0,2165.0,1955.0,2115.0,10432312.97196185,21749677794.835304
2021-10-17 09:00:00,2115.0,2120.0,1950.0,2015.0,3322041.57908976,6795574410.066211
2021-10-18 09:00:00,2025.0,2040.0,1935.0,2020.0,2518845.67164527,5013660691.192925
2021-10-19 09:00:00,2010.0,2020.0,1935.0,1970.0,1647739.190757,3272012935.5918736
2021-10-20 09:00:00,1975.0,2405.0,1935.0,2240.0,18958476.18279993,42881371866.00507
2021-10-21 09:00:00,2240.0,2265.0,2130.0,2210.0,7449515.65664286,16528908078.028555
2021-10-22 09:00:00,2210.0,2320.0,2190.0,2245.0,5382593.76849617,12130080090.121841
2021-10-23 09:00:00,2245.0,2285.0,2175.0,2245.0,1413250.6253968,3156907046.002984
2021-10-24 09:00:00,2250.0,2340.0,2140.0,2165.0,3608339.24819797,8138186329.940845
2021-10-25 09:00:00,2165.0,2335.0,2150.0,2300.0,3941896.59244068,8909008988.326143
2021-10-26 09:00:00,2295.0,2590.0,2290.0,2440.0,19743889.18795745,48527820642.06625
2021-10-27 09:00:00,2440.0,2845.0,2190.0,2560.0,91365628.54488312,238655849618.39914
2021-10-28 09:00:00,2560.0,2875.0,2500.0,2800.0,39733625.10456343,106595950119.21791
2021-10-29 09:00:00,2795.0,3155.0,2775.0,2940.0,56433577.14664141,167808318825.86188
2021-10-30 09:00:00,2945.0,3950.0,2750.0,3610.0,97139378.59790553,325500361041.22144
2021-10-31 09:00:00,3610.0,4185.0,2870.0,3045.0,51525982.92195253,184190666431.92282
2021-11-01 09:00:00,3040.0,3315.0,2810.0,3095.0,25994737.28911194,80504911257.91248
2021-11-02 09:00:00,3095.0,3970.0,3045.0,3670.0,87465134.49402241,308661592292.916
2021-11-03 09:00:00,3660.0,3800.0,3195.0,3400.0,20346694.73539666,69529514568.45949
2021-11-04 09:00:00,3400.0,4125.0,3250.0,3610.0,75555818.89976227,285495669983.37714
2021-11-05 09:00:00,3610.0,3930.0,3440.0,3610.0,25157878.31993435,92850227147.57344
2021-11-06 09:00:00,3610.0,4405.0,3575.0,4245.0,106312720.75934029,434679294323.39484
2021-11-07 09:00:00,4260.0,4410.0,3975.0,4005.0,43741192.28435427,182631503008.56958
2021-11-08 09:00:00,4005.0,4030.0,3780.0,3820.0,14618859.68640523,56463659713.362915
2021-11-09 09:00:00,3820.0,3970.0,3550.0,3585.0,11851769.09763786,44594147409.86834
2021-11-10 09:00:00,3585.0,3830.0,3255.0,3475.0,16909577.47889775,61879856137.74132
2021-11-11 09:00:00,3480.0,3740.0,3405.0,3620.0,7496553.49103699,27004979355.784805
2021-11-12 09:00:00,3615.0,3830.0,3550.0,3745.0,17662530.21767354,65554230523.993835
2021-11-13 09:00:00,3745.0,3975.0,3665.0,3675.0,16664181.67855995,63947675563.18601
2021-11-14 09:00:00,3675.0,3755.0,3595.0,3750.0,6963257.25875939,25665283920.7602
2021-11-15 09:00:00,3750.0,3935.0,3650.0,3690.0,19121013.833184,72751247491.53108
2021-11-16 09:00:00,3695.0,3705.0,3200.0,3515.0,18064447.29954023,63167491370.37705
2021-11-17 09:00:00,3510.0,3870.0,3430.0,3680.0,20891968.4522964,75926214099.4673
2021-11-18 09:00:00,3695.0,4035.0,3445.0,3775.0,35746620.76290181,134606193409.51088
2021-11-19 09:00:00,3780.0,4665.0,3680.0,4465.0,61265943.9198735,258490862243.99008
2021-11-20 09:00:00,4465.0,4885.0,4260.0,4505.0,51492221.48126904,236905452461.95627
2021-11-21 09:00:00,4505.0,4505.0,4100.0,4115.0,12806067.04608523,55164217946.625984
2021-11-22 09:00:00,4120.0,4535.0,3925.0,4515.0,19812266.78978404,83466008073.60394
2021-11-23 09:00:00,4520.0,5180.0,4320.0,4800.0,40049173.854646,190712433175.37717
2021-11-24 09:00:00,4800.0,5880.0,4660.0,5615.0,67123406.77854173,357318284816.3193
2021-11-25 09:00:00,5615.0,6040.0,5025.0,5245.0,40687854.3066609,225566684485.1602
2021-11-26 09:00:00,5245.0,5520.0,4560.0,4905.0,12869439.29252228,64877801217.28809
2021-11-27 09:00:00,4915.0,5090.0,4585.0,4760.0,4833710.16548827,23191866049.228703
2021-11-28 09:00:00,4750.0,4885.0,4180.0,4865.0,13724580.92590156,62437326260.89459
2021-11-29 09:00:00,4865.0,4950.0,4550.0,4565.0,7956178.87175418,38017069452.720245
2021-11-30 09:00:00,4570.0,4680.0,4340.0,4340.0,3961341.88124041,17751548171.58823
2021-12-01 09:00:00,4340.0,4555.0,4330.0,4380.0,3396771.07237677,15060540145.280804
2021-12-02 09:00:00,4380.0,4395.0,4100.0,4240.0,3673795.16456571,15514426917.433792
2021-12-03 09:00:00,4240.0,4275.0,3800.0,3930.0,4028198.09620972,16390671196.509417
2021-12-04 09:00:00,3925.0,3945.0,2620.0,3815.0,14019230.15446322,48339264756.460045
2021-12-05 09:00:00,3815.0,3980.0,3290.0,3415.0,5964966.72122279,21980029354.58812
2021-12-06 09:00:00,3415.0,3625.0,2975.0,3580.0,5363926.93486213,17312066665.3237
2021-12-07 09:00:00,3580.0,3715.0,3415.0,3505.0,5176448.42784343,18510762672.974163
2021-12-08 09:00:00,3505.0,3615.0,3250.0,3575.0,4355477.57308511,15038520329.786596
2021-12-09 09:00:00,3575.0,3620.0,3200.0,3205.0,5637621.10808252,19418194348.65503
2021-12-10 09:00:00,3210.0,3325.0,3065.0,3085.0,3250248.02880554,10429237348.022875
2021-12-11 09:00:00,3085.0,3190.0,3005.0,3165.0,1711195.08418483,5305137400.396008
2021-12-12 09:00:00,3170.0,3400.0,3150.0,3335.0,3748174.4158193,12233384085.526455
2021-12-13 09:00:00,3330.0,3415.0,2865.0,2915.0,3969812.02439485,12358376728.884993
2021-12-14 09:00:00,2915.0,2970.0,2770.0,2915.0,3380983.93009365,9688695235.65364
2021-12-15 09:00:00,2915.0,3170.0,2730.0,3115.0,2649615.13526881,7800142734.807891
2021-12-16 09:00:00,3115.0,3210.0,2960.0,2975.0,2387041.48272892,7442012093.8632965
2021-12-17 09:00:00,2985.0,3040.0,2795.0,2890.0,2128452.83957042,6207354712.937388
2021-12-18 09:00:00,2895.0,3055.0,2815.0,2995.0,2142337.2258145,6358960786.747788
2021-12-19 09:00:00,3005.0,3145.0,2910.0,2915.0,3024106.71438299,9172442645.264786
2021-12-20 09:00:00,2915.0,2930.0,2690.0,2850.0,2110642.75358838,5926741282.269888
2021-12-21 09:00:00,2850.0,3030.0,2785.0,2990.0,2295954.71066739,6723426367.55406
2021-12-22 09:00:00,2995.0,3345.0,2980.0,3190.0,7134616.88178499,22954898685.13292
2021-12-23 09:00:00,3185.0,3600.0,3135.0,3600.0,4394339.4773094,14801679524.706944
2021-12-24 09:00:00,3600.0,3620.0,3365.0,3410.0,4048950.41978112,14217033282.99828
2021-12-25 09:00:00,3415.0,3995.0,3390.0,3790.0,12612029.53714498,47647180547.939285
2021-12-26 09:00:00,3785.0,4050.0,3655.0,3855.0,7748564.58659054,29355742959.82782
2021-12-27 09:00:00,3855.0,3915.0,3715.0,3740.0,4118372.5623702,15816556741.580885
2021-12-28 09:00:00,3740.0,3740.0,3340.0,3375.0,5224223.2140471,18508159637.034027
2021-12-29 09:00:00,3375.0,3495.0,3200.0,3240.0,3992720.80552989,13338878067.367159
2021-12-30 09:00:00,3245.0,3345.0,3105.0,3215.0,2447981.14604579,7909132329.056305
2021-12-31 09:00:00,3215.0,3315.0,3105.0,3160.0,2956379.90788167,9526610153.60672
2022-01-01 09:00:00,3160.0,3280.0,3140.0,3260.0,1554547.92735007,4955825158.654566
2022-01-02 09:00:00,3260.0,3565.0,3230.0,3475.0,4310039.82890818,14497277106.79008
2022-01-03 09:00:00,3470.0,3590.0,3315.0,3400.0,3078304.3739412,10644464397.004469
2022-01-04 09:00:00,3400.0,3465.0,3240.0,3280.0,2214028.11502984,7435415921.5714245
2022-01-05 09:00:00,3290.0,3380.0,2810.0,3025.0,3303793.05391478,10477640545.67829
2022-01-06 09:00:00,3025.0,3270.0,2865.0,3170.0,6372877.91563712,19640203478.740955
2022-01-07 09:00:00,3170.0,3200.0,2870.0,2910.0,3601084.9756593,10765684625.31009
2022-01-08 09:00:00,2910.0,3020.0,2735.0,2825.0,1854771.47955677,5340889992.251379
2022-01-09 09:00:00,2825.0,2915.0,2775.0,2830.0,1786933.92539995,5073239631.057842
2022-01-10 09:00:00,2835.0,2885.0,2560.0,2660.0,3041102.79215232,8211744935.875343
2022-01-11 09:00:00,2660.0,2855.0,2620.0,2835.0,2160465.09533098,5896824496.629988
2022-01-12 09:00:00,2835.0,3200.0,2820.0,3060.0,3614831.50511005,10856123339.627285
2022-01-13 09:00:00,3065.0,3150.0,2885.0,2900.0,2709499.8676947,8219333361.749309
2022-01-14 09:00:00,2900.0,2980.0,2825.0,2920.0,1786722.76130106,5193542512.26228
2022-01-15 09:00:00,2930.0,3085.0,2880.0,2975.0,1842736.74068825,5480175449.86251
2022-01-16 09:00:00,2980.0,3070.0,2960.0,3025.0,2207136.10439907,6656858294.868606
2022-01-17 09:00:00,3030.0,3090.0,2790.0,2830.0,2464081.66960155,7226054634.084281
2022-01-18 09:00:00,2830.0,2870.0,2675.0,2745.0,1449267.25473251,3992578042.367069
2022-01-19 09:00:00,2745.0,2850.0,2670.0,2685.0,6722099.14394994,18595712089.405407
2022-01-20 09:00:00,2685.0,2840.0,2565.0,2580.0,3833537.69050648,10460094922.67219
2022-01-21 09:00:00,2575.0,2590.0,2110.0,2165.0,7546839.35610383,17569864872.414814
2022-01-22 09:00:00,2165.0,2185.0,1705.0,1870.0,7875560.79346886,15319188480.707083
2022-01-23 09:00:00,1870.0,2080.0,1845.0,1965.0,5670739.98446554,11158581468.462282
2022-01-24 09:00:00,1970.0,1970.0,1640.0,1835.0,5538806.51709563,9799481654.243229
2022-01-25 09:00:00,1840.0,1880.0,1735.0,1860.0,3853921.00009645,6989731531.930585
2022-01-26 09:00:00,1865.0,2120.0,1840.0,1905.0,10372722.83449845,20567135861.243755
2022-01-27 09:00:00,1905.0,2040.0,1790.0,1940.0,12172339.57565657,23492619657.083893
2022-01-28 09:00:00,1940.0,2070.0,1930.0,2025.0,9749269.78727126,19490019950.720596
2022-01-29 09:00:00,2025.0,2185.0,2015.0,2180.0,6819582.74053757,14298174810.441612
2022-01-30 09:00:00,2180.0,2330.0,2150.0,2225.0,11446043.36674791,25738788062.04453
2022-01-31 09:00:00,2230.0,2355.0,2090.0,2320.0,11218058.36131024,25159286447.79528
2022-02-01 09:00:00,2315.0,2350.0,2240.0,2275.0,5644252.20337145,12873897598.806805
2022-02-02 09:00:00,2270.0,2295.0,2085.0,2090.0,5870020.91798988,12885138479.855742
2022-02-03 09:00:00,2090.0,2115.0,2000.0,2090.0,4886331.58616613,10043322712.809628
2022-02-04 09:00:00,2090.0,2235.0,2040.0,2215.0,6299255.15843928,13355334733.727919
2022-02-05 09:00:00,2215.0,2435.0,2195.0,2355.0,13714500.02529187,32113832951.954735
2022-02-06 09:00:00,2355.0,2540.0,2330.0,2515.0,14239430.59403117,34961300018.63093
2022-02-07 09:00:00,2515.0,2635.0,2455.0,2550.0,8904112.1973396,22675531207.330254
2022-02-08 09:00:00,2550.0,2630.0,2350.0,2580.0,10292582.26860707,25811136174.324726
2022-02-09 09:00:00,2580.0,2640.0,2440.0,2605.0,8229315.29943082,20948811725.138615
2022-02-10 09:00:00,2610.0,2615.0,2395.0,2430.0,6563302.31744644,16431180672.645592
2022-02-11 09:00:00,2430.0,2500.0,2190.0,2240.0,5989631.62766992,14199202716.28055
2022-02-12 09:00:00,2235.0,2295.0,2135.0,2210.0,6290786.77911442,13943995278.154085
2022-02-13 09:00:00,2215.0,2245.0,2120.0,2130.0,2935139.65391769,6421566918.90678
2022-02-14 09:00:00,2135.0,2165.0,2045.0,2130.0,3257131.82801675,6820674859.017957
2022-02-15 09:00:00,2130.0,2390.0,2115.0,2385.0,5474269.03680786,12434534538.028276
2022-02-16 09:00:00,2390.0,2440.0,2285.0,2370.0,4810716.91375157,11412484032.297794
2022-02-17 09:00:00,2370.0,2420.0,2095.0,2125.0,7519959.96970346,16933754576.739302
2022-02-18 09:00:00,2125.0,2195.0,2030.0,2060.0,4730554.0482262,9971557620.992609
2022-02-19 09:00:00,2055.0,2080.0,1955.0,2030.0,3144203.20698108,6373312840.617331
2022-02-20 09:00:00,2035.0,2035.0,1820.0,1880.0,7013469.73571147,13262888992.026308
2022-02-21 09:00:00,1885.0,1990.0,1690.0,1700.0,9606101.00004387,17907739429.818523
2022-02-22 09:00:00,1705.0,1790.0,1645.0,1790.0,5872129.50460276,10132987797.28202
2022-02-23 09:00:00,1790.0,1860.0,1685.0,1695.0,6548381.49702147,11666878113.618488
2022-02-24 09:00:00,1700.0,1760.0,1450.0,1665.0,17552309.02286276,27414838791.79717
2022-02-25 09:00:00,1665.0,1780.0,1615.0,1770.0,8799670.84113942,14880074433.299368
2022-02-26 09:00:00,1775.0,1845.0,1750.0,1770.0,6497228.01814518,11607551453.537472
2022-02-27 09:00:00,1770.0,1820.0,1660.0,1695.0,8573395.1739112,14938810102.892063
2022-02-28 09:00:00,1690.0,1920.0,1640.0,1890.0,8172010.99922428,14369082172.597908
2022-03-01 09:00:00,1895.0,1990.0,1845.0,1940.0,9427310.02777781,17942172689.01962
2022-03-02 09:00:00,1940.0,1955.0,1850.0,1885.0,5834695.66863776,11089365675.400753
2022-03-03 09:00:00,1885.0,1900.0,1770.0,1805.0,4883853.84618938,8953962183.026825
2022-03-04 09:00:00,1805.0,1815.0,1665.0,1690.0,5048490.606646,8784804337.20296
2022-03-05 09:00:00,1690.0,1790.0,1635.0,1750.0,5676130.18968989,9815386071.649035
2022-03-06 09:00:00,1750.0,1840.0,1660.0,1675.0,10780251.41818355,18891539282.6525
2022-03-07 09:00:00,1675.0,1730.0,1605.0,1630.0,6302439.81278854,10487868182.715866
2022-03-08 09:00:00,1630.0,1705.0,1615.0,1670.0,3530051.7201627,5866531785.604851
2022-03-09 09:00:00,1665.0,1780.0,1665.0,1720.0,5995308.6534584,10306966723.295742
2022-03-10 09:00:00,1720.0,1735.0,1620.0,1655.0,5967901.34763553,9887554295.447733
2022-03-11 09:00:00,1655.0,1690.0,1610.0,1630.0,4186181.3109439,6887472968.194689
2022-03-12 09:00:00,1630.0,1685.0,1625.0,1650.0,3783627.23829068,6282231223.434971
2022-03-13 09:00:00,1650.0,1730.0,1615.0,1625.0,7374132.12813055,12387117571.12135
2022-03-14 09:00:00,1630.0,1660.0,1600.0,1650.0,4015586.688908,6535091820.832259
2022-03-15 09:00:00,1645.0,1660.0,1600.0,1635.0,3104897.46655559,5046336637.184219
2022-03-16 09:00:00,1635.0,1750.0,1620.0,1745.0,10824949.95993521,18168564494.32828
2022-03-17 09:00:00,1745.0,1770.0,1700.0,1720.0,5464958.68251005,9475838450.598473
2022-03-18 09:00:00,1720.0,1770.0,1680.0,1770.0,3733881.16353435,6400379457.50175
2022-03-19 09:00:00,1770.0,1880.0,1755.0,1835.0,4727672.04539614,8516058377.6075115
2022-03-20 09:00:00,1830.0,1840.0,1740.0,1760.0,6660380.6216433,11866676887.091959
2022-03-21 09:00:00,1760.0,1805.0,1720.0,1755.0,5181090.53295675,9144377591.495468
2022-03-22 09:00:00,1755.0,1820.0,1745.0,1785.0,5618293.40035488,10050201370.369324
2022-03-23 09:00:00,1780.0,1905.0,1760.0,1860.0,8872849.49101536,16212746864.889643
2022-03-24 09:00:00,1860.0,2085.0,1860.0,2030.0,35576247.87645022,70942551839.00693
2022-03-25 09:00:00,2030.0,2040.0,1950.0,1980.0,11126708.26457934,22189236387.289253
2022-03-26 09:00:00,1975.0,2015.0,1935.0,2010.0,5720174.97371549,11312166006.90665
2022-03-27 09:00:00,2015.0,2190.0,1975.0,2140.0,17027472.4414462,35299212141.44231
2022-03-28 09:00:00,2140.0,2225.0,2090.0,2110.0,9536667.18189,20632394718.193916
2022-03-29 09:00:00,2105.0,2270.0,2045.0,2115.0,15974296.51292441,34271107399.37058
2022-03-30 09:00:00,2110.0,2205.0,2010.0,2165.0,11281248.94550523,23748893771.276993
2022-03-31 09:00:00,2160.0,2390.0,2125.0,2200.0,33207569.42725089,75464757363.15054
2022-04-01 09:00:00,2200.0,2390.0,2140.0,2280.0,20054402.822464,45161703021.06605
2022-04-02 09:00:00,2280.0,2380.0,2215.0,2275.0,13133475.05877989,30311085538.056564
2022-04-03 09:00:00,2275.0,2325.0,2200.0,2290.0,10341162.41544744,23505033772.566235
2022-04-04 09:00:00,2290.0,2290.0,2080.0,2175.0,8231440.44240881,18183225515.649197
2022-04-05 09:00:00,2180.0,2230.0,2100.0,2105.0,4976465.20108525,10821639994.563526
2022-04-06 09:00:00,2105.0,2110.0,1860.0,1865.0,8527917.73329775,16858255368.625616
2022-04-07 09:00:00,1865.0,2175.0,1820.0,2070.0,41642284.28466925,85950379880.21733
2022-04-08 09:00:00,2070.0,2205.0,2050.0,2085.0,18958888.13361468,40259297565.95455
2022-04-09 09:00:00,2085.0,2285.0,2065.0,2245.0,26709726.3746746,58784976592.03243
2022-04-10 09:00:00,2250.0,2265.0,2085.0,2095.0,10886456.78622696,23657405568.78231
2022-04-11 09:00:00,2095.0,2110.0,1870.0,1910.0,9904149.98908594,19528315473.767834
2022-04-12 09:00:00,1905.0,2040.0,1890.0,1975.0,13283869.14099542,26202318369.281307
2022-04-13 09:00:00,1975.0,2020.0,1925.0,2010.0,7310000.31329438,14403284938.748621
2022-04-14 09:00:00,2005.0,2030.0,1885.0,1930.0,7777327.75159252,15232479763.816225
2022-04-15 09:00:00,1925.0,1940.0,1870.0,1920.0,5362757.76863383,10197135623.49275
2022-04-16 09:00:00,1920.0,1930.0,1850.0,1880.0,3825777.74318925,7246666267.644233
2022-04-17 09:00:00,1880.0,1900.0,1795.0,1800.0,3948038.62445769,7323408593.903375
2022-04-18 09:00:00,1795.0,1820.0,1705.0,1810.0,6517507.0947778,11468508785.43412
2022-04-19 09:00:00,1810.0,1890.0,1780.0,1885.0,6745595.09888051,12459837072.661875
2022-04-20 09:00:00,1885.0,1975.0,1845.0,1890.0,11831428.1748977,22675947519.513447
2022-04-21 09:00:00,1890.0,1930.0,1785.0,1810.0,7876336.51314053,14827334502.977737
2022-04-22 09:00:00,1810.0,1860.0,1785.0,1820.0,4539007.04554231,8268090232.377905
2022-04-23 09:00:00,1820.0,1820.0,1755.0,1780.0,2953100.16757904,5285866457.94507
2022-04-24 09:00:00,1775.0,1800.0,1720.0,1745.0,3221640.90393882,5663051206.004187
2022-04-25 09:00:00,1750.0,1755.0,1625.0,1730.0,5436147.04980816,9140765794.580334
2022-04-26 09:00:00,1735.0,1780.0,1615.0,1635.0,5560653.84474503,9472405938.313316
2022-04-27 09:00:00,1635.0,1680.0,1615.0,1665.0,3712787.64095744,6133930709.166707
2022-04-28 09:00:00,1665.0,1690.0,1625.0,1660.0,4147759.66498761,6870718054.646507
2022-04-29 09:00:00,1660.0,1660.0,1535.0,1560.0,4933601.35275246,7879433944.135541
2022-04-30 09:00:00,1565.0,1580.0,1370.0,1390.0,6254639.13521297,9274406286.87392
2022-05-01 09:00:00,1395.0,1445.0,1320.0,1405.0,7435536.77996247,10315144291.522682
2022-05-02 09:00:00,1410.0,1435.0,1315.0,1375.0,5281331.7378829,7260339940.69627
2022-05-03 09:00:00,1375.0,1445.0,1350.0,1385.0,7265050.59910043,10180260738.599781
2022-05-04 09:00:00,1380.0,1515.0,1365.0,1510.0,6293420.480512,9027221235.916075
2022-05-05 09:00:00,1510.0,1540.0,1350.0,1390.0,8118593.80378269,11709561805.221306
2022-05-06 09:00:00,1390.0,1400.0,1315.0,1370.0,4453179.84607006,6056500050.27824
2022-05-07 09:00:00,1370.0,1380.0,1285.0,1305.0,3071996.49022716,4101787801.1781588
2022-05-08 09:00:00,1305.0,1315.0,1235.0,1260.0,4921700.6192538,6286427258.2752075
2022-05-09 09:00:00,1260.0,1290.0,1045.0,1050.0,9877874.6794985,11331518000.946987
2022-05-10 09:00:00,1045.0,1190.0,991.0,1085.0,9669628.64736023,10644484365.662313
2022-05-11 09:00:00,1080.0,1130.0,798.0,863.0,20866132.07554431,20006451401.991535
2022-05-12 09:00:00,863.0,917.0,680.0,782.0,17855890.28471083,13828979857.766808
2022-05-13 09:00:00,785.0,1010.0,774.0,903.0,52995055.52330792,50631826109.63641
2022-05-14 09:00:00,905.0,1055.0,869.0,992.0,33079710.08364084,31933831173.386345
2022-05-15 09:00:00,992.0,1015.0,927.0,1010.0,13636605.2796508,13129621610.381695
2022-05-16 09:00:00,1010.0,1010.0,901.0,926.0,9839752.16403955,9312765611.19555
2022-05-17 09:00:00,929.0,969.0,906.0,955.0,8731943.72840661,8273437281.237458
2022-05-18 09:00:00,953.0,971.0,829.0,833.0,11872314.41037612,10830914916.76187
2022-05-19 09:00:00,833.0,911.0,800.0,894.0,15241311.82613539,13079918182.779625
2022-05-20 09:00:00,895.0,917.0,838.0,863.0,10943845.71930196,9672898615.243889
2022-05-21 09:00:00,865.0,897.0,846.0,890.0,9567013.59146976,8359985404.108293
2022-05-22 09:00:00,890.0,943.0,882.0,922.0,15425672.49518101,14086129299.639593
2022-05-23 09:00:00,922.0,968.0,852.0,868.0,13503515.85315046,12497652448.544834
2022-05-24 09:00:00,868.0,887.0,819.0,874.0,6579808.49300174,5659330388.306914
2022-05-25 09:00:00,874.0,893.0,840.0,878.0,7321172.44752574,6331423213.433036
2022-05-26 09:00:00,878.0,929.0,775.0,810.0,26529312.08042702,22856006256.778915
2022-05-27 09:00:00,811.0,819.0,748.0,764.0,10148383.88778943,7931122896.241565
2022-05-28 09:00:00,765.0,782.0,748.0,764.0,4836362.88765107,3697086385.509054
2022-05-29 09:00:00,764.0,783.0,742.0,778.0,3816891.08223014,2906137197.041295
2022-05-30 09:00:00,778.0,847.0,769.0,838.0,9436270.12774757,7642930053.710643
2022-05-31 09:00:00,839.0,932.0,835.0,876.0,41367258.82938762,36594691636.26304
2022-06-01 09:00:00,876.0,895.0,800.0,809.0,13974052.12647807,11879408840.91833
2022-06-02 09:00:00,809.0,832.0,791.0,821.0,9894592.76870784,7983892209.780013
2022-06-03 09:00:00,822.0,822.0,766.0,779.0,8050979.37195819,6365484387.029502
2022-06-04 09:00:00,780.0,809.0,767.0,790.0,7549554.46062266,5928906572.104401
2022-06-05 09:00:00,790.0,814.0,776.0,804.0,5819927.39799273,4603328774.133924
2022-06-06 09:00:00,804.0,842.0,799.0,823.0,12401437.62137934,10236064250.016054
2022-06-07 09:00:00,824.0,824.0,774.0,795.0,9228957.21399719,7317732444.338781
2022-06-08 09:00:00,795.0,806.0,781.0,793.0,6230816.43952446,4939019914.861023
2022-06-09 09:00:00,793.0,820.0,776.0,789.0,5877974.84619108,4660130267.558395
2022-06-10 09:00:00,792.0,801.0,744.0,752.0,8458361.74262753,6507838927.131702
2022-06-11 09:00:00,752.0,769.0,686.0,703.0,8490096.0435252,6149205760.062625
2022-06-12 09:00:00,703.0,709.0,633.0,637.0,9453506.55496103,6286465796.0788355
2022-06-13 09:00:00,635.0,645.0,542.0,585.0,16072859.47256106,9320454095.542482
2022-06-14 09:00:00,585.0,645.0,535.0,590.0,35868301.9809405,21721970885.230183
2022-06-15 09:00:00,589.0,629.0,536.0,629.0,15999793.75755163,9198563338.824179
2022-06-16 09:00:00,628.0,634.0,551.0,562.0,13306724.16769586,7838902189.323837
2022-06-17 09:00:00,562.0,598.0,553.0,581.0,10807464.5980405,6244398673.373101
2022-06-18 09:00:00,581.0,588.0,515.0,547.0,12021587.94493713,6643009289.521224
2022-06-19 09:00:00,546.0,581.0,522.0,572.0,9564408.14930466,5274766710.865542
2022-06-20 09:00:00,572.0,603.0,553.0,595.0,13522271.65345194,7854468793.601486
2022-06-21 09:00:00,595.0,645.0,581.0,613.0,14348640.61786199,8886595066.87823
2022-06-22 09:00:00,611.0,636.0,585.0,610.0,11532742.48818813,7023990984.341984
2022-06-23 09:00:00,610.0,731.0,608.0,678.0,61728384.00409673,41888396813.76332
2022-06-24 09:00:00,679.0,719.0,667.0,706.0,13171212.70423605,9060071305.580133
2022-06-25 09:00:00,706.0,806.0,691.0,757.0,28911773.33329809,21413074904.47092
2022-06-26 09:00:00,757.0,786.0,715.0,717.0,29343878.82288522,22396466322.171295
2022-06-27 09:00:00,717.0,803.0,713.0,746.0,76608484.80734998,58774839687.14552
2022-06-28 09:00:00,745.0,778.0,685.0,699.0,25381859.16907978,18956529395.105522
2022-06-29 09:00:00,699.0,711.0,672.0,690.0,8335810.88652464,5748299000.950349
2022-06-30 09:00:00,690.0,693.0,615.0,664.0,12253176.71523355,7863129014.713702
2022-07-01 09:00:00,664.0,678.0,626.0,637.0,10038443.00503777,6531370101.418547
2022-07-02 09:00:00,637.0,647.0,606.0,630.0,6684121.72528049,4168386275.614475
2022-07-03 09:00:00,631.0,642.0,614.0,633.0,6377976.2460161,4007315276.254544
2022-07-04 09:00:00,633.0,686.0,617.0,678.0,18782329.43155208,12284245882.72635
2022-07-05 09:00:00,679.0,763.0,676.0,707.0,97668231.65471767,70179402486.41475
2022-07-06 09:00:00,707.0,718.0,684.0,707.0,16627300.63063201,11725294786.958672
2022-07-07 09:00:00,707.0,742.0,703.0,721.0,16884130.73770657,12089251824.659176
2022-07-08 09:00:00,721.0,732.0,690.0,698.0,12721890.42017599,9031444797.653828
2022-07-09 09:00:00,698.0,737.0,698.0,724.0,12748023.63207989,9138421786.073317
2022-07-10 09:00:00,724.0,727.0,684.0,688.0,7797273.52981692,5495365966.458718
2022-07-11 09:00:00,688.0,698.0,627.0,637.0,10461502.97235285,6986094791.333798
2022-07-12 09:00:00,637.0,649.0,614.0,616.0,6469408.04470788,4109647174.5138254
2022-07-13 09:00:00,616.0,639.0,589.0,637.0,6908321.27682282,4252958998.445844
2022-07-14 09:00:00,638.0,665.0,617.0,660.0,5334340.23468917,3395890348.243477
2022-07-15 09:00:00,659.0,678.0,653.0,664.0,6373185.01238451,4249801345.151601
2022-07-16 09:00:00,664.0,680.0,647.0,676.0,6504268.20234189,4322594555.066631
2022-07-17 09:00:00,677.0,690.0,657.0,658.0,9776016.75205266,6579329552.895222
2022-07-18 09:00:00,658.0,752.0,658.0,746.0,42945049.1368515,31225110752.14367
2022-07-19 09:00:00,745.0,834.0,722.0,820.0,31218391.49952622,23998964303.6898
2022-07-20 09:00:00,820.0,938.0,774.0,783.0,50941138.78215547,43333872178.59926
2022-07-21 09:00:00,783.0,824.0,754.0,811.0,24685870.45476971,19718544453.095497
2022-07-22 09:00:00,812.0,839.0,775.0,784.0,29299460.27091169,23859901231.76185
2022-07-23 09:00:00,784.0,809.0,764.0,786.0,15841252.89590036,12528196684.238102
2022-07-24 09:00:00,786.0,797.0,771.0,773.0,9186320.09163025,7213071164.667527
2022-07-25 09:00:00,773.0,776.0,710.0,713.0,9960981.96219261,7367923965.585024
2022-07-26 09:00:00,713.0,741.0,693.0,740.0,10511861.45390641,7492003802.068628
2022-07-27 09:00:00,740.0,786.0,713.0,784.0,12161432.03414551,9085579445.682991
2022-07-28 09:00:00,784.0,828.0,757.0,801.0,13046074.79428247,10263573321.51895
2022-07-29 09:00:00,802.0,831.0,780.0,797.0,17068689.98680904,13828574575.39619
2022-07-30 09:00:00,798.0,929.0,797.0,830.0,44475569.27238585,37911856160.576996
2022-07-31 09:00:00,830.0,876.0,805.0,809.0,29925874.656735,25167066090.033554
2022-08-01 09:00:00,808.0,958.0,804.0,854.0,69654091.69490232,61985502831.60373
2022-08-02 09:00:00,854.0,867.0,799.0,813.0,16596931.37114259,13653387912.149372
2022-08-03 09:00:00,813.0,882.0,800.0,848.0,18137676.90406415,15290561605.76115
2022-08-04 09:00:00,848.0,1000.0,846.0,914.0,126524457.6156215,116073402576.67761
2022-08-05 09:00:00,914.0,938.0,893.0,935.0,24776349.74092917,22649353540.811096
2022-08-06 09:00:00,934.0,935.0,898.0,900.0,9921833.96359342,9066457461.082722
2022-08-07 09:00:00,901.0,914.0,885.0,904.0,7003139.89041967,6304178725.922966
2022-08-08 09:00:00,904.0,1010.0,896.0,925.0,59963484.02141149,57233394916.36884
2022-08-09 09:00:00,925.0,940.0,878.0,899.0,15941115.3004535,14526564791.749878
2022-08-10 09:00:00,899.0,928.0,880.0,924.0,11286777.0258762,10223802892.762098
2022-08-11 09:00:00,923.0,938.0,915.0,921.0,14492116.99327346,13411241179.179493
2022-08-12 09:00:00,921.0,936.0,903.0,933.0,10015174.45755048,9209925817.420895
2022-08-13 09:00:00,933.0,956.0,927.0,936.0,12955079.02851388,12184703631.394073
2022-08-14 09:00:00,936.0,997.0,918.0,938.0,49724289.8395111,48096265944.72861
2022-08-15 09:00:00,936.0,964.0,909.0,918.0,17260044.41516716,16116870119.622423
2022-08-16 09:00:00,919.0,943.0,896.0,904.0,14628099.19822384,13404342520.45924
2022-08-17 09:00:00,904.0,921.0,865.0,874.0,12168553.13264792,10913543183.957436
2022-08-18 09:00:00,874.0,883.0,841.0,848.0,6168539.33030268,5369619324.4326315
2022-08-19 09:00:00,849.0,851.0,760.0,772.0,14359067.03487184,11338788212.793797
2022-08-20 09:00:00,772.0,794.0,747.0,775.0,5151983.90339798,4010951506.6512423
2022-08-21 09:00:00,774.0,791.0,760.0,782.0,4456613.1730508,3452953890.910545
2022-08-22 09:00:00,782.0,784.0,730.0,755.0,8267342.48069151,6201041319.471798
2022-08-23 09:00:00,755.0,777.0,733.0,772.0,6853779.36954449,5209172237.4478035
2022-08-24 09:00:00,770.0,785.0,757.0,764.0,4857152.82446268,3735188595.8225837
2022-08-25 09:00:00,764.0,789.0,763.0,776.0,5063224.48512048,3921997922.8735037
2022-08-26 09:00:00,775.0,782.0,697.0,705.0,10384395.49807622,7729011040.356321
2022-08-27 09:00:00,705.0,713.0,688.0,703.0,3744214.34555259,2627667913.7645936
2022-08-28 09:00:00,703.0,716.0,673.0,677.0,4761522.06196665,3334207285.5001755
2022-08-29 09:00:00,677.0,724.0,671.0,722.0,5116260.83550117,3568458692.9577255
2022-08-30 09:00:00,722.0,735.0,695.0,708.0,3910166.87051547,2806963008.387629
2022-08-31 09:00:00,711.0,731.0,706.0,711.0,5316337.85563522,3832103064.6095176
2022-09-01 09:00:00,711.0,715.0,683.0,710.0,3545720.91619136,2482078965.346846
2022-09-02 09:00:00,711.0,729.0,694.0,701.0,3716848.50442717,2651824860.440753
2022-09-03 09:00:00,701.0,725.0,697.0,720.0,3138847.14948026,2229268538.52811
2022-09-04 09:00:00,721.0,755.0,718.0,736.0,16757547.32627125,12320022343.779095
2022-09-05 09:00:00,736.0,748.0,715.0,735.0,6014969.74750494,4398390346.638523
2022-09-06 09:00:00,733.0,754.0,675.0,679.0,9030141.01115541,6492638155.795407
2022-09-07 09:00:00,679.0,730.0,666.0,723.0,5495188.85051516,3795456835.2251773
2022-09-08 09:00:00,723.0,754.0,703.0,733.0,12907843.14352868,9354018544.000063
2022-09-09 09:00:00,735.0,759.0,729.0,756.0,9967848.2693339,7458778930.733262
2022-09-10 09:00:00,756.0,761.0,737.0,752.0,5631220.72977203,4225545449.127584
2022-09-11 09:00:00,750.0,765.0,730.0,751.0,5956409.49363213,4472414507.188184
2022-09-12 09:00:00,750.0,776.0,735.0,747.0,11030551.89809751,8360889366.747538
2022-09-13 09:00:00,747.0,752.0,688.0,695.0,10586008.78067027,7625520104.286702
2022-09-14 09:00:00,695.0,715.0,688.0,710.0,4613424.18207499,3238056245.4987674
2022-09-15 09:00:00,709.0,710.0,685.0,698.0,4313745.5321275,3007622590.6123953
2022-09-16 09:00:00,698.0,706.0,682.0,702.0,3123150.89774813,2175245976.44889
2022-09-17 09:00:00,702.0,724.0,701.0,721.0,1914943.65351738,1359698538.2696874
2022-09-18 09:00:00,720.0,728.0,655.0,665.0,5482645.85455217,3792084259.325939
2022-09-19 09:00:00,666.0,690.0,650.0,684.0,8527280.510959,5757374119.957067
2022-09-20 09:00:00,682.0,691.0,668.0,674.0,4564478.81614573,3100162980.0791206
2022-09-21 09:00:00,673.0,699.0,643.0,653.0,5483925.56492724,3639121439.6831007
2022-09-22 09:00:00,653.0,688.0,652.0,683.0,2729623.11752181,1839023252.1244557
2022-09-23 09:00:00,683.0,704.0,662.0,689.0,7067006.32293234,4843509148.9963045
2022-09-24 09:00:00,689.0,698.0,670.0,675.0,3129093.60649532,2156112926.66654
2022-09-25 09:00:00,675.0,683.0,656.0,661.0,2578084.37413132,1732050834.3782554
2022-09-26 09:00:00,660.0,671.0,647.0,668.0,4021087.30613263,2658496326.8157067
2022-09-27 09:00:00,668.0,690.0,655.0,666.0,7473261.86400177,5078468284.2662735
2022-09-28 09:00:00,666.0,670.0,641.0,664.0,3325514.05025998,2180431044.914542
2022-09-29 09:00:00,664.0,670.0,651.0,660.0,2645035.8434019,1744122662.8189063
2022-09-30 09:00:00,661.0,669.0,648.0,652.0,3883672.6157613,2558759583.6433964
2022-10-01 09:00:00,652.0,657.0,648.0,651.0,1413955.26337754,922687408.3409468
2022-10-02 09:00:00,651.0,656.0,632.0,635.0,2237738.64055493,1441882851.7592947
2022-10-03 09:00:00,636.0,652.0,628.0,650.0,3118221.47617637,2007511907.252643
2022-10-04 09:00:00,650.0,659.0,646.0,653.0,2436760.81911096,1590248855.6479473
2022-10-05 09:00:00,653.0,658.0,636.0,648.0,2546088.036696,1649249118.4095473
2022-10-06 09:00:00,647.0,652.0,633.0,637.0,2058000.27576472,1321244842.8431642
2022-10-07 09:00:00,637.0,644.0,629.0,639.0,3143030.84461466,2004822248.3332455
2022-10-08 09:00:00,639.0,656.0,635.0,640.0,3843640.3640654,2482093670.311222
2022-10-09 09:00:00,640.0,649.0,637.0,644.0,1653382.92144728,1061734473.709435
2022-10-10 09:00:00,645.0,650.0,622.0,624.0,2680129.92892624,1704965453.5503254
2022-10-11 09:00:00,623.0,624.0,606.0,614.0,2330577.51807412,1428915072.9530442
2022-10-12 09:00:00,613.0,620.0,608.0,614.0,945380.70296881,580849186.7463479
2022-10-13 09:00:00,614.0,617.0,560.0,610.0,4541776.81022874,2669565775.287317
2022-10-14 09:00:00,610.0,627.0,597.0,604.0,2695620.44197724,1660442364.4756038
2022-10-15 09:00:00,606.0,616.0,601.0,616.0,2437196.76680836,1484661013.7097864
2022-10-16 09:00:00,616.0,625.0,610.0,616.0,1412515.06537266,867639030.0020759
2022-10-17 09:00:00,616.0,627.0,610.0,625.0,1475432.58891921,912882698.725144
2022-10-18 09:00:00,626.0,634.0,613.0,624.0,2642905.76210502,1648340408.5643404
2022-10-19 09:00:00,624.0,636.0,603.0,605.0,5638344.68061814,3518392834.0616903
2022-10-20 09:00:00,606.0,617.0,595.0,600.0,1463110.22970163,885439219.1894525
2022-10-21 09:00:00,599.0,608.0,573.0,599.0,2674947.94668899,1573998167.7186117
2022-10-22 09:00:00,600.0,600.0,590.0,596.0,1439930.47362573,857324226.9640951
2022-10-23 09:00:00,597.0,607.0,586.0,606.0,1715194.06400805,1021318814.2376826
2022-10-24 09:00:00,605.0,608.0,588.0,597.0,2734168.12571356,1629886276.0923314
2022-10-25 09:00:00,598.0,630.0,597.0,617.0,14665262.91990072,8996678741.230778
2022-10-26 09:00:00,617.0,633.0,614.0,620.0,3980134.30747312,2479791097.47636
2022-10-27 09:00:00,621.0,646.0,612.0,616.0,13273710.04673972,8392459737.918058
2022-10-28 09:00:00,616.0,634.0,607.0,631.0,3503679.14865775,2162410670.663594
2022-10-29 09:00:00,631.0,648.0,626.0,638.0,5304438.72021539,3378816507.213544
2022-10-30 09:00:00,637.0,678.0,630.0,644.0,17955178.78325043,11793088171.18459
2022-10-31 09:00:00,644.0,652.0,630.0,636.0,8396931.76045389,5391734920.209895
2022-11-01 09:00:00,636.0,645.0,621.0,624.0,3740931.72199286,2375931092.6907606
2022-11-02 09:00:00,622.0,626.0,593.0,604.0,5223775.27662939,3194412118.3100142
2022-11-03 09:00:00,605.0,633.0,604.0,617.0,6689951.55572264,4149086514.9646163
2022-11-04 09:00:00,617.0,664.0,613.0,662.0,7171305.0699131,4608619479.945944
2022-11-05 09:00:00,661.0,695.0,655.0,672.0,16332317.87973006,11105559321.198318
2022-11-06 09:00:00,671.0,678.0,629.0,632.0,4356631.70656961,2866413904.6506977
2022-11-07 09:00:00,631.0,660.0,619.0,653.0,3513507.76071562,2247876915.7871966
2022-11-08 09:00:00,653.0,667.0,528.0,580.0,10898265.36450926,6625235703.665974
2022-11-09 09:00:00,580.0,586.0,450.0,465.0,11085162.26843866,5756174710.819894
2022-11-10 09:00:00,463.0,535.0,457.0,526.0,9495380.57751495,4736163782.555478
2022-11-11 09:00:00,526.0,531.0,455.0,487.0,6987701.61620957,3443668738.3899026
2022-11-12 09:00:00,488.0,488.0,447.0,453.0,6468827.38693475,2983305822.453662
2022-11-13 09:00:00,454.0,482.0,421.0,426.0,14414379.94002376,6430369211.520469
2022-11-14 09:00:00,425.0,436.0,397.0,428.0,7073293.02091005,2948798676.357137
2022-11-15 09:00:00,427.0,448.0,419.0,437.0,4922207.63658073,2142932639.429719
2022-11-16 09:00:00,438.0,447.0,423.0,430.0,4379654.74693078,1911616508.5358343
2022-11-17 09:00:00,430.0,432.0,416.0,420.0,2401364.51890507,1016393746.8380488
2022-11-18 09:00:00,421.0,430.0,418.0,427.0,2332367.27816422,992299079.5771234
2022-11-19 09:00:00,428.0,440.0,419.0,437.0,6907493.28168998,2969365837.4588623
2022-11-20 09:00:00,437.0,443.0,405.0,411.0,8587423.83399891,3693955137.4423423
2022-11-21 09:00:00,411.0,419.0,392.0,399.0,8700747.43292688,3503712610.002103
2022-11-22 09:00:00,399.0,412.0,387.0,411.0,9133385.76738468,3651418496.926798
2022-11-23 09:00:00,410.0,423.0,409.0,421.0,6691221.2146163,2782629684.397075
2022-11-24 09:00:00,420.0,432.0,404.0,421.0,9180928.47902535,3847458598.711831
2022-11-25 09:00:00,421.0,423.0,401.0,418.0,4486958.61940595,1850118795.7167888
2022-11-26 09:00:00,416.0,426.0,413.0,418.0,3516159.84829177,1476344132.1788783
2022-11-27 09:00:00,417.0,433.0,415.0,420.0,6435378.3806962,2734175064.9206724
2022-11-28 09:00:00,419.0,422.0,402.0,407.0,5135482.8221649,2095722578.8865101
2022-11-29 09:00:00,408.0,415.0,401.0,408.0,2829968.1019626,1154000880.9342024
2022-11-30 09:00:00,408.0,428.0,408.0,423.0,10000861.01707836,4180515974.183613
2022-12-01 09:00:00,422.0,423.0,411.0,415.0,4371461.51198022,1823281415.8962333
2022-12-02 09:00:00,415.0,424.0,403.0,420.0,4436517.83181491,1832776320.1706078
2022-12-03 09:00:00,420.0,428.0,409.0,410.0,3603450.46092519,1505030928.3431554
2022-12-04 09:00:00,410.0,425.0,409.0,419.0,4669183.9544869,1941286613.0885634
2022-12-05 09:00:00,418.0,433.0,416.0,427.0,8562363.81308695,3643807037.395642
2022-12-06 09:00:00,427.0,428.0,417.0,419.0,4898308.51029177,2066814796.9423683
2022-12-07 09:00:00,419.0,435.0,393.0,401.0,12153073.70005241,5015508092.611502
2022-12-08 09:00:00,400.0,410.0,394.0,407.0,3171645.18160229,1268315438.7286103
2022-12-09 09:00:00,407.0,410.0,402.0,408.0,2694758.587457,1091968206.4193614
2022-12-10 09:00:00,408.0,413.0,405.0,411.0,2424378.63178125,992210613.7489675
2022-12-11 09:00:00,411.0,418.0,404.0,405.0,3901337.97806135,1606849714.4798758
2022-12-12 09:00:00,404.0,405.0,390.0,399.0,3492615.20519729,1383032201.623243
2022-12-13 09:00:00,399.0,402.0,375.0,397.0,6729728.77452052,2613657107.8712397
2022-12-14 09:00:00,398.0,408.0,391.0,392.0,5453733.72701888,2181570831.311395
2022-12-15 09:00:00,393.0,395.0,383.0,385.0,2767322.13300525,1074797618.0332046
2022-12-16 09:00:00,386.0,387.0,340.0,350.0,4906799.95372597,1789082206.1174707
2022-12-17 09:00:00,349.0,355.0,332.0,349.0,2649384.10623852,908869522.8680761
2022-12-18 09:00:00,349.0,350.0,342.0,347.0,801504.9311745,277014412.69310844
2022-12-19 09:00:00,348.0,354.0,322.0,327.0,3346863.53165345,1148711470.4121275
2022-12-20 09:00:00,327.0,347.0,327.0,345.0,2136063.73525511,726331375.2389542
2022-12-21 09:00:00,345.0,346.0,336.0,339.0,1513823.82591486,515368414.1040299
2022-12-22 09:00:00,339.0,342.0,329.0,340.0,1948042.38563062,656050754.0961251
2022-12-23 09:00:00,342.0,351.0,339.0,349.0,1969296.14497826,677121280.1979514
2022-12-24 09:00:00,349.0,350.0,342.0,345.0,1390230.45068413,481372270.4999122
2022-12-25 09:00:00,345.0,346.0,335.0,338.0,1336312.75022935,455743466.7021425
2022-12-26 09:00:00,338.0,340.0,332.0,340.0,1403828.03644862,472199361.17188954
2022-12-27 09:00:00,340.0,344.0,324.0,328.0,4090340.50593832,1378151550.3743882
2022-12-28 09:00:00,329.0,329.0,308.0,309.0,2520895.47488895,797782488.8703932
2022-12-29 09:00:00,309.0,314.0,299.0,305.0,2144300.81353666,659091257.0384723
2022-12-30 09:00:00,305.0,306.0,292.0,301.0,1448040.93861632,430976620.72204596
2022-12-31 09:00:00,302.0,312.0,300.0,306.0,1138741.60219647,349085421.3579612
2023-01-01 09:00:00,308.0,312.0,305.0,310.0,726270.32502487,223823267.55674872
2023-01-02 09:00:00,310.0,320.0,302.0,317.0,2321983.46496495,721389903.5660912
2023-01-03 09:00:00,316.0,320.0,308.0,313.0,2743391.61452111,859644869.066318
2023-01-04 09:00:00,313.0,324.0,312.0,321.0,3940693.59777013,1257022042.7869856
2023-01-05 09:00:00,321.0,329.0,315.0,321.0,5842529.87942529,1885941009.714803
2023-01-06 09:00:00,322.0,327.0,313.0,325.0,4962001.79994026,1580017560.6605215
2023-01-07 09:00:00,325.0,346.0,323.0,333.0,14993976.58142106,5042791630.44358
2023-01-08 09:00:00,333.0,354.0,325.0,350.0,7658958.88533128,2583119270.0551753
2023-01-09 09:00:00,350.0,391.0,349.0,365.0,16583928.47004536,6092226040.812353
2023-01-10 09:00:00,367.0,382.0,356.0,366.0,6638948.17406198,2426798938.8684444
2023-01-11 09:00:00,366.0,378.0,356.0,377.0,4406861.24875215,1608591287.9485245
2023-01-12 09:00:00,377.0,384.0,365.0,381.0,5939880.05359907,2233149387.264793
2023-01-13 09:00:00,381.0,427.0,375.0,417.0,20737373.84549484,8305781184.0462475
2023-01-14 09:00:00,417.0,452.0,397.0,434.0,33127661.10076562,14200800738.604395
2023-01-15 09:00:00,434.0,452.0,410.0,446.0,19981868.7776211,8622968880.496506
2023-01-16 09:00:00,446.0,480.0,431.0,448.0,22957628.67516233,10493502364.023176
2023-01-17 09:00:00,449.0,470.0,435.0,447.0,14986386.25254739,6802857624.062505
2023-01-18 09:00:00,447.0,537.0,447.0,451.0,157810867.64095008,78605583946.68547
2023-01-19 09:00:00,452.0,579.0,437.0,511.0,233071117.8626587,124142144256.00526
2023-01-20 09:00:00,512.0,548.0,504.0,538.0,86775280.20677595,45696732140.49263
2023-01-21 09:00:00,538.0,565.0,517.0,542.0,41728312.84772956,22743632515.545513
2023-01-22 09:00:00,543.0,569.0,520.0,542.0,26125815.75031613,14264804057.575792
2023-01-23 09:00:00,542.0,564.0,530.0,540.0,22303963.15367444,12183064248.272629
2023-01-24 09:00:00,539.0,561.0,481.0,505.0,27878938.22068107,15016424332.54074
2023-01-25 09:00:00,504.0,536.0,490.0,531.0,15146178.78295734,7689223398.973013
2023-01-26 09:00:00,532.0,540.0,514.0,525.0,9216140.87960876,4852469932.435934
2023-01-27 09:00:00,525.0,534.0,504.0,533.0,10395279.08931171,5368242357.987743
2023-01-28 09:00:00,533.0,673.0,532.0,582.0,203286672.6593478,121338616654.90765
2023-01-29 09:00:00,582.0,596.0,563.0,591.0,28665016.55932304,16580086946.113083
2023-01-30 09:00:00,591.0,596.0,525.0,550.0,15355226.01569222,8553439542.835024
2023-01-31 09:00:00,550.0,577.0,537.0,577.0,6682643.01529437,3703068648.3620353
2023-02-01 09:00:00,577.0,594.0,537.0,589.0,17404112.84220202,10007011441.759016
2023-02-02 09:00:00,590.0,608.0,575.0,580.0,15209427.48795457,9040701422.787226
2023-02-03 09:00:00,580.0,595.0,570.0,592.0,9486711.67104056,5519493701.918412
2023-02-04 09:00:00,593.0,618.0,585.0,599.0,11214810.68680949,6721187141.101416
2023-02-05 09:00:00,599.0,633.0,559.0,575.0,38018946.17703512,22906875938.487667
2023-02-06 09:00:00,575.0,622.0,565.0,593.0,31069483.23975234,18600249220.173286
2023-02-07 09:00:00,593.0,666.0,578.0,651.0,23124251.11615184,14397116913.517576
2023-02-08 09:00:00,650.0,673.0,610.0,641.0,20039218.24301138,13052445174.93674
2023-02-09 09:00:00,642.0,663.0,566.0,573.0,20085012.88074154,12511696629.946571
2023-02-10 09:00:00,572.0,579.0,556.0,573.0,9568764.65400751,5436260170.429978
2023-02-11 09:00:00,572.0,602.0,566.0,602.0,7533330.06968833,4387677359.453194
2023-02-12 09:00:00,602.0,602.0,573.0,581.0,7245375.55901904,4279196009.81619
2023-02-13 09:00:00,580.0,585.0,538.0,556.0,8588323.45931244,4801380999.307984
2023-02-14 09:00:00,556.0,576.0,537.0,574.0,6725098.88590576,3750041303.6533666
2023-02-15 09:00:00,575.0,622.0,569.0,621.0,9632877.07719496,5669837613.323094
2023-02-16 09:00:00,621.0,637.0,583.0,588.0,14010700.75822917,8675465828.57417
2023-02-17 09:00:00,588.0,631.0,585.0,627.0,12133816.38975928,7499803516.825491
2023-02-18 09:00:00,627.0,640.0,615.0,632.0,4697252.80704181,2962898049.168109
2023-02-19 09:00:00,631.0,655.0,613.0,628.0,8221713.67588654,5221406674.943654
2023-02-20 09:00:00,628.0,703.0,619.0,669.0,45865177.75933262,30711942912.08205
2023-02-21 09:00:00,669.0,680.0,636.0,654.0,15851134.83931174,10504306195.535603
2023-02-22 09:00:00,653.0,661.0,616.0,638.0,8259098.13511333,5227962366.334827
2023-02-23 09:00:00,639.0,746.0,638.0,717.0,195265135.65955105,139056999081.3755
2023-02-24 09:00:00,718.0,720.0,654.0,664.0,39404426.94742028,27087978756.14582
2023-02-25 09:00:00,665.0,666.0,610.0,632.0,11094744.57688722,7105250420.262137
2023-02-26 09:00:00,632.0,656.0,616.0,652.0,6198169.4587829,3933791362.194501
2023-02-27 09:00:00,652.0,653.0,625.0,643.0,7108224.04908996,4553900417.011291
2023-02-28 09:00:00,643.0,645.0,632.0,633.0,1122310.18044582,715777768.1782361
