2020-08-21 09:00:00,175.0,842.0,175.0,199.0,462087298.1664015,105710791339.46326
2020-08-22 09:00:00,199.0,205.0,190.0,200.0,266172517.55501327,53382779887.504776
2020-08-23 09:00:00,199.0,205.0,197.0,202.0,49746918.36735471,10024753537.27126
2020-08-24 09:00:00,202.0,215.0,200.0,205.0,23617081.73830164,4868345515.993819
2020-08-25 09:00:00,205.0,206.0,198.0,201.0,9316860.40574299,1891216917.0988367
2020-08-26 09:00:00,201.0,202.0,196.0,202.0,3000147.5805376,597961487.2666429
2020-08-27 09:00:00,202.0,203.0,196.0,200.0,2924127.98933063,582249022.0937396
2020-08-28 09:00:00,200.0,204.0,198.0,202.0,1338504.62949138,268930550.3483503
2020-08-29 09:00:00,202.0,204.0,200.0,203.0,1457698.52594404,294326519.61973655
2020-08-30 09:00:00,204.0,209.0,203.0,208.0,3841387.749896,790722565.1979599
2020-08-31 09:00:00,207.0,223.0,206.0,211.0,8313176.99714344,1760603825.321317
2020-09-01 09:00:00,209.0,215.0,208.0,212.0,2121331.50756868,448624885.2988438
2020-09-02 09:00:00,211.0,214.0,203.0,207.0,3591039.58090258,746355690.762059
2020-09-03 09:00:00,208.0,209.0,181.0,184.0,2640961.30699146,518618746.59714043
2020-09-04 09:00:00,184.0,191.0,180.0,190.0,2050730.64472244,379769229.77881485
2020-09-05 09:00:00,188.0,191.0,177.0,183.0,1132556.11472209,206438337.69054154
2020-09-06 09:00:00,182.0,186.0,177.0,181.0,840711.47407328,152237218.14446634
2020-09-07 09:00:00,181.0,183.0,168.0,178.0,1376228.31987538,242855111.77459055
2020-09-08 09:00:00,178.0,180.0,172.0,177.0,2271798.66742955,400950061.71521765
2020-09-09 09:00:00,177.0,182.0,174.0,177.0,1026631.36706796,182649601.36960927
2020-09-10 09:00:00,179.0,183.0,177.0,179.0,1227437.55763814,222157207.85412624
2020-09-11 09:00:00,181.0,193.0,174.0,190.0,2263877.23296965,419933846.9993327
2020-09-12 09:00:00,191.0,195.0,184.0,194.0,1262653.19527129,239158649.08155358
2020-09-13 09:00:00,193.0,198.0,189.0,192.0,1337464.7416958,259480063.415495
2020-09-14 09:00:00,191.0,203.0,189.0,200.0,988694.89035048,193445340.90880278
2020-09-15 09:00:00,200.0,204.0,196.0,201.0,855099.21725411,171017401.9056952
2020-09-16 09:00:00,200.0,201.0,196.0,198.0,1532054.98427382,302437261.302269
2020-09-17 09:00:00,197.0,200.0,191.0,192.0,801070.16774725,156386590.7536127
2020-09-18 09:00:00,192.0,196.0,187.0,193.0,941526.60977894,181272789.0793858
2020-09-19 09:00:00,194.0,197.0,193.0,194.0,311642.26059154,60700923.98012447
2020-09-20 09:00:00,196.0,196.0,169.0,187.0,2395150.58474174,434557079.16179
2020-09-21 09:00:00,189.0,190.0,177.0,179.0,863859.31122237,156620995.85001016
2020-09-22 09:00:00,179.0,180.0,175.0,179.0,339119.3185601,59792462.85178631
2020-09-23 09:00:00,178.0,180.0,171.0,174.0,395180.97185426,69400709.04223599
2020-09-24 09:00:00,174.0,182.0,171.0,180.0,289709.40841579,50690475.22374131
2020-09-25 09:00:00,180.0,182.0,177.0,179.0,515393.75259556,92525791.653725
2020-09-26 09:00:00,180.0,181.0,177.0,178.0,166950.84613541,29894356.08680237
2020-09-27 09:00:00,179.0,182.0,175.0,180.0,223633.83116869,39979025.71378657
2020-09-28 09:00:00,180.0,184.0,177.0,180.0,379715.04443651,69009253.9540094
2020-09-29 09:00:00,178.0,180.0,176.0,178.0,465994.25703373,82835828.00694972
2020-09-30 09:00:00,178.0,181.0,176.0,177.0,345004.81772936,61451528.79455885
2020-10-01 09:00:00,177.0,180.0,173.0,175.0,373989.51933476,65992709.15421619
2020-10-02 09:00:00,176.0,176.0,169.0,173.0,684325.00784271,117752905.1702618
2020-10-03 09:00:00,174.0,174.0,170.0,172.0,70962.12237008,12231390.99056557
2020-10-04 09:00:00,172.0,175.0,171.0,174.0,77163.62474024,13340771.79373911
2020-10-05 09:00:00,174.0,175.0,170.0,175.0,305042.68793297,52859488.800625
2020-10-06 09:00:00,175.0,175.0,171.0,172.0,676869.44098352,116678546.30599052
2020-10-07 09:00:00,172.0,173.0,170.0,170.0,205393.38022181,35240942.53036495
2020-10-08 09:00:00,171.0,177.0,169.0,173.0,595466.3975634,103040096.51321706
2020-10-09 09:00:00,175.0,177.0,172.0,174.0,1055912.91188408,184104366.8956526
2020-10-10 09:00:00,174.0,209.0,174.0,175.0,4677101.36212494,851837277.0609769
2020-10-11 09:00:00,175.0,178.0,173.0,175.0,1185753.20359157,208456308.73491105
2020-10-12 09:00:00,175.0,179.0,173.0,178.0,839570.32442136,147470420.89814177
2020-10-13 09:00:00,178.0,178.0,169.0,169.0,1237458.90070283,212775305.56139314
2020-10-14 09:00:00,170.0,171.0,159.0,161.0,1513422.84616568,249886666.0312349
2020-10-15 09:00:00,160.0,161.0,157.0,159.0,893930.96709714,142288741.3829036
2020-10-16 09:00:00,160.0,161.0,155.0,157.0,412349.0341799,64829161.8015422
2020-10-17 09:00:00,158.0,162.0,153.0,156.0,794300.56474058,123751730.18002075
2020-10-18 09:00:00,156.0,156.0,139.0,140.0,15961124.93405019,2283034064.968365
2020-10-19 09:00:00,140.0,141.0,123.0,127.0,19298563.49666523,2478776213.823676
2020-10-20 09:00:00,127.0,129.0,120.0,123.0,5775672.26162979,718808973.7142143
2020-10-21 09:00:00,122.0,124.0,114.0,116.0,12198767.3782088,1435898556.8036323
2020-10-22 09:00:00,115.0,117.0,109.0,111.0,15578568.26790043,1753051026.2583458
2020-10-23 09:00:00,111.0,115.0,105.0,113.0,13883021.47701076,1510118759.1108835
2020-10-24 09:00:00,114.0,118.0,112.0,115.0,6073931.49430125,695964591.2030168
2020-10-25 09:00:00,114.0,119.0,109.0,110.0,4040005.44433246,458072257.45120823
2020-10-26 09:00:00,110.0,118.0,107.0,108.0,9277595.18130904,1025078895.0114179
2020-10-27 09:00:00,110.0,113.0,106.0,110.0,5793808.10176801,631244408.1821595
2020-10-28 09:00:00,110.0,113.0,100.0,102.0,4959163.33843882,521376498.0090414
2020-10-29 09:00:00,102.0,103.0,100.0,103.0,2029333.05621451,205893738.3710159
2020-10-30 09:00:00,103.0,103.0,95.2,95.9,2925233.32228761,288798984.4212487
2020-10-31 09:00:00,95.9,97.5,93.6,96.4,1920718.07132505,183704351.1989759
2020-11-01 09:00:00,96.4,98.2,96.2,96.4,1049584.48017061,101987551.80081049
2020-11-02 09:00:00,96.5,97.5,91.4,91.4,1843689.82751797,175006282.19384652
2020-11-03 09:00:00,91.5,91.8,84.2,89.9,3075076.30069614,270983241.7213628
2020-11-04 09:00:00,89.9,89.9,85.5,87.0,965059.80700649,84604609.75382717
2020-11-05 09:00:00,87.9,89.5,86.0,88.2,1251996.50576127,110245307.96755432
2020-11-06 09:00:00,88.3,93.0,86.9,91.1,23716345.59835386,2109181735.5181775
2020-11-07 09:00:00,91.3,91.5,81.5,82.3,35502922.22846298,3132388629.013481
2020-11-08 09:00:00,82.3,84.8,81.0,83.0,9118050.90307152,752406349.530145
2020-11-09 09:00:00,83.1,83.6,78.0,79.3,12282547.3802614,984810665.6484374
2020-11-10 09:00:00,79.1,79.9,77.3,78.2,13217139.86143741,1040441649.1486706
2020-11-11 09:00:00,78.2,79.1,77.4,78.8,11490681.80354396,899729323.0574722
2020-11-12 09:00:00,79.0,81.0,77.7,79.3,8733466.26284808,690808479.4172199
2020-11-13 09:00:00,79.3,80.1,77.1,78.0,8516448.20636349,667420378.5443078
2020-11-14 09:00:00,78.0,78.2,74.8,75.4,9308131.8168482,709605865.2679089
2020-11-15 09:00:00,75.4,75.5,71.0,71.9,7216513.95710589,531600347.2284821
2020-11-16 09:00:00,71.8,73.1,70.1,71.7,7894416.47283257,564156427.2646075
2020-11-17 09:00:00,72.0,73.6,70.1,71.6,8580626.70330855,613604776.4964206
2020-11-18 09:00:00,71.5,76.0,70.2,73.2,16282201.97328331,1185229483.1283472
2020-11-19 09:00:00,73.0,75.2,72.1,74.5,7651054.33497986,565004861.9220458
2020-11-20 09:00:00,74.4,86.3,73.6,85.7,21955422.55023111,1761729203.912386
2020-11-21 09:00:00,85.7,87.7,80.2,80.4,24620347.23924732,2046175982.489577
2020-11-22 09:00:00,80.4,81.6,75.0,78.0,14883936.59576058,1173013632.9992385
2020-11-23 09:00:00,78.1,80.4,76.3,79.2,9490397.22648192,744574741.8245602
2020-11-24 09:00:00,79.0,92.2,77.9,89.2,30245471.41148523,2568142556.0238476
2020-11-25 09:00:00,89.2,91.4,86.0,87.4,15088602.66273858,1340230418.7661605
2020-11-26 09:00:00,87.3,87.8,69.9,72.4,24017925.44788175,1858236488.1583314
2020-11-27 09:00:00,72.4,76.5,68.3,72.3,12706713.18732859,901212134.682809
2020-11-28 09:00:00,72.3,73.3,70.4,71.9,10051812.94696446,719786089.5157789
2020-11-29 09:00:00,71.9,73.1,70.6,72.9,5387721.79552059,388676665.3826972
2020-11-30 09:00:00,72.8,75.8,71.4,75.8,6634887.0477888,484102490.1902461
2020-12-01 09:00:00,75.9,77.5,71.3,73.7,24308392.86165327,1807996598.2045674
2020-12-02 09:00:00,73.4,74.6,71.3,74.2,26341701.43901195,1910844892.8192668
2020-12-03 09:00:00,74.2,75.1,71.3,72.5,24208365.42075335,1755026453.0429013
2020-12-04 09:00:00,72.3,72.7,69.1,69.4,12983540.74552257,921924016.8734286
2020-12-05 09:00:00,69.3,70.3,68.6,70.2,15506528.59036099,1076946698.5033665
2020-12-06 09:00:00,70.2,70.5,68.5,69.1,11104887.8472061,769657980.2676175
2020-12-07 09:00:00,69.1,70.2,68.6,69.8,15977200.11920149,1104444989.4975722
2020-12-08 09:00:00,69.7,70.3,65.2,65.8,16783092.40709082,1143623689.356088
2020-12-09 09:00:00,65.9,66.7,61.7,65.6,13165821.73907525,848675761.1126198
2020-12-10 09:00:00,66.1,67.7,63.9,64.8,7971999.29059347,525146016.3351897
2020-12-11 09:00:00,64.6,64.8,62.0,63.6,5981564.34096133,379041688.0918463
2020-12-12 09:00:00,63.7,65.4,63.7,64.8,4975804.19925188,321493882.4324149
2020-12-13 09:00:00,64.7,67.4,64.3,66.2,5647534.86785313,373601854.42149913
2020-12-14 09:00:00,65.9,66.7,65.0,65.9,3642410.69235597,239385032.26217142
2020-12-15 09:00:00,66.3,69.5,65.9,67.1,9471403.02908854,640442040.9229026
2020-12-16 09:00:00,66.8,69.8,66.0,69.4,9664551.2446194,653540738.7417893
2020-12-17 09:00:00,69.5,75.1,68.5,72.1,28943977.11432517,2093391557.5428038
2020-12-18 09:00:00,72.1,73.2,70.4,70.9,14797901.03015762,1057935617.2745498
2020-12-19 09:00:00,70.9,73.5,70.4,72.3,19173616.6073529,1380137135.3394878
2020-12-20 09:00:00,72.4,75.0,71.0,72.4,21403449.5467251,1563459486.5076864
2020-12-21 09:00:00,72.3,85.8,62.2,66.2,84944536.86314444,6274957857.054563
2020-12-22 09:00:00,66.3,68.9,64.9,68.3,15508468.29708203,1035599859.4910911
2020-12-23 09:00:00,68.2,69.3,62.1,63.0,16981302.06873301,1117091377.270467
2020-12-24 09:00:00,62.8,65.0,60.4,64.8,9689531.30601449,608186437.8617475
2020-12-25 09:00:00,64.7,66.6,62.3,64.0,8436215.84904783,545710981.4644942
2020-12-26 09:00:00,63.4,66.5,63.3,65.8,4822576.01529748,314134271.3280831
2020-12-27 09:00:00,65.8,66.8,61.6,63.7,15837357.48351132,1027410104.2952209
2020-12-28 09:00:00,63.8,66.8,63.3,66.0,10210370.07329119,662290888.7333125
2020-12-29 09:00:00,66.0,66.7,63.3,64.7,8157189.26685195,531000139.0490424
2020-12-30 09:00:00,64.6,76.4,63.5,65.4,69197143.9625288,4760896124.965078
2020-12-31 09:00:00,65.3,66.2,62.4,64.8,8885732.88975107,573829409.6918491
2021-01-01 09:00:00,64.4,66.0,64.0,65.1,13717992.68442759,889491637.8521998
2021-01-02 09:00:00,65.1,101.0,65.1,68.5,696545771.3323357,51916295362.247284
2021-01-03 09:00:00,68.5,69.4,64.8,68.5,104521978.78540906,7016055506.575172
2021-01-04 09:00:00,68.0,87.1,65.6,75.0,275936211.14961857,21027799102.40402
2021-01-05 09:00:00,75.0,75.6,70.3,74.3,37268191.03518604,2708842615.327234
2021-01-06 09:00:00,74.4,87.0,72.6,85.3,99964699.79005075,7818904347.978711
2021-01-07 09:00:00,85.3,90.9,81.1,88.3,39355142.08867402,3336688836.43811
2021-01-08 09:00:00,88.2,118.0,81.5,94.8,167588088.95751894,16680698408.460485
2021-01-09 09:00:00,94.6,97.0,87.5,94.3,40887983.28255132,3781259139.3006024
2021-01-10 09:00:00,94.2,103.0,80.0,88.6,62008230.35875276,5899813944.095613
2021-01-11 09:00:00,88.6,88.9,67.0,75.3,30933220.72991286,2351778662.235463
2021-01-12 09:00:00,75.3,79.1,70.8,74.5,20888790.13952505,1564237074.6338124
2021-01-13 09:00:00,74.5,80.2,72.8,78.6,10201680.28632359,769264231.786684
2021-01-14 09:00:00,79.4,84.5,76.1,83.9,32506681.17845968,2597730841.8173223
2021-01-15 09:00:00,83.9,84.8,74.3,80.3,27942738.38182521,2221840595.659934
2021-01-16 09:00:00,80.3,87.5,79.9,85.4,58061714.21870074,4842714666.272067
2021-01-17 09:00:00,85.4,109.0,82.6,89.2,188513059.1253385,17411631910.97084
2021-01-18 09:00:00,89.2,95.6,85.3,92.5,42508052.03461276,3798583445.925714
2021-01-19 09:00:00,92.5,97.9,87.6,96.4,23471720.32746191,2183779272.9531493
2021-01-20 09:00:00,96.4,97.5,88.0,94.1,27974400.17290546,2584074097.5337224
2021-01-21 09:00:00,93.8,94.1,80.0,81.2,40356064.43592299,3474135203.8667383
2021-01-22 09:00:00,80.4,86.5,71.8,81.9,40903904.21136494,3239042536.8884406
2021-01-23 09:00:00,82.1,83.3,76.9,80.2,22977169.070638,1852092177.1344464
2021-01-24 09:00:00,80.2,83.5,78.6,80.1,23859617.52589751,1921295731.0382314
2021-01-25 09:00:00,80.3,83.3,78.6,79.8,22362749.15732868,1815273033.034023
2021-01-26 09:00:00,79.8,80.1,76.0,78.5,18705468.653811,1454179483.3612332
2021-01-27 09:00:00,78.5,84.9,70.8,73.6,64574939.38532046,5051009421.565543
2021-01-28 09:00:00,73.7,78.0,72.3,77.2,35609563.66580785,2673163293.2544775
2021-01-29 09:00:00,77.1,79.7,73.9,75.2,39452849.97800084,3004832532.634724
2021-01-30 09:00:00,75.1,75.2,70.5,71.1,53780853.25092267,3890493063.1352105
2021-01-31 09:00:00,71.1,71.7,67.2,68.7,71699398.82596971,4965591917.872063
2021-02-01 09:00:00,68.7,69.8,65.1,66.5,76694029.76475194,5133902032.637269
2021-02-02 09:00:00,66.5,68.0,65.5,67.3,52221600.32611849,3489063376.0761256
2021-02-03 09:00:00,67.4,72.7,67.1,71.2,117732489.61943357,8229366789.437315
2021-02-04 09:00:00,71.2,71.7,65.5,69.4,105426401.74441901,7324168131.728587
2021-02-05 09:00:00,69.2,73.7,68.9,72.7,119445576.47291124,8449630193.907556
2021-02-06 09:00:00,72.7,76.6,69.2,73.2,196314238.5149388,14347195439.778175
2021-02-07 09:00:00,73.1,73.4,69.8,71.7,118620254.59364913,8445050793.211284
2021-02-08 09:00:00,71.7,74.6,70.5,74.6,132769458.90305053,9567597758.619846
2021-02-09 09:00:00,74.5,78.0,72.1,77.0,197091700.20735714,14939359216.110043
2021-02-10 09:00:00,77.0,83.2,74.0,80.4,329188991.24226624,26031190427.161102
2021-02-11 09:00:00,80.4,87.8,78.9,87.5,369718329.07956725,31255580940.48835
2021-02-12 09:00:00,87.5,99.4,86.1,94.6,684875832.6286949,63888956696.59259
2021-02-13 09:00:00,94.6,104.0,88.6,101.0,493426712.1001767,48088648845.716415
2021-02-14 09:00:00,101.0,106.0,93.4,97.0,293918035.34968334,29062918721.284565
2021-02-15 09:00:00,97.0,103.0,79.5,94.5,340786370.26229626,31786421996.9204
2021-02-16 09:00:00,94.5,98.1,90.7,94.3,153309188.7868978,14533371597.682186
2021-02-17 09:00:00,94.2,119.0,92.0,112.0,836056543.6391017,89203520252.64479
2021-02-18 09:00:00,112.0,147.0,111.0,135.0,1087082892.5995946,137347908341.65538
2021-02-19 09:00:00,135.0,158.0,123.0,156.0,749200822.484461,107165365247.51137
2021-02-20 09:00:00,156.0,175.0,142.0,158.0,568952153.5854573,91567598098.45047
2021-02-21 09:00:00,159.0,167.0,151.0,161.0,323319290.8450353,51679037543.98235
2021-02-22 09:00:00,161.0,321.0,145.0,241.0,5454964844.752991,1405361489418.4817
2021-02-23 09:00:00,241.0,243.0,155.0,180.0,2585362055.552876,481806876664.89813
2021-02-24 09:00:00,180.0,214.0,160.0,183.0,1668864251.7405803,313473615265.57367
2021-02-25 09:00:00,183.0,205.0,175.0,178.0,1236284203.1827252,235563027596.15714
2021-02-26 09:00:00,178.0,187.0,167.0,178.0,738086019.9834025,131227740111.91333
2021-02-27 09:00:00,178.0,183.0,169.0,174.0,447953802.3762614,78732086591.12225
2021-02-28 09:00:00,174.0,177.0,145.0,154.0,494484292.77135646,79593607675.35965
2021-03-01 09:00:00,154.0,170.0,152.0,169.0,289626011.5746673,46854535847.68218
2021-03-02 09:00:00,169.0,185.0,163.0,178.0,528765014.1880248,92643538687.7692
2021-03-03 09:00:00,177.0,184.0,174.0,181.0,485294037.82773066,86868261681.23459
2021-03-04 09:00:00,180.0,187.0,169.0,174.0,451875726.967249,79865409270.33702
2021-03-05 09:00:00,175.0,176.0,166.0,175.0,228566397.8751721,38978356470.49202
2021-03-06 09:00:00,174.0,180.0,169.0,176.0,267621380.40480986,46938700916.751785
2021-03-07 09:00:00,176.0,183.0,175.0,182.0,263099483.6651389,47188767962.25458
2021-03-08 09:00:00,182.0,185.0,177.0,183.0,267067398.93818435,48344463157.337746
2021-03-09 09:00:00,184.0,199.0,179.0,195.0,408312990.79550815,77071872108.26378
2021-03-10 09:00:00,196.0,202.0,179.0,197.0,430330203.78491104,82978506347.2505
2021-03-11 09:00:00,197.0,229.0,191.0,217.0,713658340.1074015,150365611742.90112
2021-03-12 09:00:00,217.0,236.0,213.0,219.0,629434785.8029042,141165654340.00897
2021-03-13 09:00:00,219.0,228.0,203.0,226.0,624944234.8426317,134646777064.86188
2021-03-14 09:00:00,226.0,231.0,206.0,214.0,377070499.27307534,82100697678.11203
2021-03-15 09:00:00,213.0,220.0,185.0,204.0,613338973.5508543,125282347237.48178
2021-03-16 09:00:00,204.0,265.0,191.0,224.0,1019137814.4998114,223222953637.28836
2021-03-17 09:00:00,224.0,233.0,201.0,225.0,677658921.6542639,148108389514.2177
2021-03-18 09:00:00,225.0,286.0,223.0,251.0,1569154509.3298576,399679111259.0322
2021-03-19 09:00:00,251.0,297.0,240.0,278.0,1009463921.0953428,272835342601.3119
2021-03-20 09:00:00,278.0,297.0,237.0,248.0,910856461.6935271,250722812685.1976
2021-03-21 09:00:00,247.0,262.0,237.0,256.0,475375289.5999168,118113855969.40437
2021-03-22 09:00:00,256.0,276.0,245.0,248.0,709973579.1602743,184101692459.5825
2021-03-23 09:00:00,248.0,261.0,227.0,250.0,609074367.973555,148598595143.9981
2021-03-24 09:00:00,250.0,288.0,242.0,260.0,839535154.330121,223209328974.92685
2021-03-25 09:00:00,260.0,264.0,235.0,245.0,523934730.0156896,129048102119.22739
2021-03-26 09:00:00,245.0,255.0,239.0,248.0,379073527.00726676,93503367063.16313
2021-03-27 09:00:00,247.0,248.0,237.0,241.0,221335027.1127857,53613396036.652626
2021-03-28 09:00:00,241.0,244.0,235.0,240.0,242820230.12183183,58049853547.51423
2021-03-29 09:00:00,239.0,265.0,237.0,254.0,602391992.788766,152409344911.8538
2021-03-30 09:00:00,254.0,268.0,251.0,259.0,350583110.7577021,90989635692.57933
2021-03-31 09:00:00,260.0,262.0,240.0,253.0,358500255.893018,90452688405.5355
2021-04-01 09:00:00,254.0,267.0,252.0,260.0,523621693.43235546,135655110876.36983
2021-04-02 09:00:00,261.0,275.0,252.0,270.0,601448931.8869268,158854378904.29767
2021-04-03 09:00:00,271.0,290.0,253.0,255.0,600377641.4063537,164636205870.3794
2021-04-04 09:00:00,255.0,275.0,250.0,274.0,289490909.8704467,76620761277.37663
2021-04-05 09:00:00,275.0,310.0,267.0,299.0,593403584.2772545,167963806506.28232
2021-04-06 09:00:00,299.0,304.0,267.0,283.0,467757465.17836815,132466544653.22931
2021-04-07 09:00:00,283.0,343.0,187.0,239.0,1100423766.6881113,292347689810.2326
2021-04-08 09:00:00,240.0,264.0,233.0,263.0,293206536.41178834,73330853672.05905
2021-04-09 09:00:00,262.0,277.0,253.0,274.0,251226638.81113663,66702433913.55356
2021-04-10 09:00:00,275.0,316.0,270.0,283.0,602079528.0535271,174128416288.61932
2021-04-11 09:00:00,283.0,297.0,261.0,280.0,404447209.08858174,113680322972.70532
2021-04-12 09:00:00,280.0,285.0,265.0,272.0,194330917.506535,52948558182.025925
2021-04-13 09:00:00,272.0,293.0,270.0,285.0,359539880.8343961,101183344536.18137
2021-04-14 09:00:00,285.0,317.0,276.0,311.0,681704576.7994595,202047522536.88834
2021-04-15 09:00:00,312.0,315.0,289.0,311.0,316977197.0490605,95303914589.29341
2021-04-16 09:00:00,311.0,333.0,290.0,307.0,507055642.463914,153458086519.27075
2021-04-17 09:00:00,307.0,331.0,298.0,305.0,461997371.42815185,143903352168.82562
2021-04-18 09:00:00,305.0,308.0,246.0,277.0,609993686.5559262,165941696054.53467
2021-04-19 09:00:00,278.0,281.0,244.0,251.0,404541528.4578433,106601278486.53786
2021-04-20 09:00:00,251.0,252.0,216.0,244.0,480371594.2074383,112616279744.80504
2021-04-21 09:00:00,244.0,254.0,239.0,245.0,187764790.1680532,46280476017.07481
2021-04-22 09:00:00,245.0,248.0,187.0,200.0,337083700.6324512,74698514016.47096
2021-04-23 09:00:00,200.0,207.0,156.0,204.0,412523980.3058278,74047565131.32042
2021-04-24 09:00:00,205.0,209.0,192.0,202.0,136128994.26212028,27665446818.730473
2021-04-25 09:00:00,202.0,216.0,194.0,206.0,129042548.3619794,26670124302.274864
2021-04-26 09:00:00,206.0,224.0,201.0,223.0,153018500.27711108,33090480493.40753
2021-04-27 09:00:00,222.0,230.0,214.0,228.0,198673475.53711253,44367708535.18829
2021-04-28 09:00:00,229.0,238.0,208.0,225.0,345103826.47467685,77153520849.6608
2021-04-29 09:00:00,225.0,225.0,211.0,220.0,118691311.00810784,26019516832.79511
2021-04-30 09:00:00,220.0,233.0,218.0,230.0,237578319.66578442,53904057829.570045
2021-05-01 09:00:00,230.0,234.0,226.0,231.0,79937483.29467352,18417941305.136353
2021-05-02 09:00:00,232.0,233.0,221.0,227.0,89810221.27815899,20404678991.20724
2021-05-03 09:00:00,228.0,235.0,225.0,231.0,100325327.47767526,23059375302.933617
2021-05-04 09:00:00,231.0,231.0,205.0,207.0,145737683.6035118,31949733081.377995
2021-05-05 09:00:00,209.0,222.0,206.0,221.0,154369371.1271707,32978453686.886414
2021-05-06 09:00:00,221.0,234.0,214.0,233.0,173316457.54139927,39154731887.332245
2021-05-07 09:00:00,232.0,234.0,216.0,226.0,182191657.10432076,41103338227.32087
2021-05-08 09:00:00,227.0,232.0,222.0,224.0,109954731.8598452,24985035045.964718
2021-05-09 09:00:00,223.0,226.0,211.0,219.0,147466335.04328814,32063650854.760933
2021-05-10 09:00:00,219.0,226.0,199.0,202.0,171175498.2396426,36998550485.80828
2021-05-11 09:00:00,202.0,216.0,187.0,212.0,194467920.99845693,39403627572.6414
2021-05-12 09:00:00,212.0,221.0,185.0,188.0,168919529.9661039,35378670087.548294
2021-05-13 09:00:00,188.0,208.0,182.0,206.0,138540247.3694454,27411305824.21655
2021-05-14 09:00:00,207.0,207.0,195.0,203.0,99310924.84809811,19997110392.107586
2021-05-15 09:00:00,204.0,205.0,191.0,194.0,72006240.81094784,14275025315.681093
2021-05-16 09:00:00,194.0,204.0,182.0,191.0,91510151.11592653,17722915380.744602
2021-05-17 09:00:00,191.0,192.0,170.0,178.0,112223533.34858188,20101986248.65277
2021-05-18 09:00:00,179.0,186.0,176.0,183.0,62829190.18032999,11435744220.37616
2021-05-19 09:00:00,184.0,184.0,105.0,162.0,209260002.28415835,32031878248.72973
2021-05-20 09:00:00,163.0,169.0,150.0,165.0,89924231.65570337,14528291385.595837
2021-05-21 09:00:00,165.0,174.0,144.0,164.0,194873658.5355842,31949019893.39141
2021-05-22 09:00:00,164.0,180.0,139.0,152.0,143104396.40526557,22249320541.91792
2021-05-23 09:00:00,152.0,156.0,110.0,119.0,124826775.7767508,16380235316.543304
2021-05-24 09:00:00,120.0,150.0,113.0,147.0,165714889.02632076,21874186817.59292
2021-05-25 09:00:00,147.0,164.0,143.0,149.0,202695055.68487573,30889745492.91427
2021-05-26 09:00:00,149.0,165.0,149.0,156.0,165352669.0007206,25999334073.994938
2021-05-27 09:00:00,156.0,167.0,149.0,156.0,99409992.01070292,15732455869.379269
2021-05-28 09:00:00,155.0,158.0,137.0,139.0,48680548.35068501,7103608508.767915
2021-05-29 09:00:00,139.0,151.0,133.0,137.0,83814432.78034265,11884134644.73024
2021-05-30 09:00:00,137.0,143.0,128.0,136.0,69629821.10232031,9471158584.39342
2021-05-31 09:00:00,136.0,156.0,132.0,147.0,132927107.83557528,19361826016.212738
2021-06-01 09:00:00,147.0,152.0,141.0,145.0,71876076.52073239,10547279140.72492
2021-06-02 09:00:00,144.0,151.0,142.0,147.0,30597211.4233301,4490652629.56131
2021-06-03 09:00:00,147.0,155.0,147.0,151.0,31616425.76167826,4769854008.820103
2021-06-04 09:00:00,152.0,152.0,137.0,143.0,33117316.45708919,4744679454.280291
2021-06-05 09:00:00,142.0,146.0,138.0,140.0,16784645.20082418,2387368459.067296
2021-06-06 09:00:00,139.0,144.0,139.0,144.0,23814170.14851829,3351922454.926882
2021-06-07 09:00:00,144.0,151.0,132.0,133.0,66957153.64934787,9647336675.883757
2021-06-08 09:00:00,133.0,135.0,124.0,132.0,38104802.03578446,4961747394.178191
2021-06-09 09:00:00,132.0,143.0,126.0,143.0,18744488.78179385,2503111581.75883
2021-06-10 09:00:00,143.0,144.0,135.0,138.0,22580980.33038151,3148622877.334856
2021-06-11 09:00:00,138.0,140.0,134.0,137.0,32810036.02516996,4507620631.828058
2021-06-12 09:00:00,137.0,139.0,127.0,130.0,31197863.25082142,4120921255.232935
2021-06-13 09:00:00,130.0,139.0,127.0,138.0,18057349.61292666,2369928341.534356
2021-06-14 09:00:00,138.0,140.0,135.0,138.0,26852035.56906621,3683314805.027503
2021-06-15 09:00:00,137.0,138.0,134.0,135.0,17719207.9806448,2406772354.020458
2021-06-16 09:00:00,136.0,144.0,134.0,134.0,48975683.25250441,6785672994.307182
2021-06-17 09:00:00,136.0,136.0,133.0,135.0,14356411.76662736,1931967270.2843223
2021-06-18 09:00:00,135.0,135.0,124.0,125.0,17449276.707988,2267155598.932187
2021-06-19 09:00:00,126.0,130.0,121.0,127.0,14880016.47589966,1865482731.4716785
2021-06-20 09:00:00,127.0,128.0,118.0,125.0,17297271.81843235,2128787657.0404978
2021-06-21 09:00:00,126.0,126.0,104.0,106.0,42021032.85715396,4730156373.642093
2021-06-22 09:00:00,106.0,115.0,93.5,103.0,78220171.68929397,8071474598.065502
2021-06-23 09:00:00,103.0,112.0,99.6,112.0,29676284.26817099,3174038959.7946897
2021-06-24 09:00:00,110.0,118.0,108.0,116.0,29139752.33168977,3282656524.4867826
2021-06-25 09:00:00,117.0,120.0,109.0,111.0,22830221.00565028,2652340631.9861856
2021-06-26 09:00:00,111.0,116.0,105.0,111.0,45875028.90350302,5043702700.846618
2021-06-27 09:00:00,111.0,123.0,109.0,122.0,36860000.46115173,4263343808.060492
2021-06-28 09:00:00,122.0,127.0,118.0,127.0,21089059.09915826,2582414348.0157843
2021-06-29 09:00:00,127.0,138.0,125.0,134.0,44481232.0545569,5819491419.297289
2021-06-30 09:00:00,134.0,139.0,130.0,135.0,69605922.34307274,9255743026.054737
2021-07-01 09:00:00,134.0,137.0,130.0,132.0,30116988.12249052,4004040743.9186993
2021-07-02 09:00:00,132.0,134.0,126.0,133.0,23868873.00505394,3112486524.0177097
2021-07-03 09:00:00,133.0,140.0,130.0,139.0,30996989.72136645,4201586018.5447392
2021-07-04 09:00:00,139.0,145.0,136.0,143.0,23447608.82219699,3295923217.4531913
2021-07-05 09:00:00,143.0,143.0,130.0,136.0,43659635.647353,5942961824.889741
2021-07-06 09:00:00,136.0,187.0,135.0,142.0,531956019.992767,82697710014.33665
2021-07-07 09:00:00,141.0,146.0,135.0,139.0,114317542.72635569,15936510698.893557
2021-07-08 09:00:00,139.0,140.0,129.0,139.0,51652581.07149839,6938185933.945536
2021-07-09 09:00:00,137.0,142.0,128.0,141.0,41680104.91659531,5659391162.145047
2021-07-10 09:00:00,141.0,142.0,137.0,140.0,14351563.12898918,2003854350.9678135
2021-07-11 09:00:00,140.0,155.0,138.0,154.0,89033440.76639073,13024069026.141712
2021-07-12 09:00:00,154.0,154.0,144.0,145.0,42879440.13214525,6373211497.9574375
2021-07-13 09:00:00,146.0,152.0,141.0,151.0,44161492.68469335,6486706353.371517
2021-07-14 09:00:00,151.0,163.0,141.0,145.0,462066097.4348251,69614036002.65416
2021-07-15 09:00:00,145.0,147.0,132.0,134.0,96882549.85304596,13553402015.531643
2021-07-16 09:00:00,134.0,142.0,126.0,130.0,173477196.75891057,23450046357.269787
2021-07-17 09:00:00,130.0,135.0,129.0,132.0,39709125.93449629,5241543545.486184
2021-07-18 09:00:00,132.0,136.0,131.0,132.0,15238525.41732913,2028489528.188944
2021-07-19 09:00:00,132.0,133.0,125.0,125.0,18995598.3805748,2431089963.1079664
2021-07-20 09:00:00,125.0,131.0,116.0,121.0,84225767.54205354,10280280552.68604
2021-07-21 09:00:00,121.0,131.0,118.0,128.0,23320731.39860131,2909884051.8976493
2021-07-22 09:00:00,129.0,133.0,126.0,130.0,35573540.16945173,4633984586.237364
2021-07-23 09:00:00,130.0,135.0,128.0,132.0,55102306.85426204,7240042496.233493
2021-07-24 09:00:00,133.0,135.0,130.0,133.0,21799138.77912608,2885726082.9278555
2021-07-25 09:00:00,134.0,138.0,131.0,135.0,47874855.64726638,6439900057.384425
2021-07-26 09:00:00,134.0,145.0,134.0,135.0,62847927.56239385,8816364861.093992
2021-07-27 09:00:00,134.0,142.0,131.0,141.0,43897476.48315006,5968212990.647595
2021-07-28 09:00:00,140.0,147.0,137.0,140.0,75694641.7430676,10816927797.963373
2021-07-29 09:00:00,140.0,145.0,138.0,144.0,48880177.93977384,6895538687.8506155
2021-07-30 09:00:00,144.0,148.0,137.0,147.0,53527971.70523674,7659756071.865994
2021-07-31 09:00:00,147.0,152.0,145.0,150.0,48444913.78618262,7176452522.6032295
2021-08-01 09:00:00,150.0,154.0,142.0,145.0,48799123.25529682,7302980536.840345
2021-08-02 09:00:00,145.0,150.0,139.0,145.0,113391759.53019297,16469547704.486395
2021-08-03 09:00:00,145.0,146.0,138.0,140.0,34235641.74943137,4834528406.410711
2021-08-04 09:00:00,141.0,147.0,138.0,145.0,31862856.90530554,4524953859.862631
2021-08-05 09:00:00,145.0,150.0,140.0,150.0,45935666.93205507,6630408730.968459
2021-08-06 09:00:00,150.0,154.0,146.0,152.0,36245698.42238947,5406573128.960161
2021-08-07 09:00:00,152.0,163.0,150.0,163.0,52171896.99880435,8107085035.797086
2021-08-08 09:00:00,163.0,164.0,156.0,158.0,33239110.58161125,5295439850.77878
2021-08-09 09:00:00,158.0,163.0,152.0,162.0,24470348.94109823,3864255371.08437
2021-08-10 09:00:00,162.0,168.0,159.0,163.0,55382789.97543789,9110240624.660044
2021-08-11 09:00:00,164.0,172.0,163.0,168.0,53738778.70438782,9020278094.245754
2021-08-12 09:00:00,169.0,173.0,158.0,163.0,42076570.74971814,7005204762.63318
2021-08-13 09:00:00,164.0,179.0,160.0,177.0,45026375.82529598,7713679246.116175
2021-08-14 09:00:00,177.0,178.0,169.0,175.0,44954949.54773507,7854656501.223643
2021-08-15 09:00:00,176.0,177.0,169.0,175.0,29921989.27467515,5196621411.739938
2021-08-16 09:00:00,176.0,180.0,173.0,174.0,35954131.51156497,6346513599.632059
2021-08-17 09:00:00,174.0,178.0,165.0,166.0,37738557.20275472,6511312276.70459
2021-08-18 09:00:00,166.0,171.0,162.0,168.0,40828118.33316345,6813850843.971397
2021-08-19 09:00:00,168.0,174.0,165.0,173.0,17762873.31338551,2991240410.4935365
2021-08-20 09:00:00,172.0,184.0,172.0,181.0,32947641.48692795,5850387660.366827
2021-08-21 09:00:00,180.0,184.0,176.0,183.0,21534035.21851685,3853336227.729853
2021-08-22 09:00:00,183.0,185.0,178.0,182.0,21572797.31928997,3928681229.0580077
2021-08-23 09:00:00,182.0,188.0,180.0,186.0,52721917.48768108,9762427446.818142
2021-08-24 09:00:00,186.0,192.0,178.0,180.0,70466708.90082105,13152126123.681015
2021-08-25 09:00:00,181.0,185.0,173.0,185.0,38530042.97432204,6910291110.752264
2021-08-26 09:00:00,185.0,185.0,173.0,175.0,22636877.93232647,4044577536.028977
2021-08-27 09:00:00,175.0,185.0,171.0,183.0,33962688.23935809,6010025729.409127
2021-08-28 09:00:00,184.0,185.0,180.0,182.0,17955563.89543528,3271396220.2223125
2021-08-29 09:00:00,183.0,191.0,181.0,188.0,77778090.30137648,14475843604.784681
2021-08-30 09:00:00,188.0,189.0,181.0,182.0,27455963.34182121,5041091447.048747
2021-08-31 09:00:00,181.0,184.0,177.0,180.0,24592856.70190917,4437179469.889518
2021-09-01 09:00:00,180.0,187.0,176.0,187.0,25279212.00709096,4580926027.574393
2021-09-02 09:00:00,187.0,202.0,185.0,188.0,108274712.51546906,20789710018.362186
2021-09-03 09:00:00,188.0,197.0,185.0,192.0,56585313.75648496,10867501190.370354
2021-09-04 09:00:00,192.0,202.0,191.0,200.0,64128243.50917175,12673349195.775108
2021-09-05 09:00:00,199.0,218.0,196.0,212.0,94008623.22724228,19414908200.600792
2021-09-06 09:00:00,212.0,238.0,208.0,236.0,137471309.85958055,30852600262.14316
2021-09-07 09:00:00,236.0,236.0,190.0,202.0,107985057.19322869,23349091951.920246
2021-09-08 09:00:00,202.0,209.0,186.0,207.0,68478639.3270024,13662899997.076292
2021-09-09 09:00:00,206.0,220.0,199.0,219.0,46042278.60750031,9626554149.242147
2021-09-10 09:00:00,218.0,225.0,203.0,209.0,52255037.4007183,11258447808.726856
2021-09-11 09:00:00,209.0,219.0,206.0,215.0,28632665.70730964,6080053072.043006
2021-09-12 09:00:00,216.0,234.0,212.0,218.0,110760226.82937633,24459861834.338596
2021-09-13 09:00:00,217.0,224.0,198.0,211.0,67216451.89027654,14282721249.802294
2021-09-14 09:00:00,212.0,222.0,209.0,219.0,30084104.94837405,6490569740.60485
2021-09-15 09:00:00,219.0,227.0,218.0,225.0,68320977.76174437,15235329295.69006
2021-09-16 09:00:00,226.0,232.0,221.0,230.0,66510264.50034558,15031644086.503063
2021-09-17 09:00:00,229.0,250.0,220.0,223.0,243230373.0944379,56750856177.45927
2021-09-18 09:00:00,222.0,227.0,215.0,220.0,41836720.27833375,9210689601.259914
2021-09-19 09:00:00,220.0,220.0,210.0,211.0,24984404.23079133,5340603533.536718
2021-09-20 09:00:00,212.0,230.0,181.0,187.0,162285193.53135666,33779238381.544754
2021-09-21 09:00:00,187.0,192.0,168.0,171.0,42247688.69305729,7731827633.676517
2021-09-22 09:00:00,171.0,200.0,168.0,191.0,55966442.62014781,10306971407.37245
2021-09-23 09:00:00,193.0,210.0,189.0,206.0,99612134.89436209,20211956357.17574
2021-09-24 09:00:00,205.0,206.0,185.0,195.0,41967437.20913526,8177966071.941036
2021-09-25 09:00:00,194.0,197.0,189.0,194.0,14985028.15881316,2883663448.788757
2021-09-26 09:00:00,194.0,198.0,185.0,192.0,22540994.97356402,4325672196.46309
2021-09-27 09:00:00,191.0,197.0,188.0,188.0,19818857.36028297,3845338683.584901
2021-09-28 09:00:00,189.0,192.0,177.0,178.0,23842031.47585842,4396743404.077989
2021-09-29 09:00:00,178.0,188.0,175.0,182.0,32311212.37840811,5923351652.419761
2021-09-30 09:00:00,183.0,195.0,182.0,193.0,32548476.71130297,6178799681.146641
2021-10-01 09:00:00,193.0,216.0,191.0,208.0,50952174.11719218,10365334241.590117
2021-10-02 09:00:00,207.0,218.0,206.0,212.0,38362883.8414001,8138471103.953697
2021-10-03 09:00:00,212.0,224.0,207.0,221.0,83382736.69399747,18234472236.968643
2021-10-04 09:00:00,220.0,223.0,208.0,218.0,54829618.51352964,11788557763.792397
2021-10-05 09:00:00,218.0,222.0,214.0,218.0,62095247.12365219,13526823648.482206
2021-10-06 09:00:00,217.0,228.0,212.0,227.0,79800907.0916664,17513473522.466965
2021-10-07 09:00:00,227.0,231.0,221.0,225.0,60475003.17715564,13725110185.455065
2021-10-08 09:00:00,226.0,240.0,223.0,234.0,107071926.29660437,24995425096.677742
2021-10-09 09:00:00,234.0,239.0,228.0,235.0,73574118.6961054,17184006982.1285
2021-10-10 09:00:00,235.0,237.0,229.0,235.0,46472078.56234055,10824700014.7037
2021-10-11 09:00:00,235.0,241.0,228.0,236.0,64318226.74604611,15147540758.18189
2021-10-12 09:00:00,236.0,236.0,218.0,229.0,64544572.1708242,14647162371.416666
2021-10-13 09:00:00,229.0,230.0,219.0,227.0,52585841.99430336,11762190855.270779
2021-10-14 09:00:00,227.0,230.0,223.0,227.0,24917545.09482765,5644054858.20652
2021-10-15 09:00:00,227.0,234.0,221.0,231.0,56260672.34042288,12805635479.434383
2021-10-16 09:00:00,230.0,239.0,228.0,232.0,33242451.18936517,7775269138.348654
2021-10-17 09:00:00,232.0,234.0,225.0,231.0,16956911.91880644,3909389089.9072824
2021-10-18 09:00:00,231.0,234.0,220.0,230.0,20280197.32863363,4615321589.627796
2021-10-19 09:00:00,229.0,230.0,222.0,228.0,15318034.92682251,3460391357.324642
2021-10-20 09:00:00,228.0,234.0,223.0,229.0,18294286.56988405,4171482473.4334173
2021-10-21 09:00:00,230.0,241.0,227.0,229.0,60822741.29904796,14228568746.963768
2021-10-22 09:00:00,228.0,237.0,224.0,227.0,36451799.58738846,8466823672.528495
2021-10-23 09:00:00,228.0,235.0,224.0,234.0,26039280.07029176,6012297749.943664
2021-10-24 09:00:00,235.0,241.0,231.0,233.0,38040234.69778205,8986108843.712349
2021-10-25 09:00:00,233.0,244.0,231.0,242.0,25259647.16723184,6005817784.795609
2021-10-26 09:00:00,241.0,250.0,239.0,247.0,37431061.32864555,9204163839.924053
2021-10-27 09:00:00,247.0,250.0,222.0,230.0,68229600.49301507,16089543311.197754
2021-10-28 09:00:00,230.0,250.0,223.0,243.0,42781320.43168671,10220339750.684109
2021-10-29 09:00:00,243.0,273.0,242.0,267.0,110605514.87155496,28440890113.39734
2021-10-30 09:00:00,267.0,268.0,250.0,254.0,48348572.94622835,12521907022.05151
2021-10-31 09:00:00,255.0,313.0,242.0,249.0,246870055.44898316,66623222805.36324
2021-11-01 09:00:00,249.0,257.0,239.0,256.0,49601589.900043,12310796783.293392
2021-11-02 09:00:00,255.0,320.0,252.0,302.0,251536966.00353786,72920061997.75375
2021-11-03 09:00:00,302.0,327.0,284.0,316.0,247294823.2442872,74160687630.64307
2021-11-04 09:00:00,316.0,378.0,298.0,343.0,385660663.6522276,131582599165.38316
2021-11-05 09:00:00,343.0,516.0,332.0,458.0,1590517421.7393315,692063812182.3986
2021-11-06 09:00:00,457.0,476.0,393.0,408.0,491080301.2215243,204078288879.2042
2021-11-07 09:00:00,408.0,442.0,398.0,426.0,354695449.3080059,147964004422.28256
2021-11-08 09:00:00,426.0,518.0,419.0,472.0,1090939158.5103595,517565585471.6781
2021-11-09 09:00:00,472.0,486.0,416.0,423.0,239810376.9591514,108274174197.0616
2021-11-10 09:00:00,425.0,439.0,392.0,403.0,104432564.56122772,43789866233.52769
2021-11-11 09:00:00,403.0,432.0,394.0,423.0,72390909.36706172,29700458968.148014
2021-11-12 09:00:00,423.0,439.0,405.0,438.0,55694482.03219515,23446067914.52944
2021-11-13 09:00:00,438.0,510.0,433.0,464.0,286108832.64151967,137894772148.9235
2021-11-14 09:00:00,464.0,535.0,464.0,530.0,250356031.23467892,125263092752.31578
2021-11-15 09:00:00,529.0,632.0,523.0,537.0,634416796.3624045,366217080451.3791
2021-11-16 09:00:00,537.0,570.0,477.0,505.0,234097213.46276775,121387289144.47269
2021-11-17 09:00:00,505.0,688.0,461.0,636.0,534357412.22777784,314434121199.80707
2021-11-18 09:00:00,638.0,803.0,555.0,618.0,426925120.4614545,293150806983.75885
2021-11-19 09:00:00,618.0,704.0,598.0,702.0,88734387.78764421,57243036748.39425
2021-11-20 09:00:00,702.0,725.0,665.0,709.0,79386181.79371686,55603301163.16629
2021-11-21 09:00:00,709.0,939.0,690.0,907.0,473732307.7995531,395904836118.85614
2021-11-22 09:00:00,906.0,955.0,823.0,911.0,420619865.2659064,375264650324.4384
2021-11-23 09:00:00,910.0,1115.0,880.0,1105.0,516113059.3875921,505582975182.843
2021-11-24 09:00:00,1105.0,1215.0,1035.0,1105.0,229882366.90623707,257474019081.60568
2021-11-25 09:00:00,1110.0,1150.0,950.0,1000.0,201247203.02543136,206925990303.63983
2021-11-26 09:00:00,1005.0,1010.0,833.0,874.0,136648359.95672983,123976032935.97397
2021-11-27 09:00:00,873.0,1040.0,860.0,997.0,166782809.72392306,161159659594.422
2021-11-28 09:00:00,996.0,996.0,897.0,950.0,64799024.05593659,61112853009.79225
2021-11-29 09:00:00,950.0,974.0,889.0,892.0,38820465.96094051,36422635926.885445
2021-11-30 09:00:00,893.0,898.0,832.0,852.0,34622653.14049049,30083705100.590275
2021-12-01 09:00:00,853.0,950.0,848.0,890.0,72705436.24058063,66199664526.14984
2021-12-02 09:00:00,893.0,907.0,850.0,861.0,29149319.88431969,25647765152.238342
2021-12-03 09:00:00,861.0,877.0,769.0,809.0,28007725.377464,23514846154.52287
2021-12-04 09:00:00,809.0,814.0,570.0,765.0,54139666.51237497,38440602936.03303
2021-12-05 09:00:00,765.0,779.0,670.0,704.0,17740942.62848026,12997891363.076225
2021-12-06 09:00:00,706.0,745.0,634.0,739.0,25313729.67570778,17282381338.458904
2021-12-07 09:00:00,739.0,853.0,735.0,791.0,97193900.43733458,78114941623.05934
2021-12-08 09:00:00,791.0,817.0,731.0,769.0,24937146.47918034,19281587491.6238
2021-12-09 09:00:00,769.0,772.0,700.0,704.0,12603008.37880419,9333714982.32796
2021-12-10 09:00:00,704.0,742.0,690.0,693.0,18237616.56415033,13080209568.901007
2021-12-11 09:00:00,693.0,723.0,679.0,716.0,7287459.85436047,5107603989.129146
2021-12-12 09:00:00,719.0,768.0,710.0,754.0,12592159.68592318,9296180588.920023
2021-12-13 09:00:00,753.0,756.0,660.0,665.0,18025261.17969886,12644683188.9912
2021-12-14 09:00:00,664.0,682.0,648.0,674.0,15982824.5668231,10664215391.169306
2021-12-15 09:00:00,674.0,710.0,637.0,699.0,17684372.16527708,11948595936.17846
2021-12-16 09:00:00,701.0,720.0,675.0,676.0,12165374.4089794,8495952086.527015
2021-12-17 09:00:00,676.0,683.0,642.0,659.0,9891747.5828583,6570229363.280878
2021-12-18 09:00:00,659.0,673.0,645.0,668.0,5605874.39606103,3698034297.760988
2021-12-19 09:00:00,668.0,676.0,645.0,647.0,7239800.46896588,4764383722.539917
2021-12-20 09:00:00,647.0,647.0,600.0,619.0,8872053.69592455,5511761782.916571
2021-12-21 09:00:00,619.0,657.0,609.0,650.0,7416627.23047088,4709841675.132371
2021-12-22 09:00:00,648.0,673.0,643.0,660.0,11755750.4249319,7753409474.017386
2021-12-23 09:00:00,660.0,735.0,651.0,720.0,24737258.13515888,17247977964.703705
2021-12-24 09:00:00,720.0,835.0,710.0,766.0,61362390.07640581,47594727553.51732
2021-12-25 09:00:00,765.0,807.0,759.0,779.0,32697459.24667821,25821743929.266003
2021-12-26 09:00:00,778.0,784.0,740.0,758.0,26249197.86128446,19842840673.79327
2021-12-27 09:00:00,758.0,783.0,747.0,756.0,17648815.46516839,13449566219.99183
2021-12-28 09:00:00,755.0,756.0,680.0,691.0,23325311.89296151,16691994829.371506
2021-12-29 09:00:00,692.0,710.0,665.0,670.0,14983860.76934816,10294317143.300842
2021-12-30 09:00:00,670.0,692.0,659.0,671.0,9013538.11571896,6091905503.815721
2021-12-31 09:00:00,671.0,716.0,669.0,682.0,17767291.17348936,12407364233.075504
2022-01-01 09:00:00,682.0,711.0,681.0,711.0,7235573.39741426,5024091588.240098
2022-01-02 09:00:00,711.0,719.0,698.0,715.0,19461508.87976495,13826698484.256357
2022-01-03 09:00:00,716.0,717.0,684.0,693.0,14209809.80797634,9966432733.59663
2022-01-04 09:00:00,691.0,699.0,672.0,674.0,10558300.21704993,7209501506.208285
2022-01-05 09:00:00,674.0,681.0,595.0,621.0,17865832.81523102,11555928617.011875
2022-01-06 09:00:00,621.0,634.0,600.0,623.0,9675618.60959728,5935833974.215952
2022-01-07 09:00:00,623.0,623.0,572.0,575.0,10577327.64194148,6296534072.803985
2022-01-08 09:00:00,574.0,599.0,556.0,569.0,7161734.59213598,4142058964.0090547
2022-01-09 09:00:00,567.0,587.0,556.0,569.0,5658156.43136628,3221838875.407805
2022-01-10 09:00:00,569.0,581.0,527.0,546.0,10750727.27135327,5952125747.642298
2022-01-11 09:00:00,546.0,566.0,536.0,563.0,7301682.41921841,4012949729.6112285
2022-01-12 09:00:00,563.0,609.0,556.0,589.0,18664952.44638111,10944652658.816168
2022-01-13 09:00:00,589.0,600.0,555.0,558.0,12002465.34757991,6981897917.840643
2022-01-14 09:00:00,556.0,569.0,546.0,556.0,8701342.11627393,4833680873.465916
2022-01-15 09:00:00,555.0,574.0,552.0,566.0,6343079.36118378,3566224391.8539715
2022-01-16 09:00:00,566.0,573.0,559.0,562.0,7108098.86110482,4027389825.7202854
2022-01-17 09:00:00,562.0,564.0,532.0,540.0,7772982.75933363,4278937521.9043593
2022-01-18 09:00:00,541.0,561.0,526.0,537.0,20701312.77543463,11194737841.303638
2022-01-19 09:00:00,537.0,542.0,520.0,522.0,9176569.92092167,4865608154.636076
2022-01-20 09:00:00,522.0,570.0,515.0,531.0,20466910.60643165,11248266322.971235
2022-01-21 09:00:00,531.0,536.0,440.0,453.0,19944756.56349801,9791960377.838484
2022-01-22 09:00:00,453.0,459.0,408.0,418.0,17266554.5181014,7475968534.262542
2022-01-23 09:00:00,418.0,466.0,415.0,462.0,14528083.62865005,6422372850.358556
2022-01-24 09:00:00,461.0,462.0,408.0,458.0,13132033.91955265,5745201396.68708
2022-01-25 09:00:00,457.0,485.0,443.0,476.0,12703451.57068772,5880461661.743583
2022-01-26 09:00:00,476.0,523.0,472.0,488.0,13259436.60995103,6593356913.610775
2022-01-27 09:00:00,488.0,505.0,467.0,494.0,11427298.71669277,5543029761.409096
2022-01-28 09:00:00,494.0,523.0,484.0,520.0,6595807.74333532,3281857021.217368
2022-01-29 09:00:00,519.0,548.0,513.0,534.0,7646226.38589056,4059388253.8579674
2022-01-30 09:00:00,534.0,546.0,520.0,529.0,4826111.26432058,2580540224.5817723
2022-01-31 09:00:00,529.0,532.0,500.0,527.0,4770219.51715676,2454698123.38404
2022-02-01 09:00:00,527.0,540.0,522.0,539.0,5059368.88812873,2680184649.966057
2022-02-02 09:00:00,539.0,540.0,494.0,496.0,11122839.70930338,5748647594.40606
2022-02-03 09:00:00,496.0,503.0,482.0,496.0,6256746.13786599,3081401282.566393
2022-02-04 09:00:00,496.0,532.0,490.0,530.0,13109555.55454747,6709313808.268526
2022-02-05 09:00:00,531.0,565.0,520.0,552.0,14830865.78607382,8055434326.959435
2022-02-06 09:00:00,552.0,565.0,542.0,565.0,10150075.78717728,5621115313.419584
2022-02-07 09:00:00,563.0,615.0,556.0,602.0,21201406.99931336,12418080043.631296
2022-02-08 09:00:00,602.0,644.0,582.0,593.0,69061445.21925753,42372832105.59896
2022-02-09 09:00:00,593.0,627.0,580.0,621.0,16424495.31224574,9873150368.012642
2022-02-10 09:00:00,621.0,657.0,603.0,620.0,33490300.46301454,21126341635.83171
2022-02-11 09:00:00,619.0,638.0,572.0,588.0,16348340.53448906,10030200435.161127
2022-02-12 09:00:00,588.0,605.0,576.0,594.0,12551501.02913952,7397299831.129998
2022-02-13 09:00:00,595.0,634.0,591.0,614.0,21899644.93079499,13546374025.844019
2022-02-14 09:00:00,614.0,621.0,565.0,572.0,19209114.61181039,11264025311.95461
2022-02-15 09:00:00,572.0,608.0,561.0,600.0,18834098.56811578,11127582328.353607
2022-02-16 09:00:00,600.0,602.0,576.0,582.0,11205162.84469633,6588046717.765207
2022-02-17 09:00:00,583.0,587.0,522.0,526.0,17945526.9823027,10088344220.186646
2022-02-18 09:00:00,526.0,558.0,518.0,533.0,28069477.25077981,15238782213.453493
2022-02-19 09:00:00,533.0,548.0,529.0,534.0,10819011.39484212,5814016307.520848
2022-02-20 09:00:00,534.0,537.0,492.0,495.0,9913764.6218794,5083133720.0494
2022-02-21 09:00:00,495.0,514.0,470.0,474.0,11556271.03091927,5715811757.02769
2022-02-22 09:00:00,473.0,493.0,454.0,490.0,8301384.13876041,3901138073.376071
2022-02-23 09:00:00,491.0,513.0,481.0,484.0,18915513.62755598,9492109716.670876
2022-02-24 09:00:00,485.0,495.0,433.0,484.0,17906523.23118759,8253064389.873848
2022-02-25 09:00:00,484.0,513.0,480.0,509.0,9955719.36371403,4945079819.065292
2022-02-26 09:00:00,509.0,520.0,503.0,508.0,7648889.28284557,3922014440.6499996
2022-02-27 09:00:00,508.0,514.0,479.0,487.0,6842283.18060179,3406956168.758627
2022-02-28 09:00:00,487.0,537.0,481.0,532.0,14018301.52659182,6994527698.7952175
2022-03-01 09:00:00,532.0,547.0,522.0,534.0,10977765.10043634,5864606252.68775
2022-03-02 09:00:00,534.0,550.0,525.0,542.0,13823860.79584826,7458045476.161272
2022-03-03 09:00:00,542.0,545.0,516.0,525.0,6206888.6079475,3291643618.785787
2022-03-04 09:00:00,525.0,528.0,485.0,490.0,6173876.46092167,3128357308.5293612
2022-03-05 09:00:00,491.0,506.0,485.0,505.0,3311454.25204592,1637722513.1747625
2022-03-06 09:00:00,505.0,509.0,484.0,487.0,3784263.25105769,1869755280.140116
2022-03-07 09:00:00,486.0,496.0,466.0,472.0,3580650.6509742,1723379752.6802588
2022-03-08 09:00:00,472.0,491.0,471.0,482.0,3806830.88020576,1833749026.3760607
2022-03-09 09:00:00,480.0,514.0,480.0,502.0,7275708.22017609,3658845320.6541314
2022-03-10 09:00:00,503.0,504.0,475.0,482.0,5670155.50540418,2744187916.134994
2022-03-11 09:00:00,481.0,493.0,473.0,476.0,3669430.27803228,1768261150.2511632
2022-03-12 09:00:00,476.0,488.0,475.0,487.0,2373267.57399967,1146617416.3363466
2022-03-13 09:00:00,487.0,487.0,471.0,473.0,2150617.57780279,1032533504.7662294
2022-03-14 09:00:00,472.0,481.0,465.0,471.0,3014929.65505086,1424380134.951272
2022-03-15 09:00:00,470.0,479.0,465.0,474.0,3096067.19765937,1456779024.987927
2022-03-16 09:00:00,474.0,502.0,473.0,497.0,11735122.49825512,5738235734.145125
2022-03-17 09:00:00,498.0,500.0,488.0,490.0,2525555.41333168,1247182855.1737928
2022-03-18 09:00:00,492.0,501.0,480.0,494.0,3156600.46200078,1541775548.79017
2022-03-19 09:00:00,494.0,511.0,493.0,507.0,2509681.17495301,1258080062.722967
2022-03-20 09:00:00,507.0,511.0,495.0,497.0,3368639.25540862,1698166738.3395882
2022-03-21 09:00:00,496.0,503.0,490.0,495.0,2463512.13778108,1223078052.4543579
2022-03-22 09:00:00,495.0,519.0,494.0,509.0,4702371.72554777,2384716063.1575017
2022-03-23 09:00:00,509.0,529.0,503.0,528.0,5705286.47461637,2934788501.128484
2022-03-24 09:00:00,527.0,547.0,522.0,541.0,10119732.33334367,5394670793.590146
2022-03-25 09:00:00,541.0,568.0,532.0,553.0,8746810.03364608,4820718851.292609
2022-03-26 09:00:00,553.0,561.0,543.0,556.0,6507741.12210719,3597234823.6616817
2022-03-27 09:00:00,556.0,583.0,549.0,579.0,12027533.22830202,6751815692.952983
2022-03-28 09:00:00,581.0,655.0,573.0,577.0,59740734.56854348,36331960334.15957
2022-03-29 09:00:00,577.0,605.0,570.0,578.0,27197994.12990834,16050628264.929909
2022-03-30 09:00:00,579.0,586.0,562.0,577.0,14454204.92869607,8295112010.827403
2022-03-31 09:00:00,577.0,588.0,557.0,562.0,18272437.64166028,10501446196.209719
2022-04-01 09:00:00,561.0,593.0,545.0,584.0,23616140.9102531,13419669855.084612
2022-04-02 09:00:00,586.0,596.0,580.0,588.0,12471190.15579975,7328422558.838306
2022-04-03 09:00:00,587.0,604.0,577.0,589.0,13947837.26638207,8246448964.806853
2022-04-04 09:00:00,591.0,611.0,573.0,609.0,20415137.68004038,11986338980.446842
2022-04-05 09:00:00,608.0,636.0,580.0,585.0,15996047.37208855,9553767908.011337
2022-04-06 09:00:00,583.0,585.0,541.0,542.0,10130790.97160154,5697646382.334476
2022-04-07 09:00:00,542.0,560.0,538.0,555.0,3687699.39564763,2029159151.9142158
2022-04-08 09:00:00,555.0,570.0,546.0,547.0,4691908.94925138,2623037935.646461
2022-04-09 09:00:00,546.0,557.0,543.0,555.0,1831828.91633116,1002937651.2275243
2022-04-10 09:00:00,556.0,563.0,549.0,551.0,2295589.9094578,1273631730.9456635
2022-04-11 09:00:00,553.0,554.0,507.0,510.0,4594593.76878244,2441090815.7571106
2022-04-12 09:00:00,511.0,533.0,506.0,525.0,3437198.55589109,1795505477.6327174
2022-04-13 09:00:00,526.0,533.0,514.0,532.0,3875423.55777919,2033087675.5093608
2022-04-14 09:00:00,533.0,535.0,515.0,516.0,3216509.8391453,1696172951.3692183
2022-04-15 09:00:00,516.0,522.0,508.0,512.0,3143462.52596723,1614345104.1463013
2022-04-16 09:00:00,512.0,517.0,509.0,511.0,2359979.90619743,1208916863.8708417
2022-04-17 09:00:00,511.0,519.0,508.0,509.0,3753607.28223546,1930221396.787727
2022-04-18 09:00:00,509.0,516.0,493.0,512.0,4592194.08917288,2306808024.8140426
2022-04-19 09:00:00,513.0,520.0,508.0,517.0,2370061.7007252,1216666200.469758
2022-04-20 09:00:00,517.0,530.0,510.0,519.0,4780480.64122754,2486986093.557858
2022-04-21 09:00:00,519.0,530.0,509.0,513.0,4479806.70203607,2335303931.28492
2022-04-22 09:00:00,513.0,518.0,500.0,506.0,3615716.57660364,1848152880.295724
2022-04-23 09:00:00,506.0,517.0,503.0,512.0,2824551.06437344,1438037416.6022916
2022-04-24 09:00:00,513.0,514.0,500.0,500.0,1804307.94942239,916216181.7964725
2022-04-25 09:00:00,501.0,507.0,485.0,507.0,6231026.72386742,3087884443.2043815
2022-04-26 09:00:00,507.0,509.0,483.0,486.0,3270385.27321363,1626630493.255324
2022-04-27 09:00:00,485.0,498.0,481.0,495.0,2580495.64984416,1263942101.062679
2022-04-28 09:00:00,497.0,503.0,490.0,496.0,1963272.98367017,975234289.3904164
2022-04-29 09:00:00,496.0,500.0,474.0,476.0,2477692.35648027,1201957595.3100376
2022-04-30 09:00:00,477.0,481.0,457.0,459.0,2605910.84363621,1226635021.259617
2022-05-01 09:00:00,460.0,462.0,377.0,404.0,47852371.17679481,19427189211.684086
2022-05-02 09:00:00,404.0,411.0,345.0,357.0,62229411.64314433,23144943320.232742
2022-05-03 09:00:00,357.0,389.0,353.0,375.0,81912517.44963533,30533954122.71659
2022-05-04 09:00:00,375.0,399.0,370.0,397.0,21361160.08000132,8214636797.664037
2022-05-05 09:00:00,398.0,402.0,364.0,371.0,12438791.48284163,4797295762.871482
2022-05-06 09:00:00,370.0,372.0,357.0,366.0,6280033.45647573,2286479038.4806995
2022-05-07 09:00:00,366.0,367.0,355.0,356.0,2517626.24421422,910081541.9623504
2022-05-08 09:00:00,355.0,357.0,335.0,337.0,7335199.99403272,2529227374.1123977
2022-05-09 09:00:00,337.0,340.0,281.0,285.0,10402277.35618939,3228170293.396859
2022-05-10 09:00:00,285.0,319.0,271.0,306.0,12351851.79857675,3729068924.398338
2022-05-11 09:00:00,306.0,319.0,259.0,271.0,15387744.16342385,4499789410.594004
2022-05-12 09:00:00,271.0,277.0,230.0,239.0,13659513.11481359,3356106188.4723544
2022-05-13 09:00:00,239.0,269.0,236.0,245.0,32196581.17513596,8210923828.799229
2022-05-14 09:00:00,245.0,259.0,232.0,252.0,43648239.79006856,10700935264.694632
2022-05-15 09:00:00,252.0,270.0,244.0,266.0,9979661.68279802,2537249452.5577116
2022-05-16 09:00:00,266.0,267.0,246.0,254.0,5276488.00146294,1344495259.3354168
2022-05-17 09:00:00,255.0,263.0,252.0,260.0,5598792.47335934,1446164116.3330743
2022-05-18 09:00:00,261.0,263.0,237.0,238.0,5741188.63663713,1435493354.5960085
2022-05-19 09:00:00,238.0,253.0,235.0,252.0,7182004.83538001,1746867554.0604565
2022-05-20 09:00:00,252.0,256.0,236.0,243.0,4177228.8172522,1038062926.7329549
2022-05-21 09:00:00,242.0,248.0,237.0,245.0,2736524.2249629,659918531.4996277
2022-05-22 09:00:00,244.0,253.0,242.0,251.0,16077262.92630025,3991526795.7193446
2022-05-23 09:00:00,252.0,260.0,236.0,237.0,16524237.56420732,4152902534.539395
2022-05-24 09:00:00,237.0,244.0,230.0,243.0,10175610.41384747,2408046652.1574507
2022-05-25 09:00:00,243.0,246.0,234.0,238.0,5600835.55166098,1340529036.349999
2022-05-26 09:00:00,238.0,239.0,201.0,219.0,13571767.82579591,3040889107.1534853
2022-05-27 09:00:00,220.0,224.0,209.0,215.0,5619697.53759669,1217187154.0384731
2022-05-28 09:00:00,216.0,220.0,213.0,218.0,1942938.15370557,421638337.3874757
2022-05-29 09:00:00,218.0,226.0,213.0,223.0,5565695.47329101,1228055912.8855987
2022-05-30 09:00:00,222.0,239.0,218.0,237.0,6571064.13148909,1516061061.7586074
2022-05-31 09:00:00,237.0,241.0,224.0,239.0,9069335.51847717,2144747139.3618698
2022-06-01 09:00:00,239.0,242.0,224.0,227.0,17842212.86871049,4204885732.1009936
2022-06-02 09:00:00,227.0,235.0,225.0,232.0,10154513.07020924,2329786710.0533876
2022-06-03 09:00:00,233.0,238.0,222.0,227.0,11937709.26616989,2751472415.263724
2022-06-04 09:00:00,227.0,229.0,224.0,229.0,3570703.77402328,807221037.2642955
2022-06-05 09:00:00,228.0,229.0,223.0,229.0,7169396.38357258,1617133153.1346476
2022-06-06 09:00:00,228.0,237.0,226.0,230.0,16091894.66185295,3729905315.564121
2022-06-07 09:00:00,230.0,231.0,217.0,225.0,12007031.35294583,2668689537.1262197
2022-06-08 09:00:00,225.0,227.0,221.0,224.0,4462923.18240603,1000367545.0852234
2022-06-09 09:00:00,225.0,226.0,221.0,221.0,4130445.66429622,922881769.0581076
2022-06-10 09:00:00,221.0,223.0,212.0,214.0,5286203.14149234,1154408935.3809745
2022-06-11 09:00:00,215.0,217.0,194.0,200.0,7025116.35090798,1444609298.2623374
2022-06-12 09:00:00,200.0,202.0,183.0,184.0,8330785.28616268,1571824705.2830079
2022-06-13 09:00:00,184.0,187.0,147.0,153.0,20106788.02429469,3308796213.9337006
2022-06-14 09:00:00,153.0,157.0,139.0,154.0,11626274.32272681,1740509268.1072605
2022-06-15 09:00:00,154.0,160.0,138.0,158.0,16223685.92859241,2419451371.4053807
2022-06-16 09:00:00,159.0,160.0,141.0,144.0,12744493.10505853,1920979983.0102863
2022-06-17 09:00:00,145.0,196.0,145.0,153.0,235184629.08473498,38739125406.29688
2022-06-18 09:00:00,153.0,153.0,132.0,141.0,38025113.50513059,5485544526.659623
2022-06-19 09:00:00,141.0,154.0,132.0,148.0,30257785.95646474,4200978486.3594527
2022-06-20 09:00:00,148.0,152.0,142.0,148.0,15620084.16721808,2300605168.8932247
2022-06-21 09:00:00,148.0,159.0,147.0,152.0,28775452.93026605,4376828391.33114
2022-06-22 09:00:00,152.0,156.0,146.0,150.0,88090287.70300142,13315450805.776459
2022-06-23 09:00:00,150.0,158.0,149.0,156.0,25633068.47497237,3934500202.1216946
2022-06-24 09:00:00,157.0,177.0,155.0,165.0,83811718.6889704,13710743555.651007
2022-06-25 09:00:00,165.0,168.0,160.0,168.0,20604571.31501379,3393291226.5381637
2022-06-26 09:00:00,168.0,173.0,161.0,161.0,13413642.95785652,2243301728.3475385
2022-06-27 09:00:00,162.0,168.0,159.0,162.0,21279587.47305246,3465542165.8020525
2022-06-28 09:00:00,162.0,166.0,156.0,158.0,25238061.24098966,4085401658.8858023
2022-06-29 09:00:00,157.0,158.0,150.0,155.0,15483887.26353217,2398533847.959219
2022-06-30 09:00:00,156.0,171.0,144.0,150.0,28771878.19916151,4386715073.709656
2022-07-01 09:00:00,150.0,154.0,146.0,149.0,10132314.2074857,1520113634.0512424
2022-07-02 09:00:00,149.0,151.0,146.0,149.0,9082815.52328846,1350054052.91934
2022-07-03 09:00:00,150.0,151.0,146.0,150.0,7758086.56843226,1152653001.2423837
2022-07-04 09:00:00,150.0,156.0,145.0,155.0,7969108.70351989,1190495293.4972153
2022-07-05 09:00:00,155.0,157.0,148.0,152.0,7849919.81738,1202956508.5361304
2022-07-06 09:00:00,153.0,159.0,151.0,157.0,18472560.92937853,2865622052.5970507
2022-07-07 09:00:00,157.0,162.0,153.0,160.0,8032549.35675113,1261904774.6080446
2022-07-08 09:00:00,160.0,165.0,156.0,160.0,13393111.59197141,2160578496.463715
2022-07-09 09:00:00,160.0,165.0,158.0,163.0,8471300.57811093,1370298745.096537
2022-07-10 09:00:00,163.0,163.0,155.0,156.0,10902869.41050913,1736068944.4780853
2022-07-11 09:00:00,157.0,157.0,149.0,150.0,11127771.00555985,1711797315.5054214
2022-07-12 09:00:00,150.0,151.0,146.0,146.0,7758183.18295777,1154010140.2717893
2022-07-13 09:00:00,146.0,153.0,142.0,152.0,18054141.81895392,2663748517.9326944
2022-07-14 09:00:00,153.0,158.0,149.0,157.0,5594533.73752739,855465714.0015198
2022-07-15 09:00:00,155.0,162.0,154.0,159.0,7702452.1996822,1214641355.4282913
2022-07-16 09:00:00,158.0,164.0,151.0,161.0,8584644.44782323,1351039981.4958231
2022-07-17 09:00:00,162.0,164.0,159.0,160.0,8419400.84979666,1364835133.8430593
2022-07-18 09:00:00,159.0,174.0,158.0,173.0,13273109.5349462,2216298533.2342143
2022-07-19 09:00:00,172.0,181.0,167.0,178.0,26730220.10288374,4634225769.545409
2022-07-20 09:00:00,177.0,185.0,171.0,173.0,27733354.02888707,4965111930.7483225
2022-07-21 09:00:00,174.0,178.0,168.0,177.0,10233308.38390067,1766273858.1557064
2022-07-22 09:00:00,176.0,182.0,172.0,174.0,10981041.94045363,1951272399.3620553
2022-07-23 09:00:00,173.0,177.0,164.0,168.0,15293773.92711461,2584488598.670382
2022-07-24 09:00:00,167.0,173.0,166.0,169.0,8819000.23128144,1489752074.530312
2022-07-25 09:00:00,169.0,170.0,160.0,161.0,10235158.54860002,1689038593.789728
2022-07-26 09:00:00,161.0,162.0,152.0,161.0,7698934.70710125,1218704338.8854015
2022-07-27 09:00:00,160.0,173.0,159.0,173.0,9330451.26281856,1540820927.7414649
2022-07-28 09:00:00,173.0,180.0,170.0,176.0,12673954.73915563,2215054498.8006697
2022-07-29 09:00:00,177.0,185.0,175.0,183.0,13157012.70835659,2361205391.618562
2022-07-30 09:00:00,184.0,189.0,180.0,183.0,11746637.63445138,2153109638.580022
2022-07-31 09:00:00,182.0,187.0,180.0,181.0,18127377.06936443,3338918860.590414
2022-08-01 09:00:00,181.0,189.0,180.0,185.0,37402956.38608654,6875023585.56455
2022-08-02 09:00:00,184.0,249.0,180.0,202.0,497418243.50489026,102652214116.54498
2022-08-03 09:00:00,203.0,223.0,192.0,194.0,320906171.9972888,65630488105.19867
2022-08-04 09:00:00,194.0,196.0,186.0,189.0,54507599.62073256,10461407573.242954
2022-08-05 09:00:00,189.0,194.0,188.0,194.0,21679854.61949527,4136449457.274309
2022-08-06 09:00:00,194.0,194.0,191.0,192.0,10866980.1441385,2094991440.4503455
2022-08-07 09:00:00,193.0,196.0,190.0,194.0,11726328.05891009,2262421681.975501
2022-08-08 09:00:00,195.0,201.0,193.0,199.0,23338122.67930627,4620005233.82002
2022-08-09 09:00:00,199.0,202.0,191.0,195.0,17023036.96072043,3346495027.4750657
2022-08-10 09:00:00,194.0,201.0,190.0,200.0,20489600.27908291,4016521997.5939507
2022-08-11 09:00:00,200.0,205.0,199.0,202.0,31435613.33727914,6363154309.8002
2022-08-12 09:00:00,201.0,207.0,198.0,206.0,21308940.84935518,4315722221.605761
2022-08-13 09:00:00,206.0,209.0,204.0,207.0,15721425.57936689,3242092230.8993134
2022-08-14 09:00:00,206.0,209.0,202.0,205.0,15970689.66299591,3290685171.4317865
2022-08-15 09:00:00,204.0,209.0,200.0,203.0,30469726.43696482,6238605271.096876
2022-08-16 09:00:00,203.0,211.0,199.0,203.0,23760797.44560925,4832531281.245776
2022-08-17 09:00:00,203.0,207.0,193.0,194.0,21511783.66161318,4304545703.477444
2022-08-18 09:00:00,194.0,196.0,191.0,192.0,10294797.42989593,1987260099.786339
2022-08-19 09:00:00,192.0,193.0,165.0,168.0,27529416.99051718,4918017327.710102
2022-08-20 09:00:00,168.0,175.0,168.0,174.0,6091038.52628123,1044706561.994035
2022-08-21 09:00:00,174.0,176.0,170.0,175.0,5183743.02360378,899126658.5077974
2022-08-22 09:00:00,174.0,176.0,167.0,175.0,6899245.35482388,1183899714.7287927
2022-08-23 09:00:00,175.0,177.0,171.0,175.0,6647942.6258357,1159609066.8881786
2022-08-24 09:00:00,175.0,178.0,172.0,175.0,6064005.06820916,1059570401.6976562
2022-08-25 09:00:00,175.0,182.0,174.0,180.0,8046725.93642503,1434889248.0117002
2022-08-26 09:00:00,179.0,180.0,165.0,167.0,10729916.82560811,1856660836.989589
2022-08-27 09:00:00,166.0,168.0,164.0,166.0,4649987.51586549,773015188.952636
2022-08-28 09:00:00,167.0,169.0,163.0,163.0,4838798.67862353,805154819.2552919
2022-08-29 09:00:00,163.0,170.0,161.0,168.0,5968656.2073438,979890378.927427
2022-08-30 09:00:00,168.0,173.0,164.0,166.0,13414624.36426382,2274050561.2899218
2022-08-31 09:00:00,166.0,171.0,166.0,167.0,6009573.76018974,1014624500.2616625
2022-09-01 09:00:00,167.0,170.0,161.0,167.0,11521178.57361964,1913103787.9916434
2022-09-02 09:00:00,167.0,169.0,164.0,165.0,5929349.68081923,989157014.2054094
2022-09-03 09:00:00,165.0,166.0,163.0,164.0,2933701.07636791,482647182.4408295
2022-09-04 09:00:00,165.0,166.0,160.0,166.0,5285591.21836153,861468523.6472875
2022-09-05 09:00:00,166.0,168.0,163.0,166.0,4712043.72556931,775944600.5433388
2022-09-06 09:00:00,166.0,169.0,157.0,158.0,14899654.20513364,2428306996.274355
2022-09-07 09:00:00,157.0,160.0,153.0,158.0,14053340.72681312,2197230599.6008177
2022-09-08 09:00:00,158.0,163.0,156.0,161.0,22549810.29550109,3574702841.362291
2022-09-09 09:00:00,162.0,168.0,160.0,165.0,14655918.65680698,2407431435.393351
2022-09-10 09:00:00,165.0,173.0,164.0,170.0,24083798.47362982,4043204327.8749695
2022-09-11 09:00:00,171.0,171.0,166.0,170.0,17065687.51365866,2883359111.054639
2022-09-12 09:00:00,170.0,172.0,167.0,167.0,22172485.71391568,3752972236.4135227
2022-09-13 09:00:00,168.0,169.0,155.0,155.0,23461568.16881605,3789824328.866951
2022-09-14 09:00:00,155.0,158.0,152.0,157.0,13114509.84683748,2036541248.5066612
2022-09-15 09:00:00,157.0,157.0,148.0,150.0,17109124.93905216,2616050543.8343625
2022-09-16 09:00:00,150.0,152.0,147.0,150.0,14577301.21130999,2177728033.6941633
2022-09-17 09:00:00,150.0,156.0,149.0,156.0,11735845.01899443,1791554927.167555
2022-09-18 09:00:00,155.0,156.0,142.0,145.0,19352546.06464222,2897977125.6804266
2022-09-19 09:00:00,145.0,151.0,142.0,147.0,36807731.44779128,5386943338.883633
2022-09-20 09:00:00,148.0,150.0,144.0,147.0,24922445.6732833,3667958739.3091297
2022-09-21 09:00:00,147.0,151.0,142.0,147.0,21280933.23380949,3122698665.0684605
2022-09-22 09:00:00,147.0,156.0,145.0,155.0,33757580.54946954,5087676193.525702
2022-09-23 09:00:00,155.0,182.0,155.0,179.0,448952237.59271544,76791550351.76144
2022-09-24 09:00:00,179.0,184.0,168.0,172.0,175163242.18847087,30772081579.41746
2022-09-25 09:00:00,172.0,173.0,165.0,167.0,76377355.99472222,12855436905.297266
2022-09-26 09:00:00,167.0,167.0,159.0,166.0,64278257.70593695,10470647380.17465
2022-09-27 09:00:00,166.0,169.0,158.0,161.0,60947438.67046889,9993171234.868204
2022-09-28 09:00:00,161.0,164.0,155.0,161.0,42843146.63892493,6829362438.775905
2022-09-29 09:00:00,161.0,164.0,156.0,160.0,36298469.43591438,5794560500.389467
2022-09-30 09:00:00,160.0,162.0,156.0,159.0,24222089.23214696,3843650023.2233725
2022-10-01 09:00:00,159.0,162.0,157.0,160.0,20853079.64838895,3330708861.4953375
2022-10-02 09:00:00,159.0,162.0,158.0,160.0,15610446.43969587,2495161813.4459968
2022-10-03 09:00:00,159.0,161.0,157.0,159.0,26161466.31415964,4156918890.6655145
2022-10-04 09:00:00,159.0,160.0,156.0,159.0,23709628.55719766,3756985149.97449
2022-10-05 09:00:00,159.0,159.0,155.0,158.0,22072617.41051526,3472334743.418337
2022-10-06 09:00:00,158.0,158.0,155.0,155.0,13034824.19713432,2040670201.809743
2022-10-07 09:00:00,156.0,157.0,152.0,154.0,21615617.42442423,3327764761.2574806
2022-10-08 09:00:00,154.0,156.0,152.0,153.0,23824825.65569173,3664566413.4443274
2022-10-09 09:00:00,152.0,154.0,151.0,152.0,15564337.09211642,2373524008.8670573
2022-10-10 09:00:00,152.0,154.0,148.0,148.0,22664247.17483281,3431900269.7176533
2022-10-11 09:00:00,148.0,150.0,143.0,147.0,33940240.00967032,4962925237.927656
2022-10-12 09:00:00,146.0,148.0,145.0,147.0,8471931.75482343,1242009209.7298799
2022-10-13 09:00:00,146.0,151.0,138.0,149.0,37404168.52098839,5394072832.924321
2022-10-14 09:00:00,149.0,153.0,146.0,149.0,22971704.64710093,3440760108.0268297
2022-10-15 09:00:00,149.0,152.0,148.0,151.0,10214095.84529944,1536633648.0535042
2022-10-16 09:00:00,150.0,152.0,150.0,150.0,5310576.75055156,799049550.9048828
2022-10-17 09:00:00,150.0,161.0,148.0,158.0,38100385.81120701,5938554449.426943
2022-10-18 09:00:00,157.0,158.0,153.0,155.0,21762781.41864155,3393905136.7501183
2022-10-19 09:00:00,155.0,156.0,151.0,152.0,16023270.12911647,2460327596.043344
2022-10-20 09:00:00,153.0,154.0,148.0,149.0,13431026.18291283,2025125324.1973386
2022-10-21 09:00:00,149.0,154.0,145.0,152.0,16434000.94885371,2455808989.4264054
2022-10-22 09:00:00,152.0,154.0,150.0,152.0,8998344.78708325,1372361173.257375
2022-10-23 09:00:00,151.0,156.0,149.0,154.0,10242373.37638957,1550564106.5917456
2022-10-24 09:00:00,154.0,154.0,149.0,151.0,12382092.67429466,1876357782.015845
2022-10-25 09:00:00,151.0,158.0,151.0,153.0,26094541.2921619,4004292602.663111
2022-10-26 09:00:00,153.0,161.0,153.0,157.0,52005177.59846574,8215929160.16958
2022-10-27 09:00:00,157.0,161.0,154.0,156.0,26455067.07382238,4170963757.8516145
2022-10-28 09:00:00,156.0,159.0,152.0,157.0,17722006.66211202,2753890605.5446844
2022-10-29 09:00:00,158.0,161.0,154.0,156.0,36047428.83203735,5701620668.608861
2022-10-30 09:00:00,156.0,167.0,154.0,162.0,82715338.20802657,13347042357.042591
2022-10-31 09:00:00,162.0,167.0,158.0,161.0,75845274.5751369,12262135184.741161
2022-11-01 09:00:00,161.0,162.0,156.0,158.0,48955478.33921945,7799820802.639483
2022-11-02 09:00:00,157.0,158.0,151.0,156.0,48531648.22264251,7507649908.718504
2022-11-03 09:00:00,156.0,159.0,154.0,158.0,38224731.20564654,6007897548.166507
2022-11-04 09:00:00,157.0,164.0,156.0,164.0,49081256.08636199,7872794609.773286
2022-11-05 09:00:00,164.0,176.0,161.0,170.0,121735321.5487732,20586227431.215332
2022-11-06 09:00:00,169.0,177.0,165.0,166.0,151531846.05065745,26036883247.359756
2022-11-07 09:00:00,166.0,179.0,165.0,176.0,185179891.49026358,31755448979.240242
2022-11-08 09:00:00,176.0,180.0,138.0,148.0,265551143.0987969,43227155943.30281
2022-11-09 09:00:00,148.0,149.0,111.0,116.0,148216033.6991648,19838545644.914185
2022-11-10 09:00:00,115.0,137.0,113.0,135.0,128160126.751389,16150182092.999681
2022-11-11 09:00:00,135.0,138.0,116.0,121.0,117499435.96253552,14755665347.272451
2022-11-12 09:00:00,122.0,122.0,106.0,111.0,118975458.72898924,13384019742.831572
2022-11-13 09:00:00,111.0,112.0,78.7,86.9,1199338272.7338405,107462919248.73383
2022-11-14 09:00:00,86.9,104.0,72.3,95.2,1868060826.036717,169749099967.34253
2022-11-15 09:00:00,95.1,105.0,92.3,100.0,582886502.5336246,58053625075.333664
2022-11-16 09:00:00,100.0,105.0,92.4,97.5,223731307.2533075,21980053077.48536
2022-11-17 09:00:00,97.5,102.0,93.4,96.9,156306307.08249968,15243900161.508709
2022-11-18 09:00:00,96.8,101.0,95.1,100.0,164868959.0362967,16107931420.07314
2022-11-19 09:00:00,101.0,101.0,96.0,98.1,117688621.04250288,11525606813.524572
2022-11-20 09:00:00,98.1,98.2,88.2,90.1,112026915.7642972,10649982924.01415
2022-11-21 09:00:00,89.9,96.0,88.2,90.1,88594070.68269657,8018502817.387701
2022-11-22 09:00:00,90.1,95.4,87.4,90.9,100609713.2640444,9143410599.207256
2022-11-23 09:00:00,90.9,94.2,89.6,93.9,55385537.94439153,5069971954.214289
2022-11-24 09:00:00,94.2,94.4,88.4,90.1,47781607.32486712,4356884987.916589
2022-11-25 09:00:00,90.1,93.0,86.0,90.3,40734817.27694308,3619852028.5132933
2022-11-26 09:00:00,90.3,90.6,88.6,89.0,27096620.72203574,2425696662.5892735
2022-11-27 09:00:00,89.2,89.2,88.4,88.6,23191372.00548391,2058353526.0874298
2022-11-28 09:00:00,88.6,88.7,85.0,86.9,26250163.23648958,2267265344.281724
2022-11-29 09:00:00,87.0,89.1,86.0,87.0,19801529.24859508,1735382355.928741
2022-11-30 09:00:00,87.0,88.8,86.5,88.7,16427367.77505968,1440028321.2909112
2022-12-01 09:00:00,88.6,88.9,87.4,88.6,10476406.03498479,922551134.324279
2022-12-02 09:00:00,88.6,88.6,86.1,86.9,13901833.96370843,1210493561.0533853
2022-12-03 09:00:00,87.2,87.4,86.1,86.3,11045795.45627329,956965346.7182835
2022-12-04 09:00:00,86.2,87.0,85.4,86.6,15383749.2860087,1327432006.9820101
2022-12-05 09:00:00,86.7,99.4,86.3,92.2,1259115732.4611332,119937672677.26508
2022-12-06 09:00:00,92.2,92.5,87.5,88.9,122912177.84608692,10999031458.601143
2022-12-07 09:00:00,88.9,95.6,82.1,85.5,299171139.74785054,26880393610.141
2022-12-08 09:00:00,85.6,86.2,83.7,86.0,39252348.91403056,3323202011.9047885
2022-12-09 09:00:00,86.0,86.1,84.3,85.5,23858454.08123068,2032453857.3828876
2022-12-10 09:00:00,85.6,89.2,85.3,85.8,82473342.0292505,7167278266.8185625
2022-12-11 09:00:00,85.8,87.1,84.1,84.2,25939476.51865946,2207783087.686451
2022-12-12 09:00:00,84.3,84.6,80.5,82.6,25456647.42618677,2096081629.259432
2022-12-13 09:00:00,82.6,85.0,77.1,81.6,46052327.94836641,3774782561.610275
2022-12-14 09:00:00,81.6,84.5,80.8,81.1,39659015.82764365,3263440581.8497634
2022-12-15 09:00:00,81.1,81.9,79.0,80.3,16839065.86546641,1356867170.4751387
2022-12-16 09:00:00,80.3,84.8,73.0,74.3,76176231.31317833,6177027131.899669
2022-12-17 09:00:00,74.2,79.0,71.7,74.4,29764561.69891363,2229372436.693072
2022-12-18 09:00:00,74.4,75.9,73.6,75.6,11865230.16524196,887674513.0907757
2022-12-19 09:00:00,75.6,75.6,71.6,72.5,11833478.33630382,875007976.4405615
2022-12-20 09:00:00,72.5,74.7,71.8,74.4,17346838.93071701,1275060145.9040797
2022-12-21 09:00:00,74.4,77.5,73.6,74.2,41585049.18908954,3133033472.8671827
2022-12-22 09:00:00,74.2,77.2,73.6,75.0,25289989.20303026,1894020994.1600752
2022-12-23 09:00:00,75.1,76.8,74.3,76.8,10163429.18478659,766686401.9621611
2022-12-24 09:00:00,76.6,79.6,76.0,78.5,23094441.19087287,1801115060.8212883
2022-12-25 09:00:00,78.5,78.9,76.4,77.4,9844553.73113704,765300868.3766726
2022-12-26 09:00:00,77.4,77.6,75.2,76.1,7681345.03497217,585690168.2892253
2022-12-27 09:00:00,76.2,78.6,73.5,74.5,36389155.60282662,2782384870.179511
2022-12-28 09:00:00,74.6,77.3,72.2,73.0,49092184.26144518,3678382383.6479483
2022-12-29 09:00:00,73.0,74.2,72.1,74.0,12043080.61208534,879510504.3212676
2022-12-30 09:00:00,74.2,76.0,70.5,71.5,18287311.27633584,1334654581.9891026
2022-12-31 09:00:00,71.5,72.2,70.7,71.2,10166817.27043763,723750188.3802001
2023-01-01 09:00:00,71.3,72.8,70.9,72.3,6758043.19755662,484277771.7993206
2023-01-02 09:00:00,72.2,74.5,71.2,73.1,14347102.9296254,1048076360.4975437
2023-01-03 09:00:00,73.1,75.0,72.5,73.4,13994976.75590727,1031062891.5787772
2023-01-04 09:00:00,73.6,76.5,73.2,76.0,15975395.38177343,1196087132.7267036
2023-01-05 09:00:00,75.9,76.6,74.6,75.4,10947088.48213232,829143639.826751
2023-01-06 09:00:00,75.4,77.6,73.6,77.3,33489033.02775835,2541071026.814381
2023-01-07 09:00:00,77.3,79.5,76.4,78.9,13854101.71344746,1079676314.2279513
2023-01-08 09:00:00,79.2,81.3,77.3,78.9,49982295.93116624,3950489695.8255816
2023-01-09 09:00:00,78.9,81.0,78.2,79.7,50750661.40219215,4036532696.9779286
2023-01-10 09:00:00,79.7,80.8,79.0,80.8,23829910.02882664,1899289856.560612
2023-01-11 09:00:00,80.8,82.2,79.4,81.9,20340557.79695838,1640808421.7974117
2023-01-12 09:00:00,81.8,84.5,79.5,83.5,27542337.67583291,2263183687.1286025
2023-01-13 09:00:00,83.5,93.8,82.3,89.0,154505165.38171047,13715631380.047298
2023-01-14 09:00:00,88.7,99.6,86.5,93.7,227920984.67004564,21252265124.813053
2023-01-15 09:00:00,93.6,94.2,89.0,92.2,73767504.14256404,6786928868.377988
2023-01-16 09:00:00,92.2,108.0,90.5,100.0,628492215.7432786,62544800947.60136
2023-01-17 09:00:00,101.0,104.0,96.4,98.1,151810838.36310655,14961682746.055782
2023-01-18 09:00:00,97.9,101.0,87.9,88.2,137834061.80585045,13071774462.81726
2023-01-19 09:00:00,88.3,92.5,87.5,92.1,55202838.12342493,4957183373.118412
2023-01-20 09:00:00,92.2,97.0,90.3,96.9,53060526.2865712,4947103319.695019
2023-01-21 09:00:00,96.9,98.6,94.7,95.3,58737099.90437125,5681620971.291214
2023-01-22 09:00:00,95.4,101.0,95.3,97.6,136079682.93432918,13339011929.51345
2023-01-23 09:00:00,97.5,102.0,96.8,102.0,103756575.67280702,10249731831.271326
2023-01-24 09:00:00,101.0,104.0,93.9,97.9,168318097.94116914,16992828861.06549
2023-01-25 09:00:00,98.0,104.0,95.3,102.0,128279821.89909938,12766955986.018057
2023-01-26 09:00:00,102.0,103.0,100.0,101.0,72934192.33188228,7385669562.729953
2023-01-27 09:00:00,101.0,104.0,97.1,103.0,81407536.55136225,8163945820.544023
2023-01-28 09:00:00,103.0,104.0,100.0,102.0,44886057.53998421,4582576374.379589
2023-01-29 09:00:00,103.0,104.0,101.0,103.0,31309244.75999321,3204850073.2658515
2023-01-30 09:00:00,103.0,104.0,96.1,97.5,63163425.72201384,6292888110.264577
2023-01-31 09:00:00,97.9,101.0,96.2,99.3,31314131.02020423,3075676689.3826795
2023-02-01 09:00:00,99.3,102.0,95.8,101.0,67243509.78065114,6625136991.126204
2023-02-02 09:00:00,102.0,103.0,100.0,101.0,64658425.9108936,6568519028.1952505
2023-02-03 09:00:00,101.0,104.0,100.0,104.0,56946761.87829272,5777029435.292256
2023-02-04 09:00:00,104.0,108.0,102.0,106.0,89802336.50694188,9407447723.445906
2023-02-05 09:00:00,105.0,108.0,98.0,103.0,146099028.87869507,15136015215.933395
2023-02-06 09:00:00,102.0,104.0,100.0,103.0,69228072.80028792,7077325651.209349
2023-02-07 09:00:00,102.0,108.0,101.0,107.0,77446280.10213345,8019681934.631979
2023-02-08 09:00:00,107.0,110.0,105.0,108.0,142132258.38842568,15198412054.712164
2023-02-09 09:00:00,108.0,109.0,98.7,99.3,118947708.7713626,12307895810.773045
2023-02-10 09:00:00,99.4,101.0,97.6,99.2,63704468.66864962,6312846542.093344
2023-02-11 09:00:00,99.3,101.0,98.0,100.0,36631702.71814225,3631125033.7742496
2023-02-12 09:00:00,100.0,101.0,98.2,98.8,34672219.49513073,3442862678.3114586
2023-02-13 09:00:00,98.8,98.9,94.5,96.3,47144047.69328401,4552329503.340005
2023-02-14 09:00:00,96.4,98.7,93.6,98.7,52523035.71279522,5047570147.453187
2023-02-15 09:00:00,98.6,104.0,96.8,104.0,69408854.25170077,6952648194.702279
2023-02-16 09:00:00,104.0,106.0,99.1,99.8,104915161.14614145,10824265302.271849
2023-02-17 09:00:00,99.5,104.0,98.5,103.0,58305305.42017409,5907385761.199012
2023-02-18 09:00:00,103.0,105.0,102.0,103.0,49562419.70634557,5119655051.574703
2023-02-19 09:00:00,103.0,105.0,102.0,103.0,60203445.99499047,6227167237.18995
2023-02-20 09:00:00,104.0,109.0,102.0,109.0,111868934.62298822,11867132933.870785
2023-02-21 09:00:00,109.0,125.0,107.0,113.0,483499479.44457245,55910365482.20465
2023-02-22 09:00:00,113.0,113.0,105.0,110.0,114712685.8752993,12430232471.044273
2023-02-23 09:00:00,110.0,110.0,105.0,108.0,78424727.75992632,8416188492.667659
2023-02-24 09:00:00,108.0,110.0,105.0,107.0,99881534.37574285,10747699343.769562
2023-02-25 09:00:00,107.0,107.0,104.0,106.0,37071123.17058846,3896912856.568161
2023-02-26 09:00:00,105.0,107.0,104.0,107.0,23125670.29411519,2436606463.076507
2023-02-27 09:00:00,106.0,108.0,104.0,106.0,38406802.75776297,4067712008.114812
2023-02-28 09:00:00,107.0,108.0,106.0,107.0,11273879.36431935,1203461750.2042317
