2020-06-04 09:00:00,305150.0,315000.0,300000.0,308050.0,29878.34388007,9222973202.119183
2020-06-05 09:00:00,307900.0,318700.0,306000.0,308350.0,36572.95563491,11422017022.289291
2020-06-06 09:00:00,308350.0,310450.0,302500.0,305100.0,16021.73163387,4916729604.721894
2020-06-07 09:00:00,304800.0,307050.0,295750.0,303950.0,17347.5924528,5243720662.958966
2020-06-08 09:00:00,303950.0,307000.0,301400.0,305150.0,9927.18537613,3021150589.745622
2020-06-09 09:00:00,305000.0,306350.0,300850.0,303500.0,7456.93373417,2259906267.504901
2020-06-10 09:00:00,303500.0,310500.0,300200.0,305050.0,17486.62495721,5320062729.133009
2020-06-11 09:00:00,305050.0,305700.0,279100.0,280800.0,24867.94995296,7288006500.413591
2020-06-12 09:00:00,280900.0,292000.0,279600.0,289400.0,10829.42865209,3115655550.0333986
2020-06-13 09:00:00,289400.0,290750.0,286250.0,289200.0,5804.05625036,1674076766.63012
2020-06-14 09:00:00,289900.0,289900.0,282550.0,285400.0,6065.320813,1736085987.2216666
2020-06-15 09:00:00,285400.0,287550.0,270950.0,283650.0,18162.04891914,5059529860.57942
2020-06-16 09:00:00,284000.0,286650.0,280050.0,285250.0,10957.96838636,3116532300.871974
2020-06-17 09:00:00,285250.0,294000.0,283400.0,290550.0,13472.79650565,3885158588.40592
2020-06-18 09:00:00,290550.0,290900.0,281500.0,285450.0,7101.4652295,2041035011.552587
2020-06-19 09:00:00,285550.0,285750.0,278200.0,283050.0,7402.68912537,2091263910.453784
2020-06-20 09:00:00,283100.0,284550.0,277400.0,281900.0,5833.50788764,1640733254.1307125
2020-06-21 09:00:00,281500.0,282550.0,278250.0,278300.0,3988.93644244,1118147400.861879
2020-06-22 09:00:00,278650.0,291700.0,278250.0,289000.0,9877.2717311,2824411960.414528
2020-06-23 09:00:00,289000.0,291950.0,286400.0,287050.0,10694.4642724,3087150989.4286666
2020-06-24 09:00:00,287100.0,293700.0,276950.0,280900.0,15474.87005656,4418305873.431014
2020-06-25 09:00:00,280800.0,282500.0,272000.0,280150.0,11783.79152739,3280049065.7621903
2020-06-26 09:00:00,280200.0,281150.0,274700.0,278100.0,8110.77778624,2251337101.897635
2020-06-27 09:00:00,278100.0,278150.0,251150.0,262750.0,10397.41016914,2766180637.362027
2020-06-28 09:00:00,262750.0,271550.0,256400.0,267650.0,10626.74893011,2800898850.7394075
2020-06-29 09:00:00,267900.0,271450.0,262250.0,269000.0,8822.98737219,2347201047.3183336
2020-06-30 09:00:00,269500.0,270200.0,264250.0,265050.0,6706.91508484,1789637956.3261254
2020-07-01 09:00:00,265050.0,271000.0,263700.0,268000.0,6907.09171253,1848940290.0244555
2020-07-02 09:00:00,268000.0,269200.0,261300.0,263250.0,6730.83773426,1790796969.9524884
2020-07-03 09:00:00,262950.0,267050.0,262350.0,264250.0,5751.70720745,1523866951.377235
2020-07-04 09:00:00,264200.0,270050.0,263250.0,268050.0,5189.43648103,1382322868.2250404
2020-07-05 09:00:00,268550.0,269000.0,258950.0,265150.0,6415.12638481,1694634019.7296515
2020-07-06 09:00:00,265350.0,289200.0,264050.0,288000.0,38991.55937548,10918907111.51975
2020-07-07 09:00:00,287550.0,295350.0,279700.0,281950.0,23550.22724958,6718102588.649198
2020-07-08 09:00:00,281950.0,293150.0,279950.0,287650.0,24633.62333036,7094262725.081601
2020-07-09 09:00:00,287700.0,291250.0,277500.0,282400.0,22559.8137719,6419415270.188092
2020-07-10 09:00:00,282950.0,286350.0,277700.0,283150.0,15540.64002858,4380312836.567464
2020-07-11 09:00:00,283050.0,284650.0,279250.0,281450.0,8822.21409184,2485365697.107079
2020-07-12 09:00:00,281150.0,284300.0,276100.0,281950.0,14314.30387972,4023102168.6683793
2020-07-13 09:00:00,281550.0,287000.0,275100.0,277150.0,37069.96594084,10450908604.253948
2020-07-14 09:00:00,277150.0,279500.0,270700.0,273750.0,27746.34373847,7617750462.010423
2020-07-15 09:00:00,273750.0,274100.0,270100.0,271400.0,10888.09225058,2961807696.1735654
2020-07-16 09:00:00,271400.0,271900.0,261550.0,268100.0,16800.02295815,4477738080.196722
2020-07-17 09:00:00,268100.0,269650.0,265450.0,266250.0,8089.37413103,2162482628.186768
2020-07-18 09:00:00,266150.0,270100.0,265600.0,266650.0,9539.99999924,2553916679.1305933
2020-07-19 09:00:00,266700.0,271950.0,262500.0,270650.0,8527.94612799,2282174968.665934
2020-07-20 09:00:00,270400.0,271200.0,264900.0,266600.0,9376.89048455,2516553457.8293486
2020-07-21 09:00:00,266850.0,276450.0,266100.0,272650.0,16916.1961248,4611717448.65117
2020-07-22 09:00:00,272600.0,283850.0,270150.0,283750.0,12975.40863222,3587901968.003966
2020-07-23 09:00:00,283750.0,287000.0,279250.0,281150.0,25801.15653741,7292672868.468479
2020-07-24 09:00:00,281250.0,284000.0,276150.0,279800.0,13373.48068297,3742461071.1137795
2020-07-25 09:00:00,279500.0,298750.0,279350.0,296950.0,32395.55705009,9359698654.691578
2020-07-26 09:00:00,296950.0,303500.0,288800.0,291800.0,40925.48025542,12125649310.098951
2020-07-27 09:00:00,291800.0,321350.0,291550.0,314500.0,63078.59719903,19306286505.85696
2020-07-28 09:00:00,314600.0,348900.0,312250.0,338200.0,79835.64540001,26381225170.393307
2020-07-29 09:00:00,338150.0,346900.0,333800.0,340350.0,43169.47589514,14729697177.2904
2020-07-30 09:00:00,340100.0,353000.0,332600.0,344550.0,33525.00109684,11390590780.648087
2020-07-31 09:00:00,344000.0,364000.0,339500.0,355950.0,46156.3469917,16244179411.990564
2020-08-01 09:00:00,355950.0,378650.0,352000.0,377100.0,55507.06524059,20391474664.011417
2020-08-02 09:00:00,377050.0,399500.0,323000.0,334200.0,148117.15286145,52470046155.25035
2020-08-03 09:00:00,334200.0,360500.0,330000.0,350700.0,46110.96053994,15998345128.136375
2020-08-04 09:00:00,350450.0,357650.0,334800.0,343200.0,45017.23497839,15593296692.358547
2020-08-05 09:00:00,343200.0,354000.0,338100.0,346650.0,38364.29944206,13294800486.150959
2020-08-06 09:00:00,346600.0,384200.0,339400.0,366050.0,150476.340308,54953506960.412735
2020-08-07 09:00:00,366250.0,385900.0,348450.0,361100.0,110014.39067634,40984416460.103386
2020-08-08 09:00:00,361100.0,367700.0,353550.0,359700.0,57063.76369459,20567348439.104424
2020-08-09 09:00:00,359700.0,363800.0,345300.0,354550.0,35567.35257308,12688557090.111986
2020-08-10 09:00:00,354550.0,367700.0,343000.0,355600.0,46296.13692815,16572160444.905067
2020-08-11 09:00:00,355500.0,359850.0,325000.0,336600.0,49704.61533998,17079534763.91194
2020-08-12 09:00:00,336600.0,343300.0,323050.0,336950.0,37097.83871554,12414881531.915432
2020-08-13 09:00:00,337300.0,350600.0,326000.0,347900.0,33673.68513076,11343937272.47021
2020-08-14 09:00:00,347400.0,350400.0,340000.0,347200.0,30335.48972105,10481650577.028973
2020-08-15 09:00:00,347700.0,361700.0,344600.0,353850.0,54968.25542225,19410621969.36492
2020-08-16 09:00:00,353850.0,366450.0,347000.0,362300.0,50757.87491717,18152787539.0302
2020-08-17 09:00:00,362300.0,373050.0,354100.0,368600.0,75319.65096155,27517782142.893642
2020-08-18 09:00:00,368100.0,374650.0,351900.0,355800.0,65853.08820649,23919186146.84034
2020-08-19 09:00:00,355750.0,361800.0,335400.0,345800.0,48317.54798977,16826119641.016325
2020-08-20 09:00:00,345850.0,349600.0,340450.0,348650.0,33857.73575515,11687744288.39477
2020-08-21 09:00:00,348000.0,360200.0,336850.0,338600.0,50771.27980514,17707694059.654076
2020-08-22 09:00:00,338050.0,342600.0,328750.0,341000.0,28697.42801184,9642038758.031319
2020-08-23 09:00:00,341000.0,342300.0,332150.0,337250.0,17486.55346056,5883460808.300695
2020-08-24 09:00:00,337250.0,348150.0,334300.0,343250.0,26322.46922872,9010502191.584396
2020-08-25 09:00:00,343250.0,344200.0,321900.0,328450.0,28980.64625395,9661554268.524282
2020-08-26 09:00:00,328200.0,330400.0,321700.0,325250.0,21636.6855013,7053799611.579631
2020-08-27 09:00:00,325200.0,328300.0,307750.0,314150.0,32645.4445029,10439172012.979095
2020-08-28 09:00:00,314150.0,321800.0,308500.0,316800.0,21159.10655429,6682700678.543642
2020-08-29 09:00:00,316050.0,319400.0,313750.0,315600.0,18081.32800281,5720697535.814603
2020-08-30 09:00:00,315600.0,326450.0,314750.0,326450.0,25172.82540284,8070316136.604606
2020-08-31 09:00:00,326150.0,331950.0,320100.0,324050.0,28399.2907289,9246391361.769644
2020-09-01 09:00:00,323500.0,349550.0,319100.0,346600.0,55187.4835104,18290358230.64129
2020-09-02 09:00:00,346600.0,348250.0,307850.0,316800.0,85710.41613837,27832426785.78011
2020-09-03 09:00:00,316150.0,321600.0,270050.0,270350.0,75667.45358301,22478062146.2299
2020-09-04 09:00:00,270350.0,296100.0,263200.0,278800.0,88706.00554593,24609378715.425304
2020-09-05 09:00:00,278800.0,287000.0,261500.0,274250.0,73213.35894876,20075085608.75708
2020-09-06 09:00:00,274250.0,282800.0,266650.0,274200.0,44766.82744662,12286777622.838196
2020-09-07 09:00:00,274450.0,278400.0,260100.0,273750.0,57288.99365979,15446013568.368132
2020-09-08 09:00:00,273750.0,275050.0,260800.0,266500.0,33376.41947785,8972305395.360466
2020-09-09 09:00:00,266500.0,271850.0,261700.0,267400.0,24518.31943735,6559835874.74743
2020-09-10 09:00:00,267400.0,274400.0,266700.0,270700.0,35375.66241281,9559786898.46237
2020-09-11 09:00:00,270800.0,272100.0,264000.0,268050.0,22214.30280214,5936498393.88489
2020-09-12 09:00:00,268050.0,273000.0,265450.0,272650.0,14705.7439827,3941138453.9138966
2020-09-13 09:00:00,272750.0,279000.0,262950.0,265700.0,34047.28795287,9203916848.031252
2020-09-14 09:00:00,265700.0,273400.0,263200.0,269000.0,28364.47108439,7608779022.826295
2020-09-15 09:00:00,269100.0,287050.0,267500.0,279300.0,78765.5019522,22056820684.799904
2020-09-16 09:00:00,278950.0,279800.0,269000.0,272350.0,35619.1058234,9733862881.471754
2020-09-17 09:00:00,272350.0,281450.0,270100.0,274050.0,31473.76367436,8655003337.664099
2020-09-18 09:00:00,273400.0,278200.0,270300.0,273400.0,22264.89062351,6093471458.501682
2020-09-19 09:00:00,273400.0,278000.0,271550.0,272350.0,18293.14479863,5013970697.861841
2020-09-20 09:00:00,272350.0,273900.0,261550.0,265550.0,20661.85231255,5511086332.181848
2020-09-21 09:00:00,265200.0,267300.0,245100.0,250500.0,38238.00113694,9749152823.898775
2020-09-22 09:00:00,250500.0,258700.0,246650.0,258000.0,21026.64051757,5283902973.573891
2020-09-23 09:00:00,258000.0,258700.0,241100.0,242450.0,23378.93445282,5827695167.330151
2020-09-24 09:00:00,242450.0,254400.0,241050.0,252550.0,18612.53662449,4615217347.502355
2020-09-25 09:00:00,252400.0,260000.0,246500.0,252100.0,28508.51125445,7155190485.459723
2020-09-26 09:00:00,252050.0,261400.0,248400.0,258200.0,22984.13446442,5847227855.776967
2020-09-27 09:00:00,258200.0,270100.0,252400.0,266800.0,30005.69999173,7798551345.887598
2020-09-28 09:00:00,266700.0,272000.0,262000.0,263100.0,31862.29095224,8531125241.355713
2020-09-29 09:00:00,263100.0,268000.0,261500.0,266500.0,17464.02824689,4613732683.218139
2020-09-30 09:00:00,266500.0,268800.0,263200.0,265950.0,16634.95332994,4425082784.105356
2020-10-01 09:00:00,265800.0,272200.0,259800.0,267200.0,19878.86449911,5284804676.121289
2020-10-02 09:00:00,267050.0,267100.0,250450.0,257650.0,28713.51463219,7400310900.363022
2020-10-03 09:00:00,258100.0,260450.0,256000.0,256900.0,6650.9612808,1718053765.8381715
2020-10-04 09:00:00,256700.0,260900.0,254100.0,258350.0,9645.19579176,2486552989.649131
2020-10-05 09:00:00,258650.0,260050.0,254750.0,257900.0,14551.49249728,3745784660.358747
2020-10-06 09:00:00,257900.0,269300.0,252450.0,257250.0,39522.56192599,10283335751.605303
2020-10-07 09:00:00,256850.0,264650.0,253000.0,260000.0,17380.14216554,4466943106.422704
2020-10-08 09:00:00,260000.0,273000.0,257500.0,269650.0,44093.83568308,11738221487.827957
2020-10-09 09:00:00,269200.0,276050.0,267000.0,271000.0,26577.15865656,7225203797.534761
2020-10-10 09:00:00,271000.0,279500.0,269050.0,270150.0,26611.68595926,7305492670.027039
2020-10-11 09:00:00,269600.0,277000.0,268600.0,272300.0,18032.75797421,4908673559.234531
2020-10-12 09:00:00,271900.0,277750.0,268000.0,273900.0,22223.87869423,6080516005.073033
2020-10-13 09:00:00,273750.0,293750.0,272250.0,291350.0,54289.84334383,15423687531.236973
2020-10-14 09:00:00,291700.0,299550.0,287300.0,298250.0,40784.47666806,11944229709.458132
2020-10-15 09:00:00,298400.0,306950.0,293200.0,301600.0,42052.48199344,12636049206.835697
2020-10-16 09:00:00,301600.0,306200.0,284100.0,288450.0,49753.35250875,14488777180.562872
2020-10-17 09:00:00,288450.0,291450.0,278000.0,281850.0,19737.17176772,5622832912.19404
2020-10-18 09:00:00,281850.0,288150.0,280750.0,286250.0,12129.90140568,3451198348.382157
2020-10-19 09:00:00,286450.0,288500.0,280950.0,284850.0,18398.14376434,5240197691.349833
2020-10-20 09:00:00,285350.0,285400.0,273050.0,275950.0,22611.31361847,6320377805.041998
2020-10-21 09:00:00,275800.0,297650.0,274150.0,292100.0,47657.06312013,13754841178.341728
2020-10-22 09:00:00,292100.0,310000.0,291800.0,301650.0,51754.06358999,15683397908.689226
2020-10-23 09:00:00,301450.0,320000.0,295050.0,305450.0,77525.29858537,23917624758.894825
2020-10-24 09:00:00,305450.0,314000.0,302100.0,310400.0,27097.54456071,8335273531.385394
2020-10-25 09:00:00,310400.0,311200.0,302850.0,306000.0,31926.13141704,9793413002.864534
2020-10-26 09:00:00,306000.0,308150.0,288100.0,293600.0,45232.34440203,13506761753.228622
2020-10-27 09:00:00,293550.0,302450.0,290700.0,296800.0,49179.70186579,14601445000.177088
2020-10-28 09:00:00,296550.0,316500.0,292800.0,305200.0,131555.1626073,40254956856.614655
2020-10-29 09:00:00,304750.0,308800.0,293750.0,302600.0,43427.39314419,13084950961.664331
2020-10-30 09:00:00,302500.0,306250.0,291850.0,296800.0,58503.3044649,17420652009.682594
2020-10-31 09:00:00,296800.0,301500.0,294600.0,296800.0,31702.34244422,9457517039.444561
2020-11-01 09:00:00,296400.0,307350.0,295000.0,303800.0,24352.47297351,7307038690.637988
2020-11-02 09:00:00,303500.0,307850.0,289100.0,292250.0,52032.61049226,15477897968.665186
2020-11-03 09:00:00,292250.0,294000.0,271750.0,277650.0,82408.73236889,22898672247.763344
2020-11-04 09:00:00,277700.0,278500.0,264600.0,272200.0,58239.61965116,15772734442.14621
2020-11-05 09:00:00,272300.0,282800.0,271650.0,279150.0,81141.39263836,22486237910.246273
2020-11-06 09:00:00,279200.0,290650.0,275700.0,288650.0,90603.68790356,25831508267.50348
2020-11-07 09:00:00,288650.0,308650.0,279800.0,285400.0,134697.61287969,39882748405.66584
2020-11-08 09:00:00,285250.0,308500.0,282250.0,302100.0,77331.85976616,22984857992.21632
2020-11-09 09:00:00,302050.0,304100.0,289600.0,294800.0,75305.02335753,22375258722.451977
2020-11-10 09:00:00,294800.0,297100.0,285800.0,287500.0,58617.33748763,17054449086.704933
2020-11-11 09:00:00,287500.0,291600.0,284600.0,285150.0,53230.45595876,15273836640.21821
2020-11-12 09:00:00,285200.0,299500.0,279700.0,288000.0,83985.08524343,24167368296.618164
2020-11-13 09:00:00,288050.0,288800.0,278800.0,285700.0,63252.52019877,17987593024.45305
2020-11-14 09:00:00,285700.0,288400.0,281200.0,283000.0,38249.39577537,10877484531.539564
2020-11-15 09:00:00,283000.0,289950.0,259550.0,265750.0,200333.10518801,54934567919.482605
2020-11-16 09:00:00,265400.0,274350.0,255650.0,269950.0,81837.72698231,21847173234.290443
2020-11-17 09:00:00,269950.0,276300.0,268600.0,275600.0,56021.46881418,15224099661.313244
2020-11-18 09:00:00,275600.0,281650.0,262700.0,268500.0,78571.87415329,21395413395.174908
2020-11-19 09:00:00,268500.0,275350.0,263650.0,268700.0,61443.86239277,16536971240.07789
2020-11-20 09:00:00,268600.0,278500.0,267800.0,277550.0,70602.7014624,19448129981.395218
2020-11-21 09:00:00,277500.0,323600.0,275200.0,322850.0,210886.90091516,62933324125.7738
2020-11-22 09:00:00,322600.0,333000.0,294000.0,310350.0,160081.38740057,49585918779.56795
2020-11-23 09:00:00,310300.0,346700.0,301050.0,341550.0,130105.94873303,41775649841.10841
2020-11-24 09:00:00,340850.0,397700.0,334900.0,369550.0,363400.30412732,132015643149.8739
2020-11-25 09:00:00,369550.0,382550.0,336100.0,349600.0,170438.01918989,62516777868.14446
2020-11-26 09:00:00,349300.0,356900.0,288300.0,303850.0,179190.91340648,56532056103.30329
2020-11-27 09:00:00,304200.0,314000.0,287350.0,297350.0,69642.37739203,20812762025.72513
2020-11-28 09:00:00,297350.0,313950.0,293000.0,303800.0,68554.68036419,20772003023.560703
2020-11-29 09:00:00,303800.0,316850.0,299100.0,313150.0,65394.14772982,20187950497.49827
2020-11-30 09:00:00,312850.0,349300.0,305500.0,343750.0,121959.56659774,39661898674.18474
2020-12-01 09:00:00,343750.0,349300.0,311100.0,320000.0,151857.57993807,50401611131.013336
2020-12-02 09:00:00,320000.0,328000.0,313000.0,323650.0,45181.41990129,14469293817.905375
2020-12-03 09:00:00,323500.0,325800.0,314000.0,318100.0,34601.67296257,11033543109.086863
2020-12-04 09:00:00,318350.0,338800.0,305200.0,306900.0,102841.97938545,32878600470.3511
2020-12-05 09:00:00,307000.0,314600.0,302000.0,314550.0,30261.70003537,9354601050.209206
2020-12-06 09:00:00,314500.0,318000.0,304150.0,310700.0,26117.20906035,8108279546.65826
2020-12-07 09:00:00,310550.0,315550.0,307250.0,308800.0,25546.62888485,7942167151.003324
2020-12-08 09:00:00,308700.0,309800.0,288700.0,292650.0,39169.69808549,11710265215.640444
2020-12-09 09:00:00,292650.0,296250.0,276300.0,294150.0,49445.28998179,14235546755.098986
2020-12-10 09:00:00,294150.0,295450.0,285550.0,290400.0,21691.69696954,6276644131.014545
2020-12-11 09:00:00,291050.0,291200.0,281800.0,283050.0,22200.06294418,6324200335.264852
2020-12-12 09:00:00,282350.0,294000.0,281500.0,293000.0,22792.79088317,6616592412.991583
2020-12-13 09:00:00,293000.0,306800.0,290750.0,298550.0,27340.91151755,8152330935.199909
2020-12-14 09:00:00,298550.0,304700.0,288800.0,301250.0,23187.78265494,6870474116.308893
2020-12-15 09:00:00,301300.0,325650.0,295500.0,313300.0,69879.9401583,21870192898.963318
2020-12-16 09:00:00,313350.0,335000.0,306000.0,333750.0,102090.23670833,32719671427.19329
2020-12-17 09:00:00,333550.0,358350.0,325850.0,337000.0,131898.06348637,45149081986.65499
2020-12-18 09:00:00,336650.0,349700.0,329750.0,341450.0,65835.07188187,22424291068.277115
2020-12-19 09:00:00,341400.0,358150.0,337500.0,349100.0,57180.35710272,19880671012.033154
2020-12-20 09:00:00,349100.0,408500.0,340000.0,384800.0,277510.12167247,106923518193.14156
2020-12-21 09:00:00,384800.0,422050.0,351000.0,353950.0,327444.17137042,124882681515.0236
2020-12-22 09:00:00,353950.0,365000.0,331800.0,363100.0,162430.87373039,56764289987.193016
2020-12-23 09:00:00,363100.0,373050.0,301900.0,312100.0,197982.80392078,66729377447.37453
2020-12-24 09:00:00,312650.0,335900.0,307000.0,333150.0,102149.45131453,32750841919.826008
2020-12-25 09:00:00,332600.0,359000.0,326500.0,350050.0,116766.39559473,40033308603.49811
2020-12-26 09:00:00,350050.0,363550.0,342000.0,358500.0,127130.58523988,44989497045.18146
2020-12-27 09:00:00,358600.0,419900.0,343200.0,378100.0,423409.77294082,162469091376.1837
2020-12-28 09:00:00,378050.0,420000.0,372450.0,404600.0,241755.069444,96959137932.02945
2020-12-29 09:00:00,404600.0,412400.0,374050.0,392200.0,188621.82412825,73567996140.57678
2020-12-30 09:00:00,392200.0,407600.0,379000.0,396200.0,166731.79226109,65756266776.95313
2020-12-31 09:00:00,396350.0,399450.0,377000.0,379050.0,104153.66962125,40299115539.49153
2021-01-01 09:00:00,379050.0,391750.0,368500.0,376350.0,92105.24639998,35184677482.55912
2021-01-02 09:00:00,376750.0,404450.0,368950.0,392900.0,187635.12566479,72851175675.08511
2021-01-03 09:00:00,392800.0,492950.0,392750.0,483000.0,501332.29543199,218289602282.8915
2021-01-04 09:00:00,483000.0,539000.0,435000.0,464300.0,422054.67738498,202690874637.2029
2021-01-05 09:00:00,464300.0,486600.0,445000.0,469400.0,178546.98928247,82945798533.6676
2021-01-06 09:00:00,469500.0,516000.0,458000.0,503000.0,225241.07492686,109536861157.0862
2021-01-07 09:00:00,503100.0,538700.0,478600.0,507400.0,260787.44534314,132265437123.90575
2021-01-08 09:00:00,507400.0,531600.0,461400.0,506700.0,249620.59689198,125509247132.61562
2021-01-09 09:00:00,506800.0,672500.0,487750.0,651700.0,546893.29682869,309995142232.2611
2021-01-10 09:00:00,651000.0,721300.0,616000.0,683400.0,726838.22243334,487352434326.0925
2021-01-11 09:00:00,682200.0,687800.0,472500.0,540000.0,623815.98779686,346275875486.721
2021-01-12 09:00:00,540000.0,572600.0,497000.0,514500.0,289412.8274098,154133861456.89786
2021-01-13 09:00:00,514600.0,557100.0,497800.0,550200.0,167510.31433055,88863375602.28464
2021-01-14 09:00:00,550000.0,587600.0,529900.0,575700.0,156174.38865624,87268069172.08087
2021-01-15 09:00:00,575100.0,583200.0,510000.0,548000.0,140500.91923023,76700438355.10707
2021-01-16 09:00:00,548000.0,565400.0,527000.0,544700.0,124802.85212173,68308287411.959755
2021-01-17 09:00:00,544700.0,552000.0,518000.0,529600.0,84110.04822507,44859551493.44459
2021-01-18 09:00:00,529600.0,561500.0,523000.0,554700.0,97620.84807399,52753079987.20291
2021-01-19 09:00:00,554700.0,605400.0,548500.0,559900.0,148951.72828714,85491658873.64192
2021-01-20 09:00:00,559700.0,571700.0,526900.0,552500.0,95028.08037183,52114503816.44492
2021-01-21 09:00:00,552400.0,554600.0,457000.0,467600.0,127269.86123586,64330681280.28118
2021-01-22 09:00:00,467250.0,497300.0,425500.0,484350.0,141013.30402476,66005066614.89032
2021-01-23 09:00:00,484350.0,492000.0,459800.0,477550.0,71701.18748664,34276022137.515244
2021-01-24 09:00:00,477000.0,512100.0,466950.0,495000.0,87193.47093926,42099227473.46505
2021-01-25 09:00:00,495000.0,522900.0,482350.0,483700.0,131570.3650208,66078487853.35928
2021-01-26 09:00:00,483300.0,490650.0,465000.0,473150.0,56416.70974317,26955583608.84604
2021-01-27 09:00:00,473150.0,474700.0,419650.0,427250.0,76860.87300433,33873771436.06835
2021-01-28 09:00:00,427300.0,456500.0,418650.0,444850.0,74650.85049317,32694393667.955925
2021-01-29 09:00:00,444850.0,491400.0,431100.0,445850.0,135943.07575374,62075754186.90215
2021-01-30 09:00:00,445850.0,464500.0,434600.0,450450.0,128524.57118765,57551433648.527306
2021-01-31 09:00:00,450450.0,456000.0,434000.0,439000.0,93235.71921624,41404948656.01558
2021-02-01 09:00:00,439000.0,490600.0,432550.0,451450.0,240469.26158936,109638079996.53241
2021-02-02 09:00:00,451450.0,469950.0,445300.0,461000.0,100739.0927721,45797814970.21264
2021-02-03 09:00:00,461150.0,477100.0,457650.0,468550.0,106243.25818287,49508466210.27777
2021-02-04 09:00:00,468600.0,481100.0,437000.0,455900.0,125256.51394608,57585651431.20848
2021-02-05 09:00:00,455900.0,482000.0,454100.0,479600.0,114061.82170822,53024152142.772285
2021-02-06 09:00:00,479600.0,538100.0,474500.0,487400.0,312497.28095877,158742829367.07
2021-02-07 09:00:00,487400.0,510000.0,469050.0,482500.0,201465.13126258,98402514759.87149
2021-02-08 09:00:00,482450.0,521900.0,476700.0,513000.0,206220.22113275,102641497244.38167
2021-02-09 09:00:00,513200.0,549900.0,501500.0,538500.0,321847.26863586,169368096068.39975
2021-02-10 09:00:00,537800.0,569100.0,510100.0,540000.0,307407.52612212,166214559211.95276
2021-02-11 09:00:00,540000.0,585400.0,535000.0,571500.0,262943.85813056,147604729254.31738
2021-02-12 09:00:00,572000.0,620000.0,551300.0,615000.0,328633.44191254,191807188586.47632
2021-02-13 09:00:00,616000.0,718800.0,581000.0,716300.0,427523.83570863,274777572081.73914
2021-02-14 09:00:00,716100.0,807000.0,700000.0,776400.0,565101.17405448,423536392130.7964
2021-02-15 09:00:00,776400.0,834000.0,680000.0,782800.0,484112.46218338,369661091273.0109
2021-02-16 09:00:00,781900.0,810000.0,751300.0,785800.0,224192.64826177,175658609218.27527
2021-02-17 09:00:00,786500.0,800100.0,758400.0,787300.0,163462.63609638,128120483369.09402
2021-02-18 09:00:00,787400.0,812700.0,771000.0,787800.0,130294.1598902,103069754593.71953
2021-02-19 09:00:00,789700.0,842700.0,767000.0,817500.0,165052.13147132,133102180542.39343
2021-02-20 09:00:00,817500.0,850000.0,759900.0,782200.0,205967.76513162,169107703360.8742
2021-02-21 09:00:00,782200.0,847000.0,762000.0,802900.0,211676.75621475,170512705680.27335
2021-02-22 09:00:00,802800.0,805000.0,660000.0,716900.0,267512.62740522,196414303836.43823
2021-02-23 09:00:00,718200.0,719600.0,467050.0,580200.0,291580.46654652,170886483335.84976
2021-02-24 09:00:00,580700.0,625600.0,555000.0,599400.0,150373.42661577,90013658013.74904
2021-02-25 09:00:00,599400.0,631700.0,567400.0,573400.0,112270.98797202,68020199185.36115
2021-02-26 09:00:00,573300.0,585600.0,534200.0,564100.0,96910.49032978,54309064212.63009
2021-02-27 09:00:00,564100.0,580000.0,553500.0,560700.0,81071.78830296,45951235383.33627
2021-02-28 09:00:00,559500.0,564300.0,500700.0,528100.0,81272.14371492,42884172576.28165
2021-03-01 09:00:00,527500.0,571000.0,524400.0,569900.0,60474.47743555,33096908691.135635
2021-03-02 09:00:00,570000.0,631300.0,557200.0,599600.0,113366.11340154,67882081063.419014
2021-03-03 09:00:00,599800.0,628700.0,592000.0,600000.0,89573.22922942,54518268753.10503
2021-03-04 09:00:00,600100.0,616800.0,579000.0,590300.0,71101.39476576,42344446202.279274
2021-03-05 09:00:00,590300.0,590600.0,558000.0,578500.0,54864.98489611,31314307404.785004
2021-03-06 09:00:00,578500.0,582000.0,559900.0,579000.0,37795.4144747,21670417476.68561
2021-03-07 09:00:00,579000.0,599300.0,578300.0,588700.0,55804.8483904,32657311292.552605
2021-03-08 09:00:00,588700.0,606100.0,581000.0,604000.0,57604.01457899,34099377579.66341
2021-03-09 09:00:00,604300.0,624900.0,596900.0,624900.0,71536.58691968,44025784545.93856
2021-03-10 09:00:00,624700.0,648500.0,595600.0,630000.0,99813.22744586,62086093062.10861
2021-03-11 09:00:00,629800.0,649500.0,613800.0,629400.0,74835.64124124,47041841407.76921
2021-03-12 09:00:00,629400.0,648000.0,601400.0,626500.0,66373.41685389,41563237654.127266
2021-03-13 09:00:00,625100.0,696700.0,609000.0,685500.0,132147.78065364,86468064699.93913
2021-03-14 09:00:00,685400.0,698700.0,640900.0,642300.0,73065.15499362,48954416521.16583
2021-03-15 09:00:00,641000.0,657300.0,587400.0,606000.0,109366.28210217,67641111319.19352
2021-03-16 09:00:00,606000.0,640100.0,583000.0,614000.0,95333.25658647,58257182480.2147
2021-03-17 09:00:00,614100.0,630000.0,587300.0,629500.0,65461.72127097,39823447057.76835
2021-03-18 09:00:00,629500.0,639400.0,614100.0,615000.0,51525.12385399,32141547069.416603
2021-03-19 09:00:00,615000.0,643900.0,602300.0,623100.0,54089.53426608,33833186081.43387
2021-03-20 09:00:00,621800.0,649400.0,620000.0,625300.0,75312.5636915,47950873052.61199
2021-03-21 09:00:00,627100.0,637600.0,603200.0,613100.0,46061.96117628,28477119062.36111
2021-03-22 09:00:00,613200.0,681900.0,605000.0,608100.0,186764.24198072,119506208991.44354
2021-03-23 09:00:00,609000.0,690000.0,605800.0,616200.0,215719.81628406,136750680167.09497
2021-03-24 09:00:00,616200.0,645000.0,574500.0,587800.0,115441.42614786,71125740065.57596
2021-03-25 09:00:00,587800.0,598000.0,556800.0,582600.0,75596.68226083,43631977247.926735
2021-03-26 09:00:00,583400.0,613500.0,579200.0,603100.0,76403.77946965,45358449888.125885
2021-03-27 09:00:00,603100.0,610000.0,586600.0,597600.0,42761.41617965,25547237208.52776
2021-03-28 09:00:00,597600.0,613500.0,590000.0,599400.0,47501.44135596,28425439505.69756
2021-03-29 09:00:00,598500.0,627100.0,594400.0,618600.0,68746.10541566,42165082768.41304
2021-03-30 09:00:00,618600.0,640000.0,614900.0,634100.0,61187.57090546,38409826284.32758
2021-03-31 09:00:00,634500.0,667500.0,612700.0,660300.0,121543.10145525,77437499917.3118
2021-04-01 09:00:00,660300.0,698000.0,646000.0,688000.0,138830.1026201,92965684960.12204
2021-04-02 09:00:00,688000.0,747800.0,667600.0,727700.0,155645.08881294,110202670745.0932
2021-04-03 09:00:00,726400.0,761100.0,666000.0,671400.0,144242.29168697,104265503926.27199
2021-04-04 09:00:00,671300.0,719000.0,662600.0,719000.0,78540.97499375,54922270049.904915
2021-04-05 09:00:00,718800.0,888800.0,714000.0,867700.0,234255.17391624,185694900034.3933
2021-04-06 09:00:00,868000.0,975500.0,840000.0,890000.0,373582.66450898,334266522275.3469
2021-04-07 09:00:00,890000.0,1063000.0,720600.0,801000.0,595407.04210856,528219649509.16327
2021-04-08 09:00:00,801000.0,838800.0,760000.0,838700.0,180320.50885912,145207840259.8188
2021-04-09 09:00:00,838700.0,849900.0,800000.0,826400.0,137602.20828866,113572665429.24532
2021-04-10 09:00:00,826400.0,898400.0,817000.0,884800.0,170110.1676733,146711304659.98013
2021-04-11 09:00:00,884600.0,954700.0,860000.0,907400.0,223786.6598,203960448547.36624
2021-04-12 09:00:00,907100.0,915000.0,862000.0,876600.0,102403.85550545,90726061395.0321
2021-04-13 09:00:00,876500.0,962400.0,864700.0,946100.0,234687.70628047,215577711033.48575
2021-04-14 09:00:00,946000.0,1090000.0,944100.0,1041000.0,437911.62163993,446933518327.93805
2021-04-15 09:00:00,1043500.0,1127000.0,1005500.0,1113500.0,241510.5577602,254834548494.61377
2021-04-16 09:00:00,1113500.0,1494500.0,1062000.0,1431000.0,706734.48280566,886078806802.8562
2021-04-17 09:00:00,1431500.0,1530000.0,1288500.0,1295000.0,389286.85103328,552890321978.1833
2021-04-18 09:00:00,1295000.0,1352000.0,1099500.0,1310000.0,555552.25974693,675502863387.5007
2021-04-19 09:00:00,1310000.0,1401000.0,1118500.0,1146000.0,345700.57985184,432068196781.12177
2021-04-20 09:00:00,1145500.0,1220500.0,1007500.0,1174000.0,442779.64716677,499686218523.9485
2021-04-21 09:00:00,1174000.0,1249500.0,1128000.0,1152000.0,238399.09073498,283649917139.2816
2021-04-22 09:00:00,1151500.0,1184000.0,959600.0,989500.0,374811.61441567,411880915358.72864
2021-04-23 09:00:00,989500.0,1066000.0,770000.0,998900.0,486853.00572375,449027414873.1362
2021-04-24 09:00:00,998900.0,999500.0,901400.0,937000.0,155186.79386833,147388144478.25546
2021-04-25 09:00:00,937000.0,979700.0,873000.0,926000.0,123212.36987656,115613628204.65726
2021-04-26 09:00:00,926000.0,1014000.0,907500.0,1007500.0,130945.2095682,127537415499.68271
2021-04-27 09:00:00,1007500.0,1048000.0,981700.0,1048000.0,115049.93093973,116861371771.8397
2021-04-28 09:00:00,1048000.0,1096500.0,990000.0,1064000.0,138023.14041875,143650106825.2344
2021-04-29 09:00:00,1064000.0,1070000.0,1020500.0,1047000.0,74352.24006267,77892898355.02213
2021-04-30 09:00:00,1046500.0,1188000.0,1040000.0,1172500.0,147025.41112758,164810795974.56082
2021-05-01 09:00:00,1172500.0,1222000.0,1151000.0,1200500.0,129202.15025378,153929317941.13116
2021-05-02 09:00:00,1199500.0,1210000.0,1130000.0,1176000.0,87707.13827747,103057350557.32394
2021-05-03 09:00:00,1176000.0,1260000.0,1172500.0,1246500.0,125267.13671564,152909295738.11414
2021-05-04 09:00:00,1247500.0,1310000.0,1154000.0,1204000.0,302632.32818649,373874489313.55994
2021-05-05 09:00:00,1203000.0,1841000.0,1188000.0,1824500.0,1246185.88892797,1912159001480.5667
2021-05-06 09:00:00,1821000.0,1965000.0,1628500.0,1851500.0,1362815.85597745,2421210551045.29
2021-05-07 09:00:00,1851000.0,1853000.0,1532000.0,1646500.0,607670.90580715,1030087280668.924
2021-05-08 09:00:00,1647000.0,1753500.0,1576000.0,1712000.0,458569.99527621,769396234557.5112
2021-05-09 09:00:00,1711500.0,1800000.0,1605500.0,1771000.0,294146.33460146,496399943761.9209
2021-05-10 09:00:00,1771000.0,1934000.0,1646500.0,1679000.0,490537.97147337,882587121662.3977
2021-05-11 09:00:00,1679000.0,1910000.0,1625500.0,1898000.0,503919.76184333,876054832260.5404
2021-05-12 09:00:00,1898000.0,2025000.0,1478000.0,1533000.0,532390.02359112,964589543652.1377
2021-05-13 09:00:00,1533500.0,1700000.0,1460000.0,1610000.0,485821.45502978,773801363429.4412
2021-05-14 09:00:00,1609500.0,1657500.0,1537000.0,1623500.0,256373.92311719,412464023026.5217
2021-05-15 09:00:00,1623500.0,1642500.0,1470500.0,1507500.0,235638.48301811,367022326446.5683
2021-05-16 09:00:00,1507500.0,1578000.0,1380500.0,1455000.0,217517.30314541,323125713230.5754
2021-05-17 09:00:00,1455000.0,1465000.0,1200000.0,1326000.0,390863.96500222,515279493453.95355
2021-05-18 09:00:00,1327000.0,1428000.0,1300000.0,1356000.0,197024.72980813,270476212838.24454
2021-05-19 09:00:00,1355500.0,1378000.0,735000.0,989700.0,576740.12464039,615396405606.0991
2021-05-20 09:00:00,989700.0,1085500.0,881500.0,1035000.0,270977.14339787,271993025816.96332
2021-05-21 09:00:00,1035000.0,1073000.0,835100.0,915000.0,262811.7408615,251432063765.29092
2021-05-22 09:00:00,915000.0,916200.0,747400.0,799500.0,208928.90583252,173920190005.68048
2021-05-23 09:00:00,799500.0,868700.0,585000.0,677600.0,352709.58889538,249000162659.58548
2021-05-24 09:00:00,677900.0,923100.0,637400.0,910300.0,334150.994652,259472424934.64026
2021-05-25 09:00:00,910300.0,977500.0,828600.0,896500.0,331470.26106269,293965353439.6415
2021-05-26 09:00:00,896500.0,943700.0,862100.0,919800.0,176438.42659935,160678738361.51144
2021-05-27 09:00:00,919500.0,965000.0,853000.0,906700.0,192271.64519153,175374297911.1167
2021-05-28 09:00:00,906700.0,922300.0,798600.0,843100.0,169527.27512403,144292182969.26047
2021-05-29 09:00:00,843100.0,873900.0,767400.0,804100.0,107644.93403929,87746650224.77718
2021-05-30 09:00:00,804100.0,831500.0,741400.0,803200.0,102018.45517667,81146253764.51341
2021-05-31 09:00:00,803200.0,836300.0,766100.0,826300.0,83265.20938587,67041790746.08316
2021-06-01 09:00:00,826500.0,849000.0,797700.0,813800.0,69375.8269938,56785328956.3157
2021-06-02 09:00:00,814100.0,831000.0,797600.0,812800.0,51760.0965837,42116797604.59368
2021-06-03 09:00:00,813100.0,849000.0,804600.0,833000.0,64978.70021546,53908997326.48615
2021-06-04 09:00:00,833000.0,836000.0,760800.0,782100.0,73650.59122331,58425874124.10348
2021-06-05 09:00:00,781900.0,794500.0,756000.0,766600.0,41816.40427089,32341330724.470848
2021-06-06 09:00:00,766600.0,787300.0,756200.0,763900.0,45242.00567837,34797627833.99426
2021-06-07 09:00:00,764700.0,772500.0,688000.0,693500.0,53557.17169353,39523730366.27792
2021-06-08 09:00:00,693400.0,706900.0,635000.0,686400.0,126805.01031309,85880078364.72375
2021-06-09 09:00:00,686400.0,735200.0,651700.0,733500.0,174605.65798519,120631282898.39961
2021-06-10 09:00:00,733700.0,739700.0,692000.0,702500.0,80654.19487946,57781146419.56201
2021-06-11 09:00:00,702800.0,709100.0,667000.0,675200.0,54656.50529553,37838708559.276726
2021-06-12 09:00:00,675200.0,686300.0,638100.0,674200.0,44038.7384921,28976561443.042347
2021-06-13 09:00:00,674200.0,707000.0,652300.0,704100.0,35254.00465615,23853799607.250496
2021-06-14 09:00:00,704100.0,736400.0,692000.0,735700.0,48456.56033019,34478017803.063965
2021-06-15 09:00:00,735700.0,744500.0,713900.0,725300.0,33856.70351263,24713848083.780247
2021-06-16 09:00:00,725000.0,725600.0,689600.0,701200.0,32276.85966397,22815691610.571598
2021-06-17 09:00:00,701900.0,725000.0,693600.0,703500.0,29436.70850458,20913291514.826694
2021-06-18 09:00:00,703600.0,706500.0,656300.0,668200.0,34375.00093534,23449366478.427177
2021-06-19 09:00:00,668200.0,682900.0,654000.0,655000.0,22864.72490638,15273485786.83653
2021-06-20 09:00:00,655000.0,661500.0,611800.0,654800.0,42252.97825597,26975851107.998028
2021-06-21 09:00:00,654800.0,659900.0,534200.0,538600.0,76569.14446621,44946282597.57413
2021-06-22 09:00:00,538300.0,562000.0,454200.0,515800.0,110630.19237521,56047341593.7727
2021-06-23 09:00:00,515800.0,561200.0,496100.0,548200.0,53487.82450348,28929883172.3765
2021-06-24 09:00:00,548400.0,578300.0,531300.0,566200.0,80461.74363344,45045469473.55233
2021-06-25 09:00:00,566800.0,579900.0,529000.0,529000.0,58419.23417534,32374927194.034027
2021-06-26 09:00:00,529000.0,542300.0,503900.0,536900.0,28422.13025343,14821098219.914764
2021-06-27 09:00:00,535700.0,550900.0,521800.0,550800.0,26986.81184313,14483572935.355717
2021-06-28 09:00:00,550700.0,600100.0,544000.0,581600.0,55266.3181704,31412831248.54837
2021-06-29 09:00:00,580700.0,634500.0,579700.0,607300.0,74640.56554332,45553220910.23439
2021-06-30 09:00:00,606900.0,628000.0,585300.0,612300.0,49210.73691394,29629347489.691517
2021-07-01 09:00:00,612000.0,612400.0,569500.0,582600.0,35938.05487079,21054597602.026863
2021-07-02 09:00:00,582400.0,592100.0,558800.0,578700.0,21938.36162171,12532423801.525354
2021-07-03 09:00:00,578700.0,599100.0,571300.0,587700.0,21189.18172593,12429445477.340427
2021-07-04 09:00:00,587700.0,628800.0,581900.0,610600.0,40880.40519949,24950075004.486122
2021-07-05 09:00:00,610600.0,616100.0,571600.0,591700.0,43834.67661563,26045611065.658714
2021-07-06 09:00:00,591100.0,609600.0,588000.0,597200.0,33029.02024844,19743594746.651867
2021-07-07 09:00:00,596500.0,625000.0,590000.0,597800.0,40024.13612965,24343440060.443867
2021-07-08 09:00:00,597200.0,600300.0,567200.0,582300.0,49094.82823326,28681395616.722466
2021-07-09 09:00:00,582300.0,601000.0,555900.0,593800.0,34224.30537689,19847897238.493656
2021-07-10 09:00:00,593100.0,602300.0,575300.0,587600.0,18546.8140879,10876815065.689135
2021-07-11 09:00:00,587500.0,591700.0,577400.0,585500.0,14304.29134895,8368378915.115071
2021-07-12 09:00:00,585500.0,597900.0,560900.0,568500.0,33830.21940833,19655499349.894875
2021-07-13 09:00:00,568500.0,572400.0,547300.0,551700.0,24085.63922143,13470728449.562613
2021-07-14 09:00:00,551500.0,565000.0,527100.0,550500.0,32575.79205932,17732228070.38929
2021-07-15 09:00:00,550500.0,557700.0,528600.0,538100.0,24152.11560073,13005931314.178652
2021-07-16 09:00:00,538300.0,546400.0,515100.0,518800.0,25508.92263803,13494750867.191526
2021-07-17 09:00:00,520100.0,527100.0,510000.0,515100.0,17807.26664224,9201276240.600346
2021-07-18 09:00:00,515100.0,533000.0,513000.0,518900.0,14196.98257967,7436471205.537422
2021-07-19 09:00:00,519000.0,522400.0,494500.0,495800.0,21178.15529979,10693450400.728336
2021-07-20 09:00:00,495800.0,502700.0,455700.0,472700.0,33530.21804604,15868928942.468548
2021-07-21 09:00:00,472700.0,510000.0,463750.0,508800.0,24562.41650801,12099285952.612059
2021-07-22 09:00:00,508900.0,523000.0,500900.0,518200.0,18703.35766395,9579661502.904287
2021-07-23 09:00:00,518200.0,530000.0,509300.0,529300.0,21110.65873719,10968391234.104252
2021-07-24 09:00:00,529300.0,543500.0,526100.0,537800.0,23713.36229606,12682752458.344284
2021-07-25 09:00:00,537800.0,539200.0,515500.0,529300.0,28418.13699343,14922865983.921577
2021-07-26 09:00:00,529200.0,599000.0,525200.0,555200.0,99572.54396663,57372227056.23766
2021-07-27 09:00:00,554500.0,583000.0,538800.0,578900.0,42860.96645917,23998049626.829895
2021-07-28 09:00:00,578800.0,602000.0,569100.0,592500.0,49271.23785515,28955589990.34353
2021-07-29 09:00:00,593000.0,630000.0,578500.0,617900.0,40369.92509256,24379232764.45355
2021-07-30 09:00:00,617100.0,640000.0,595000.0,637800.0,75970.37563381,46987096982.90976
2021-07-31 09:00:00,637800.0,643200.0,622300.0,632600.0,47385.88040053,29976412168.051285
2021-08-01 09:00:00,632700.0,654000.0,603000.0,610100.0,55061.44617919,35035737452.90508
2021-08-02 09:00:00,610800.0,658200.0,600500.0,632100.0,95552.0358424,61106526849.15753
2021-08-03 09:00:00,630500.0,643100.0,611100.0,634300.0,32418.43436746,20329320206.72903
2021-08-04 09:00:00,632600.0,635800.0,614300.0,628600.0,32119.26590722,20135563225.05282
2021-08-05 09:00:00,628600.0,635500.0,611900.0,632000.0,37369.16033644,23295460905.91004
2021-08-06 09:00:00,633200.0,649800.0,624800.0,641000.0,45422.87668304,28876706275.580833
2021-08-07 09:00:00,641100.0,679500.0,638300.0,670700.0,83154.75912998,55041554073.91202
2021-08-08 09:00:00,670700.0,680400.0,642400.0,644700.0,67512.63188285,44525089594.645996
2021-08-09 09:00:00,644700.0,687600.0,628200.0,676800.0,99663.0241301,66438598213.48726
2021-08-10 09:00:00,676600.0,693100.0,666000.0,680800.0,66379.98506048,45000695165.28126
2021-08-11 09:00:00,680600.0,721400.0,679400.0,715900.0,75583.69580179,53079645525.03743
2021-08-12 09:00:00,715900.0,750000.0,696200.0,709800.0,108608.40454538,78384907936.70059
2021-08-13 09:00:00,711600.0,759900.0,702100.0,758300.0,74363.80667225,54634262857.322464
2021-08-14 09:00:00,759100.0,809700.0,745700.0,809700.0,119152.90615342,91837342261.61311
2021-08-15 09:00:00,809600.0,831700.0,784100.0,820900.0,146463.73015759,118514157239.96266
2021-08-16 09:00:00,821200.0,844000.0,789300.0,789900.0,99191.19003139,80803360942.58704
2021-08-17 09:00:00,789600.0,806200.0,749000.0,753600.0,84132.11631518,65892906762.94958
2021-08-18 09:00:00,753600.0,765400.0,725000.0,745100.0,62490.33676311,46849683958.521576
2021-08-19 09:00:00,745400.0,776300.0,735800.0,776300.0,40203.36472553,30188264654.901897
2021-08-20 09:00:00,776300.0,824700.0,767300.0,817000.0,75728.88695342,60037239031.14567
2021-08-21 09:00:00,816900.0,822000.0,790100.0,795600.0,87005.80563482,70033148145.56094
2021-08-22 09:00:00,795600.0,807500.0,771900.0,787200.0,50686.87660752,40136117228.14132
2021-08-23 09:00:00,787200.0,803900.0,780800.0,789600.0,71008.44887052,56385311351.55382
2021-08-24 09:00:00,789600.0,792200.0,746800.0,749900.0,64214.35647806,49663036860.91044
2021-08-25 09:00:00,749900.0,774700.0,731500.0,758900.0,69177.37119829,51933457110.082466
2021-08-26 09:00:00,758900.0,764100.0,713300.0,714800.0,41617.75824199,30488342535.46505
2021-08-27 09:00:00,715700.0,747100.0,704300.0,746500.0,47341.41199622,34339113968.19619
2021-08-28 09:00:00,746000.0,820000.0,734000.0,776900.0,120775.67130872,92599676864.8077
2021-08-29 09:00:00,776600.0,896000.0,771300.0,773900.0,480853.52975895,395817921579.86804
2021-08-30 09:00:00,773900.0,782700.0,746000.0,750000.0,96235.47749821,73468403063.10709
2021-08-31 09:00:00,751500.0,761900.0,737000.0,745500.0,62506.81012476,46803511081.97439
2021-09-01 09:00:00,744900.0,760700.0,731900.0,760000.0,54992.83005205,41108138521.84672
2021-09-02 09:00:00,759800.0,780100.0,754400.0,773100.0,81736.88297055,63062991456.482124
2021-09-03 09:00:00,772300.0,833700.0,759300.0,822700.0,174497.39538672,138791342599.61298
2021-09-04 09:00:00,822300.0,849900.0,809400.0,822200.0,99472.9905388,81843923318.04564
2021-09-05 09:00:00,822200.0,878700.0,806600.0,874000.0,120100.0419977,100106541250.93495
2021-09-06 09:00:00,873700.0,930000.0,854400.0,906600.0,178697.65822164,160172665943.04346
2021-09-07 09:00:00,906500.0,910000.0,731600.0,813300.0,178070.35540874,149099347322.9954
2021-09-08 09:00:00,815900.0,823400.0,766900.0,800100.0,92156.41574714,73080689952.66385
2021-09-09 09:00:00,800700.0,808200.0,788200.0,797500.0,47187.33950332,37659275460.1849
2021-09-10 09:00:00,797500.0,814200.0,764100.0,771900.0,54587.64295843,43272303604.47903
2021-09-11 09:00:00,771900.0,783700.0,760900.0,771300.0,25376.45982631,19620281955.827904
2021-09-12 09:00:00,771300.0,785400.0,757500.0,775300.0,31128.26056916,24047941329.540707
2021-09-13 09:00:00,775300.0,827000.0,730100.0,743100.0,153990.23556068,119032364319.90884
2021-09-14 09:00:00,743100.0,774900.0,735500.0,768400.0,45091.97505318,34036344623.937622
2021-09-15 09:00:00,768400.0,779700.0,757900.0,776500.0,39236.74305927,30150366317.197342
2021-09-16 09:00:00,776500.0,784500.0,755300.0,766100.0,40954.99730642,31410670799.482235
2021-09-17 09:00:00,766000.0,776900.0,746000.0,757600.0,40971.85636513,31249525051.710987
2021-09-18 09:00:00,757500.0,771100.0,752400.0,765500.0,25046.540332,19134142144.858128
2021-09-19 09:00:00,765500.0,789000.0,745900.0,747400.0,43928.61994072,33663076267.533146
2021-09-20 09:00:00,747200.0,748300.0,671500.0,679000.0,75361.13054872,53026472220.81654
2021-09-21 09:00:00,679000.0,688700.0,622100.0,628500.0,58665.45725475,38742385806.964294
2021-09-22 09:00:00,628600.0,679600.0,612100.0,677600.0,58163.87353874,37909225657.88977
2021-09-23 09:00:00,677600.0,683800.0,645100.0,670200.0,42476.55310305,28275056254.88899
2021-09-24 09:00:00,670500.0,673700.0,600000.0,626600.0,48256.71229258,30475961802.918266
2021-09-25 09:00:00,625600.0,636300.0,615000.0,634000.0,24086.50739299,15118245865.382832
2021-09-26 09:00:00,634000.0,636100.0,600300.0,615600.0,35751.95310515,22182268151.35624
2021-09-27 09:00:00,615000.0,627400.0,601100.0,602100.0,26017.13939156,15973452129.694248
2021-09-28 09:00:00,601500.0,609500.0,580000.0,582200.0,41307.50831721,24694975195.276203
2021-09-29 09:00:00,581100.0,606500.0,575900.0,593700.0,27842.78037197,16478796527.542768
2021-09-30 09:00:00,593700.0,617500.0,590000.0,615700.0,31465.75339313,19110584621.523544
2021-10-01 09:00:00,615600.0,660300.0,611700.0,660300.0,44718.49775133,28644707488.645042
2021-10-02 09:00:00,660400.0,680600.0,651800.0,674500.0,36682.41211172,24465835451.235065
2021-10-03 09:00:00,674500.0,704000.0,660400.0,692500.0,47525.39708526,32622402251.621235
2021-10-04 09:00:00,692500.0,694200.0,650000.0,675700.0,46756.15241022,31364861237.593597
2021-10-05 09:00:00,675900.0,721000.0,667300.0,711800.0,46082.42528127,31608085632.27174
2021-10-06 09:00:00,711900.0,757800.0,679000.0,749500.0,110231.64947582,80887883638.122
2021-10-07 09:00:00,749500.0,772600.0,727400.0,742900.0,51894.12045364,38838101608.33827
2021-10-08 09:00:00,744000.0,754900.0,715000.0,729800.0,43728.80140859,32205033250.028004
2021-10-09 09:00:00,729100.0,761900.0,724100.0,751200.0,41457.43750496,31058961135.692173
2021-10-10 09:00:00,750500.0,759700.0,724000.0,726700.0,31287.22687281,23273641107.554943
2021-10-11 09:00:00,726600.0,770000.0,718000.0,742600.0,58022.40358055,43448008075.96187
2021-10-12 09:00:00,741400.0,742600.0,706000.0,727200.0,41058.33040782,29692494680.09276
2021-10-13 09:00:00,727200.0,735800.0,704000.0,725100.0,30028.14892953,21567690357.023033
2021-10-14 09:00:00,725300.0,739200.0,722700.0,728500.0,25682.66187127,18746188780.246353
2021-10-15 09:00:00,729500.0,780800.0,716400.0,768200.0,118347.56056322,89704515961.99307
2021-10-16 09:00:00,768200.0,794600.0,763300.0,767500.0,48048.32175217,37419384405.5138
2021-10-17 09:00:00,767200.0,773400.0,740000.0,755500.0,29784.1962998,22598319977.011505
2021-10-18 09:00:00,755300.0,764500.0,739500.0,754600.0,29672.87225703,22356915517.24959
2021-10-19 09:00:00,754100.0,765300.0,740000.0,758900.0,20872.40503175,15736650827.282228
2021-10-20 09:00:00,758900.0,790000.0,744000.0,781900.0,37284.72451345,28671993591.83643
2021-10-21 09:00:00,781900.0,797100.0,764000.0,764000.0,50703.2509883,39670472543.06539
2021-10-22 09:00:00,764100.0,782100.0,754700.0,763600.0,27013.17617267,20756342520.05846
2021-10-23 09:00:00,763500.0,779900.0,754900.0,767000.0,17888.3274045,13752474116.476618
2021-10-24 09:00:00,768900.0,775200.0,750000.0,756700.0,21337.65156291,16290735265.307165
2021-10-25 09:00:00,755500.0,762500.0,750900.0,754900.0,21915.45224774,16577407208.682545
2021-10-26 09:00:00,754900.0,761000.0,731200.0,742200.0,27753.32520127,20736301066.548622
2021-10-27 09:00:00,742200.0,748000.0,660000.0,674700.0,55762.44031698,39214291727.04695
2021-10-28 09:00:00,674700.0,710100.0,663400.0,698000.0,37317.38950396,25715501509.423
2021-10-29 09:00:00,698100.0,714000.0,694100.0,711900.0,21790.50034334,15338964171.336245
2021-10-30 09:00:00,711900.0,722000.0,689900.0,695300.0,29080.41383656,20501438233.271046
2021-10-31 09:00:00,695100.0,722200.0,690000.0,705000.0,37099.30102224,26048074376.417652
2021-11-01 09:00:00,705000.0,709300.0,690100.0,698600.0,28919.52282895,20248584741.679115
2021-11-02 09:00:00,698600.0,714000.0,692000.0,702800.0,33565.00961208,23528587291.883495
2021-11-03 09:00:00,702800.0,731500.0,693200.0,728700.0,54377.37566714,38731162281.858894
2021-11-04 09:00:00,728700.0,731300.0,713000.0,718100.0,25579.20744879,18432516112.34336
2021-11-05 09:00:00,718000.0,773000.0,713000.0,725400.0,88045.85030934,65178444298.69049
2021-11-06 09:00:00,725400.0,729200.0,711100.0,714000.0,23787.95008452,17118288550.788647
2021-11-07 09:00:00,714000.0,728000.0,713000.0,726800.0,15144.79147498,10905970724.62668
2021-11-08 09:00:00,726800.0,773900.0,725900.0,769100.0,58207.35034283,43586872782.588585
2021-11-09 09:00:00,769100.0,879900.0,768000.0,865700.0,176496.06661996,145327730591.00095
2021-11-10 09:00:00,865700.0,881300.0,806300.0,813500.0,149656.51839162,126797365684.83759
2021-11-11 09:00:00,813700.0,827000.0,807000.0,823100.0,36044.85918065,29474800030.56394
2021-11-12 09:00:00,823100.0,829500.0,793500.0,813900.0,50093.13390005,40595872248.00237
2021-11-13 09:00:00,814000.0,817500.0,797100.0,804100.0,22953.59996732,18510714460.09437
2021-11-14 09:00:00,804100.0,823200.0,801800.0,822100.0,22352.81792446,18134471954.17987
2021-11-15 09:00:00,823100.0,833000.0,808700.0,810600.0,29117.22746959,23791554611.615917
2021-11-16 09:00:00,810600.0,813800.0,724500.0,738800.0,68384.66319073,51984537386.52772
2021-11-17 09:00:00,738600.0,745000.0,710200.0,731300.0,45859.43155091,33276686476.988453
2021-11-18 09:00:00,731300.0,737600.0,680000.0,686900.0,46833.45262415,33173345674.115437
2021-11-19 09:00:00,688200.0,716500.0,681000.0,710800.0,31807.99119174,22245209728.997967
2021-11-20 09:00:00,710700.0,726100.0,703000.0,722300.0,20786.93607873,14915349007.734106
2021-11-21 09:00:00,722300.0,724400.0,706400.0,716200.0,17177.88192195,12267621155.313816
2021-11-22 09:00:00,716200.0,718000.0,690100.0,697600.0,22780.12447981,16024498691.614887
2021-11-23 09:00:00,697600.0,715300.0,687000.0,711400.0,21829.37541302,15260913202.94464
2021-11-24 09:00:00,711000.0,776100.0,697600.0,775100.0,48995.30895502,35960502221.10475
2021-11-25 09:00:00,774200.0,800000.0,758900.0,765700.0,53789.92468936,41849628271.338425
2021-11-26 09:00:00,766200.0,767400.0,700100.0,708200.0,39683.54514961,28936727163.052525
2021-11-27 09:00:00,709900.0,730000.0,704000.0,722300.0,14318.72236978,10310612023.29449
2021-11-28 09:00:00,719900.0,723000.0,690700.0,722600.0,18190.94044528,12853986934.685488
2021-11-29 09:00:00,718400.0,724100.0,700500.0,718300.0,18128.07505814,12947142422.517214
2021-11-30 09:00:00,718400.0,728700.0,698400.0,707100.0,21782.25296679,15554695997.397871
2021-12-01 09:00:00,707100.0,724600.0,705800.0,708500.0,13670.30783455,9736569198.436228
2021-12-02 09:00:00,708500.0,712600.0,697100.0,700700.0,13491.73482872,9490589405.231262
2021-12-03 09:00:00,700700.0,705000.0,671200.0,676300.0,20869.40497189,14410995263.07447
2021-12-04 09:00:00,676300.0,676300.0,449550.0,598600.0,86288.98230728,49462725225.99331
2021-12-05 09:00:00,598600.0,606600.0,541700.0,567500.0,28592.5147722,16507743199.87508
2021-12-06 09:00:00,568400.0,597100.0,523400.0,590800.0,68815.0337775,38674640933.01856
2021-12-07 09:00:00,590500.0,623200.0,574100.0,591600.0,48956.13646318,28916527423.681664
2021-12-08 09:00:00,592500.0,605400.0,575800.0,592800.0,40005.31949666,23664222982.40897
2021-12-09 09:00:00,592300.0,594200.0,557400.0,560100.0,27651.03994598,15884106841.975067
2021-12-10 09:00:00,560000.0,581000.0,546100.0,554100.0,22564.40291581,12716843572.134226
2021-12-11 09:00:00,554000.0,574900.0,549100.0,570200.0,12188.14224554,6883667364.422517
2021-12-12 09:00:00,570200.0,573900.0,553600.0,568600.0,10174.75674792,5734107849.863895
2021-12-13 09:00:00,566900.0,570100.0,526600.0,529400.0,19787.57239396,10810930820.967663
2021-12-14 09:00:00,529400.0,552300.0,520000.0,540500.0,19877.65424963,10627202394.5329
2021-12-15 09:00:00,541200.0,563200.0,519500.0,559800.0,16981.23858556,9204866075.890875
2021-12-16 09:00:00,559700.0,567300.0,546800.0,549700.0,12038.37756455,6703638709.63235
2021-12-17 09:00:00,549700.0,558100.0,526000.0,534000.0,11129.52425971,6003500020.024058
2021-12-18 09:00:00,533800.0,547300.0,527000.0,542900.0,6089.35088265,3281399869.25958
2021-12-19 09:00:00,542900.0,553000.0,539000.0,539900.0,8202.97493535,4471700826.140286
2021-12-20 09:00:00,540500.0,545200.0,523000.0,531600.0,11781.50467591,6272543931.002918
2021-12-21 09:00:00,531600.0,541900.0,525600.0,538000.0,10312.2240869,5525552434.383667
2021-12-22 09:00:00,538000.0,549100.0,533300.0,538400.0,11056.69678655,5975419090.390442
2021-12-23 09:00:00,538400.0,553200.0,535000.0,551500.0,15048.5389957,8181836726.699119
2021-12-24 09:00:00,551500.0,564000.0,549000.0,551000.0,17016.37390693,9457979507.933897
2021-12-25 09:00:00,550900.0,557900.0,544900.0,551500.0,8700.13024919,4797031426.679706
2021-12-26 09:00:00,551500.0,553700.0,542100.0,546600.0,8251.49951418,4513193154.414769
2021-12-27 09:00:00,546600.0,573200.0,541300.0,563100.0,15638.9916182,8722945385.63034
2021-12-28 09:00:00,563200.0,565200.0,536500.0,538600.0,14445.48829908,7950834981.275185
2021-12-29 09:00:00,537300.0,543200.0,524300.0,528500.0,10874.12879041,5804982379.302027
2021-12-30 09:00:00,528500.0,533000.0,520400.0,524800.0,10455.18849538,5499909498.31318
2021-12-31 09:00:00,523600.0,531700.0,512800.0,527100.0,12161.85920084,6366170721.892731
2022-01-01 09:00:00,527100.0,542800.0,527100.0,539700.0,5904.38990789,3155887002.635012
2022-01-02 09:00:00,539700.0,550000.0,538000.0,544700.0,9375.76411762,5100245922.175788
2022-01-03 09:00:00,543100.0,545000.0,528000.0,530800.0,9330.24178593,5014734923.905542
2022-01-04 09:00:00,530200.0,534400.0,520200.0,521400.0,10534.23212893,5546699354.186348
2022-01-05 09:00:00,521400.0,526400.0,484000.0,495800.0,17781.31885831,9092305566.385172
2022-01-06 09:00:00,495800.0,502000.0,480000.0,494900.0,12311.66517907,6004721725.219809
2022-01-07 09:00:00,494950.0,497500.0,465100.0,477400.0,23618.1923386,11432230267.034193
2022-01-08 09:00:00,477400.0,483800.0,456150.0,466750.0,8900.06043987,4210832770.0550346
2022-01-09 09:00:00,467550.0,473650.0,456250.0,465450.0,7601.71073281,3533801824.291476
2022-01-10 09:00:00,465500.0,467500.0,428600.0,445500.0,19052.37238289,8532612539.211457
2022-01-11 09:00:00,445500.0,455850.0,442050.0,453200.0,12666.73868926,5676341141.174542
2022-01-12 09:00:00,453200.0,469000.0,449000.0,466000.0,11238.38448943,5159476146.672847
2022-01-13 09:00:00,466100.0,477000.0,457200.0,459100.0,11139.41318731,5215070272.178446
2022-01-14 09:00:00,459250.0,477200.0,457000.0,467800.0,13352.36561211,6259352447.018743
2022-01-15 09:00:00,467700.0,476200.0,466100.0,474700.0,6904.68679195,3253841658.335345
2022-01-16 09:00:00,475000.0,477000.0,466750.0,469500.0,5861.02631152,2760315126.1045604
2022-01-17 09:00:00,470150.0,470900.0,455500.0,464300.0,9617.66510752,4454133457.599244
2022-01-18 09:00:00,463500.0,483200.0,454000.0,461350.0,23450.58404798,10948587692.895658
2022-01-19 09:00:00,461350.0,465100.0,443000.0,446050.0,9430.24951188,4253621772.478523
2022-01-20 09:00:00,446100.0,463000.0,435800.0,436600.0,10162.53097006,4569725690.578079
2022-01-21 09:00:00,436700.0,439600.0,386000.0,392400.0,20134.00305994,8351950450.704681
2022-01-22 09:00:00,392700.0,394950.0,334000.0,361000.0,27016.91130094,9905904941.599487
2022-01-23 09:00:00,361500.0,369900.0,350700.0,369300.0,13539.46395373,4891421299.736018
2022-01-24 09:00:00,369350.0,369350.0,322800.0,357000.0,31523.44651321,10851230173.25049
2022-01-25 09:00:00,357000.0,357750.0,343350.0,354350.0,10427.42203902,3672098954.4047494
2022-01-26 09:00:00,354350.0,383350.0,349100.0,354000.0,19003.99460248,6885370616.094137
2022-01-27 09:00:00,354000.0,362000.0,341250.0,356000.0,10292.37101997,3632012548.8136425
2022-01-28 09:00:00,357300.0,367050.0,351800.0,366350.0,12455.20106853,4457770536.7718
2022-01-29 09:00:00,366900.0,372200.0,362500.0,368950.0,20180.91146405,7399901410.993614
2022-01-30 09:00:00,369500.0,374050.0,357800.0,361700.0,14181.05103655,5205972146.149915
2022-01-31 09:00:00,362400.0,362500.0,345100.0,353450.0,14585.76321071,5125453150.736358
2022-02-01 09:00:00,353400.0,358500.0,349800.0,356800.0,22489.2255736,7960215715.914882
2022-02-02 09:00:00,356800.0,365550.0,343000.0,343150.0,35826.79508674,12775806334.909828
2022-02-03 09:00:00,343150.0,346750.0,335150.0,344500.0,20338.18411636,6932180570.880855
2022-02-04 09:00:00,344600.0,373950.0,340200.0,373050.0,34343.08507708,12167858611.367523
2022-02-05 09:00:00,373050.0,404000.0,368000.0,392350.0,41456.24531134,15962043608.259413
2022-02-06 09:00:00,393050.0,403350.0,384000.0,396750.0,25031.53916527,9873008130.184965
2022-02-07 09:00:00,396800.0,419600.0,390350.0,419600.0,36574.982561,14963005691.060423
2022-02-08 09:00:00,419400.0,432900.0,398000.0,408900.0,35911.26101255,14891894553.204918
2022-02-09 09:00:00,408900.0,420000.0,400000.0,417600.0,18891.36524235,7777044616.959124
2022-02-10 09:00:00,417700.0,438600.0,408700.0,415950.0,34714.72466621,14733837456.241928
2022-02-11 09:00:00,415950.0,417350.0,387000.0,392950.0,18467.80204895,7491521501.967438
2022-02-12 09:00:00,391800.0,404750.0,380000.0,403350.0,12299.0101852,4804477098.892532
2022-02-13 09:00:00,404250.0,415000.0,397500.0,409000.0,10830.39083688,4389603553.72182
2022-02-14 09:00:00,409000.0,413900.0,387450.0,401400.0,11028.52933612,4379265574.464125
2022-02-15 09:00:00,401400.0,417500.0,399150.0,415250.0,17380.17139694,7106934765.595652
2022-02-16 09:00:00,415250.0,416200.0,401050.0,406150.0,13492.23085202,5505054398.960034
2022-02-17 09:00:00,406250.0,409600.0,378500.0,381500.0,17785.28669126,7020982373.635407
2022-02-18 09:00:00,381500.0,388600.0,375850.0,379850.0,11386.91048257,4353220544.978943
2022-02-19 09:00:00,379850.0,384900.0,372050.0,381550.0,9474.58033915,3587686858.6012764
2022-02-20 09:00:00,381800.0,382000.0,364300.0,371300.0,8934.72497156,3301262915.7679753
2022-02-21 09:00:00,372200.0,379600.0,346150.0,347750.0,14489.3628142,5288777301.948521
2022-02-22 09:00:00,347750.0,360000.0,338800.0,356450.0,9713.78693645,3388017680.638138
2022-02-23 09:00:00,356450.0,369350.0,351000.0,352300.0,6640.92912745,2392609309.706148
2022-02-24 09:00:00,352300.0,379000.0,323600.0,367650.0,23267.77766064,8029089384.745173
2022-02-25 09:00:00,367600.0,380000.0,355200.0,375550.0,21774.06660787,7984605633.369924
2022-02-26 09:00:00,376550.0,394450.0,375000.0,385700.0,16146.2725173,6230190840.361966
2022-02-27 09:00:00,385650.0,392500.0,369900.0,373350.0,11391.33797943,4344263298.194092
2022-02-28 09:00:00,374150.0,409800.0,369900.0,409800.0,16031.68596811,6255985836.415815
2022-03-01 09:00:00,409450.0,415600.0,391050.0,398450.0,31384.88268643,12598088420.674513
2022-03-02 09:00:00,399100.0,400150.0,387250.0,389050.0,17164.27469142,6763619112.840265
2022-03-03 09:00:00,389900.0,392500.0,376000.0,384900.0,10985.44295401,4226376364.1735544
2022-03-04 09:00:00,385350.0,385550.0,357300.0,360300.0,14027.62361385,5233464726.137213
2022-03-05 09:00:00,360300.0,364900.0,353000.0,363000.0,6867.56229366,2462736535.6584787
2022-03-06 09:00:00,363000.0,366300.0,350650.0,351050.0,5347.93588912,1918491296.649311
2022-03-07 09:00:00,351850.0,360300.0,338700.0,341700.0,12006.27908133,4171075618.624483
2022-03-08 09:00:00,341700.0,359150.0,339950.0,353750.0,7587.51243686,2667135534.438659
2022-03-09 09:00:00,353750.0,392200.0,352700.0,377500.0,36993.22548453,14137609431.540115
2022-03-10 09:00:00,378000.0,381200.0,354000.0,359600.0,15509.51217179,5629579294.348196
2022-03-11 09:00:00,359900.0,365700.0,351000.0,358500.0,8227.73018381,2948190942.3360415
2022-03-12 09:00:00,359200.0,367050.0,358250.0,363350.0,5199.64546573,1889212976.439757
2022-03-13 09:00:00,363700.0,367850.0,349550.0,351050.0,5637.21246848,2022952182.7821186
2022-03-14 09:00:00,350650.0,360050.0,347800.0,359000.0,7423.23382865,2629018607.1030726
2022-03-15 09:00:00,359050.0,361900.0,351000.0,357900.0,5723.02342545,2039113649.084609
2022-03-16 09:00:00,358200.0,373450.0,355000.0,367250.0,13267.87749379,4820582309.811223
2022-03-17 09:00:00,367250.0,369250.0,360200.0,363000.0,5536.55707072,2016216127.593879
2022-03-18 09:00:00,363000.0,373150.0,357100.0,371050.0,7902.6651986,2885136061.237834
2022-03-19 09:00:00,370850.0,398600.0,370450.0,398050.0,13656.21460641,5247872010.975575
2022-03-20 09:00:00,398050.0,417300.0,386900.0,401300.0,32719.76127019,13075959076.641315
2022-03-21 09:00:00,402050.0,420000.0,393150.0,408700.0,36996.19159876,15035056267.468386
2022-03-22 09:00:00,408700.0,470200.0,408400.0,459000.0,136635.65642143,60935914247.53711
2022-03-23 09:00:00,458700.0,474850.0,432850.0,442950.0,99352.85899996,44650630423.739746
2022-03-24 09:00:00,442950.0,446000.0,428050.0,438950.0,40808.3044887,17798006380.33775
2022-03-25 09:00:00,439550.0,454950.0,429700.0,442750.0,42005.12804647,18475849777.7953
2022-03-26 09:00:00,442750.0,444100.0,434000.0,438000.0,17894.29968491,7850041943.879544
2022-03-27 09:00:00,438000.0,449850.0,428650.0,449000.0,23623.24349871,10333920742.507277
2022-03-28 09:00:00,449000.0,462850.0,442150.0,445250.0,40759.91090804,18530487198.00116
2022-03-29 09:00:00,445100.0,492150.0,439200.0,449250.0,55716.85519158,25644340648.833786
2022-03-30 09:00:00,449250.0,463950.0,437000.0,457050.0,29022.9840172,13146452709.066822
2022-03-31 09:00:00,457050.0,477650.0,441600.0,467450.0,38465.43922885,17640361064.49183
2022-04-01 09:00:00,466550.0,473650.0,443550.0,460700.0,29303.52011436,13420664126.457157
2022-04-02 09:00:00,461250.0,469700.0,453700.0,456050.0,34211.11259257,15791755152.696478
2022-04-03 09:00:00,456050.0,464400.0,450350.0,462350.0,18846.70659075,8647038547.184612
2022-04-04 09:00:00,462350.0,463100.0,446500.0,461050.0,21753.21795204,9950099629.994225
2022-04-05 09:00:00,461050.0,466650.0,450900.0,450900.0,16199.42593627,7426596359.175957
2022-04-06 09:00:00,450900.0,454300.0,405000.0,406050.0,24331.0751354,10491831615.55451
2022-04-07 09:00:00,406500.0,421400.0,402900.0,416400.0,16190.6218101,6682372181.034267
2022-04-08 09:00:00,416450.0,421600.0,403150.0,405600.0,12324.40565071,5107645758.207768
2022-04-09 09:00:00,406050.0,410050.0,403100.0,407450.0,4077.5144872,1655300840.8960004
2022-04-10 09:00:00,407550.0,414000.0,400600.0,401650.0,6737.91665084,2740473259.4478865
2022-04-11 09:00:00,402500.0,402600.0,371000.0,373500.0,13609.01045341,5264499910.519815
2022-04-12 09:00:00,373500.0,387650.0,371550.0,384650.0,12098.44908611,4601137193.110561
2022-04-13 09:00:00,384650.0,440000.0,379350.0,428050.0,97772.51656237,40656984496.01475
2022-04-14 09:00:00,428050.0,442150.0,419000.0,423800.0,33958.84664871,14596729138.145868
2022-04-15 09:00:00,423800.0,433200.0,418150.0,427500.0,10918.22986233,4641213691.570002
2022-04-16 09:00:00,427100.0,435300.0,425500.0,429700.0,7386.47511804,3177706332.564644
2022-04-17 09:00:00,429650.0,437100.0,412450.0,413200.0,14861.52762133,6365272162.541957
2022-04-18 09:00:00,413200.0,426100.0,394000.0,423950.0,16127.36220418,6553555687.197257
2022-04-19 09:00:00,423950.0,427000.0,415250.0,422050.0,11301.37640556,4740247406.640631
2022-04-20 09:00:00,422200.0,428200.0,410350.0,410750.0,16418.87740045,6884978119.156501
2022-04-21 09:00:00,411200.0,426750.0,393900.0,396950.0,19846.44574032,8184372309.853997
2022-04-22 09:00:00,397350.0,420300.0,395650.0,403200.0,19148.77536263,7828529996.3974285
2022-04-23 09:00:00,403400.0,406750.0,394000.0,395150.0,4727.94376182,1889042941.7206464
2022-04-24 09:00:00,395250.0,396450.0,387150.0,387350.0,5673.04493543,2227589309.288473
2022-04-25 09:00:00,387900.0,396700.0,379750.0,395000.0,15035.9962065,5831877211.242566
2022-04-26 09:00:00,395000.0,404000.0,374500.0,379250.0,19162.97367478,7495558386.567585
2022-04-27 09:00:00,378800.0,394000.0,376400.0,391500.0,10713.53485025,4147335071.2779737
2022-04-28 09:00:00,391400.0,398200.0,386800.0,390550.0,7154.95419009,2805929227.0620365
2022-04-29 09:00:00,390550.0,391750.0,377250.0,379900.0,9101.14572746,3504252162.951103
2022-04-30 09:00:00,379900.0,383000.0,358000.0,363100.0,8250.34462768,3067475910.3079114
2022-05-01 09:00:00,363400.0,369100.0,353400.0,364700.0,8783.02441896,3170942224.9455333
2022-05-02 09:00:00,365250.0,371700.0,358650.0,366550.0,7122.75744315,2604109748.0454774
2022-05-03 09:00:00,366550.0,371100.0,357500.0,361300.0,5632.48998801,2056991123.257293
2022-05-04 09:00:00,361650.0,383250.0,360000.0,382450.0,12318.17243818,4606458964.845886
2022-05-05 09:00:00,382450.0,387350.0,356550.0,360700.0,16048.44355581,5950197467.286243
2022-05-06 09:00:00,361050.0,361700.0,347800.0,358900.0,11695.43639147,4153476165.62896
2022-05-07 09:00:00,358850.0,361700.0,349000.0,351000.0,5261.98162147,1874008575.5375154
2022-05-08 09:00:00,351250.0,354000.0,342600.0,343700.0,11366.84977331,3953538428.200418
2022-05-09 09:00:00,343650.0,350400.0,293600.0,297000.0,27818.62218994,8912313605.30115
2022-05-10 09:00:00,299600.0,322200.0,285550.0,306400.0,20058.47046395,6150956791.717895
2022-05-11 09:00:00,306950.0,334500.0,258200.0,270050.0,89716.55429578,26646983796.49818
2022-05-12 09:00:00,269900.0,306850.0,220000.0,262600.0,108226.94875682,28949797393.75571
2022-05-13 09:00:00,263000.0,295600.0,258200.0,271700.0,57453.32656892,16043994422.774374
2022-05-14 09:00:00,272350.0,315350.0,251900.0,279500.0,68384.62965625,19185171367.547695
2022-05-15 09:00:00,279600.0,287350.0,267300.0,282000.0,44154.25325318,12289187158.13573
2022-05-16 09:00:00,281650.0,282000.0,259200.0,260350.0,29597.48996342,7913630164.862394
2022-05-17 09:00:00,261000.0,278450.0,256250.0,266600.0,32684.73546794,8733127549.87213
2022-05-18 09:00:00,266850.0,272000.0,240300.0,241700.0,23959.70924149,6129961716.096513
2022-05-19 09:00:00,241150.0,254200.0,232900.0,251150.0,24615.20195437,6021768706.950127
2022-05-20 09:00:00,251550.0,257000.0,241700.0,246250.0,18917.20620832,4729629605.742263
2022-05-21 09:00:00,246350.0,252500.0,242050.0,248700.0,10485.2193828,2597998515.986369
2022-05-22 09:00:00,248700.0,260300.0,246550.0,254500.0,12750.57768116,3244043814.916539
2022-05-23 09:00:00,254500.0,276000.0,242200.0,246300.0,74285.40207475,19471723470.335003
2022-05-24 09:00:00,246350.0,251950.0,234700.0,250150.0,25759.11244173,6302534204.980627
2022-05-25 09:00:00,250150.0,255650.0,242500.0,244450.0,17246.7208066,4263236608.4367876
2022-05-26 09:00:00,244450.0,246750.0,224050.0,231600.0,20016.67062022,4719447555.914712
2022-05-27 09:00:00,232000.0,236750.0,222300.0,225400.0,21907.37981815,5000338067.822195
2022-05-28 09:00:00,225550.0,229850.0,223050.0,228350.0,6600.53474308,1494055554.4272504
2022-05-29 09:00:00,228350.0,237000.0,224300.0,235400.0,16681.67479956,3833683057.9137125
2022-05-30 09:00:00,235100.0,247600.0,234100.0,246100.0,28585.38595364,6838622646.392301
2022-05-31 09:00:00,245700.0,260000.0,241800.0,256550.0,39859.3517788,9937918512.753016
2022-06-01 09:00:00,256550.0,264100.0,236000.0,236550.0,31825.65351053,7995362093.35615
2022-06-02 09:00:00,236550.0,239800.0,232000.0,238600.0,12930.47565284,3044076032.465941
2022-06-03 09:00:00,239000.0,242500.0,230000.0,233250.0,16641.03225091,3932695342.527646
2022-06-04 09:00:00,233500.0,241450.0,230350.0,239450.0,7155.62418982,1688046469.679432
2022-06-05 09:00:00,239450.0,241350.0,228000.0,232050.0,17762.32981392,4151262807.851252
2022-06-06 09:00:00,232100.0,240700.0,230950.0,234350.0,31842.03885828,7518748745.260306
2022-06-07 09:00:00,234150.0,237750.0,222300.0,230550.0,27821.65661681,6338203173.702236
2022-06-08 09:00:00,230550.0,232450.0,223500.0,226050.0,21609.71437411,4927480091.448435
2022-06-09 09:00:00,226200.0,228950.0,218000.0,222850.0,18413.33713926,4124493041.176962
2022-06-10 09:00:00,223050.0,228950.0,213500.0,217000.0,43571.51810657,9643502625.413887
2022-06-11 09:00:00,216950.0,219250.0,201500.0,204700.0,24947.23334966,5254041587.751831
2022-06-12 09:00:00,204550.0,206050.0,190000.0,190750.0,32195.66940049,6350214519.794202
2022-06-13 09:00:00,190750.0,194750.0,162650.0,165550.0,71331.97258108,12578489478.64485
2022-06-14 09:00:00,165550.0,176450.0,153000.0,164500.0,133391.14146902,22105637665.266693
2022-06-15 09:00:00,164500.0,171650.0,147200.0,167400.0,97381.96128924,15492461408.39776
2022-06-16 09:00:00,167400.0,170250.0,141700.0,144450.0,91231.85408634,14122520941.173588
2022-06-17 09:00:00,144200.0,160900.0,141750.0,159850.0,153723.1849879,22986710547.247562
2022-06-18 09:00:00,159850.0,165000.0,147750.0,152750.0,122873.53942155,19172134708.435642
2022-06-19 09:00:00,152750.0,161300.0,147200.0,156850.0,102875.30430559,15891886123.986095
2022-06-20 09:00:00,156850.0,161400.0,151400.0,155200.0,79496.04708762,12404201783.637054
2022-06-21 09:00:00,155300.0,161500.0,153350.0,155400.0,119970.69647882,18825453664.875393
2022-06-22 09:00:00,155600.0,155600.0,147800.0,148100.0,73012.21791121,11031508601.533096
2022-06-23 09:00:00,148100.0,153800.0,147150.0,152350.0,49441.69786612,7476784552.190816
2022-06-24 09:00:00,152350.0,158450.0,151250.0,153850.0,137375.33398857,21217771928.726414
2022-06-25 09:00:00,153900.0,155250.0,145900.0,150600.0,236872.91572729,35591597253.28831
2022-06-26 09:00:00,150600.0,154450.0,147350.0,147750.0,227374.79747864,34530586906.856766
2022-06-27 09:00:00,147550.0,151400.0,143250.0,145500.0,144917.84394607,21433963248.479244
2022-06-28 09:00:00,145550.0,146500.0,134700.0,136450.0,159842.52018449,22656082207.973446
2022-06-29 09:00:00,136450.0,144000.0,133450.0,138300.0,221935.16433777,30707884348.465904
2022-06-30 09:00:00,138300.0,138750.0,129500.0,134550.0,132109.45178031,17564040074.133747
2022-07-01 09:00:00,134550.0,138250.0,129850.0,134300.0,75041.4846252,10035444644.07792
2022-07-02 09:00:00,134350.0,141300.0,133000.0,140650.0,61099.75456144,8339536874.74562
2022-07-03 09:00:00,140700.0,142850.0,135050.0,139200.0,58195.00940225,8006866950.812986
2022-07-04 09:00:00,139200.0,141850.0,135400.0,141050.0,55606.00347631,7688606283.267779
2022-07-05 09:00:00,141200.0,141850.0,134900.0,137050.0,70531.93965855,9765796552.384573
2022-07-06 09:00:00,137000.0,140400.0,135700.0,138900.0,47970.50566802,6620863256.717876
2022-07-07 09:00:00,138850.0,146000.0,138000.0,144900.0,62266.4165493,8842552441.645351
2022-07-08 09:00:00,144600.0,147000.0,140350.0,142300.0,85496.83142659,12295634021.751118
2022-07-09 09:00:00,142150.0,147000.0,141700.0,145150.0,50316.82878244,7246940976.934266
2022-07-10 09:00:00,145100.0,145450.0,138500.0,140000.0,39275.41865185,5571753631.97629
2022-07-11 09:00:00,139900.0,140650.0,131050.0,131850.0,48245.74211178,6572523870.039271
2022-07-12 09:00:00,131850.0,133900.0,128950.0,129550.0,41626.62441287,5494095300.940112
2022-07-13 09:00:00,129550.0,134950.0,126850.0,134700.0,57925.64981656,7563752883.391571
2022-07-14 09:00:00,134700.0,137200.0,131550.0,135650.0,39559.20990304,5314558689.123198
2022-07-15 09:00:00,135800.0,141000.0,134450.0,140050.0,44316.58029399,6095048175.195139
2022-07-16 09:00:00,140050.0,145750.0,137350.0,143800.0,49179.09446071,6977032830.307782
2022-07-17 09:00:00,143800.0,153250.0,141650.0,145650.0,104791.60410655,15402877557.24988
2022-07-18 09:00:00,145650.0,159350.0,145600.0,158550.0,137013.16738629,20857239575.78834
2022-07-19 09:00:00,158400.0,169450.0,152550.0,168250.0,116865.42060416,18821182148.477467
2022-07-20 09:00:00,168100.0,172450.0,157700.0,160050.0,84796.06812395,14073394840.435633
2022-07-21 09:00:00,160050.0,163550.0,154850.0,161900.0,47707.28394724,7624520693.835535
2022-07-22 09:00:00,161900.0,172200.0,159100.0,163850.0,220976.65144183,36907942235.908264
2022-07-23 09:00:00,163900.0,167450.0,157300.0,162000.0,59915.81963341,9764909714.49431
2022-07-24 09:00:00,162000.0,177900.0,162000.0,174050.0,204619.7189711,34947717752.842865
2022-07-25 09:00:00,174050.0,175850.0,157500.0,158050.0,101366.28534402,16987918126.928389
2022-07-26 09:00:00,158150.0,159600.0,152200.0,158650.0,45895.62997349,7151582325.31238
2022-07-27 09:00:00,158650.0,168550.0,155450.0,167800.0,62155.90085837,10037153110.92529
2022-07-28 09:00:00,167550.0,210000.0,167550.0,204950.0,782989.22027032,149916797693.63147
2022-07-29 09:00:00,204950.0,222350.0,195450.0,201500.0,714718.04101165,148272882248.33463
2022-07-30 09:00:00,201700.0,205550.0,190100.0,192650.0,243918.86789359,47899822087.55244
2022-07-31 09:00:00,192650.0,198400.0,183350.0,183700.0,135041.0685689,25972175121.57802
2022-08-01 09:00:00,183600.0,187650.0,178350.0,182750.0,111430.2614386,20437692059.89732
2022-08-02 09:00:00,182750.0,184000.0,171650.0,179300.0,168875.89981296,30036381286.24145
2022-08-03 09:00:00,179300.0,190250.0,175800.0,180000.0,97990.41146502,17853476511.618702
2022-08-04 09:00:00,180000.0,185250.0,177950.0,179850.0,84001.32190225,15280321516.937067
2022-08-05 09:00:00,179900.0,187800.0,179100.0,187400.0,77930.79686829,14251859777.912062
2022-08-06 09:00:00,187050.0,190000.0,184250.0,187750.0,59290.04486474,11073826468.67158
2022-08-07 09:00:00,187950.0,189850.0,183650.0,186900.0,36256.90173477,6782187277.643596
2022-08-08 09:00:00,186900.0,195000.0,185800.0,189600.0,95267.68952191,18229187120.57636
2022-08-09 09:00:00,189450.0,191550.0,179150.0,181200.0,86543.00938575,15983908422.079035
2022-08-10 09:00:00,180800.0,189650.0,176100.0,187550.0,124470.79133833,22793779421.741966
2022-08-11 09:00:00,187250.0,197050.0,186750.0,189800.0,154628.8934023,29689866700.06865
2022-08-12 09:00:00,189650.0,191050.0,185700.0,190450.0,88119.47822676,16676848702.28997
2022-08-13 09:00:00,190450.0,195050.0,189400.0,192350.0,82055.84141335,15780760269.56017
2022-08-14 09:00:00,192200.0,195900.0,185100.0,188000.0,83343.95270282,15930609279.042147
2022-08-15 09:00:00,188000.0,191600.0,180900.0,184550.0,86906.43824148,16106040573.850735
2022-08-16 09:00:00,184600.0,185950.0,181200.0,183350.0,43667.81032474,8021657273.247214
2022-08-17 09:00:00,183350.0,194000.0,179600.0,181700.0,184726.02410744,34724999329.797226
2022-08-18 09:00:00,181350.0,183700.0,175150.0,177050.0,50298.23555215,9068320470.874409
2022-08-19 09:00:00,177050.0,177300.0,155350.0,157250.0,129364.15828492,21387828397.340122
2022-08-20 09:00:00,157200.0,162800.0,153300.0,159450.0,56980.51276391,9072619986.919807
2022-08-21 09:00:00,159050.0,164850.0,157500.0,163650.0,37848.08907325,6111275178.309851
2022-08-22 09:00:00,164050.0,169950.0,156450.0,167250.0,107881.32406408,17775351700.01325
2022-08-23 09:00:00,167550.0,185000.0,164550.0,181250.0,324593.79375135,58020511299.31824
2022-08-24 09:00:00,181250.0,189400.0,177450.0,177450.0,208802.69721783,38200111746.35917
2022-08-25 09:00:00,177550.0,180100.0,174850.0,177550.0,63484.51476607,11260371774.949493
2022-08-26 09:00:00,177400.0,177400.0,158300.0,160250.0,99942.30809934,16837372393.553226
2022-08-27 09:00:00,160500.0,164150.0,156750.0,159550.0,54598.4433982,8784150355.471388
2022-08-28 09:00:00,159400.0,170000.0,155100.0,155900.0,85602.43721846,13923157733.70137
2022-08-29 09:00:00,155950.0,164400.0,153500.0,163550.0,52004.30719665,8301663112.419666
2022-08-30 09:00:00,163500.0,165450.0,155100.0,157950.0,46878.96660964,7558705352.2725525
2022-08-31 09:00:00,158050.0,161700.0,156750.0,158300.0,29222.83160479,4665203471.627907
2022-09-01 09:00:00,158300.0,160950.0,155850.0,160100.0,49953.66970326,7923060070.894696
2022-09-02 09:00:00,160250.0,165000.0,158900.0,160800.0,43902.69313794,7084754851.524549
2022-09-03 09:00:00,160800.0,165000.0,159500.0,162800.0,24741.5998331,4019862140.1190233
2022-09-04 09:00:00,162800.0,163500.0,160550.0,162650.0,18988.27447308,3078151148.43581
2022-09-05 09:00:00,162950.0,174350.0,161650.0,173250.0,93139.49455476,15628568989.230242
2022-09-06 09:00:00,173050.0,175400.0,157100.0,158200.0,86698.2882623,14499968578.070265
2022-09-07 09:00:00,158200.0,165900.0,156600.0,164700.0,75442.80756844,12119054604.001785
2022-09-08 09:00:00,164950.0,182150.0,161600.0,175800.0,324838.11955032,57167783740.03134
2022-09-09 09:00:00,175850.0,190500.0,174800.0,182300.0,162047.24098279,29552687842.84828
2022-09-10 09:00:00,182300.0,186750.0,179700.0,182050.0,59096.71367443,10810219992.16485
2022-09-11 09:00:00,182050.0,183200.0,176050.0,179650.0,39720.06230357,7143504144.901397
2022-09-12 09:00:00,179700.0,182350.0,174600.0,176950.0,71801.19765435,12839844662.85114
2022-09-13 09:00:00,176950.0,183950.0,163900.0,165500.0,118956.85026537,20721997892.195232
2022-09-14 09:00:00,165500.0,169600.0,164000.0,168150.0,52029.57469575,8682307388.978106
2022-09-15 09:00:00,168150.0,172750.0,163650.0,167350.0,74555.96601356,12514848700.061523
2022-09-16 09:00:00,167300.0,170600.0,164100.0,168500.0,32907.14990701,5500942141.87933
2022-09-17 09:00:00,168450.0,174000.0,168050.0,171300.0,59115.64654536,10104062828.578232
2022-09-18 09:00:00,171050.0,171300.0,156600.0,158100.0,41626.62144555,6843058634.696682
2022-09-19 09:00:00,158300.0,160700.0,152500.0,158600.0,69986.786407,10924788995.249807
2022-09-20 09:00:00,158600.0,162100.0,157000.0,159750.0,58627.83010658,9356309887.212622
2022-09-21 09:00:00,159750.0,168150.0,155700.0,156500.0,55042.54620357,8801553698.275541
2022-09-22 09:00:00,156450.0,166800.0,156450.0,165800.0,39112.61043952,6349437616.406634
2022-09-23 09:00:00,165600.0,172050.0,161650.0,171750.0,48019.2412825,8019882357.865113
2022-09-24 09:00:00,171750.0,175450.0,169000.0,169200.0,37220.58835082,6400244642.473166
2022-09-25 09:00:00,169200.0,170550.0,162050.0,163400.0,32180.25212845,5356475233.407069
2022-09-26 09:00:00,163450.0,168900.0,162400.0,166850.0,59608.36280498,9884158410.797804
2022-09-27 09:00:00,166850.0,172050.0,162200.0,164950.0,54540.0613703,9184609051.389456
2022-09-28 09:00:00,164850.0,166500.0,159200.0,164300.0,34829.78754096,5658722414.645739
2022-09-29 09:00:00,164300.0,170150.0,164150.0,166900.0,48775.95607456,8143865900.009661
2022-09-30 09:00:00,167100.0,179300.0,165600.0,173050.0,87552.75733639,15212283406.375868
2022-10-01 09:00:00,172650.0,173950.0,167700.0,169350.0,31099.28873603,5311687358.265012
2022-10-02 09:00:00,169300.0,171350.0,165600.0,166300.0,30389.3079573,5127654711.091107
2022-10-03 09:00:00,166300.0,169000.0,165450.0,167600.0,33354.90816019,5577155890.528969
2022-10-04 09:00:00,167600.0,174500.0,166500.0,172700.0,54663.47188446,9355111647.166239
2022-10-05 09:00:00,172600.0,176000.0,170600.0,173800.0,38255.6187975,6646336697.767947
2022-10-06 09:00:00,173800.0,175700.0,168100.0,168650.0,28621.88677877,4917563668.272488
2022-10-07 09:00:00,168650.0,171100.0,165050.0,166350.0,32017.8624062,5369106646.77642
2022-10-08 09:00:00,166300.0,169000.0,165650.0,167300.0,16456.0251155,2757959233.075316
2022-10-09 09:00:00,167300.0,169200.0,166100.0,167050.0,23675.05003115,3973278527.966786
2022-10-10 09:00:00,167050.0,168250.0,159600.0,160050.0,28671.12590865,4705740621.223532
2022-10-11 09:00:00,160050.0,161850.0,157500.0,159500.0,28163.05546214,4494349868.921301
2022-10-12 09:00:00,159500.0,161250.0,158900.0,160150.0,13008.50481533,2083122607.738355
2022-10-13 09:00:00,160100.0,162150.0,147250.0,156400.0,85155.07251302,13165674868.106047
2022-10-14 09:00:00,156400.0,160150.0,153450.0,155150.0,28155.75286754,4437426850.840492
2022-10-15 09:00:00,155250.0,158150.0,154250.0,155900.0,13537.78924994,2107794712.408985
2022-10-16 09:00:00,155900.0,159400.0,155850.0,158350.0,13722.71752262,2167228115.0860734
2022-10-17 09:00:00,158350.0,159800.0,156750.0,158450.0,16924.80103764,2678033025.655181
2022-10-18 09:00:00,158450.0,159400.0,154600.0,156300.0,20072.88848583,3157999721.0092664
2022-10-19 09:00:00,156300.0,156500.0,152450.0,153100.0,18176.34833621,2814393753.1876545
2022-10-20 09:00:00,153100.0,156550.0,151950.0,153650.0,21253.75551488,3276145636.1252246
2022-10-21 09:00:00,153550.0,154450.0,149050.0,154000.0,16904.37821845,2572011749.3377614
2022-10-22 09:00:00,154050.0,160400.0,152800.0,156050.0,66707.0702439,10473638973.279196
2022-10-23 09:00:00,156050.0,159200.0,155200.0,158450.0,31338.84258123,4908679929.413569
2022-10-24 09:00:00,158350.0,159350.0,154900.0,155100.0,21958.27214893,3443006181.709696
2022-10-25 09:00:00,155100.0,161500.0,154850.0,159750.0,34224.94888589,5402985861.436512
2022-10-26 09:00:00,159750.0,164100.0,159000.0,160550.0,37496.96470582,6065458149.292661
2022-10-27 09:00:00,160550.0,163400.0,157700.0,158150.0,25743.02834398,4143135731.8326907
2022-10-28 09:00:00,158150.0,163050.0,157050.0,162450.0,19765.07760887,3154543638.936438
2022-10-29 09:00:00,162200.0,168700.0,162050.0,165550.0,39890.75661681,6608387502.576954
2022-10-30 09:00:00,165550.0,168200.0,161350.0,163400.0,27454.23178792,4541545338.378157
2022-10-31 09:00:00,163200.0,165450.0,160200.0,161600.0,26736.19989912,4340878221.771473
2022-11-01 09:00:00,161600.0,162900.0,160100.0,161350.0,19292.77884334,3118179659.1428633
2022-11-02 09:00:00,161350.0,173450.0,159000.0,161700.0,140319.14045956,23316137854.857395
2022-11-03 09:00:00,161500.0,169550.0,161100.0,164350.0,51437.1711693,8525425012.223618
2022-11-04 09:00:00,164350.0,173800.0,163800.0,172800.0,52784.89043194,8986051170.959064
2022-11-05 09:00:00,173200.0,175250.0,171000.0,172800.0,34999.39948122,6052439417.534176
2022-11-06 09:00:00,172850.0,173900.0,164200.0,164800.0,23031.25934898,3905647779.441903
2022-11-07 09:00:00,164750.0,167450.0,162600.0,165850.0,28946.67106545,4789322197.938762
2022-11-08 09:00:00,165600.0,166800.0,143000.0,148850.0,68955.03441453,10734278330.40343
2022-11-09 09:00:00,148850.0,150000.0,125050.0,128700.0,82624.39071033,11469963931.113892
2022-11-10 09:00:00,128700.0,148750.0,126000.0,144750.0,74166.02212794,10348343567.702896
2022-11-11 09:00:00,144750.0,148550.0,137800.0,143100.0,62065.93488718,8881196957.913425
2022-11-12 09:00:00,143050.0,143250.0,135900.0,142650.0,35179.90414246,4905909518.862976
2022-11-13 09:00:00,142950.0,143950.0,134650.0,137150.0,32809.30190744,4540051554.189213
2022-11-14 09:00:00,136850.0,143950.0,130150.0,141700.0,42969.46344862,5891739044.4549055
2022-11-15 09:00:00,141700.0,144350.0,139150.0,141550.0,23614.35376873,3359236740.573041
2022-11-16 09:00:00,141600.0,150850.0,140450.0,143800.0,68507.65736189,10015633803.272621
2022-11-17 09:00:00,143800.0,145000.0,139900.0,143100.0,14298.02780568,2030646453.5965004
2022-11-18 09:00:00,143100.0,145250.0,142650.0,144750.0,11610.90601222,1670996347.465884
2022-11-19 09:00:00,144500.0,147350.0,143950.0,144750.0,12813.22355784,1860929897.577638
2022-11-20 09:00:00,144750.0,150000.0,143400.0,146600.0,30809.32883073,4504103806.454449
2022-11-21 09:00:00,146600.0,150000.0,141550.0,145150.0,33801.8580165,4905772461.153176
2022-11-22 09:00:00,145150.0,153850.0,145000.0,152050.0,62390.31875748,9334549527.817991
2022-11-23 09:00:00,152150.0,165750.0,151500.0,159000.0,91261.92202264,14616756334.550606
2022-11-24 09:00:00,159100.0,163300.0,156250.0,158450.0,62105.48953442,9920987854.822937
2022-11-25 09:00:00,158700.0,159750.0,155450.0,156300.0,25607.43743485,4034430949.3580756
2022-11-26 09:00:00,156300.0,158950.0,153650.0,154950.0,16555.70236212,2583164930.2316914
2022-11-27 09:00:00,154950.0,156000.0,152500.0,153100.0,13887.34104574,2151372031.6642585
2022-11-28 09:00:00,153100.0,154600.0,148000.0,151650.0,39850.58498207,6025824793.811259
2022-11-29 09:00:00,151650.0,154800.0,150050.0,151000.0,18814.79339975,2869735017.771649
2022-11-30 09:00:00,151000.0,155700.0,149400.0,153750.0,26277.78045496,4019008621.1209664
2022-12-01 09:00:00,153750.0,154050.0,148850.0,149850.0,19344.88688127,2924329016.2839413
2022-12-02 09:00:00,149850.0,150650.0,146050.0,149750.0,14649.2876218,2168180664.801585
2022-12-03 09:00:00,150150.0,150800.0,148150.0,148350.0,8564.0120993,1280888974.011784
2022-12-04 09:00:00,148350.0,150450.0,147650.0,148800.0,8253.6520965,1230770050.161779
2022-12-05 09:00:00,148700.0,155800.0,147050.0,147900.0,38586.4793405,5857817112.484092
2022-12-06 09:00:00,147950.0,150300.0,147650.0,149900.0,8119.65089787,1209347940.354255
2022-12-07 09:00:00,149700.0,150700.0,143500.0,146350.0,12337.97401506,1808818566.3237765
2022-12-08 09:00:00,146350.0,153000.0,145300.0,148900.0,24397.51363171,3612113520.830557
2022-12-09 09:00:00,148900.0,149450.0,145800.0,146950.0,9956.2272782,1474602453.773668
2022-12-10 09:00:00,146950.0,148300.0,145050.0,145650.0,13717.26257407,2010875706.308385
2022-12-11 09:00:00,145400.0,146150.0,141000.0,141850.0,10564.52231193,1527282105.6719575
2022-12-12 09:00:00,141850.0,142400.0,137500.0,141400.0,33591.55737707,4707502424.203362
2022-12-13 09:00:00,141400.0,146700.0,137000.0,143700.0,67888.10134218,9766439065.904078
2022-12-14 09:00:00,143550.0,145300.0,141400.0,142400.0,13583.08366085,1946209493.159099
2022-12-15 09:00:00,142250.0,144350.0,141150.0,141700.0,24519.33896617,3509919905.5482254
2022-12-16 09:00:00,141700.0,142500.0,132000.0,134000.0,24725.35669846,3402646176.6966724
2022-12-17 09:00:00,134150.0,137050.0,130600.0,136500.0,18568.73902024,2492866437.9350076
2022-12-18 09:00:00,136700.0,137300.0,134750.0,135350.0,5638.42711482,765801355.125169
2022-12-19 09:00:00,135400.0,136150.0,128800.0,129700.0,13663.21436232,1802517357.952099
2022-12-20 09:00:00,129700.0,133250.0,129500.0,132400.0,15162.08642628,1995118882.350163
2022-12-21 09:00:00,132350.0,133450.0,130500.0,130850.0,10689.21672346,1409135075.2761354
2022-12-22 09:00:00,130750.0,132450.0,129900.0,131750.0,11419.10729766,1497373239.2929375
2022-12-23 09:00:00,131850.0,133700.0,131400.0,132850.0,10455.56596292,1383195940.419473
2022-12-24 09:00:00,132700.0,133950.0,132500.0,132550.0,4367.32085729,581478878.480716
2022-12-25 09:00:00,132700.0,133150.0,129650.0,131500.0,6592.86696242,864899657.4749866
2022-12-26 09:00:00,131550.0,132750.0,129450.0,132700.0,8062.33313675,1056614934.9420035
2022-12-27 09:00:00,132750.0,132950.0,129500.0,129900.0,10156.75062341,1329112777.0689156
2022-12-28 09:00:00,129900.0,130950.0,125850.0,126300.0,20754.0166292,2662879233.286669
2022-12-29 09:00:00,126350.0,128250.0,124000.0,126000.0,22455.74730256,2833344496.959577
2022-12-30 09:00:00,126000.0,126000.0,120450.0,122850.0,21704.4083202,2659094203.6080966
2022-12-31 09:00:00,122900.0,125350.0,122200.0,123550.0,11840.55110777,1468038297.1360154
2023-01-01 09:00:00,123550.0,125000.0,122650.0,123200.0,11202.95984825,1384127306.631969
2023-01-02 09:00:00,123200.0,128450.0,122100.0,126450.0,17212.0308988,2155338373.7756286
2023-01-03 09:00:00,126450.0,129850.0,125900.0,127800.0,21716.83046589,2778975334.069898
2023-01-04 09:00:00,127800.0,132200.0,127500.0,130200.0,36722.37565053,4776231769.890305
2023-01-05 09:00:00,130250.0,135000.0,129050.0,129450.0,62696.41902912,8254518852.25596
2023-01-06 09:00:00,129450.0,130350.0,124000.0,129200.0,32009.20189116,4084257061.7522454
2023-01-07 09:00:00,129200.0,130250.0,128550.0,129250.0,14817.92984956,1915939139.067059
2023-01-08 09:00:00,129250.0,131500.0,128150.0,131450.0,13879.05941162,1799751056.567208
2023-01-09 09:00:00,131450.0,135700.0,131050.0,134600.0,39085.82436046,5236651607.743231
2023-01-10 09:00:00,134700.0,137000.0,131800.0,135050.0,31783.15065393,4302457766.111726
2023-01-11 09:00:00,135050.0,137700.0,133200.0,137700.0,21582.11292563,2920564139.3524075
2023-01-12 09:00:00,137500.0,156550.0,135150.0,149700.0,191755.70042932,28450525279.325237
2023-01-13 09:00:00,149700.0,160950.0,147350.0,154900.0,99825.81982875,15364738534.120628
2023-01-14 09:00:00,154900.0,162500.0,149000.0,155250.0,113418.06918843,17729003854.18277
2023-01-15 09:00:00,155250.0,157600.0,150100.0,154700.0,42875.6361242,6593726932.135427
2023-01-16 09:00:00,154350.0,157200.0,149100.0,154400.0,33883.25772139,5204390711.424254
2023-01-17 09:00:00,154200.0,155700.0,150650.0,152700.0,30022.11500908,4622512625.540704
2023-01-18 09:00:00,152800.0,161500.0,145600.0,147650.0,78073.25246715,12109858030.685625
2023-01-19 09:00:00,147750.0,152350.0,147500.0,151350.0,19158.61371542,2879284406.7109594
2023-01-20 09:00:00,151350.0,158600.0,150400.0,158600.0,19958.82403416,3075829743.844955
2023-01-21 09:00:00,158600.0,169900.0,156100.0,158950.0,72824.02331986,11859148272.312027
2023-01-22 09:00:00,158950.0,164300.0,158850.0,160700.0,34351.00321389,5551218602.861373
2023-01-23 09:00:00,161000.0,173500.0,160700.0,165950.0,83012.84590489,13947742332.09354
2023-01-24 09:00:00,165950.0,172400.0,157800.0,160600.0,53035.90613547,8875618522.812681
2023-01-25 09:00:00,160600.0,166800.0,156250.0,164750.0,28329.75274988,4571860082.82573
2023-01-26 09:00:00,164200.0,170000.0,162700.0,169450.0,77758.87455695,12966436694.42318
2023-01-27 09:00:00,169100.0,171700.0,165750.0,170000.0,45224.52525615,7647302319.773155
2023-01-28 09:00:00,169950.0,170800.0,165850.0,167600.0,22091.27048867,3721057461.78291
2023-01-29 09:00:00,168300.0,175650.0,166950.0,170700.0,52042.86642999,8928936407.444372
2023-01-30 09:00:00,170750.0,171500.0,161000.0,165000.0,37623.30171169,6265225903.651308
2023-01-31 09:00:00,165000.0,172450.0,163600.0,167900.0,38506.83701745,6472426258.154314
2023-02-01 09:00:00,168050.0,171700.0,162700.0,170300.0,31855.3511688,5326387683.757065
2023-02-02 09:00:00,170050.0,180350.0,170050.0,172300.0,51332.89662019,8941615640.495234
2023-02-03 09:00:00,172300.0,175300.0,171000.0,173200.0,30041.42500499,5210558873.589848
2023-02-04 09:00:00,173200.0,176100.0,172350.0,173850.0,23382.21184244,4061683403.9619145
2023-02-05 09:00:00,173700.0,177900.0,167950.0,169800.0,60350.03905352,10380417402.029919
2023-02-06 09:00:00,169800.0,171400.0,166850.0,169150.0,25111.95765964,4246106763.282323
2023-02-07 09:00:00,168900.0,174950.0,167700.0,172000.0,30896.32050266,5264047779.653537
2023-02-08 09:00:00,172000.0,172750.0,166950.0,169500.0,23758.50181129,4047301465.999379
2023-02-09 09:00:00,168950.0,169850.0,160000.0,163200.0,40517.29105293,6707382258.681436
2023-02-10 09:00:00,163550.0,167750.0,161500.0,161900.0,27752.26673938,4570360180.959268
2023-02-11 09:00:00,162600.0,164050.0,160500.0,161900.0,13481.71073134,2181135461.6613517
2023-02-12 09:00:00,161900.0,163500.0,159250.0,159700.0,13354.11873662,2157842482.0778656
2023-02-13 09:00:00,159750.0,161400.0,155550.0,160850.0,27665.18480837,4385853366.359208
2023-02-14 09:00:00,161150.0,164550.0,158750.0,164000.0,25689.93289748,4152788320.4160213
2023-02-15 09:00:00,164250.0,173700.0,162300.0,172950.0,36879.13483519,6177495698.487722
2023-02-16 09:00:00,172950.0,174700.0,165700.0,166450.0,42024.07118019,7230494736.042746
2023-02-17 09:00:00,165450.0,173950.0,165450.0,171950.0,32214.99498593,5486437205.465783
2023-02-18 09:00:00,171950.0,179950.0,171500.0,176000.0,56016.54633739,9838565640.196894
2023-02-19 09:00:00,175800.0,181350.0,173800.0,176550.0,52861.38714806,9390586906.477459
2023-02-20 09:00:00,176050.0,191850.0,173250.0,186100.0,99586.10338149,18477871825.85527
2023-02-21 09:00:00,185800.0,198300.0,185750.0,189050.0,171089.24380575,33018253408.355064
2023-02-22 09:00:00,189300.0,190100.0,179250.0,185850.0,49589.04487659,9118513102.71994
2023-02-23 09:00:00,186000.0,186950.0,180200.0,181900.0,24757.1028875,4548049512.582053
2023-02-24 09:00:00,181900.0,182250.0,173800.0,177200.0,29359.04842898,5237158898.207222
2023-02-25 09:00:00,176750.0,179850.0,174000.0,178150.0,22661.23018801,4001434592.4438877
2023-02-26 09:00:00,178150.0,182450.0,175900.0,181550.0,19225.10451993,3453038657.8309054
2023-02-27 09:00:00,181550.0,184000.0,178450.0,179850.0,24232.37586912,4383841676.739651
2023-02-28 09:00:00,179850.0,180300.0,177400.0,178800.0,6156.99078796,1100601942.350943
