2020-06-04 09:00:00,91.0,111.0,89.0,109.0,25701445.12375452,2625241642.9078856
2020-06-05 09:00:00,108.0,109.0,99.0,100.0,7031641.99179441,715696956.1364244
2020-06-06 09:00:00,101.0,103.0,99.0,101.0,3252063.21389206,327911423.2355705
2020-06-07 09:00:00,102.0,104.0,90.0,102.0,6017854.49194971,589993675.4312816
2020-06-08 09:00:00,102.0,102.0,98.0,99.0,2011479.17587035,200416532.13916725
2020-06-09 09:00:00,100.0,108.0,99.0,103.0,10323541.94563537,1063130680.3760719
2020-06-10 09:00:00,103.0,103.0,100.0,102.0,2845437.50347154,288313673.79933214
2020-06-11 09:00:00,102.0,103.0,85.0,86.0,6376834.93916858,608113520.488799
2020-06-12 09:00:00,86.0,107.0,85.0,104.0,10282450.80973229,1021843596.9693538
2020-06-13 09:00:00,104.0,151.0,101.0,146.0,79997289.49386096,10662660026.420797
2020-06-14 09:00:00,145.0,147.0,120.0,123.0,37357607.6257998,4887980495.362903
2020-06-15 09:00:00,124.0,129.0,106.0,119.0,22277023.8703605,2561813991.798258
2020-06-16 09:00:00,119.0,124.0,110.0,117.0,8984372.23428101,1065986524.8772885
2020-06-17 09:00:00,117.0,126.0,115.0,121.0,9628616.84999749,1164503443.8864543
2020-06-18 09:00:00,121.0,143.0,121.0,135.0,22104979.58769999,2918488168.0026193
2020-06-19 09:00:00,135.0,147.0,127.0,135.0,23677368.92539341,3270130090.637637
2020-06-20 09:00:00,135.0,139.0,128.0,135.0,4323052.04678384,579657828.7862873
2020-06-21 09:00:00,136.0,143.0,133.0,133.0,8296327.32094106,1145226096.340911
2020-06-22 09:00:00,133.0,138.0,130.0,133.0,5488400.06360202,734064864.3945131
2020-06-23 09:00:00,132.0,133.0,124.0,127.0,4795319.81457576,607745263.6546904
2020-06-24 09:00:00,127.0,132.0,115.0,120.0,7713513.3788446,944083079.7024603
2020-06-25 09:00:00,119.0,125.0,106.0,115.0,11395942.62271335,1319177153.6634636
2020-06-26 09:00:00,114.0,119.0,107.0,110.0,5247437.42418869,584125257.9698265
2020-06-27 09:00:00,110.0,116.0,102.0,105.0,8573345.62665948,950424079.5067732
2020-06-28 09:00:00,105.0,106.0,99.0,105.0,3927853.50617357,403449506.3832083
2020-06-29 09:00:00,105.0,106.0,100.0,106.0,4678176.02216207,477797327.1108677
2020-06-30 09:00:00,106.0,108.0,99.0,106.0,7239675.90128402,742493521.8078295
2020-07-01 09:00:00,108.0,111.0,101.0,111.0,10847628.99134101,1134849136.4956152
2020-07-02 09:00:00,111.0,118.0,103.0,107.0,12630135.90456887,1381958006.315626
2020-07-03 09:00:00,107.0,108.0,103.0,108.0,5136180.32141498,536092584.47200364
2020-07-04 09:00:00,107.0,109.0,105.0,107.0,2477748.95919109,264188931.7019001
2020-07-05 09:00:00,108.0,113.0,106.0,109.0,7234417.54546063,789550785.8361709
2020-07-06 09:00:00,109.0,110.0,106.0,109.0,3555561.6943483,383702686.49329984
2020-07-07 09:00:00,109.0,109.0,105.0,109.0,3287219.56382484,352173576.4502594
2020-07-08 09:00:00,109.0,117.0,108.0,114.0,5538827.36120409,626101732.188015
2020-07-09 09:00:00,114.0,116.0,109.0,113.0,4926345.92435634,552440774.2938538
2020-07-10 09:00:00,111.0,119.0,111.0,119.0,3825206.50531691,440329138.52369046
2020-07-11 09:00:00,120.0,120.0,114.0,117.0,2946013.59048162,342058124.64911735
2020-07-12 09:00:00,117.0,117.0,112.0,115.0,2957491.74102329,338101087.60543
2020-07-13 09:00:00,115.0,117.0,111.0,113.0,3393380.12321486,382074756.2521632
2020-07-14 09:00:00,112.0,122.0,108.0,119.0,7771139.32488389,884786642.5614246
2020-07-15 09:00:00,119.0,168.0,116.0,158.0,44757806.19236789,6209862878.817958
2020-07-16 09:00:00,158.0,204.0,156.0,177.0,96428126.42998616,17292395994.25188
2020-07-17 09:00:00,178.0,179.0,161.0,172.0,15099744.40759471,2545401888.7484727
2020-07-18 09:00:00,173.0,209.0,173.0,197.0,30872844.32966691,6017695089.48337
2020-07-19 09:00:00,197.0,350.0,193.0,326.0,59008827.78902324,15702673424.808268
2020-07-20 09:00:00,329.0,349.0,259.0,271.0,34626579.84859212,10448212826.915619
2020-07-21 09:00:00,271.0,291.0,238.0,258.0,16372785.09357835,4310702209.654047
2020-07-22 09:00:00,257.0,309.0,243.0,288.0,22435071.61862879,6434064986.295893
2020-07-23 09:00:00,289.0,298.0,266.0,272.0,8041866.93431552,2250690589.0622067
2020-07-24 09:00:00,272.0,274.0,248.0,252.0,4003408.16576365,1041224930.7635956
2020-07-25 09:00:00,253.0,293.0,252.0,270.0,12954886.92951911,3607524806.1061373
2020-07-26 09:00:00,269.0,289.0,247.0,255.0,9858947.5922557,2625130096.256962
2020-07-27 09:00:00,255.0,262.0,212.0,221.0,19111432.07254607,4363089229.262081
2020-07-28 09:00:00,220.0,245.0,216.0,231.0,18836545.20144914,4287387425.200574
2020-07-29 09:00:00,230.0,248.0,224.0,237.0,16164868.43120125,3808539421.1326175
2020-07-30 09:00:00,237.0,240.0,212.0,223.0,7656175.66120683,1706334527.179085
2020-07-31 09:00:00,223.0,243.0,216.0,220.0,12235660.1389521,2812505695.487602
2020-08-01 09:00:00,222.0,243.0,219.0,231.0,8605788.71412715,1951602465.681263
2020-08-02 09:00:00,233.0,233.0,207.0,220.0,5413743.61034,1195882089.9739234
2020-08-03 09:00:00,221.0,242.0,219.0,231.0,13311912.11537626,3030979272.6588387
2020-08-04 09:00:00,231.0,236.0,221.0,228.0,3668681.74266082,834231062.8984376
2020-08-05 09:00:00,228.0,229.0,214.0,220.0,3167555.41108672,701174204.3964243
2020-08-06 09:00:00,221.0,225.0,215.0,220.0,2459941.15971525,537276790.527253
2020-08-07 09:00:00,221.0,226.0,216.0,222.0,2853717.30655243,631025358.5615939
2020-08-08 09:00:00,222.0,285.0,221.0,257.0,8713236.45085095,2197514420.776803
2020-08-09 09:00:00,258.0,310.0,253.0,309.0,15265406.39766878,4305495703.613049
2020-08-10 09:00:00,310.0,493.0,309.0,483.0,57280506.17931997,21948745494.89019
2020-08-11 09:00:00,483.0,511.0,373.0,386.0,31712465.227366,13454357140.178444
2020-08-12 09:00:00,387.0,418.0,353.0,408.0,26205419.9247264,10248441894.079517
2020-08-13 09:00:00,408.0,410.0,351.0,369.0,11465617.06971593,4260784363.525479
2020-08-14 09:00:00,369.0,378.0,347.0,358.0,7623239.8219307,2703272801.615242
2020-08-15 09:00:00,357.0,373.0,350.0,365.0,9068527.10237773,3296852672.0960584
2020-08-16 09:00:00,365.0,391.0,356.0,382.0,5595925.4642988,2113099094.593333
2020-08-17 09:00:00,380.0,397.0,363.0,366.0,5349172.61178507,2026343303.8580067
2020-08-18 09:00:00,367.0,369.0,341.0,350.0,2813853.37447207,998639201.8936116
2020-08-19 09:00:00,350.0,360.0,320.0,328.0,2478188.07412779,830992348.671455
2020-08-20 09:00:00,329.0,349.0,315.0,344.0,3529216.6265374,1170476792.7064025
2020-08-21 09:00:00,343.0,358.0,323.0,327.0,4475829.01598298,1539602390.2408557
2020-08-22 09:00:00,327.0,377.0,323.0,359.0,10316790.52978054,3643185028.045446
2020-08-23 09:00:00,359.0,363.0,337.0,343.0,2934852.88585411,1021276779.2440735
2020-08-24 09:00:00,342.0,352.0,336.0,344.0,3334696.12064583,1144199428.913057
2020-08-25 09:00:00,345.0,413.0,336.0,381.0,8119849.26147416,2970632639.0475335
2020-08-26 09:00:00,379.0,474.0,354.0,442.0,19039662.90719012,8133492873.147071
2020-08-27 09:00:00,442.0,460.0,355.0,370.0,12402544.05972802,4884074938.91895
2020-08-28 09:00:00,369.0,411.0,361.0,390.0,8784144.07712398,3419108121.158681
2020-08-29 09:00:00,390.0,394.0,370.0,382.0,4067240.3731648,1527686278.0260284
2020-08-30 09:00:00,383.0,385.0,370.0,377.0,2204226.73739594,827540974.7089654
2020-08-31 09:00:00,377.0,381.0,346.0,359.0,3819683.47596905,1381744190.751282
2020-09-01 09:00:00,356.0,364.0,342.0,346.0,2584379.95558926,905898084.9732304
2020-09-02 09:00:00,345.0,347.0,302.0,322.0,3291497.30353879,1072614085.7029833
2020-09-03 09:00:00,322.0,332.0,251.0,260.0,3089191.31437396,891907252.7400968
2020-09-04 09:00:00,258.0,284.0,240.0,273.0,2886010.66828379,763798841.3299075
2020-09-05 09:00:00,274.0,279.0,226.0,239.0,2469061.87438574,627491142.2040693
2020-09-06 09:00:00,237.0,273.0,213.0,241.0,8045956.49016097,1953255218.7754292
2020-09-07 09:00:00,241.0,255.0,208.0,231.0,2436031.23088083,564920653.9706005
2020-09-08 09:00:00,231.0,242.0,214.0,222.0,3667798.88042748,831626047.1162871
2020-09-09 09:00:00,223.0,234.0,213.0,230.0,2565590.46233825,575954854.6445664
2020-09-10 09:00:00,231.0,249.0,229.0,246.0,3538695.01941402,849488742.4224652
2020-09-11 09:00:00,246.0,295.0,237.0,273.0,10676381.04346193,2871463347.358007
2020-09-12 09:00:00,273.0,299.0,258.0,266.0,7314970.89243557,2041611598.8537529
2020-09-13 09:00:00,266.0,276.0,240.0,250.0,2935626.81884226,749597458.8834275
2020-09-14 09:00:00,251.0,251.0,240.0,245.0,1223056.36953058,299180599.4299469
2020-09-15 09:00:00,245.0,253.0,234.0,237.0,2199222.28875897,533913350.92802465
2020-09-16 09:00:00,236.0,278.0,215.0,244.0,3400802.46733336,796912618.0705397
2020-09-17 09:00:00,244.0,269.0,232.0,241.0,3818852.95242917,950074800.7345523
2020-09-18 09:00:00,241.0,264.0,231.0,242.0,6490071.01947647,1598715993.1864347
2020-09-19 09:00:00,242.0,248.0,233.0,235.0,1079161.54836485,255066121.1252493
2020-09-20 09:00:00,237.0,240.0,220.0,228.0,1656767.86478048,383511934.06516075
2020-09-21 09:00:00,228.0,250.0,199.0,204.0,7445559.85956196,1699246426.9638824
2020-09-22 09:00:00,204.0,209.0,179.0,193.0,4951397.32860167,938882687.3693583
2020-09-23 09:00:00,193.0,194.0,171.0,175.0,3743501.9430916,682148911.9152778
2020-09-24 09:00:00,175.0,190.0,171.0,188.0,2273461.38271578,406875020.85757744
2020-09-25 09:00:00,189.0,197.0,180.0,195.0,4585892.10000993,867489006.7534664
2020-09-26 09:00:00,195.0,204.0,193.0,199.0,3222519.14368337,636876112.0016273
2020-09-27 09:00:00,199.0,203.0,187.0,197.0,2462637.83363462,480969576.4606267
2020-09-28 09:00:00,197.0,199.0,191.0,196.0,1916813.71060764,374039017.1416026
2020-09-29 09:00:00,195.0,197.0,190.0,195.0,1968350.6467276,379842386.5552744
2020-09-30 09:00:00,195.0,201.0,189.0,193.0,2589463.20717215,505605757.6282778
2020-10-01 09:00:00,194.0,198.0,181.0,188.0,1612031.63217648,307544567.6035539
2020-10-02 09:00:00,189.0,191.0,174.0,181.0,1861338.95889085,338660898.24951774
2020-10-03 09:00:00,181.0,187.0,180.0,184.0,1085312.60579863,199009565.12717298
2020-10-04 09:00:00,184.0,184.0,175.0,179.0,742859.06519459,133460566.83495802
2020-10-05 09:00:00,180.0,186.0,176.0,183.0,1328262.83173789,240055088.26471892
2020-10-06 09:00:00,183.0,183.0,169.0,173.0,1721834.00087235,300913110.0639707
2020-10-07 09:00:00,173.0,174.0,161.0,169.0,2150510.55950795,355673551.9871613
2020-10-08 09:00:00,169.0,194.0,160.0,176.0,12994423.92188672,2340344609.713116
2020-10-09 09:00:00,177.0,244.0,173.0,215.0,27215752.73309852,5586722025.61358
2020-10-10 09:00:00,215.0,397.0,214.0,222.0,95728867.75215983,27001866840.845257
2020-10-11 09:00:00,223.0,231.0,204.0,220.0,19261877.83895414,4147095479.754582
2020-10-12 09:00:00,221.0,223.0,206.0,221.0,9762471.88422806,2093412010.8402221
2020-10-13 09:00:00,222.0,223.0,205.0,212.0,5601400.28752882,1186821441.6412065
2020-10-14 09:00:00,212.0,217.0,202.0,206.0,2734288.10967685,569294399.786535
2020-10-15 09:00:00,206.0,210.0,198.0,204.0,1877819.54040672,383952547.9401893
2020-10-16 09:00:00,204.0,204.0,189.0,196.0,2312472.3375006,448136543.6084714
2020-10-17 09:00:00,195.0,206.0,193.0,199.0,1040534.59394142,207752226.31186396
2020-10-18 09:00:00,199.0,203.0,197.0,200.0,834242.26396881,166410842.98945826
2020-10-19 09:00:00,200.0,228.0,190.0,213.0,4965835.19486314,1036013495.1043103
2020-10-20 09:00:00,213.0,235.0,197.0,202.0,7147386.3794727,1551127433.9740927
2020-10-21 09:00:00,202.0,224.0,200.0,205.0,5687816.72983153,1192561239.8515863
2020-10-22 09:00:00,206.0,220.0,201.0,219.0,2601808.18138201,546921693.820086
2020-10-23 09:00:00,219.0,239.0,208.0,225.0,5893270.69599865,1327489191.9725995
2020-10-24 09:00:00,227.0,250.0,220.0,224.0,5886337.63834413,1363663802.7207973
2020-10-25 09:00:00,224.0,245.0,215.0,224.0,7505269.21545176,1713631318.3588605
2020-10-26 09:00:00,224.0,250.0,210.0,225.0,5761211.76709916,1321187018.4248812
2020-10-27 09:00:00,225.0,259.0,217.0,240.0,15202149.87808916,3597470822.78413
2020-10-28 09:00:00,240.0,240.0,220.0,224.0,2922680.5488516,675343871.6589617
2020-10-29 09:00:00,224.0,232.0,211.0,221.0,1886106.43841971,415464231.5924272
2020-10-30 09:00:00,222.0,223.0,193.0,206.0,3541846.24870857,718837801.5488578
2020-10-31 09:00:00,206.0,215.0,200.0,204.0,1639474.04056147,339216470.9265513
2020-11-01 09:00:00,206.0,212.0,200.0,210.0,1263948.12896285,259854744.2838071
2020-11-02 09:00:00,209.0,209.0,197.0,201.0,1172890.75821991,237460001.1381316
2020-11-03 09:00:00,201.0,206.0,190.0,194.0,1237033.13583028,242020806.98172694
2020-11-04 09:00:00,193.0,200.0,178.0,183.0,2027484.41495659,377014996.47632074
2020-11-05 09:00:00,182.0,196.0,180.0,194.0,1861156.25039405,345083708.2708827
2020-11-06 09:00:00,193.0,224.0,189.0,219.0,4092122.92099792,838121993.9231807
2020-11-07 09:00:00,221.0,284.0,209.0,233.0,25612068.40908932,6278504660.7902975
2020-11-08 09:00:00,233.0,240.0,216.0,233.0,9221595.77241722,2097845221.5875752
2020-11-09 09:00:00,235.0,272.0,231.0,265.0,26636527.77796404,6561281996.317466
2020-11-10 09:00:00,266.0,310.0,257.0,284.0,29213933.46634754,8123385064.597503
2020-11-11 09:00:00,286.0,346.0,262.0,280.0,37185605.96511361,11222439092.928085
2020-11-12 09:00:00,280.0,284.0,239.0,252.0,14142407.66820389,3609948498.9370985
2020-11-13 09:00:00,252.0,255.0,234.0,251.0,4785058.32482199,1173095046.1007109
2020-11-14 09:00:00,252.0,285.0,244.0,255.0,14944062.67918548,3924945053.1467767
2020-11-15 09:00:00,255.0,274.0,242.0,250.0,7824341.09102118,2033159322.5678277
2020-11-16 09:00:00,248.0,253.0,239.0,242.0,3036807.12291954,740499334.7003869
2020-11-17 09:00:00,243.0,248.0,228.0,234.0,3637303.43567777,857052907.1837876
2020-11-18 09:00:00,232.0,242.0,225.0,235.0,4630783.96336503,1084151857.4393997
2020-11-19 09:00:00,235.0,236.0,219.0,229.0,1992058.89977366,453577139.21696633
2020-11-20 09:00:00,231.0,240.0,223.0,236.0,2799622.6259084,645851547.9931061
2020-11-21 09:00:00,234.0,250.0,234.0,245.0,3571732.86794844,860640014.8210764
2020-11-22 09:00:00,246.0,274.0,221.0,255.0,12523872.1157864,3192617336.7070236
2020-11-23 09:00:00,254.0,274.0,244.0,255.0,8970028.48657444,2320493876.1922197
2020-11-24 09:00:00,256.0,278.0,243.0,268.0,8541689.01687009,2213384489.8838463
2020-11-25 09:00:00,268.0,290.0,258.0,290.0,8539166.8431386,2346996050.2865686
2020-11-26 09:00:00,290.0,323.0,223.0,252.0,11412664.57747935,3085957228.498245
2020-11-27 09:00:00,253.0,267.0,228.0,243.0,5784698.89287933,1450650702.9461598
2020-11-28 09:00:00,244.0,252.0,236.0,249.0,3055232.86296246,747491441.7545273
2020-11-29 09:00:00,249.0,251.0,240.0,249.0,1437996.43983201,354271822.513097
2020-11-30 09:00:00,247.0,253.0,241.0,253.0,1984736.58260659,490491097.0518144
2020-12-01 09:00:00,253.0,395.0,247.0,288.0,109241424.22600646,32972871166.412067
2020-12-02 09:00:00,287.0,293.0,263.0,289.0,12594911.48904486,3455688797.5303755
2020-12-03 09:00:00,290.0,299.0,274.0,283.0,8872529.22025083,2534791179.9887676
2020-12-04 09:00:00,284.0,304.0,258.0,260.0,9842243.68610765,2803678152.381332
2020-12-05 09:00:00,260.0,294.0,254.0,288.0,25069152.19761234,6964639063.370453
2020-12-06 09:00:00,287.0,301.0,272.0,282.0,12275182.49117716,3499458626.9566493
2020-12-07 09:00:00,282.0,309.0,272.0,295.0,12704082.16319454,3670688226.0231476
2020-12-08 09:00:00,294.0,298.0,258.0,267.0,5721444.87182732,1605911503.9323237
2020-12-09 09:00:00,266.0,273.0,239.0,263.0,6075486.0129846,1548156930.2672985
2020-12-10 09:00:00,262.0,262.0,248.0,251.0,2474079.74853579,627935469.0628496
2020-12-11 09:00:00,251.0,256.0,233.0,236.0,3229336.72224284,780500174.1925589
2020-12-12 09:00:00,236.0,252.0,235.0,248.0,2109734.73807213,516193052.78810424
2020-12-13 09:00:00,248.0,255.0,244.0,251.0,2116722.99939264,525466076.043241
2020-12-14 09:00:00,250.0,257.0,246.0,254.0,1607646.94327317,404483091.57843405
2020-12-15 09:00:00,254.0,258.0,248.0,256.0,1698420.95409141,430622723.1664322
2020-12-16 09:00:00,256.0,260.0,248.0,256.0,2458696.50793727,624082476.09881
2020-12-17 09:00:00,256.0,270.0,251.0,260.0,4155943.44656281,1074038813.284047
2020-12-18 09:00:00,260.0,283.0,252.0,272.0,8864755.29666447,2361283439.930749
2020-12-19 09:00:00,273.0,370.0,267.0,348.0,23962145.9602565,7187662678.769241
2020-12-20 09:00:00,347.0,348.0,285.0,292.0,19096989.18768566,5695466022.130279
2020-12-21 09:00:00,290.0,292.0,256.0,273.0,9536524.89988655,2600201762.105176
2020-12-22 09:00:00,273.0,277.0,256.0,270.0,4158977.77329361,1116519617.0156357
2020-12-23 09:00:00,271.0,271.0,234.0,240.0,5045215.38527068,1281718884.9929078
2020-12-24 09:00:00,239.0,259.0,227.0,255.0,3254053.14935802,784679876.5597565
2020-12-25 09:00:00,256.0,263.0,237.0,249.0,3149482.23599738,794473338.0854075
2020-12-26 09:00:00,248.0,261.0,245.0,260.0,1965344.63419939,496243885.8311856
2020-12-27 09:00:00,260.0,285.0,250.0,262.0,12591335.55853904,3407347824.3677297
2020-12-28 09:00:00,263.0,280.0,256.0,275.0,4513187.33568224,1230495276.5096085
2020-12-29 09:00:00,274.0,277.0,249.0,263.0,4389877.31439809,1147098449.1872196
2020-12-30 09:00:00,263.0,297.0,261.0,277.0,21314993.88091191,6026092471.340181
2020-12-31 09:00:00,278.0,281.0,264.0,279.0,4424390.77775854,1196864968.6204512
2021-01-01 09:00:00,279.0,343.0,270.0,304.0,40967243.21585835,12484775526.72694
2021-01-02 09:00:00,304.0,305.0,281.0,292.0,9724866.25279264,2802162803.510438
2021-01-03 09:00:00,292.0,303.0,274.0,284.0,7475336.75401332,2133690084.026016
2021-01-04 09:00:00,284.0,326.0,246.0,277.0,29892973.78177372,8774891036.518976
2021-01-05 09:00:00,276.0,290.0,258.0,284.0,5978473.77433885,1631550204.8938477
2021-01-06 09:00:00,284.0,291.0,272.0,291.0,4974718.09406897,1393697226.311915
2021-01-07 09:00:00,291.0,305.0,272.0,294.0,9408904.95305808,2733722531.7891135
2021-01-08 09:00:00,294.0,325.0,275.0,312.0,9502657.02719155,2854660907.8621187
2021-01-09 09:00:00,311.0,377.0,310.0,333.0,47428682.76312276,16274275613.338932
2021-01-10 09:00:00,334.0,339.0,297.0,307.0,10333894.35120797,3279221711.816882
2021-01-11 09:00:00,308.0,312.0,260.0,284.0,4782839.90607859,1340859813.7137504
2021-01-12 09:00:00,283.0,295.0,266.0,288.0,3408489.42265438,960976493.1372011
2021-01-13 09:00:00,288.0,298.0,276.0,296.0,1890880.65096351,539063929.17339
2021-01-14 09:00:00,296.0,322.0,287.0,308.0,8437149.6852253,2600005412.5063477
2021-01-15 09:00:00,308.0,339.0,289.0,338.0,9470224.83614336,2963981520.7987113
2021-01-16 09:00:00,338.0,402.0,319.0,353.0,20384091.61475837,7293741480.160902
2021-01-17 09:00:00,353.0,453.0,325.0,389.0,19962914.3252642,7855370392.770797
2021-01-18 09:00:00,387.0,409.0,362.0,404.0,8940622.06513207,3363593913.7288365
2021-01-19 09:00:00,405.0,597.0,401.0,452.0,152552955.57042032,78203688761.57553
2021-01-20 09:00:00,452.0,489.0,401.0,438.0,25109812.49064883,11018479069.596672
2021-01-21 09:00:00,438.0,438.0,370.0,370.0,7531698.02193369,3013572793.7284164
2021-01-22 09:00:00,378.0,427.0,328.0,398.0,15289757.47334638,5858169087.494117
2021-01-23 09:00:00,398.0,415.0,375.0,407.0,3277487.78549177,1298122833.832608
2021-01-24 09:00:00,408.0,437.0,395.0,425.0,4447805.2054115,1859117595.5919595
2021-01-25 09:00:00,425.0,615.0,412.0,500.0,84078531.15539423,46287600871.87238
2021-01-26 09:00:00,502.0,507.0,457.0,488.0,10664465.13619082,5076067254.146312
2021-01-27 09:00:00,487.0,556.0,453.0,528.0,14257586.63441694,7206593874.774257
2021-01-28 09:00:00,529.0,1000.0,512.0,761.0,151762548.86628276,112151323005.89566
2021-01-29 09:00:00,761.0,880.0,641.0,764.0,39667038.50894363,30103317730.523304
2021-01-30 09:00:00,763.0,989.0,753.0,816.0,83751374.9917083,74996391058.4073
2021-01-31 09:00:00,818.0,835.0,695.0,746.0,9416772.9812499,7096138680.7280445
2021-02-01 09:00:00,745.0,807.0,681.0,735.0,7200986.14678087,5232449957.896954
2021-02-02 09:00:00,732.0,965.0,714.0,830.0,53062898.19186577,44767141252.158485
2021-02-03 09:00:00,830.0,1630.0,821.0,1030.0,78548213.68022045,86947162391.75842
2021-02-04 09:00:00,1030.0,1390.0,977.0,1340.0,31527528.06040894,37592852846.92583
2021-02-05 09:00:00,1360.0,2200.0,1350.0,1850.0,78619380.16157205,141510832016.8236
2021-02-06 09:00:00,1850.0,1940.0,1600.0,1760.0,5971869.98808228,10459034983.58105
2021-02-07 09:00:00,1760.0,1980.0,1670.0,1850.0,5847232.43870751,10577096272.585701
2021-02-08 09:00:00,1860.0,1980.0,1730.0,1800.0,4970431.1910335,9066716633.500835
2021-02-09 09:00:00,1810.0,1810.0,1670.0,1750.0,6152765.15885188,10597378891.699314
2021-02-10 09:00:00,1750.0,1750.0,1420.0,1620.0,8371391.49574723,13368611089.651161
2021-02-11 09:00:00,1620.0,1870.0,1510.0,1820.0,9980471.83111025,16813093213.73204
2021-02-12 09:00:00,1820.0,2410.0,1740.0,2150.0,30241656.18879036,66302744059.433784
2021-02-13 09:00:00,2150.0,2220.0,1920.0,2090.0,6566497.1893141,13746383614.54528
2021-02-14 09:00:00,2100.0,2100.0,1750.0,1910.0,4282761.70268091,8251997914.512253
2021-02-15 09:00:00,1910.0,2000.0,1530.0,1850.0,4182367.76386951,7425867032.522106
2021-02-16 09:00:00,1860.0,2970.0,1700.0,2480.0,54471316.10056308,136653136515.7676
2021-02-17 09:00:00,2480.0,3100.0,2220.0,2280.0,36995016.32430863,98383438047.38094
2021-02-18 09:00:00,2290.0,2470.0,2140.0,2460.0,17156382.49422738,38801455769.695625
2021-02-19 09:00:00,2450.0,2460.0,2190.0,2380.0,9430720.85497371,21542320650.96672
2021-02-20 09:00:00,2380.0,2470.0,2210.0,2240.0,14775964.8990181,34193199415.88796
2021-02-21 09:00:00,2240.0,2310.0,2150.0,2280.0,9144930.24858949,20544614742.33996
2021-02-22 09:00:00,2280.0,2280.0,1670.0,1990.0,26142461.58376014,51012859639.31604
2021-02-23 09:00:00,1990.0,2000.0,1130.0,1450.0,39983685.44240745,57669963328.91602
2021-02-24 09:00:00,1450.0,1560.0,1270.0,1520.0,14739070.92363407,21514501132.84881
2021-02-25 09:00:00,1520.0,1890.0,1420.0,1460.0,15136689.25722862,24219276472.75437
2021-02-26 09:00:00,1460.0,1570.0,1340.0,1500.0,8204948.38335139,11861659321.712523
2021-02-27 09:00:00,1500.0,1790.0,1450.0,1690.0,17221020.50341129,28085987668.228733
2021-02-28 09:00:00,1690.0,1700.0,1320.0,1450.0,9737877.65744063,14235172955.787903
2021-03-01 09:00:00,1460.0,1550.0,1390.0,1540.0,6429180.97740637,9413773329.913946
2021-03-02 09:00:00,1540.0,1550.0,1430.0,1520.0,5319161.03638947,7907448638.781716
2021-03-03 09:00:00,1520.0,1780.0,1470.0,1630.0,13366261.38572042,21320697115.64787
2021-03-04 09:00:00,1630.0,1740.0,1570.0,1650.0,13212248.69726782,21741101205.343533
2021-03-05 09:00:00,1660.0,1750.0,1570.0,1730.0,9467433.08194821,15483900929.27095
2021-03-06 09:00:00,1730.0,1790.0,1590.0,1720.0,7027890.98990465,11909918758.742952
2021-03-07 09:00:00,1710.0,1860.0,1670.0,1820.0,9445538.37661873,16791774662.560427
2021-03-08 09:00:00,1830.0,1960.0,1820.0,1950.0,11956598.83498806,22697889812.9348
2021-03-09 09:00:00,1940.0,2050.0,1860.0,2040.0,8170499.64037066,15752007881.281744
2021-03-10 09:00:00,2040.0,2050.0,1780.0,1930.0,9263384.53807996,17860072054.039783
2021-03-11 09:00:00,1930.0,1940.0,1800.0,1900.0,7165755.18644917,13421377899.82269
2021-03-12 09:00:00,1900.0,1910.0,1760.0,1890.0,7757025.11317342,14335567507.616274
2021-03-13 09:00:00,1890.0,2150.0,1780.0,2060.0,18675499.6705954,36800879352.64909
2021-03-14 09:00:00,2070.0,2430.0,1980.0,2120.0,23334700.12656616,51153124176.65404
2021-03-15 09:00:00,2110.0,2260.0,1780.0,2220.0,21677224.24374755,44273369583.78445
2021-03-16 09:00:00,2200.0,2620.0,1980.0,2620.0,22607176.79857905,49866014418.19746
2021-03-17 09:00:00,2630.0,2640.0,1920.0,2450.0,22934354.39028932,53005478392.11132
2021-03-18 09:00:00,2440.0,2450.0,2200.0,2350.0,13629911.84428975,31355903886.412117
2021-03-19 09:00:00,2350.0,2880.0,2260.0,2820.0,29279909.82798979,75423713116.5576
2021-03-20 09:00:00,2820.0,4020.0,2810.0,3070.0,71085921.8492813,240698969926.70752
2021-03-21 09:00:00,3080.0,3580.0,2860.0,3440.0,27019950.54221384,86451994826.76828
2021-03-22 09:00:00,3440.0,3460.0,2730.0,2860.0,19271711.47970499,60234666288.84006
2021-03-23 09:00:00,2860.0,2990.0,2280.0,2620.0,16407465.38563292,42287422402.23997
2021-03-24 09:00:00,2620.0,2860.0,2360.0,2480.0,12925401.11772154,34448087990.67788
2021-03-25 09:00:00,2480.0,2530.0,2230.0,2460.0,7973211.09834326,19145226971.544765
2021-03-26 09:00:00,2470.0,2940.0,2430.0,2730.0,23599025.17532604,64184635842.92835
2021-03-27 09:00:00,2730.0,2730.0,2550.0,2680.0,6455109.06351251,17047268389.485815
2021-03-28 09:00:00,2670.0,2780.0,2550.0,2710.0,7158328.81543482,18847466827.860493
2021-03-29 09:00:00,2710.0,2970.0,2670.0,2880.0,14835903.28067359,42358193362.89144
2021-03-30 09:00:00,2870.0,3290.0,2850.0,3060.0,13341411.37283731,40352612630.95573
2021-03-31 09:00:00,3060.0,3230.0,2700.0,3080.0,15478858.87699843,46315594932.0807
2021-04-01 09:00:00,3080.0,3300.0,2910.0,3270.0,18754102.96719398,58888607649.97948
2021-04-02 09:00:00,3280.0,3940.0,3240.0,3890.0,32465175.51232031,117800414651.42383
2021-04-03 09:00:00,3890.0,4350.0,3060.0,3210.0,23057864.33533536,84017013811.5187
2021-04-04 09:00:00,3210.0,3800.0,3100.0,3640.0,22781519.68150088,80447531596.8776
2021-04-05 09:00:00,3640.0,4300.0,3310.0,3690.0,30168432.26992115,117858403620.65836
2021-04-06 09:00:00,3680.0,3700.0,3100.0,3390.0,11698557.38646179,39512319465.84295
2021-04-07 09:00:00,3380.0,3390.0,1780.0,2670.0,13569493.89934571,36444971717.71726
2021-04-08 09:00:00,2670.0,3140.0,2490.0,3120.0,8705767.05121213,24896277982.12948
2021-04-09 09:00:00,3120.0,3290.0,2950.0,3250.0,10900118.67603003,34221466759.690834
2021-04-10 09:00:00,3260.0,3360.0,2960.0,3110.0,8527977.07798426,26868075359.643105
2021-04-11 09:00:00,3100.0,3120.0,2570.0,2940.0,7249967.24011918,20684060393.818336
2021-04-12 09:00:00,2940.0,3020.0,2760.0,2800.0,4743268.96784488,13415629209.057627
2021-04-13 09:00:00,2820.0,3320.0,2730.0,2900.0,27773850.29786348,82201906389.19652
2021-04-14 09:00:00,2910.0,2960.0,2490.0,2620.0,7310708.86587749,19415379167.873528
2021-04-15 09:00:00,2630.0,2860.0,2600.0,2770.0,10428863.02433566,28576403280.18828
2021-04-16 09:00:00,2770.0,2950.0,2500.0,2630.0,10803183.05756887,28897910794.724922
2021-04-17 09:00:00,2640.0,2820.0,2530.0,2810.0,13966180.33264621,37173740815.40305
2021-04-18 09:00:00,2810.0,2820.0,2230.0,2510.0,9482574.16461977,23896696934.12619
2021-04-19 09:00:00,2520.0,2610.0,2180.0,2250.0,6281762.0465534,14849117333.329308
2021-04-20 09:00:00,2250.0,2270.0,1850.0,2110.0,13720160.97893439,28207077226.026337
2021-04-21 09:00:00,2120.0,2310.0,2060.0,2170.0,10507703.82942871,23078553596.818825
2021-04-22 09:00:00,2180.0,2200.0,1550.0,1640.0,11680233.83181876,22555184349.853897
2021-04-23 09:00:00,1650.0,1710.0,1010.0,1620.0,16578346.53241988,22586687674.603313
2021-04-24 09:00:00,1610.0,1720.0,1420.0,1640.0,13153553.86116916,21075836669.518913
2021-04-25 09:00:00,1650.0,1870.0,1470.0,1680.0,12672811.50434386,21681774577.448845
2021-04-26 09:00:00,1690.0,1980.0,1610.0,1950.0,16200570.96105563,29915583928.405205
2021-04-27 09:00:00,1950.0,2200.0,1880.0,2110.0,20178606.26982346,42006524566.57659
2021-04-28 09:00:00,2110.0,2140.0,1770.0,1980.0,8862084.59163572,17295026297.7775
2021-04-29 09:00:00,1980.0,1980.0,1860.0,1950.0,4328255.2381829,8327263945.310307
2021-04-30 09:00:00,1950.0,2100.0,1890.0,2060.0,5123697.65587179,10153828327.735596
2021-05-01 09:00:00,2060.0,2100.0,1970.0,2050.0,3465958.29376825,7021847340.794965
2021-05-02 09:00:00,2050.0,2690.0,1950.0,2260.0,26103606.61871097,61719280830.08075
2021-05-03 09:00:00,2260.0,2570.0,2170.0,2300.0,23326602.44796257,54515438764.44968
2021-05-04 09:00:00,2310.0,2820.0,2160.0,2220.0,52285263.33645557,128206525450.2371
2021-05-05 09:00:00,2220.0,2340.0,2080.0,2230.0,14287450.54076848,31103510809.861423
2021-05-06 09:00:00,2240.0,2250.0,2030.0,2090.0,6137415.48164183,13064099275.229689
2021-05-07 09:00:00,2090.0,2200.0,1870.0,2060.0,7927674.73465432,16092555155.232643
2021-05-08 09:00:00,2050.0,2100.0,1980.0,2030.0,3243087.60941515,6631108623.791659
2021-05-09 09:00:00,2020.0,2250.0,1930.0,2030.0,10172111.41148701,21141534922.686764
2021-05-10 09:00:00,2030.0,2060.0,1820.0,1840.0,4223651.42469727,8263003790.378325
2021-05-11 09:00:00,1840.0,2080.0,1720.0,1920.0,15532672.36179882,30064710229.76382
2021-05-12 09:00:00,1920.0,2030.0,1540.0,1560.0,9930752.63325642,18697725491.357162
2021-05-13 09:00:00,1570.0,1890.0,1460.0,1750.0,8550534.33090468,14469627480.930376
2021-05-14 09:00:00,1750.0,1980.0,1720.0,1800.0,9592186.56098846,17641308806.334812
2021-05-15 09:00:00,1810.0,2140.0,1730.0,1770.0,28812866.59825185,56397954795.40972
2021-05-16 09:00:00,1770.0,1790.0,1630.0,1710.0,4585688.52283442,7947661153.572426
2021-05-17 09:00:00,1700.0,1710.0,1400.0,1520.0,4765376.98933839,7252707279.277341
2021-05-18 09:00:00,1530.0,1700.0,1500.0,1590.0,6576370.39159118,10468080446.015991
2021-05-19 09:00:00,1580.0,1860.0,956.0,1190.0,20851554.83674926,30980723856.6231
2021-05-20 09:00:00,1180.0,1420.0,1050.0,1270.0,15284881.76529178,18899286241.017548
2021-05-21 09:00:00,1270.0,1810.0,1250.0,1450.0,52786727.37015848,78342276138.54895
2021-05-22 09:00:00,1450.0,1670.0,1220.0,1470.0,16948896.5115986,24215942501.95573
2021-05-23 09:00:00,1460.0,1470.0,950.0,1110.0,10319847.44196794,11960379890.047916
2021-05-24 09:00:00,1120.0,1220.0,999.0,1190.0,9780137.19143971,10773040540.56842
2021-05-25 09:00:00,1190.0,1370.0,1100.0,1220.0,21493075.28072984,26317921295.326237
2021-05-26 09:00:00,1220.0,1290.0,1170.0,1280.0,8957496.75293829,10935729801.058924
2021-05-27 09:00:00,1270.0,1340.0,1180.0,1330.0,7164729.33936376,8920743214.507345
2021-05-28 09:00:00,1320.0,1330.0,1120.0,1160.0,6902578.97528815,8310288733.947233
2021-05-29 09:00:00,1160.0,1200.0,1060.0,1110.0,3617687.29344139,4097930434.5742197
2021-05-30 09:00:00,1100.0,1170.0,1010.0,1120.0,4550452.6341648,4991121592.530943
2021-05-31 09:00:00,1120.0,1140.0,1050.0,1120.0,3108056.40314614,3392067580.50269
2021-06-01 09:00:00,1110.0,1130.0,1070.0,1090.0,1704256.52673885,1865742157.3978877
2021-06-02 09:00:00,1100.0,1250.0,1090.0,1140.0,18701273.8495833,21773566482.147884
2021-06-03 09:00:00,1130.0,1240.0,1130.0,1170.0,8324419.15689876,9770947091.940191
2021-06-04 09:00:00,1180.0,1180.0,1040.0,1100.0,4377890.28885557,4815267199.905057
2021-06-05 09:00:00,1090.0,1120.0,1060.0,1080.0,2940202.70742691,3204267388.8019366
2021-06-06 09:00:00,1080.0,1490.0,1070.0,1200.0,29371989.2503396,36448968384.7239
2021-06-07 09:00:00,1200.0,1580.0,1160.0,1220.0,59503068.85267385,78281708448.45853
2021-06-08 09:00:00,1220.0,1340.0,986.0,1110.0,21065577.49478432,23714867425.494267
2021-06-09 09:00:00,1100.0,1260.0,1020.0,1160.0,21310532.21571325,24726455115.22646
2021-06-10 09:00:00,1160.0,1440.0,1150.0,1200.0,45915862.82994721,58954728093.37448
2021-06-11 09:00:00,1210.0,1250.0,1050.0,1070.0,14902519.18740268,17210789830.26106
2021-06-12 09:00:00,1070.0,1090.0,966.0,983.0,5140779.87689082,5187380174.257274
2021-06-13 09:00:00,982.0,1010.0,918.0,1010.0,4592883.51493688,4420459358.259074
2021-06-14 09:00:00,1000.0,1060.0,959.0,1020.0,6178380.41963343,6204686445.840713
2021-06-15 09:00:00,1030.0,1040.0,980.0,1020.0,6091983.32860769,6136241066.057612
2021-06-16 09:00:00,1020.0,1020.0,939.0,972.0,4928445.05308075,4807384109.277447
2021-06-17 09:00:00,972.0,1010.0,949.0,959.0,5529447.00080683,5405542514.253849
2021-06-18 09:00:00,955.0,1290.0,895.0,999.0,41047638.03433287,42782805052.48518
2021-06-19 09:00:00,1000.0,1010.0,933.0,949.0,7355506.09854739,7098295701.646508
2021-06-20 09:00:00,949.0,972.0,826.0,899.0,4471003.31467109,4035142659.699321
2021-06-21 09:00:00,899.0,932.0,696.0,702.0,7644649.77222017,6267921132.399002
2021-06-22 09:00:00,707.0,708.0,533.0,626.0,5631030.74046071,3572206003.603633
2021-06-23 09:00:00,630.0,707.0,588.0,666.0,6021616.42193434,3955071213.098026
2021-06-24 09:00:00,663.0,725.0,629.0,717.0,4508056.59713969,3073145375.6249704
2021-06-25 09:00:00,718.0,742.0,634.0,652.0,4028716.69729711,2782442736.4052615
2021-06-26 09:00:00,653.0,667.0,610.0,662.0,2763171.04155214,1764906529.978357
2021-06-27 09:00:00,663.0,690.0,634.0,676.0,4291483.6769686,2828954131.2215767
2021-06-28 09:00:00,675.0,820.0,665.0,762.0,42116501.00301885,31170543683.40558
2021-06-29 09:00:00,762.0,895.0,735.0,805.0,27735412.37366702,22602496192.842022
2021-06-30 09:00:00,805.0,877.0,761.0,861.0,12024886.04640566,9692616905.265898
2021-07-01 09:00:00,864.0,956.0,808.0,917.0,21907426.11549842,19384674158.757748
2021-07-02 09:00:00,917.0,1080.0,843.0,989.0,29886264.72967389,28266192260.47692
2021-07-03 09:00:00,991.0,1010.0,918.0,998.0,12783923.34949803,12316770223.840216
2021-07-04 09:00:00,998.0,1080.0,975.0,1030.0,16583789.19076508,16907515356.924347
2021-07-05 09:00:00,1030.0,1150.0,964.0,1080.0,26435144.39360767,28114027425.626163
2021-07-06 09:00:00,1080.0,1120.0,1030.0,1060.0,6593744.08714148,7011157904.839867
2021-07-07 09:00:00,1060.0,1090.0,1010.0,1030.0,6641147.17306825,6887958646.757597
2021-07-08 09:00:00,1020.0,1030.0,881.0,918.0,9115061.62078133,8646878547.590405
2021-07-09 09:00:00,919.0,919.0,838.0,909.0,5608158.96571247,4900591182.230045
2021-07-10 09:00:00,907.0,984.0,902.0,948.0,20057827.32106039,19153786836.025078
2021-07-11 09:00:00,947.0,982.0,890.0,965.0,6087418.05568129,5743020362.809929
2021-07-12 09:00:00,964.0,1030.0,946.0,1020.0,9993685.28263935,9802203940.826635
2021-07-13 09:00:00,1020.0,1030.0,942.0,988.0,7116122.25412564,6997492455.092837
2021-07-14 09:00:00,988.0,995.0,865.0,926.0,9448631.8897165,8646501952.201347
2021-07-15 09:00:00,926.0,951.0,850.0,868.0,8031963.49796213,7239378827.871728
2021-07-16 09:00:00,865.0,899.0,784.0,789.0,4454302.72122258,3698627948.2716813
2021-07-17 09:00:00,789.0,847.0,773.0,838.0,3068643.97757047,2466873589.8024383
2021-07-18 09:00:00,838.0,859.0,809.0,832.0,1972652.96793582,1638093740.0569565
2021-07-19 09:00:00,821.0,1010.0,819.0,877.0,116508569.58135398,109764171233.9109
2021-07-20 09:00:00,879.0,879.0,734.0,767.0,19167215.85879281,15241288359.871658
2021-07-21 09:00:00,767.0,817.0,724.0,814.0,12035848.35190214,9351717436.534756
2021-07-22 09:00:00,813.0,830.0,780.0,820.0,7799499.1520359,6271503541.515999
2021-07-23 09:00:00,820.0,987.0,812.0,909.0,91935152.9452564,84908861743.68468
2021-07-24 09:00:00,909.0,920.0,866.0,916.0,10026406.82495084,8964305881.369152
2021-07-25 09:00:00,915.0,1000.0,885.0,976.0,35479304.30865207,34218598528.129265
2021-07-26 09:00:00,976.0,1060.0,925.0,995.0,14160809.35744849,13999505819.811846
2021-07-27 09:00:00,994.0,1030.0,927.0,1000.0,6522993.85052758,6423412768.832449
2021-07-28 09:00:00,1000.0,1080.0,996.0,1050.0,10921051.19964049,11282765639.167673
2021-07-29 09:00:00,1050.0,1120.0,1010.0,1120.0,12986523.6503218,13953039767.291101
2021-07-30 09:00:00,1110.0,1190.0,1030.0,1140.0,15682474.23807688,17501783048.25233
2021-07-31 09:00:00,1140.0,1320.0,1110.0,1170.0,28900697.16371984,35150256358.27038
2021-08-01 09:00:00,1170.0,1250.0,1100.0,1120.0,12711444.99052271,15106468086.429642
2021-08-02 09:00:00,1120.0,1150.0,1050.0,1130.0,9597169.15239394,10612116438.950949
2021-08-03 09:00:00,1120.0,1130.0,1050.0,1080.0,6614341.33729036,7155172956.041689
2021-08-04 09:00:00,1080.0,1100.0,1040.0,1090.0,4321127.28902232,4649382500.751439
2021-08-05 09:00:00,1100.0,1200.0,1070.0,1160.0,13119721.20185666,14870706794.770145
2021-08-06 09:00:00,1160.0,1200.0,1120.0,1190.0,7619861.28479522,8816572614.693064
2021-08-07 09:00:00,1190.0,1600.0,1170.0,1460.0,58259344.3730046,82923930349.43488
2021-08-08 09:00:00,1470.0,1500.0,1330.0,1350.0,12782602.68834132,17689477582.485817
2021-08-09 09:00:00,1340.0,1390.0,1280.0,1370.0,4837561.98282288,6491261915.259381
2021-08-10 09:00:00,1370.0,1390.0,1310.0,1350.0,6510287.78750834,8740061441.629694
2021-08-11 09:00:00,1350.0,1440.0,1330.0,1370.0,8594855.19594486,11899057019.721216
2021-08-12 09:00:00,1370.0,1510.0,1340.0,1430.0,21352163.51910079,30530473506.37239
2021-08-13 09:00:00,1440.0,1480.0,1400.0,1480.0,7392521.31052614,10597412002.143587
2021-08-14 09:00:00,1480.0,1490.0,1400.0,1460.0,6176448.00921415,8924951452.415564
2021-08-15 09:00:00,1460.0,1460.0,1400.0,1450.0,4521851.9972627,6438413556.918075
2021-08-16 09:00:00,1440.0,1530.0,1410.0,1430.0,7373706.37075221,10657228033.521282
2021-08-17 09:00:00,1430.0,1490.0,1380.0,1400.0,10272273.64709081,14873715091.21699
2021-08-18 09:00:00,1410.0,1420.0,1300.0,1360.0,4372370.0756298,5939237971.76277
2021-08-19 09:00:00,1370.0,1400.0,1290.0,1400.0,4491548.04634616,5999255587.388501
2021-08-20 09:00:00,1400.0,1430.0,1360.0,1410.0,4686332.4509115,6517817313.176948
2021-08-21 09:00:00,1410.0,1500.0,1400.0,1460.0,8357300.31725097,12071167580.861425
2021-08-22 09:00:00,1460.0,1500.0,1410.0,1420.0,4613670.65807956,6697128919.47764
2021-08-23 09:00:00,1420.0,1590.0,1410.0,1570.0,18020718.43893901,26989410056.691963
2021-08-24 09:00:00,1570.0,1640.0,1450.0,1480.0,16192593.39546891,25220426938.824574
2021-08-25 09:00:00,1470.0,1580.0,1390.0,1530.0,10915582.47128873,16265716818.712814
2021-08-26 09:00:00,1540.0,1610.0,1380.0,1400.0,14565274.80294285,21835860361.34424
2021-08-27 09:00:00,1400.0,1470.0,1310.0,1440.0,9043686.04616572,12608768296.161093
2021-08-28 09:00:00,1440.0,1470.0,1400.0,1420.0,3949398.44653116,5656983215.273367
2021-08-29 09:00:00,1420.0,1440.0,1350.0,1390.0,4762999.20641232,6638643703.918906
2021-08-30 09:00:00,1390.0,1430.0,1360.0,1390.0,3970138.76114409,5507062688.680989
2021-08-31 09:00:00,1380.0,1440.0,1340.0,1390.0,5440230.32370311,7543737517.174673
2021-09-01 09:00:00,1400.0,1530.0,1380.0,1470.0,17889755.98932162,25932150160.594456
2021-09-02 09:00:00,1470.0,1570.0,1440.0,1460.0,11993281.32672436,17976240299.38957
2021-09-03 09:00:00,1460.0,1510.0,1430.0,1510.0,13948069.60565664,20460927034.56805
2021-09-04 09:00:00,1500.0,1730.0,1480.0,1700.0,27764654.12676977,44655330174.159676
2021-09-05 09:00:00,1700.0,1930.0,1580.0,1680.0,30952060.14796632,54371629564.80795
2021-09-06 09:00:00,1680.0,1820.0,1610.0,1690.0,17735657.65718355,30260026149.501015
2021-09-07 09:00:00,1690.0,1690.0,1270.0,1370.0,13215561.72531668,19624960395.038986
2021-09-08 09:00:00,1370.0,1430.0,1190.0,1350.0,10633073.31683217,13971661791.929312
2021-09-09 09:00:00,1350.0,1610.0,1350.0,1460.0,43692874.51769894,65277337853.540436
2021-09-10 09:00:00,1460.0,1540.0,1430.0,1490.0,10787790.92777357,15944203973.408182
2021-09-11 09:00:00,1500.0,1500.0,1450.0,1480.0,2728029.25191592,4023140368.134132
2021-09-12 09:00:00,1480.0,1520.0,1430.0,1490.0,4295710.18671318,6317312496.936125
2021-09-13 09:00:00,1490.0,1510.0,1360.0,1410.0,5622005.59481695,8011964797.661772
2021-09-14 09:00:00,1410.0,1470.0,1390.0,1470.0,1904050.05002471,2711418561.3201394
2021-09-15 09:00:00,1470.0,1560.0,1430.0,1550.0,5172845.89857642,7763439526.181614
2021-09-16 09:00:00,1560.0,1590.0,1480.0,1520.0,5670587.39634502,8630955134.332659
2021-09-17 09:00:00,1520.0,1570.0,1450.0,1480.0,5663879.74875114,8584722626.56266
2021-09-18 09:00:00,1470.0,1530.0,1460.0,1490.0,3558907.03910689,5308725916.623685
2021-09-19 09:00:00,1490.0,1500.0,1430.0,1430.0,2751421.45638884,4004833839.350192
2021-09-20 09:00:00,1430.0,1580.0,1190.0,1520.0,22183386.57683146,30664624778.550117
2021-09-21 09:00:00,1510.0,1520.0,1230.0,1280.0,20919927.07918783,28833112893.57962
2021-09-22 09:00:00,1280.0,1410.0,1200.0,1390.0,10293504.99295902,13447022019.820726
2021-09-23 09:00:00,1390.0,1400.0,1290.0,1360.0,5321433.48191578,7205235275.240951
2021-09-24 09:00:00,1360.0,1370.0,1190.0,1240.0,6051472.21233579,7635071423.478537
2021-09-25 09:00:00,1250.0,1280.0,1210.0,1250.0,3147104.31863094,3922084576.0288434
2021-09-26 09:00:00,1250.0,1280.0,1170.0,1220.0,3585150.54493681,4393290225.378711
2021-09-27 09:00:00,1220.0,1260.0,1170.0,1190.0,2205227.36759848,2679678958.9701557
2021-09-28 09:00:00,1180.0,1200.0,1100.0,1110.0,2391131.96024382,2723151415.6056075
2021-09-29 09:00:00,1100.0,1150.0,1070.0,1120.0,2989970.49942077,3329254857.9920654
2021-09-30 09:00:00,1120.0,1300.0,1110.0,1210.0,12644549.53138118,15227234040.682943
2021-10-01 09:00:00,1220.0,1490.0,1210.0,1310.0,29812259.88248524,39243513550.28353
2021-10-02 09:00:00,1300.0,1330.0,1280.0,1310.0,5141376.70151592,6698453088.234171
2021-10-03 09:00:00,1310.0,1340.0,1260.0,1300.0,4462313.62997236,5801157014.649924
2021-10-04 09:00:00,1310.0,1310.0,1220.0,1280.0,4080496.93418043,5157566125.979461
2021-10-05 09:00:00,1280.0,1480.0,1240.0,1420.0,28773960.74070746,39666924841.46499
2021-10-06 09:00:00,1420.0,1480.0,1330.0,1430.0,16022569.6248847,22637759502.51827
2021-10-07 09:00:00,1430.0,1490.0,1380.0,1480.0,10794718.23122839,15335301353.286469
2021-10-08 09:00:00,1470.0,1830.0,1460.0,1780.0,66545603.74183151,111886588581.93066
2021-10-09 09:00:00,1770.0,2160.0,1550.0,1620.0,56037852.57587938,103944299422.81418
2021-10-10 09:00:00,1630.0,2870.0,1630.0,1760.0,156727398.7160235,327175101748.53
2021-10-11 09:00:00,1760.0,1780.0,1610.0,1660.0,14368381.80488831,23805226377.633312
2021-10-12 09:00:00,1660.0,1670.0,1440.0,1590.0,11026959.40987758,16857024030.069906
2021-10-13 09:00:00,1590.0,1960.0,1590.0,1730.0,34868365.02197487,59334037877.58793
2021-10-14 09:00:00,1730.0,1780.0,1670.0,1750.0,9385539.70243616,16181418003.934633
2021-10-15 09:00:00,1750.0,1750.0,1470.0,1610.0,12492345.5374226,20032998182.607143
2021-10-16 09:00:00,1600.0,1700.0,1550.0,1620.0,8806357.75042379,14158422023.919073
2021-10-17 09:00:00,1630.0,1630.0,1550.0,1590.0,2910324.33152087,4585305324.621976
2021-10-18 09:00:00,1580.0,1590.0,1480.0,1550.0,3318521.38680776,5048234375.22226
2021-10-19 09:00:00,1550.0,1750.0,1510.0,1660.0,12569211.78599126,20760035523.68115
2021-10-20 09:00:00,1660.0,1680.0,1560.0,1660.0,7181284.5832384,11547648205.058212
2021-10-21 09:00:00,1650.0,1660.0,1580.0,1600.0,4656431.94573778,7525351715.255538
2021-10-22 09:00:00,1590.0,1700.0,1580.0,1640.0,7414029.44357349,12110492652.940435
2021-10-23 09:00:00,1640.0,1670.0,1600.0,1650.0,3353693.04866755,5467303036.065275
2021-10-24 09:00:00,1640.0,1670.0,1580.0,1600.0,2572886.76036747,4155941437.2192655
2021-10-25 09:00:00,1600.0,1610.0,1560.0,1610.0,2567474.64524215,4073964177.5302873
2021-10-26 09:00:00,1600.0,1600.0,1560.0,1580.0,2185695.58987311,3454669186.373423
2021-10-27 09:00:00,1570.0,1580.0,1350.0,1430.0,6370445.58699738,9292470799.113462
2021-10-28 09:00:00,1440.0,1580.0,1340.0,1480.0,6972635.61088125,10057572643.83615
2021-10-29 09:00:00,1490.0,1520.0,1440.0,1510.0,3988566.52385297,5899575654.256418
2021-10-30 09:00:00,1510.0,1530.0,1450.0,1520.0,4332525.93853188,6450750080.90355
2021-10-31 09:00:00,1520.0,1610.0,1450.0,1590.0,9347060.16041794,14176626249.381536
2021-11-01 09:00:00,1590.0,1590.0,1480.0,1520.0,6675876.22032258,10137111809.868664
2021-11-02 09:00:00,1530.0,1550.0,1490.0,1540.0,6136897.08285068,9332065199.328398
2021-11-03 09:00:00,1530.0,1620.0,1490.0,1570.0,13402745.13204384,20932102408.912247
2021-11-04 09:00:00,1570.0,1610.0,1530.0,1560.0,7491746.75516495,11740699477.60664
2021-11-05 09:00:00,1560.0,1580.0,1520.0,1580.0,4303169.96890902,6654306460.986147
2021-11-06 09:00:00,1570.0,1600.0,1540.0,1570.0,3874955.11833828,6085997864.79176
2021-11-07 09:00:00,1570.0,1690.0,1560.0,1650.0,14945800.692711,24492581719.577457
2021-11-08 09:00:00,1650.0,1660.0,1570.0,1600.0,5471270.92822123,8714784526.205608
2021-11-09 09:00:00,1600.0,1600.0,1530.0,1550.0,4919146.41667368,7670112603.609428
2021-11-10 09:00:00,1550.0,1570.0,1500.0,1530.0,4234987.6669341,6528553593.853655
2021-11-11 09:00:00,1530.0,1540.0,1500.0,1520.0,2448970.78920034,3724393160.5962462
2021-11-12 09:00:00,1520.0,1520.0,1460.0,1490.0,2900676.6357206,4315358713.455613
2021-11-13 09:00:00,1490.0,1520.0,1470.0,1510.0,1778072.86652825,2650412147.0920224
2021-11-14 09:00:00,1520.0,1530.0,1490.0,1520.0,1671201.32629994,2523779576.2063475
2021-11-15 09:00:00,1510.0,1580.0,1510.0,1560.0,5999606.93009288,9248443416.06011
2021-11-16 09:00:00,1560.0,1580.0,1470.0,1540.0,8573976.39845655,13008728419.209587
2021-11-17 09:00:00,1540.0,1770.0,1500.0,1750.0,36928735.07894897,60122405748.58544
2021-11-18 09:00:00,1750.0,1870.0,1450.0,1480.0,23855490.38692388,39496394152.63358
2021-11-19 09:00:00,1480.0,1560.0,1380.0,1540.0,7062294.76146593,10481791474.144981
2021-11-20 09:00:00,1540.0,1740.0,1530.0,1710.0,8625535.27647676,13792656614.674612
2021-11-21 09:00:00,1710.0,1920.0,1630.0,1740.0,16634111.98008278,29694723681.416504
2021-11-22 09:00:00,1740.0,1950.0,1590.0,1730.0,27979104.78391892,50263012771.335106
2021-11-23 09:00:00,1730.0,1770.0,1640.0,1730.0,8089545.1008366,13655979384.371666
2021-11-24 09:00:00,1730.0,1890.0,1700.0,1870.0,14544952.55419643,26362578580.650417
2021-11-25 09:00:00,1880.0,2050.0,1780.0,1880.0,18650396.69318794,35584064677.30411
2021-11-26 09:00:00,1880.0,2020.0,1700.0,1820.0,16279276.20257321,30680155205.702446
2021-11-27 09:00:00,1820.0,1860.0,1750.0,1810.0,5591502.23210263,10087144068.80642
2021-11-28 09:00:00,1810.0,1840.0,1650.0,1720.0,5818054.26244431,10023633031.612135
2021-11-29 09:00:00,1720.0,1760.0,1690.0,1740.0,4280503.66417135,7363744495.037509
2021-11-30 09:00:00,1750.0,1870.0,1720.0,1780.0,9314906.58244215,16737090813.035686
2021-12-01 09:00:00,1780.0,1830.0,1670.0,1700.0,10120142.47612467,17474259102.666805
2021-12-02 09:00:00,1700.0,1730.0,1590.0,1650.0,8523756.99208393,14024270476.461864
2021-12-03 09:00:00,1660.0,1680.0,1510.0,1550.0,5883219.09320981,9507156641.205929
2021-12-04 09:00:00,1560.0,1590.0,1070.0,1320.0,11010150.75864285,14437985264.756025
2021-12-05 09:00:00,1320.0,1360.0,1160.0,1230.0,3735184.55409464,4707397649.792351
2021-12-06 09:00:00,1240.0,1270.0,1060.0,1250.0,11179240.92558619,12739922886.253143
2021-12-07 09:00:00,1260.0,1320.0,1230.0,1270.0,7948797.064111,10094767428.167824
2021-12-08 09:00:00,1270.0,1300.0,1200.0,1280.0,5130487.97465759,6453343135.885651
2021-12-09 09:00:00,1280.0,1290.0,1170.0,1180.0,3278509.87269126,4040722727.9350333
2021-12-10 09:00:00,1170.0,1210.0,1130.0,1150.0,3233642.63646309,3797822707.5336924
2021-12-11 09:00:00,1150.0,1180.0,1090.0,1160.0,2711793.62414205,3078690222.6579485
2021-12-12 09:00:00,1160.0,1190.0,1140.0,1160.0,2374712.56197458,2767347688.8258777
2021-12-13 09:00:00,1170.0,1170.0,1030.0,1050.0,3280495.591875,3580578451.0445495
2021-12-14 09:00:00,1040.0,1060.0,980.0,1050.0,6071083.3482317,6206105359.66971
2021-12-15 09:00:00,1050.0,1110.0,988.0,1090.0,4439400.5831427,4629752313.63218
2021-12-16 09:00:00,1100.0,1150.0,1060.0,1080.0,4493400.15292907,4988994745.3075075
2021-12-17 09:00:00,1070.0,1120.0,1040.0,1090.0,4587375.99709761,4957830982.335325
2021-12-18 09:00:00,1090.0,1110.0,1060.0,1100.0,2312763.61831028,2523001996.6905203
2021-12-19 09:00:00,1110.0,1120.0,1080.0,1080.0,1847023.87956356,2032311185.1747172
2021-12-20 09:00:00,1080.0,1110.0,1010.0,1030.0,3091364.93898846,3259990899.339565
2021-12-21 09:00:00,1030.0,1070.0,1020.0,1060.0,2192710.58196586,2299800292.6829743
2021-12-22 09:00:00,1060.0,1100.0,1050.0,1090.0,2376413.771593,2547322253.04256
2021-12-23 09:00:00,1080.0,1140.0,1070.0,1140.0,2666355.68784727,2931836130.8387156
2021-12-24 09:00:00,1140.0,1200.0,1120.0,1150.0,4042723.3441111,4716485596.354987
2021-12-25 09:00:00,1150.0,1170.0,1130.0,1150.0,1820053.53458502,2085577792.9165084
2021-12-26 09:00:00,1150.0,1160.0,1120.0,1150.0,1658487.77805844,1886141214.553756
2021-12-27 09:00:00,1150.0,1180.0,1120.0,1160.0,2249482.65207486,2578974355.68234
2021-12-28 09:00:00,1160.0,1160.0,1030.0,1060.0,2567432.89891078,2838173631.712332
2021-12-29 09:00:00,1070.0,1090.0,1020.0,1030.0,2000324.44565171,2110659599.8284006
2021-12-30 09:00:00,1040.0,1070.0,1020.0,1050.0,1868205.40609093,1951910849.6037035
2021-12-31 09:00:00,1060.0,1070.0,1020.0,1050.0,1788939.15746297,1874044566.7611005
2022-01-01 09:00:00,1040.0,1060.0,1030.0,1060.0,1043050.4975563,1095394587.8990753
2022-01-02 09:00:00,1050.0,1390.0,1050.0,1160.0,24590174.60765089,30431749830.487125
2022-01-03 09:00:00,1160.0,1250.0,1130.0,1160.0,11752905.25696444,14003948230.17424
2022-01-04 09:00:00,1160.0,1180.0,1110.0,1120.0,2895548.7373139,3281495433.516292
2022-01-05 09:00:00,1130.0,1160.0,999.0,1040.0,4104413.81235087,4487447919.459089
2022-01-06 09:00:00,1040.0,1070.0,1010.0,1040.0,2913150.42289353,3018239532.9168615
2022-01-07 09:00:00,1040.0,1050.0,971.0,1010.0,3565728.58514282,3577279223.25718
2022-01-08 09:00:00,1010.0,1020.0,960.0,999.0,1339471.81610321,1332608514.7480118
2022-01-09 09:00:00,999.0,1010.0,990.0,1000.0,1339326.77147689,1338712885.8874912
2022-01-10 09:00:00,998.0,1010.0,913.0,951.0,2800418.09155198,2694343926.890904
2022-01-11 09:00:00,951.0,1120.0,910.0,982.0,24799546.59937935,24468844529.96524
2022-01-12 09:00:00,982.0,1020.0,946.0,1010.0,6286754.50850617,6169599374.068641
2022-01-13 09:00:00,1000.0,1020.0,969.0,974.0,4214925.04597115,4210995634.913663
2022-01-14 09:00:00,974.0,990.0,939.0,973.0,3603375.19334961,3472276427.1571836
2022-01-15 09:00:00,973.0,990.0,962.0,980.0,1628126.31323937,1586012026.8878467
2022-01-16 09:00:00,978.0,985.0,963.0,976.0,1583029.11702654,1539296512.8290052
2022-01-17 09:00:00,978.0,978.0,940.0,947.0,1830101.46583635,1755324529.1888762
2022-01-18 09:00:00,947.0,975.0,900.0,914.0,3835381.85349756,3568884699.724751
2022-01-19 09:00:00,919.0,928.0,850.0,861.0,3345719.18869427,2952610210.570162
2022-01-20 09:00:00,861.0,904.0,830.0,833.0,2391671.979504,2071177320.918359
2022-01-21 09:00:00,833.0,841.0,715.0,723.0,4675341.14871877,3615503604.4138355
2022-01-22 09:00:00,722.0,813.0,600.0,652.0,13521818.17253361,9563484428.68031
2022-01-23 09:00:00,652.0,680.0,631.0,669.0,4343175.2301334,2866276962.701196
2022-01-24 09:00:00,669.0,674.0,577.0,643.0,4322083.55146792,2666638043.2352657
2022-01-25 09:00:00,642.0,668.0,619.0,649.0,3845208.27875179,2460836380.6354303
2022-01-26 09:00:00,649.0,782.0,638.0,697.0,20064314.76843347,14253138854.220018
2022-01-27 09:00:00,697.0,755.0,672.0,727.0,7345227.7247761,5267259254.122264
2022-01-28 09:00:00,727.0,755.0,705.0,741.0,5121555.89525704,3725777268.596646
2022-01-29 09:00:00,741.0,774.0,729.0,753.0,3383733.97045815,2532947018.62641
2022-01-30 09:00:00,753.0,780.0,733.0,746.0,3442458.52294867,2613095223.739073
2022-01-31 09:00:00,746.0,825.0,729.0,764.0,17389251.92166369,13401042330.974836
2022-02-01 09:00:00,763.0,771.0,745.0,762.0,3075035.1337922,2318071442.450797
2022-02-02 09:00:00,763.0,829.0,749.0,755.0,15235126.31348999,11962159342.37593
2022-02-03 09:00:00,757.0,947.0,756.0,785.0,49248261.35257915,40794640449.545334
2022-02-04 09:00:00,785.0,846.0,767.0,845.0,9709248.76639692,7741175750.9342785
2022-02-05 09:00:00,845.0,997.0,845.0,909.0,50525124.37326856,46604105707.013885
2022-02-06 09:00:00,911.0,913.0,861.0,902.0,6953249.76653986,6223594754.484653
2022-02-07 09:00:00,902.0,928.0,879.0,926.0,7276940.5014303,6538856663.334211
2022-02-08 09:00:00,926.0,1010.0,857.0,910.0,31720142.77044665,30077798569.651043
2022-02-09 09:00:00,910.0,917.0,873.0,917.0,4206060.28216016,3750451696.2019134
2022-02-10 09:00:00,931.0,934.0,867.0,883.0,6083776.51041748,5423483229.14493
2022-02-11 09:00:00,880.0,975.0,813.0,831.0,29289721.15684065,26758570765.15131
2022-02-12 09:00:00,831.0,900.0,803.0,823.0,17140050.59217291,14541176425.216724
2022-02-13 09:00:00,822.0,855.0,812.0,835.0,6933084.88249512,5782314282.636388
2022-02-14 09:00:00,832.0,835.0,796.0,809.0,3576493.4844166,2893679502.77488
2022-02-15 09:00:00,809.0,860.0,802.0,860.0,3106692.56107143,2576047364.34418
2022-02-16 09:00:00,860.0,890.0,845.0,866.0,5060677.40043314,4350648437.336098
2022-02-17 09:00:00,878.0,906.0,800.0,804.0,10089641.6357139,8698832177.529593
2022-02-18 09:00:00,801.0,820.0,782.0,803.0,2982230.99805596,2395455636.438442
2022-02-19 09:00:00,803.0,813.0,756.0,780.0,3012484.72215858,2358935638.7877164
2022-02-20 09:00:00,780.0,782.0,718.0,734.0,2622595.79922019,1951673742.2902205
2022-02-21 09:00:00,734.0,758.0,688.0,690.0,3348344.79998029,2437254319.311296
2022-02-22 09:00:00,690.0,759.0,665.0,724.0,10668477.97111044,7591186912.553318
2022-02-23 09:00:00,719.0,747.0,696.0,713.0,5902703.8472284,4252978910.3930645
2022-02-24 09:00:00,713.0,713.0,626.0,699.0,7124152.91923914,4722030383.77413
2022-02-25 09:00:00,699.0,749.0,675.0,739.0,5533708.06432025,3937396288.2720904
2022-02-26 09:00:00,735.0,850.0,733.0,784.0,20972201.14049536,16543424299.4545
2022-02-27 09:00:00,783.0,788.0,749.0,770.0,6022048.13853691,4624991928.990422
2022-02-28 09:00:00,770.0,880.0,753.0,819.0,48894991.94123478,39594782169.2363
2022-03-01 09:00:00,819.0,839.0,803.0,825.0,9062631.30319181,7433454359.317045
2022-03-02 09:00:00,824.0,850.0,780.0,805.0,8761602.71581893,7154533671.802182
2022-03-03 09:00:00,801.0,804.0,767.0,784.0,3217516.88237793,2527047776.040974
2022-03-04 09:00:00,784.0,804.0,745.0,751.0,3008969.55887379,2305767783.068079
2022-03-05 09:00:00,752.0,776.0,734.0,766.0,3616731.45614659,2727625325.0596604
2022-03-06 09:00:00,766.0,858.0,738.0,822.0,34881548.6828543,28297091536.667694
2022-03-07 09:00:00,823.0,952.0,757.0,882.0,148767349.74223325,131116373500.56337
2022-03-08 09:00:00,883.0,935.0,858.0,887.0,56327478.42063892,50761291078.30125
2022-03-09 09:00:00,887.0,888.0,843.0,881.0,13558742.25246397,11735647143.067686
2022-03-10 09:00:00,882.0,882.0,818.0,828.0,7585558.39432623,6344553404.728765
2022-03-11 09:00:00,828.0,842.0,803.0,813.0,4192907.9585295,3438061811.4939528
2022-03-12 09:00:00,814.0,837.0,808.0,823.0,3232069.07847593,2665279613.8712845
2022-03-13 09:00:00,822.0,874.0,793.0,865.0,16677348.56359881,14126754174.939678
2022-03-14 09:00:00,864.0,1090.0,814.0,1030.0,161395236.9279025,157534165725.0801
2022-03-15 09:00:00,1030.0,1190.0,940.0,956.0,112127172.3257469,122731544352.80826
2022-03-16 09:00:00,957.0,1010.0,907.0,945.0,59713089.56351418,57427593330.74629
2022-03-17 09:00:00,945.0,945.0,907.0,934.0,11657496.87409602,10746785989.835278
2022-03-18 09:00:00,933.0,1020.0,908.0,987.0,38652118.45682533,37650950320.77233
2022-03-19 09:00:00,987.0,1150.0,964.0,1040.0,85915608.57287396,90852922354.1174
2022-03-20 09:00:00,1040.0,1070.0,989.0,996.0,22055550.9471289,22575423723.007595
2022-03-21 09:00:00,994.0,1020.0,970.0,1000.0,13441696.94386878,13375218534.626043
2022-03-22 09:00:00,1000.0,1070.0,996.0,1020.0,17182006.79873698,17665615244.502895
2022-03-23 09:00:00,1020.0,1050.0,1000.0,1040.0,11066533.17754867,11281040939.89921
2022-03-24 09:00:00,1040.0,1040.0,1000.0,1020.0,7239105.5170757,7366074982.068066
2022-03-25 09:00:00,1010.0,1030.0,1000.0,1020.0,5355487.10313658,5423656057.259923
2022-03-26 09:00:00,1010.0,1050.0,999.0,1050.0,6100288.85070154,6191775161.401621
2022-03-27 09:00:00,1050.0,1190.0,1020.0,1090.0,32745268.00251044,36000641096.07586
2022-03-28 09:00:00,1080.0,1150.0,1070.0,1100.0,11983417.18928594,13265708231.594124
2022-03-29 09:00:00,1100.0,1190.0,1100.0,1150.0,21601072.19238424,24752966172.602882
2022-03-30 09:00:00,1150.0,1190.0,1110.0,1180.0,11482993.34762143,13157943647.182117
2022-03-31 09:00:00,1180.0,1280.0,1150.0,1250.0,21792077.53840883,26463999398.083115
2022-04-01 09:00:00,1260.0,1400.0,1230.0,1400.0,28502882.32395005,37309264326.99311
2022-04-02 09:00:00,1400.0,1630.0,1330.0,1450.0,48159386.38587656,71944152480.05388
2022-04-03 09:00:00,1440.0,1470.0,1240.0,1390.0,15239912.83624716,20724930185.053703
2022-04-04 09:00:00,1390.0,1390.0,1220.0,1270.0,13636118.4944667,17444379320.525448
2022-04-05 09:00:00,1270.0,1330.0,1260.0,1290.0,12070572.29123175,15632217324.224806
2022-04-06 09:00:00,1290.0,1290.0,1110.0,1120.0,13265677.55223926,15532022078.305828
2022-04-07 09:00:00,1110.0,1200.0,1090.0,1190.0,14409339.05700711,16592682953.401962
2022-04-08 09:00:00,1190.0,1220.0,1120.0,1140.0,8621289.94946932,10086592908.233074
2022-04-09 09:00:00,1140.0,1150.0,1110.0,1150.0,2755281.13394146,3098371426.377497
2022-04-10 09:00:00,1140.0,1160.0,1100.0,1110.0,3841173.26246161,4311648901.018263
2022-04-11 09:00:00,1110.0,1120.0,999.0,1010.0,8123735.73579435,8438583455.250297
2022-04-12 09:00:00,1000.0,1100.0,974.0,1070.0,9805705.67633651,10198442764.733034
2022-04-13 09:00:00,1060.0,1270.0,1060.0,1120.0,55449128.88482026,64306995219.498924
2022-04-14 09:00:00,1120.0,1160.0,1050.0,1090.0,10690144.94141552,11919735577.20552
2022-04-15 09:00:00,1080.0,1110.0,1050.0,1090.0,4267213.28431379,4614790907.690088
2022-04-16 09:00:00,1100.0,1120.0,1080.0,1100.0,4394712.97835894,4817117233.3660965
2022-04-17 09:00:00,1090.0,1100.0,1060.0,1070.0,2228824.22886175,2409777727.498032
2022-04-18 09:00:00,1060.0,1080.0,1000.0,1060.0,5601773.52850524,5769762676.769207
2022-04-19 09:00:00,1060.0,1090.0,1030.0,1090.0,3324193.76896438,3531138123.881628
2022-04-20 09:00:00,1080.0,1090.0,1050.0,1080.0,3488604.06215402,3729920116.3861766
2022-04-21 09:00:00,1080.0,1110.0,1050.0,1070.0,5507569.81957735,5953569244.561147
2022-04-22 09:00:00,1060.0,1100.0,1050.0,1060.0,4854533.27682246,5218410747.718787
2022-04-23 09:00:00,1060.0,1120.0,1060.0,1080.0,7449821.77922567,8074879273.035221
2022-04-24 09:00:00,1070.0,1090.0,1060.0,1080.0,2493413.69377315,2677407358.0734806
2022-04-25 09:00:00,1070.0,1080.0,997.0,1050.0,5186062.31799248,5334971520.846082
2022-04-26 09:00:00,1050.0,1050.0,995.0,999.0,4588176.78884938,4667862671.508503
2022-04-27 09:00:00,999.0,1020.0,990.0,1010.0,3540034.52296476,3554207967.342184
2022-04-28 09:00:00,1020.0,1030.0,997.0,1020.0,4900267.0572131,4962845989.599389
2022-04-29 09:00:00,1030.0,1030.0,977.0,981.0,4218405.58853765,4215991247.0514536
2022-04-30 09:00:00,980.0,1070.0,877.0,884.0,16994753.07048289,16795174047.640785
2022-05-01 09:00:00,884.0,904.0,825.0,897.0,4027820.27756007,3488589917.825072
2022-05-02 09:00:00,897.0,973.0,875.0,913.0,14652676.37392733,13344876469.692049
2022-05-03 09:00:00,913.0,913.0,884.0,892.0,2568023.28767109,2305151733.6553087
2022-05-04 09:00:00,891.0,960.0,871.0,954.0,4698067.97473241,4303606060.847187
2022-05-05 09:00:00,954.0,983.0,866.0,894.0,8264633.66219399,7750050449.525045
2022-05-06 09:00:00,894.0,898.0,828.0,879.0,2762638.14775005,2373002000.833598
2022-05-07 09:00:00,879.0,879.0,837.0,849.0,1218849.17650318,1045763626.4771453
2022-05-08 09:00:00,849.0,852.0,795.0,806.0,2549030.6362638,2075332919.734169
2022-05-09 09:00:00,812.0,839.0,690.0,701.0,5777332.6599424,4370041580.276816
2022-05-10 09:00:00,781.0,783.0,654.0,717.0,7808764.4922482,5565352082.218477
2022-05-11 09:00:00,717.0,729.0,565.0,595.0,8005708.37656857,5144448106.287171
2022-05-12 09:00:00,595.0,614.0,450.0,511.0,8157088.25620443,4160122829.5854344
2022-05-13 09:00:00,510.0,632.0,499.0,582.0,14534125.80001438,8439063483.328116
2022-05-14 09:00:00,579.0,683.0,570.0,627.0,15215535.44686295,9415254776.333296
2022-05-15 09:00:00,627.0,717.0,616.0,691.0,15717386.71245511,10366680824.52324
2022-05-16 09:00:00,691.0,710.0,621.0,635.0,7532683.11415248,4963414282.953525
2022-05-17 09:00:00,635.0,665.0,630.0,656.0,4545592.72886827,2936226373.947067
2022-05-18 09:00:00,656.0,659.0,569.0,576.0,3838496.28460102,2368136358.3257065
2022-05-19 09:00:00,570.0,613.0,537.0,613.0,3883122.04172007,2222975516.798059
2022-05-20 09:00:00,613.0,641.0,578.0,599.0,4530006.44729407,2734298168.673742
2022-05-21 09:00:00,597.0,687.0,581.0,624.0,8713712.41482857,5544930755.689265
2022-05-22 09:00:00,623.0,687.0,610.0,670.0,13322393.02614881,8701511337.022228
2022-05-23 09:00:00,668.0,687.0,613.0,628.0,5542528.50329431,3644516285.768759
2022-05-24 09:00:00,631.0,665.0,597.0,644.0,9452774.24642039,6031448730.346053
2022-05-25 09:00:00,642.0,663.0,616.0,638.0,4986180.29640101,3190625121.3181796
2022-05-26 09:00:00,638.0,641.0,573.0,596.0,4980185.97030509,3002086414.4810786
2022-05-27 09:00:00,596.0,608.0,545.0,555.0,6523082.68416839,3745395399.129904
2022-05-28 09:00:00,555.0,597.0,538.0,555.0,5720497.1808214,3176014634.656386
2022-05-29 09:00:00,554.0,640.0,551.0,591.0,82769782.96205103,49994773184.149506
2022-05-30 09:00:00,589.0,627.0,577.0,623.0,7716263.82831409,4622565906.605066
2022-05-31 09:00:00,623.0,625.0,591.0,605.0,8367503.79420403,5057330929.446606
2022-06-01 09:00:00,605.0,697.0,594.0,617.0,31586737.36557221,19908961368.189934
2022-06-02 09:00:00,615.0,672.0,605.0,647.0,16707721.58014748,10602685895.874447
2022-06-03 09:00:00,647.0,672.0,613.0,639.0,7060406.13539932,4500969547.553472
2022-06-04 09:00:00,639.0,686.0,621.0,685.0,13726820.25826293,9078737188.59807
2022-06-05 09:00:00,684.0,719.0,650.0,703.0,10033781.0705512,6775409341.129285
2022-06-06 09:00:00,702.0,817.0,692.0,713.0,22511615.87145476,16797749058.299458
2022-06-07 09:00:00,716.0,743.0,656.0,692.0,13811957.17936328,9666453359.819452
2022-06-08 09:00:00,692.0,700.0,661.0,674.0,3336848.29480718,2256965343.506884
2022-06-09 09:00:00,674.0,691.0,640.0,650.0,6710522.93072391,4474633951.092181
2022-06-10 09:00:00,649.0,650.0,589.0,602.0,8779310.24175971,5389842574.3995075
2022-06-11 09:00:00,601.0,625.0,555.0,580.0,9133957.01113052,5498983471.794042
2022-06-12 09:00:00,580.0,591.0,507.0,521.0,5564049.02679503,2991224453.1234484
2022-06-13 09:00:00,521.0,527.0,423.0,441.0,10628883.74206819,4896184942.725246
2022-06-14 09:00:00,438.0,515.0,402.0,443.0,9942271.80669903,4376187683.637585
2022-06-15 09:00:00,443.0,491.0,406.0,472.0,10582390.82230282,4622715945.815971
2022-06-16 09:00:00,479.0,491.0,424.0,436.0,16374654.75719151,7547558855.101363
2022-06-17 09:00:00,436.0,468.0,428.0,461.0,7359453.73229788,3313271612.863229
2022-06-18 09:00:00,461.0,474.0,413.0,432.0,6890569.41382395,3038762387.203385
2022-06-19 09:00:00,431.0,460.0,412.0,445.0,7602363.66070676,3307510783.0167193
2022-06-20 09:00:00,447.0,476.0,430.0,454.0,14220649.86548407,6381924408.250763
2022-06-21 09:00:00,453.0,491.0,446.0,472.0,8909097.5192818,4166251017.4905677
2022-06-22 09:00:00,472.0,506.0,453.0,485.0,18618218.08970032,8882666384.052872
2022-06-23 09:00:00,485.0,506.0,473.0,502.0,10730774.60068495,5285008114.09116
2022-06-24 09:00:00,501.0,517.0,485.0,516.0,5640316.90987745,2819328256.230716
2022-06-25 09:00:00,513.0,582.0,497.0,520.0,41188431.70580291,22406593236.87292
2022-06-26 09:00:00,520.0,520.0,501.0,503.0,4153253.82959283,2123305189.2429955
2022-06-27 09:00:00,503.0,533.0,495.0,510.0,8896627.63160376,4531717358.173673
2022-06-28 09:00:00,512.0,518.0,499.0,506.0,4402305.25557001,2241704383.796359
2022-06-29 09:00:00,505.0,506.0,471.0,484.0,4644176.54831512,2263428618.770811
2022-06-30 09:00:00,484.0,486.0,430.0,457.0,4225169.34175289,1919332311.5691416
2022-07-01 09:00:00,457.0,482.0,437.0,462.0,7133914.03015436,3289361656.8941374
2022-07-02 09:00:00,462.0,529.0,456.0,481.0,32199527.98074662,15756511516.312431
2022-07-03 09:00:00,481.0,523.0,476.0,491.0,19167646.42303851,9519723807.208122
2022-07-04 09:00:00,490.0,497.0,465.0,487.0,4472875.13027265,2148028918.024138
2022-07-05 09:00:00,490.0,490.0,467.0,474.0,2929218.05598709,1399717760.7443497
2022-07-06 09:00:00,477.0,489.0,472.0,480.0,3330933.94601741,1596575070.2785957
2022-07-07 09:00:00,480.0,505.0,477.0,497.0,4503910.81690895,2200521616.7460995
2022-07-08 09:00:00,497.0,542.0,493.0,521.0,18034351.83011584,9366095124.352768
2022-07-09 09:00:00,521.0,870.0,515.0,667.0,220344592.34115693,144873048208.69266
2022-07-10 09:00:00,668.0,709.0,571.0,575.0,122814371.27620625,79127867221.68073
2022-07-11 09:00:00,575.0,575.0,526.0,539.0,27308273.37723321,14825448116.438164
2022-07-12 09:00:00,539.0,571.0,509.0,515.0,20803942.83227187,11099046880.525187
2022-07-13 09:00:00,515.0,560.0,488.0,526.0,38970960.64427731,20699223808.392765
2022-07-14 09:00:00,526.0,536.0,505.0,528.0,7944830.78426684,4121664827.420109
2022-07-15 09:00:00,529.0,542.0,517.0,537.0,10219009.20859736,5434486762.193541
2022-07-16 09:00:00,537.0,659.0,536.0,569.0,132564096.5946709,78957124189.56866
2022-07-17 09:00:00,568.0,619.0,562.0,572.0,61764356.00980104,36269515966.299965
2022-07-18 09:00:00,571.0,592.0,561.0,591.0,23659843.22647462,13624452645.940533
2022-07-19 09:00:00,589.0,714.0,574.0,620.0,102297579.0172355,64574419805.950264
2022-07-20 09:00:00,621.0,658.0,605.0,623.0,44885251.32743867,28306880766.821423
2022-07-21 09:00:00,622.0,624.0,581.0,614.0,17853450.31553346,10719964406.666027
2022-07-22 09:00:00,613.0,618.0,599.0,606.0,11495931.1083446,6987457192.510634
2022-07-23 09:00:00,607.0,613.0,589.0,603.0,8730870.26147675,5253598675.542784
2022-07-24 09:00:00,602.0,607.0,594.0,597.0,6879278.19753429,4117925501.8805666
2022-07-25 09:00:00,598.0,601.0,557.0,561.0,7776765.36437871,4456050823.307596
2022-07-26 09:00:00,561.0,566.0,541.0,554.0,3097398.41286568,1697033265.58841
2022-07-27 09:00:00,554.0,584.0,546.0,582.0,8181240.53174142,4631388201.360508
2022-07-28 09:00:00,583.0,595.0,567.0,593.0,8559641.73767425,4995151097.879362
2022-07-29 09:00:00,593.0,604.0,581.0,600.0,10383586.79486731,6186003250.5644865
2022-07-30 09:00:00,600.0,611.0,596.0,601.0,7355134.0382315,4438691172.08717
2022-07-31 09:00:00,600.0,644.0,591.0,616.0,19079285.28767806,11799278651.209185
2022-08-01 09:00:00,615.0,691.0,609.0,646.0,42315109.05927129,27512319603.272045
2022-08-02 09:00:00,646.0,656.0,592.0,624.0,11698415.42607384,7256054518.766981
2022-08-03 09:00:00,623.0,631.0,602.0,620.0,5225100.37868027,3219832399.067844
2022-08-04 09:00:00,620.0,623.0,605.0,616.0,4276418.58612941,2624771847.556768
2022-08-05 09:00:00,616.0,645.0,612.0,632.0,8771205.75150125,5488742074.8982935
2022-08-06 09:00:00,632.0,643.0,625.0,635.0,4308344.47662078,2722164481.574669
2022-08-07 09:00:00,636.0,648.0,622.0,632.0,4265042.55025577,2698876489.4028068
2022-08-08 09:00:00,632.0,638.0,624.0,637.0,3919204.11369267,2477154787.6634703
2022-08-09 09:00:00,637.0,643.0,606.0,625.0,6008209.23749861,3743450301.5085106
2022-08-10 09:00:00,626.0,1010.0,613.0,919.0,695456611.2557131,616746942170.3191
2022-08-11 09:00:00,918.0,986.0,827.0,835.0,253707884.77505863,231435715036.13617
2022-08-12 09:00:00,835.0,859.0,782.0,812.0,42904394.64553802,34873850956.62092
2022-08-13 09:00:00,812.0,840.0,800.0,811.0,11232892.59652021,9136029739.496325
2022-08-14 09:00:00,811.0,865.0,793.0,805.0,35562132.58830152,29567053123.314114
2022-08-15 09:00:00,804.0,815.0,789.0,797.0,10690724.87996118,8549707893.720838
2022-08-16 09:00:00,797.0,863.0,775.0,786.0,22675126.79043637,18361032121.62488
2022-08-17 09:00:00,786.0,791.0,740.0,752.0,6337000.35641683,4867213925.960521
2022-08-18 09:00:00,753.0,780.0,743.0,752.0,7094803.95831987,5394462140.938805
2022-08-19 09:00:00,752.0,783.0,669.0,688.0,13851727.80472794,10010858187.755468
2022-08-20 09:00:00,688.0,740.0,688.0,720.0,12516263.31526373,8981203864.641968
2022-08-21 09:00:00,719.0,722.0,693.0,719.0,3616427.67895768,2558834988.4494176
2022-08-22 09:00:00,718.0,721.0,673.0,705.0,4084356.68311244,2838480651.687533
2022-08-23 09:00:00,704.0,705.0,682.0,701.0,3016830.72443132,2092878630.3779273
2022-08-24 09:00:00,701.0,745.0,690.0,725.0,11245857.23907933,8044348682.6399
2022-08-25 09:00:00,725.0,777.0,709.0,755.0,12769316.2873235,9483309915.785667
2022-08-26 09:00:00,754.0,810.0,725.0,735.0,24105174.06560943,18491474060.303516
2022-08-27 09:00:00,735.0,738.0,710.0,732.0,3139381.68704097,2276285277.741725
2022-08-28 09:00:00,731.0,794.0,725.0,752.0,25256521.230965,19360483967.86719
2022-08-29 09:00:00,752.0,773.0,724.0,771.0,4900426.21156017,3673737307.580904
2022-08-30 09:00:00,772.0,851.0,757.0,787.0,35403461.68507671,28480257636.614742
2022-08-31 09:00:00,787.0,810.0,774.0,791.0,7121241.24781443,5635096853.905452
2022-09-01 09:00:00,789.0,794.0,751.0,780.0,4185118.18283258,3217352216.8089705
2022-09-02 09:00:00,779.0,784.0,763.0,772.0,2343080.87674025,1817503952.2000887
2022-09-03 09:00:00,772.0,843.0,772.0,793.0,50866981.61450804,41630159788.26078
2022-09-04 09:00:00,792.0,796.0,766.0,777.0,5501868.81663033,4271531316.0506167
2022-09-05 09:00:00,779.0,858.0,769.0,804.0,71757767.70519601,59023121607.155685
2022-09-06 09:00:00,805.0,972.0,795.0,864.0,199164874.6713967,179590873555.4825
2022-09-07 09:00:00,861.0,937.0,832.0,892.0,101880689.62079953,91338156551.24733
2022-09-08 09:00:00,891.0,943.0,853.0,896.0,61496086.0056697,55304198094.23867
2022-09-09 09:00:00,894.0,1050.0,857.0,886.0,101877168.57819934,94011896008.48093
2022-09-10 09:00:00,886.0,924.0,865.0,891.0,54021398.96529739,48508437508.01473
2022-09-11 09:00:00,892.0,904.0,867.0,881.0,28056218.65852221,24716943633.514103
2022-09-12 09:00:00,881.0,883.0,855.0,860.0,15029838.03983764,13062640043.692879
2022-09-13 09:00:00,859.0,860.0,770.0,801.0,25159613.83632973,20459478996.54243
2022-09-14 09:00:00,801.0,897.0,790.0,834.0,98735981.77152564,84094576430.44286
2022-09-15 09:00:00,835.0,849.0,796.0,818.0,30008062.52629809,24744477479.401703
2022-09-16 09:00:00,816.0,866.0,801.0,814.0,39454035.11096144,32927157320.859806
2022-09-17 09:00:00,812.0,821.0,807.0,815.0,6683161.62644259,5430880535.610662
2022-09-18 09:00:00,814.0,827.0,712.0,734.0,13230340.01169632,10356068338.365164
2022-09-19 09:00:00,737.0,746.0,682.0,739.0,12176208.902901,8643830486.732035
2022-09-20 09:00:00,738.0,742.0,696.0,705.0,6892914.56966608,4921907985.653216
2022-09-21 09:00:00,705.0,733.0,685.0,700.0,10460992.81450122,7372658499.022922
2022-09-22 09:00:00,700.0,723.0,695.0,722.0,5504525.52060943,3900836516.7969003
2022-09-23 09:00:00,721.0,767.0,709.0,730.0,24559321.29722268,18044535943.99023
2022-09-24 09:00:00,730.0,764.0,726.0,749.0,20446530.78448785,15324018990.308123
2022-09-25 09:00:00,749.0,750.0,717.0,722.0,4708676.57198951,3450848798.894764
2022-09-26 09:00:00,722.0,723.0,681.0,705.0,6780322.02246127,4728169074.72439
2022-09-27 09:00:00,705.0,716.0,685.0,702.0,5948117.00629779,4196643716.3001404
2022-09-28 09:00:00,701.0,702.0,674.0,695.0,3369229.13462585,2312748868.3742733
2022-09-29 09:00:00,694.0,696.0,681.0,689.0,2795983.44228206,1923717808.6997657
2022-09-30 09:00:00,689.0,736.0,684.0,714.0,19218218.9958008,13645009024.13729
2022-10-01 09:00:00,713.0,715.0,698.0,704.0,4110357.36299582,2898812884.8510647
2022-10-02 09:00:00,704.0,704.0,685.0,687.0,2216111.7697635,1535694333.0595932
2022-10-03 09:00:00,687.0,695.0,681.0,691.0,2343109.51331232,1609972323.1590807
2022-10-04 09:00:00,691.0,710.0,687.0,704.0,6118807.16424834,4280035627.2690954
2022-10-05 09:00:00,702.0,706.0,687.0,691.0,2809514.14448299,1958313464.134252
2022-10-06 09:00:00,691.0,713.0,691.0,704.0,8108481.322224,5716860328.13003
2022-10-07 09:00:00,704.0,706.0,692.0,701.0,3383596.63962907,2362635882.0580635
2022-10-08 09:00:00,701.0,758.0,695.0,720.0,17234724.29703491,12524536056.338024
2022-10-09 09:00:00,720.0,783.0,697.0,716.0,32423675.65118831,23930546718.36826
2022-10-10 09:00:00,716.0,744.0,690.0,692.0,12584671.71588663,8965127227.822268
2022-10-11 09:00:00,692.0,693.0,662.0,677.0,5668349.09285125,3831583661.653922
2022-10-12 09:00:00,675.0,687.0,671.0,676.0,1597261.15615109,1081137659.6905541
2022-10-13 09:00:00,674.0,708.0,623.0,668.0,12719751.16690579,8587761765.901092
2022-10-14 09:00:00,667.0,683.0,664.0,681.0,2763855.34554106,1863704238.4189126
2022-10-15 09:00:00,678.0,710.0,668.0,678.0,5286621.26031506,3624728307.537779
2022-10-16 09:00:00,678.0,683.0,672.0,681.0,1271278.85676133,862734489.6529192
2022-10-17 09:00:00,679.0,844.0,668.0,801.0,53403927.44183863,41462680357.50272
2022-10-18 09:00:00,801.0,856.0,712.0,719.0,88276295.2756814,68433362300.08072
2022-10-19 09:00:00,720.0,724.0,680.0,687.0,13667018.54064681,9496213910.8476
2022-10-20 09:00:00,686.0,690.0,669.0,681.0,5269189.98946838,3585593822.826786
2022-10-21 09:00:00,682.0,710.0,652.0,679.0,11991018.76814314,8194954068.647067
2022-10-22 09:00:00,678.0,685.0,665.0,680.0,3303234.36653246,2232876249.7402883
2022-10-23 09:00:00,680.0,695.0,673.0,688.0,6941218.68900951,4743406640.693821
2022-10-24 09:00:00,686.0,745.0,682.0,710.0,26247156.88785448,18716990608.64406
2022-10-25 09:00:00,710.0,763.0,691.0,746.0,21456564.81042398,15436467143.71749
2022-10-26 09:00:00,749.0,797.0,718.0,730.0,43411921.42958804,32806497015.3402
2022-10-27 09:00:00,729.0,730.0,706.0,712.0,8371101.91077957,5986150824.41577
2022-10-28 09:00:00,712.0,712.0,690.0,708.0,5451687.48699293,3816399112.3697567
2022-10-29 09:00:00,709.0,714.0,700.0,707.0,4720411.38097131,3340124291.0052586
2022-10-30 09:00:00,707.0,708.0,697.0,702.0,4770422.52994784,3342678401.8347955
2022-10-31 09:00:00,703.0,732.0,700.0,724.0,16043776.69715795,11477994301.20828
2022-11-01 09:00:00,722.0,785.0,713.0,739.0,14830381.43904863,11017135883.768703
2022-11-02 09:00:00,737.0,739.0,712.0,728.0,6300696.73704154,4549029243.992123
2022-11-03 09:00:00,728.0,818.0,720.0,747.0,40208829.58201748,30871703427.476936
2022-11-04 09:00:00,747.0,799.0,736.0,783.0,15086534.17358951,11598131067.131475
2022-11-05 09:00:00,781.0,849.0,781.0,800.0,34611377.57039246,28266601771.883064
2022-11-06 09:00:00,800.0,800.0,760.0,762.0,6378452.74547973,4943338268.135679
2022-11-07 09:00:00,762.0,777.0,741.0,769.0,7304231.43578143,5545988462.839949
2022-11-08 09:00:00,767.0,806.0,654.0,684.0,29282849.48237458,22037701587.531723
2022-11-09 09:00:00,684.0,700.0,500.0,519.0,16162570.84875125,9934452618.476187
2022-11-10 09:00:00,520.0,647.0,505.0,647.0,23572894.15294028,13426784315.201881
2022-11-11 09:00:00,647.0,685.0,577.0,613.0,15067291.28321794,9378131137.74943
2022-11-12 09:00:00,615.0,630.0,580.0,607.0,5235995.454597,3169643987.8460174
2022-11-13 09:00:00,607.0,614.0,546.0,571.0,7579771.20192394,4417885221.604401
2022-11-14 09:00:00,568.0,613.0,496.0,574.0,18539454.35146654,10277159148.251066
2022-11-15 09:00:00,574.0,737.0,570.0,592.0,82962461.30441457,51295741317.90662
2022-11-16 09:00:00,592.0,646.0,563.0,588.0,43228892.77144864,26144300179.056267
2022-11-17 09:00:00,588.0,588.0,563.0,583.0,8221156.80639123,4714854909.793758
2022-11-18 09:00:00,582.0,594.0,576.0,593.0,9120724.64328777,5329312049.596631
2022-11-19 09:00:00,593.0,659.0,591.0,630.0,60714498.88935667,37773146098.01322
2022-11-20 09:00:00,628.0,674.0,582.0,595.0,35383120.02032908,22445098796.238842
2022-11-21 09:00:00,595.0,609.0,557.0,586.0,15460665.256758,8971588749.23198
2022-11-22 09:00:00,586.0,606.0,555.0,605.0,10249799.83840045,5939007842.467257
2022-11-23 09:00:00,605.0,660.0,599.0,640.0,22795710.50113415,14397913104.982882
2022-11-24 09:00:00,640.0,746.0,634.0,728.0,74635741.29610702,51743093824.01803
2022-11-25 09:00:00,728.0,731.0,667.0,698.0,14131996.91158547,9706434812.358688
2022-11-26 09:00:00,698.0,818.0,678.0,748.0,63148206.3498135,47671858756.04428
2022-11-27 09:00:00,748.0,822.0,697.0,732.0,48716087.30217048,37303717301.834946
2022-11-28 09:00:00,732.0,815.0,692.0,772.0,67756758.89448982,51544844472.37828
2022-11-29 09:00:00,771.0,794.0,752.0,763.0,23631539.87759138,18166452432.08421
2022-11-30 09:00:00,763.0,764.0,717.0,755.0,17650163.17883884,12988770195.787981
2022-12-01 09:00:00,755.0,773.0,726.0,766.0,11864693.46551967,8886249485.64572
2022-12-02 09:00:00,765.0,927.0,742.0,856.0,157965380.4826594,135874011918.37195
2022-12-03 09:00:00,855.0,1010.0,846.0,950.0,194300502.36437273,184897634611.80255
2022-12-04 09:00:00,950.0,976.0,894.0,950.0,81163564.84579097,76442074328.44165
2022-12-05 09:00:00,950.0,959.0,866.0,876.0,36688673.73505635,33061239764.16656
2022-12-06 09:00:00,877.0,901.0,819.0,846.0,23736718.58594107,20158820458.529083
2022-12-07 09:00:00,847.0,847.0,766.0,830.0,27938897.23124882,22429375180.201515
2022-12-08 09:00:00,830.0,975.0,816.0,935.0,115413006.21216331,106614480763.02483
2022-12-09 09:00:00,935.0,1050.0,892.0,983.0,97150217.37214832,95595352471.80618
2022-12-10 09:00:00,985.0,1040.0,887.0,903.0,57017543.02080065,54873442499.95122
2022-12-11 09:00:00,903.0,949.0,865.0,915.0,32107754.45561913,29106556989.572426
2022-12-12 09:00:00,915.0,916.0,849.0,896.0,16983211.06343257,14903093005.339306
2022-12-13 09:00:00,899.0,927.0,835.0,886.0,19979897.98548225,17385916792.442745
2022-12-14 09:00:00,885.0,886.0,855.0,861.0,6587795.85648932,5699178356.463255
2022-12-15 09:00:00,860.0,927.0,855.0,887.0,44042695.95963427,39462035398.967964
2022-12-16 09:00:00,887.0,916.0,744.0,766.0,37935818.57726114,31238431673.68123
2022-12-17 09:00:00,766.0,770.0,682.0,731.0,43135629.49065897,30983735036.38753
2022-12-18 09:00:00,731.0,742.0,686.0,713.0,15131107.52105066,10747418275.031343
2022-12-19 09:00:00,713.0,718.0,615.0,645.0,23598262.07560427,15667649382.035246
2022-12-20 09:00:00,645.0,745.0,615.0,685.0,64488988.02980481,44494743310.9352
2022-12-21 09:00:00,684.0,715.0,680.0,704.0,31179784.19066029,21760081396.590775
2022-12-22 09:00:00,704.0,704.0,663.0,685.0,16407490.1859303,11168884064.20106
2022-12-23 09:00:00,686.0,698.0,674.0,690.0,11582514.94689836,7937276272.931651
2022-12-24 09:00:00,689.0,693.0,679.0,683.0,4469326.39045406,3061074111.4958234
2022-12-25 09:00:00,683.0,697.0,653.0,663.0,10396553.07566925,7024630709.74627
2022-12-26 09:00:00,663.0,666.0,621.0,645.0,9458585.15005953,6016055389.154066
2022-12-27 09:00:00,645.0,655.0,625.0,634.0,11653129.02230527,7445427435.576922
2022-12-28 09:00:00,633.0,730.0,591.0,614.0,117705307.74505325,79202975843.05338
2022-12-29 09:00:00,615.0,663.0,597.0,616.0,70756201.75978772,44978285320.65788
2022-12-30 09:00:00,616.0,617.0,551.0,580.0,31095689.10510841,17911032088.253216
2022-12-31 09:00:00,580.0,580.0,556.0,568.0,14049876.07505025,7921197659.339244
2023-01-01 09:00:00,568.0,592.0,565.0,572.0,29413032.56576703,17015688975.264822
2023-01-02 09:00:00,573.0,574.0,550.0,573.0,14494000.1506498,8162530546.227658
2023-01-03 09:00:00,572.0,572.0,561.0,568.0,9673978.2162802,5469613787.198881
2023-01-04 09:00:00,570.0,581.0,564.0,573.0,15084941.40670952,8603375047.804743
2023-01-05 09:00:00,574.0,575.0,553.0,564.0,11124499.53198679,6275088415.414894
2023-01-06 09:00:00,563.0,564.0,531.0,553.0,9305043.18488572,5089975336.5375805
2023-01-07 09:00:00,554.0,565.0,546.0,554.0,6689869.13592455,3710818019.61413
2023-01-08 09:00:00,553.0,560.0,546.0,558.0,4816319.04558768,2658167821.549114
2023-01-09 09:00:00,557.0,571.0,553.0,568.0,11781960.12103637,6634819008.584731
2023-01-10 09:00:00,568.0,576.0,551.0,576.0,9759932.43907151,5529833254.002883
2023-01-11 09:00:00,576.0,667.0,571.0,615.0,139478843.84914896,87219600585.77815
2023-01-12 09:00:00,614.0,705.0,606.0,635.0,133891507.78048362,87968183438.45895
2023-01-13 09:00:00,636.0,648.0,620.0,642.0,25058203.42518093,15894283938.831095
2023-01-14 09:00:00,642.0,673.0,613.0,653.0,57477729.57860318,36984114102.687546
2023-01-15 09:00:00,653.0,680.0,633.0,659.0,45511352.25960744,29806759775.072308
2023-01-16 09:00:00,660.0,677.0,622.0,646.0,24142572.79974275,15660446712.276861
2023-01-17 09:00:00,646.0,646.0,628.0,646.0,12169302.46729966,7741493618.65993
2023-01-18 09:00:00,645.0,654.0,589.0,603.0,22394825.17800346,14068960832.601814
2023-01-19 09:00:00,605.0,622.0,596.0,622.0,10873580.28698688,6605264514.990317
2023-01-20 09:00:00,623.0,646.0,605.0,645.0,12203699.08185987,7601339754.791721
2023-01-21 09:00:00,645.0,648.0,627.0,640.0,18040056.21951449,11530516454.101349
2023-01-22 09:00:00,640.0,644.0,610.0,639.0,11932107.72916182,7595089959.614223
2023-01-23 09:00:00,639.0,648.0,627.0,648.0,12221691.62495632,7758982216.886472
2023-01-24 09:00:00,647.0,654.0,608.0,619.0,27681992.42245469,17753754116.513016
2023-01-25 09:00:00,620.0,636.0,599.0,630.0,17761482.7947193,10952018841.904913
2023-01-26 09:00:00,629.0,685.0,620.0,637.0,44327503.69439157,28697722221.841618
2023-01-27 09:00:00,637.0,658.0,621.0,651.0,27371338.05001666,17496802628.385105
2023-01-28 09:00:00,650.0,653.0,631.0,645.0,10135473.05820838,6530292999.854138
2023-01-29 09:00:00,646.0,652.0,636.0,652.0,6069500.73919726,3902229057.5818143
2023-01-30 09:00:00,650.0,652.0,598.0,604.0,12483176.91580615,7760046701.293223
2023-01-31 09:00:00,609.0,641.0,604.0,621.0,41890146.56504683,26118748641.479618
2023-02-01 09:00:00,622.0,629.0,590.0,627.0,11671920.38625037,7114439279.213617
2023-02-02 09:00:00,627.0,638.0,619.0,632.0,12240775.05269386,7689611670.906642
2023-02-03 09:00:00,630.0,648.0,622.0,648.0,12457621.39607521,7901965937.631977
2023-02-04 09:00:00,648.0,695.0,646.0,670.0,34789146.94942258,23203176580.86321
2023-02-05 09:00:00,670.0,695.0,609.0,649.0,31027234.53130256,20331529139.529835
2023-02-06 09:00:00,649.0,690.0,621.0,675.0,26399183.132306,17314399948.074516
2023-02-07 09:00:00,675.0,693.0,649.0,681.0,20431736.81461935,13663422796.520197
2023-02-08 09:00:00,681.0,739.0,673.0,731.0,45367634.67909851,32115552615.216717
2023-02-09 09:00:00,731.0,731.0,654.0,663.0,24802856.5835988,17015807998.062689
2023-02-10 09:00:00,661.0,662.0,619.0,651.0,13917248.66086482,8906226529.104162
2023-02-11 09:00:00,651.0,653.0,635.0,650.0,4488189.50892123,2877344514.286993
2023-02-12 09:00:00,648.0,648.0,632.0,634.0,6752208.59220801,4317616625.47389
2023-02-13 09:00:00,633.0,635.0,581.0,608.0,10076023.10715927,6108591973.469519
2023-02-14 09:00:00,607.0,619.0,584.0,617.0,8059987.92690367,4859618573.544679
2023-02-15 09:00:00,616.0,653.0,610.0,650.0,11988892.58647469,7566070113.0046835
2023-02-16 09:00:00,650.0,673.0,630.0,633.0,17241734.02895033,11281757518.518557
2023-02-17 09:00:00,633.0,663.0,628.0,660.0,8590438.49617551,5545116875.483462
2023-02-18 09:00:00,661.0,666.0,644.0,659.0,7333191.36654867,4818601351.490463
2023-02-19 09:00:00,659.0,666.0,646.0,658.0,6604537.91129344,4323912912.379146
2023-02-20 09:00:00,658.0,680.0,647.0,674.0,14004609.55468613,9333518832.252707
2023-02-21 09:00:00,674.0,771.0,652.0,674.0,71240970.78473654,50011726604.22702
2023-02-22 09:00:00,674.0,699.0,641.0,666.0,16984152.09954186,11237456814.775925
2023-02-23 09:00:00,666.0,668.0,647.0,666.0,6454737.92995766,4249088313.2627544
2023-02-24 09:00:00,666.0,694.0,660.0,693.0,22944071.37518855,15599848412.744797
2023-02-25 09:00:00,693.0,693.0,651.0,667.0,7364996.86016406,4920628830.430377
2023-02-26 09:00:00,667.0,670.0,656.0,665.0,3369392.16829756,2232816924.4759126
2023-02-27 09:00:00,665.0,671.0,653.0,661.0,5137052.76167838,3397262115.098302
2023-02-28 09:00:00,661.0,661.0,651.0,654.0,1659026.90856687,1085892660.347139
