2021-04-05 09:00:00,21920.0,30810.0,8000.0,12490.0,55432370.3651633,728397383334.2227
2021-04-06 09:00:00,12430.0,12490.0,9995.0,10380.0,7516156.26916065,82858866860.24023
2021-04-07 09:00:00,10380.0,11330.0,7170.0,9515.0,6588830.19671945,64609364087.87741
2021-04-08 09:00:00,9515.0,10250.0,9120.0,10120.0,2254239.20940667,21998651944.60587
2021-04-09 09:00:00,10120.0,11620.0,9755.0,10440.0,6830685.96924022,73641482193.04118
2021-04-10 09:00:00,10450.0,10550.0,9620.0,9945.0,1788588.79967654,17981314540.02161
2021-04-11 09:00:00,9975.0,10010.0,8805.0,9510.0,1125485.34812102,10661102363.024775
2021-04-12 09:00:00,9510.0,11880.0,9370.0,9950.0,26019694.43275582,281168971361.16815
2021-04-13 09:00:00,9950.0,11640.0,9945.0,10220.0,9248420.25843103,98753417474.35098
2021-04-14 09:00:00,10220.0,10230.0,9145.0,9870.0,2166224.76306736,20984042325.360226
2021-04-15 09:00:00,9830.0,10160.0,9470.0,10110.0,1243601.42925812,12160682227.527206
2021-04-16 09:00:00,10100.0,10140.0,9220.0,9665.0,1897857.24169213,18238253850.840656
2021-04-17 09:00:00,9665.0,10150.0,9385.0,10000.0,1676770.56345542,16372207367.920397
2021-04-18 09:00:00,10000.0,10120.0,7950.0,9030.0,2129627.18677893,19031914843.49451
2021-04-19 09:00:00,9030.0,13320.0,8525.0,10360.0,36603348.88406688,403767343177.1394
2021-04-20 09:00:00,10360.0,14770.0,9985.0,10840.0,75037045.1539657,951344321781.8796
2021-04-21 09:00:00,10810.0,12220.0,10030.0,10340.0,13347072.67513644,146244865170.21744
2021-04-22 09:00:00,10350.0,12680.0,8800.0,9390.0,26999358.28437533,299535619175.32965
2021-04-23 09:00:00,9395.0,10040.0,6530.0,8870.0,7320928.61418862,60354092418.47355
2021-04-24 09:00:00,8870.0,8995.0,7800.0,8035.0,3108905.33834138,25659662692.794132
2021-04-25 09:00:00,8035.0,8915.0,7345.0,8040.0,5373765.75091784,44958417178.699295
2021-04-26 09:00:00,8040.0,9120.0,7775.0,9020.0,4595177.5682868,39103833609.856575
2021-04-27 09:00:00,9010.0,10900.0,8600.0,10120.0,14454716.38376235,143388721345.13748
2021-04-28 09:00:00,10120.0,12890.0,9535.0,12680.0,36781192.72191607,417047230251.0645
2021-04-29 09:00:00,12760.0,13460.0,11230.0,12070.0,13870638.83304838,165096045826.6466
2021-04-30 09:00:00,12070.0,12230.0,11120.0,12030.0,7195668.84378035,83345277794.15286
2021-05-01 09:00:00,12020.0,12250.0,11350.0,11590.0,3987101.32542313,46316263573.66747
2021-05-02 09:00:00,11590.0,11600.0,10520.0,11270.0,3700830.4921749,41305758394.41803
2021-05-03 09:00:00,11260.0,11590.0,11060.0,11300.0,3555300.47439598,40101582341.662125
2021-05-04 09:00:00,11300.0,12230.0,10080.0,10160.0,11280996.64376072,127128439998.88158
2021-05-05 09:00:00,10170.0,10600.0,9950.0,10310.0,2797567.12810862,28756019855.049282
2021-05-06 09:00:00,10320.0,10540.0,9475.0,9640.0,3094532.90511009,30779438317.736023
2021-05-07 09:00:00,9645.0,10730.0,8820.0,10110.0,4187237.92520668,40787670099.1532
2021-05-08 09:00:00,10110.0,11060.0,9840.0,9990.0,4918947.15027599,51418724168.79424
2021-05-09 09:00:00,9985.0,10100.0,9560.0,9845.0,1100699.56277964,10776336429.358427
2021-05-10 09:00:00,9810.0,10150.0,8955.0,9115.0,1458953.7556839,14044199195.77844
2021-05-11 09:00:00,9115.0,10890.0,8645.0,9905.0,5620947.95772984,55882002509.93255
2021-05-12 09:00:00,9905.0,11230.0,8220.0,8240.0,4467280.39268503,46100203510.410934
2021-05-13 09:00:00,8225.0,9590.0,8005.0,8830.0,2263774.59869057,20261530378.3922
2021-05-14 09:00:00,8825.0,9065.0,8560.0,8810.0,969015.04273246,8575167706.888615
2021-05-15 09:00:00,8810.0,8970.0,8080.0,8215.0,1047037.42056248,8916628385.986244
2021-05-16 09:00:00,8215.0,8685.0,7620.0,8070.0,960679.19176667,7876213157.368026
2021-05-17 09:00:00,8070.0,8650.0,7010.0,8135.0,5047123.70859846,40434121650.32187
2021-05-18 09:00:00,8135.0,8555.0,7905.0,8230.0,1750675.55344475,14400399030.056633
2021-05-19 09:00:00,8230.0,8295.0,4200.0,5525.0,5605325.78833673,34568385850.271416
2021-05-20 09:00:00,5505.0,5995.0,4700.0,5865.0,2278649.66850587,12442246405.750458
2021-05-21 09:00:00,5865.0,7300.0,4935.0,5805.0,8453707.36684963,52907704439.63485
2021-05-22 09:00:00,5795.0,5805.0,4585.0,5030.0,2374712.31751259,12015614279.56036
2021-05-23 09:00:00,5030.0,5200.0,3495.0,4105.0,2693748.65783569,11682922043.370749
2021-05-24 09:00:00,3920.0,5860.0,3875.0,4915.0,10354708.41458396,46150710945.588104
2021-05-25 09:00:00,4915.0,5280.0,4540.0,5060.0,3357641.18458638,16417386733.79132
2021-05-26 09:00:00,5060.0,5770.0,4825.0,5770.0,2783604.14583191,14669133233.813927
2021-05-27 09:00:00,5770.0,5850.0,5165.0,5730.0,1285171.41819611,7091857688.124669
2021-05-28 09:00:00,5730.0,5880.0,4860.0,5130.0,2899396.73726039,15875773606.630981
2021-05-29 09:00:00,5120.0,7460.0,5070.0,5860.0,67165642.9283952,446374089722.5924
2021-05-30 09:00:00,5860.0,5860.0,4930.0,5500.0,8736195.7261294,46999995110.43097
2021-05-31 09:00:00,5500.0,6565.0,5420.0,5775.0,21723270.19481171,129949876111.63597
2021-06-01 09:00:00,5795.0,5830.0,5435.0,5525.0,2449349.36454427,13718273882.02685
2021-06-02 09:00:00,5525.0,5580.0,5300.0,5490.0,1595519.99818419,8637871791.913902
2021-06-03 09:00:00,5490.0,5590.0,5360.0,5555.0,1364348.25675447,7461744318.801124
2021-06-04 09:00:00,5555.0,5685.0,4905.0,5070.0,2066665.39192623,11018987044.41669
2021-06-05 09:00:00,5070.0,5220.0,4875.0,4950.0,890172.86833134,4474542915.322657
2021-06-06 09:00:00,4960.0,5150.0,4900.0,5115.0,1028984.34453705,5168918311.059257
2021-06-07 09:00:00,5110.0,5215.0,4630.0,4690.0,1316131.85263499,6602748716.904056
2021-06-08 09:00:00,4690.0,4800.0,4010.0,4455.0,1208702.82957287,5365790256.983304
2021-06-09 09:00:00,4455.0,4700.0,4090.0,4650.0,1033842.01403723,4529285558.574989
2021-06-10 09:00:00,4645.0,4840.0,4420.0,4615.0,1786870.92033096,8240258596.944154
2021-06-11 09:00:00,4615.0,6245.0,4595.0,5050.0,22476042.21554347,123420321798.99081
2021-06-12 09:00:00,5050.0,5055.0,4345.0,4435.0,1604390.08854331,7400722391.227527
2021-06-13 09:00:00,4405.0,4625.0,4250.0,4585.0,743905.67536304,3272129509.847117
2021-06-14 09:00:00,4580.0,4935.0,4410.0,4795.0,1033811.90262572,4816105745.994605
2021-06-15 09:00:00,4810.0,5235.0,4660.0,5200.0,887805.82509188,4383046551.370487
2021-06-16 09:00:00,5200.0,5900.0,4880.0,4945.0,3459570.04982641,18504294116.253468
2021-06-17 09:00:00,4945.0,5705.0,4895.0,5700.0,2278104.31320695,12058490017.515846
2021-06-18 09:00:00,5720.0,5875.0,5060.0,5230.0,3042847.30118317,17028257823.098711
2021-06-19 09:00:00,5230.0,5415.0,4950.0,5000.0,813481.17287111,4162579937.1175814
2021-06-20 09:00:00,5000.0,5080.0,4520.0,4935.0,791173.42896358,3815225986.632741
2021-06-21 09:00:00,4925.0,4980.0,3730.0,3795.0,1068667.5880861,4622647559.624572
2021-06-22 09:00:00,3785.0,4330.0,3360.0,3710.0,4514225.82573573,17430055225.446842
2021-06-23 09:00:00,3730.0,4390.0,3555.0,4295.0,1679444.36962719,6767767865.026715
2021-06-24 09:00:00,4310.0,4475.0,4085.0,4425.0,932340.93392163,4005208079.550972
2021-06-25 09:00:00,4410.0,4500.0,3990.0,4035.0,768214.94129811,3267473141.8233013
2021-06-26 09:00:00,4035.0,4215.0,3830.0,4195.0,784249.23920431,3183888780.9791737
2021-06-27 09:00:00,4195.0,4330.0,4060.0,4275.0,478790.96046077,2010634141.19436
2021-06-28 09:00:00,4275.0,4700.0,4140.0,4615.0,830852.63937716,3679202774.7900944
2021-06-29 09:00:00,4610.0,5580.0,4570.0,5335.0,1573892.49596977,7916527224.239129
2021-06-30 09:00:00,5335.0,6895.0,5140.0,6575.0,6558476.57245081,40013725248.41732
2021-07-01 09:00:00,6575.0,7080.0,6010.0,6735.0,1777851.22355673,11671849208.35618
2021-07-02 09:00:00,6740.0,7550.0,6735.0,7105.0,4205657.78284273,30153959679.31116
2021-07-03 09:00:00,7095.0,9415.0,6745.0,8950.0,9116032.03597763,76216732635.38348
2021-07-04 09:00:00,8965.0,11330.0,8585.0,10150.0,22891039.46099818,234553766001.47998
2021-07-05 09:00:00,10150.0,10440.0,9035.0,9440.0,4736783.76577261,45188624500.10366
2021-07-06 09:00:00,9435.0,13900.0,9345.0,12660.0,38283942.4331977,458591426925.9415
2021-07-07 09:00:00,12720.0,19910.0,12120.0,15970.0,63573477.80310028,1023947212460.459
2021-07-08 09:00:00,15930.0,18550.0,13710.0,14350.0,32172649.2733579,523153270744.0276
2021-07-09 09:00:00,14340.0,19670.0,13250.0,19620.0,36749301.24806014,605674680803.0636
2021-07-10 09:00:00,19620.0,23120.0,18970.0,20850.0,38742063.46406267,828814812289.8403
2021-07-11 09:00:00,20860.0,22610.0,18850.0,22270.0,19442646.17890368,400153914120.858
2021-07-12 09:00:00,22250.0,22700.0,19730.0,20680.0,9092474.60024383,190554410155.0298
2021-07-13 09:00:00,20680.0,26760.0,20390.0,24590.0,33550095.20311475,811115443391.6454
2021-07-14 09:00:00,24590.0,28640.0,23130.0,27360.0,31091885.06076373,812307461049.2876
2021-07-15 09:00:00,27360.0,34280.0,26540.0,28410.0,32899733.10199944,1019894058132.9734
2021-07-16 09:00:00,28380.0,32240.0,24160.0,24980.0,27946107.3803494,776080518692.6517
2021-07-17 09:00:00,24980.0,25610.0,20660.0,21920.0,21288181.42717201,484230013451.05096
2021-07-18 09:00:00,21910.0,24760.0,20580.0,22150.0,19532070.63518047,447149951270.9314
2021-07-19 09:00:00,22230.0,22760.0,18700.0,20420.0,13472037.08943739,267961428726.5266
2021-07-20 09:00:00,20450.0,20650.0,16870.0,17820.0,12166944.72270993,221641045361.1384
2021-07-21 09:00:00,17810.0,28330.0,17380.0,26740.0,36108286.98607996,797168469498.8706
2021-07-22 09:00:00,26820.0,30520.0,26020.0,29140.0,40604656.97267078,1141351101537.6062
2021-07-23 09:00:00,29150.0,54400.0,28370.0,50100.0,76313465.18208496,2937204628695.0015
2021-07-24 09:00:00,50070.0,57500.0,44540.0,49360.0,65355332.64743511,3320872935608.453
2021-07-25 09:00:00,49300.0,51150.0,44070.0,51110.0,28471911.82623287,1359872158109.5308
2021-07-26 09:00:00,51090.0,52930.0,40590.0,47370.0,25438544.60111767,1175076419771.0393
2021-07-27 09:00:00,47380.0,61240.0,42000.0,53820.0,54942529.25077058,2943940037984.865
2021-07-28 09:00:00,53780.0,58290.0,51310.0,52920.0,22726776.31642694,1238492573515.1353
2021-07-29 09:00:00,52940.0,54800.0,47690.0,50810.0,13423770.85241514,679563145507.5792
2021-07-30 09:00:00,50810.0,53200.0,47660.0,49830.0,12873512.33607269,640310399669.1211
2021-07-31 09:00:00,49850.0,52560.0,48260.0,49310.0,8910300.74101984,448849224328.55396
2021-08-01 09:00:00,49320.0,49800.0,43700.0,43960.0,4493313.33499601,210299449193.95013
2021-08-02 09:00:00,43960.0,49710.0,43950.0,46710.0,10622233.02030979,505852605179.61426
2021-08-03 09:00:00,46760.0,46830.0,44240.0,45220.0,2825085.91728309,128201725030.33533
2021-08-04 09:00:00,45180.0,52780.0,44510.0,50500.0,13421789.63417373,664062850707.0154
2021-08-05 09:00:00,50500.0,52130.0,48010.0,49270.0,5571231.0819518,275085209736.2173
2021-08-06 09:00:00,49280.0,51090.0,48030.0,49180.0,4420984.43154794,219091363789.87393
2021-08-07 09:00:00,49170.0,49920.0,46500.0,47360.0,3351080.04530647,162603193352.6911
2021-08-08 09:00:00,47360.0,54300.0,45830.0,49110.0,10817189.70794395,553519153387.8246
2021-08-09 09:00:00,49080.0,52000.0,47130.0,49780.0,4610024.13690665,230448592666.69516
2021-08-10 09:00:00,49800.0,74500.0,49560.0,74100.0,34240427.93405271,2204199800439.1733
2021-08-11 09:00:00,73840.0,88790.0,72250.0,76750.0,30643302.5690289,2474943970453.4946
2021-08-12 09:00:00,76820.0,85580.0,73000.0,77660.0,23981504.09863092,1905423791975.1104
2021-08-13 09:00:00,77660.0,84900.0,77010.0,81190.0,10977673.21844864,888533700785.6653
2021-08-14 09:00:00,81200.0,81900.0,76700.0,78950.0,5874008.8293005,468869263217.4933
2021-08-15 09:00:00,78950.0,79060.0,74100.0,78880.0,3000103.43873006,231699890991.46558
2021-08-16 09:00:00,78880.0,82420.0,77000.0,77810.0,4357743.72963266,347718612132.9927
2021-08-17 09:00:00,77840.0,95530.0,76880.0,85070.0,19141288.22773249,1679984513936.7336
2021-08-18 09:00:00,85070.0,88330.0,77610.0,81760.0,8402433.52565604,696985588827.1968
2021-08-19 09:00:00,81830.0,85690.0,79710.0,84190.0,3405842.99254969,279114428438.9705
2021-08-20 09:00:00,84260.0,87930.0,83400.0,86100.0,3272950.62174008,280223267952.0862
2021-08-21 09:00:00,86100.0,97850.0,86010.0,90780.0,12072193.58574909,1110943634491.545
2021-08-22 09:00:00,90750.0,93530.0,86300.0,90240.0,3322111.50904018,301551399781.929
2021-08-23 09:00:00,90240.0,91490.0,88000.0,89840.0,2128982.2059084,190497023187.78345
2021-08-24 09:00:00,89830.0,90190.0,80070.0,82430.0,2046347.46588815,174563872410.31146
2021-08-25 09:00:00,82430.0,89900.0,80070.0,84790.0,4086223.4373482,347054017314.0305
2021-08-26 09:00:00,84790.0,86600.0,79650.0,82080.0,1824343.71949183,150500015205.79373
2021-08-27 09:00:00,82080.0,86240.0,80200.0,86190.0,1652896.81230686,138238930799.5196
2021-08-28 09:00:00,86190.0,93780.0,84770.0,88140.0,4324204.80684005,384943105829.3683
2021-08-29 09:00:00,88140.0,92620.0,84400.0,91840.0,3770393.11945982,331045614875.23267
2021-08-30 09:00:00,91690.0,92000.0,85770.0,86360.0,2157345.27248683,190518271606.14487
2021-08-31 09:00:00,86360.0,88860.0,84000.0,84720.0,1758431.54930781,150659194444.662
2021-09-01 09:00:00,84720.0,86400.0,82000.0,85370.0,1477040.48092603,123569577103.59624
2021-09-02 09:00:00,85370.0,86500.0,83680.0,84640.0,1355858.31252677,115330381305.3814
2021-09-03 09:00:00,84610.0,88420.0,83220.0,85580.0,2578981.74408324,222728458484.70505
2021-09-04 09:00:00,85580.0,110000.0,83420.0,95470.0,14984771.01277416,1520348002892.3916
2021-09-05 09:00:00,95480.0,103000.0,91190.0,93920.0,5761535.61576057,556026360048.7129
2021-09-06 09:00:00,93920.0,98450.0,86000.0,91380.0,1770710.82126127,164756031841.11215
2021-09-07 09:00:00,91380.0,92690.0,70000.0,77820.0,3008149.0565905,248854541471.15454
2021-09-08 09:00:00,77830.0,87000.0,72030.0,82290.0,4787287.66532939,383566631484.7942
2021-09-09 09:00:00,82280.0,86320.0,80640.0,83300.0,1461162.70501186,121871193346.12854
2021-09-10 09:00:00,83300.0,85850.0,77100.0,80300.0,934123.71728842,76466925922.57196
2021-09-11 09:00:00,80300.0,86950.0,79080.0,83700.0,1313761.49289306,109785266218.96729
2021-09-12 09:00:00,83680.0,84730.0,80310.0,83500.0,637789.34422041,52760546189.80028
2021-09-13 09:00:00,83510.0,85430.0,75860.0,78470.0,896314.02301501,71247483362.76553
2021-09-14 09:00:00,78460.0,80960.0,77420.0,80070.0,801262.98064189,63685221724.199875
2021-09-15 09:00:00,80230.0,82750.0,78810.0,81490.0,561011.66096822,45236614941.80142
2021-09-16 09:00:00,81360.0,84650.0,79320.0,80650.0,738639.11443892,60590526370.54715
2021-09-17 09:00:00,80630.0,81350.0,78460.0,80230.0,445318.5580164,35662086630.45073
2021-09-18 09:00:00,80230.0,81650.0,79210.0,80390.0,313150.58062531,25172478748.36959
2021-09-19 09:00:00,80390.0,80470.0,77720.0,78300.0,329717.6057288,26114397446.839493
2021-09-20 09:00:00,78300.0,78500.0,65820.0,68880.0,904667.70378597,64828018956.10619
2021-09-21 09:00:00,68880.0,69860.0,61810.0,63160.0,748281.38213479,49924331219.101944
2021-09-22 09:00:00,63160.0,78520.0,60780.0,76050.0,5558240.01230105,407399903084.3795
2021-09-23 09:00:00,76050.0,84310.0,75450.0,81490.0,4761040.26263424,385847570559.06384
2021-09-24 09:00:00,81490.0,86000.0,79000.0,83310.0,4713750.3479044,390585735615.76825
2021-09-25 09:00:00,83320.0,84400.0,79000.0,80160.0,852618.21460231,69085098840.3034
2021-09-26 09:00:00,80160.0,80280.0,72690.0,77910.0,936040.79639978,72024278462.04149
2021-09-27 09:00:00,77910.0,81430.0,76470.0,78460.0,954874.32957753,76038220337.37178
2021-09-28 09:00:00,78460.0,89000.0,77150.0,84830.0,2323129.85165024,192222690828.99512
2021-09-29 09:00:00,84940.0,91290.0,82440.0,84750.0,2367526.95924366,207368617455.0102
2021-09-30 09:00:00,84840.0,96290.0,84150.0,90950.0,2818162.32740901,258343186483.02997
2021-10-01 09:00:00,91000.0,142400.0,90450.0,134150.0,10283652.48240244,1166728187877.679
2021-10-02 09:00:00,134050.0,152900.0,129150.0,131750.0,8980909.79938545,1251106519660.975
2021-10-03 09:00:00,131800.0,168500.0,125050.0,167250.0,7105345.06483641,1031341284441.4473
2021-10-04 09:00:00,167250.0,188650.0,159600.0,164650.0,10896306.39850321,1901892575324.2688
2021-10-05 09:00:00,164650.0,176200.0,153450.0,154300.0,4944094.489929,819711195124.8735
2021-10-06 09:00:00,154300.0,169500.0,144800.0,153150.0,6231573.75166758,967184879173.2773
2021-10-07 09:00:00,153500.0,158500.0,147300.0,151300.0,1889149.01205273,289534727096.9879
2021-10-08 09:00:00,151300.0,169900.0,146050.0,154300.0,2503932.50321844,393121935224.6562
2021-10-09 09:00:00,154300.0,163100.0,150950.0,154250.0,1264481.58449462,197828965278.01852
2021-10-10 09:00:00,154250.0,154450.0,142700.0,144150.0,556596.66784977,83752940599.79625
2021-10-11 09:00:00,144150.0,151500.0,140700.0,143950.0,935008.36822268,136937796733.15886
2021-10-12 09:00:00,143800.0,154550.0,140000.0,150450.0,1649144.79059637,246869779008.56375
2021-10-13 09:00:00,150650.0,153400.0,145700.0,148450.0,592385.17646124,88436269900.74069
2021-10-14 09:00:00,148500.0,175800.0,147150.0,166350.0,3015592.92619937,498244573141.71295
2021-10-15 09:00:00,166000.0,180800.0,152300.0,154150.0,3773867.21025465,616327555777.6099
2021-10-16 09:00:00,154150.0,159600.0,150000.0,153550.0,700449.57317068,108274772075.70757
2021-10-17 09:00:00,153550.0,159500.0,152000.0,153750.0,405822.93967833,62893796756.84173
2021-10-18 09:00:00,153750.0,154350.0,147300.0,150950.0,346972.754128,52302856360.4446
2021-10-19 09:00:00,151200.0,151600.0,148100.0,149500.0,173924.77137909,26045271488.290604
2021-10-20 09:00:00,149500.0,158000.0,148250.0,154700.0,368359.98380148,55923205736.92266
2021-10-21 09:00:00,154550.0,162300.0,142200.0,147200.0,615371.40728629,94732890905.96393
2021-10-22 09:00:00,147200.0,163300.0,145050.0,159250.0,679253.69552685,104499923389.75558
2021-10-23 09:00:00,159250.0,164500.0,152050.0,153600.0,392774.1390417,62016554356.56335
2021-10-24 09:00:00,153600.0,155900.0,148800.0,150450.0,175333.57591287,26710220533.258663
2021-10-25 09:00:00,150450.0,173000.0,149500.0,159100.0,2139293.09312783,350762197143.9207
2021-10-26 09:00:00,159150.0,167000.0,154700.0,156700.0,853830.1645534,138174381786.65814
2021-10-27 09:00:00,156700.0,159800.0,142800.0,149500.0,591286.30519872,90323198275.2911
2021-10-28 09:00:00,149500.0,155150.0,148100.0,152800.0,333430.12253718,50747658220.13427
2021-10-29 09:00:00,152800.0,198200.0,151350.0,170900.0,5309404.51688725,933861846501.1714
2021-10-30 09:00:00,170950.0,188750.0,165900.0,173750.0,2844716.70208603,505073210438.521
2021-10-31 09:00:00,173750.0,178550.0,158950.0,163100.0,792908.24509029,133655860731.6841
2021-11-01 09:00:00,163100.0,164400.0,156650.0,162850.0,333631.14918204,53914108765.762344
2021-11-02 09:00:00,162850.0,169900.0,161000.0,164400.0,488988.28902256,80823469754.60352
2021-11-03 09:00:00,164450.0,168750.0,158700.0,167750.0,305615.8556465,49968542549.9657
2021-11-04 09:00:00,167650.0,198000.0,167650.0,174850.0,2819779.21438244,520149557800.1872
2021-11-05 09:00:00,174750.0,187600.0,170950.0,184300.0,1101828.28179781,198866934522.59216
2021-11-06 09:00:00,184300.0,201900.0,179850.0,190800.0,798393.81915253,151975159230.10843
2021-11-07 09:00:00,190800.0,199000.0,187700.0,194500.0,443041.54918792,85030268800.78766
2021-11-08 09:00:00,194300.0,194450.0,182400.0,184950.0,365019.52589404,68093019697.60683
2021-11-09 09:00:00,185100.0,186450.0,177250.0,180800.0,237029.259215,43331415486.08497
2021-11-10 09:00:00,180850.0,184500.0,168800.0,174400.0,312824.401008,55859222234.116035
2021-11-11 09:00:00,174400.0,182250.0,170950.0,177950.0,187216.52010898,33037315281.030563
2021-11-12 09:00:00,177950.0,179900.0,170500.0,174800.0,273308.73601837,48222922494.6132
2021-11-13 09:00:00,174800.0,178300.0,173000.0,173050.0,191725.35394466,33524642762.808025
2021-11-14 09:00:00,173050.0,177450.0,171100.0,172800.0,147918.33673842,25680145060.0718
2021-11-15 09:00:00,172800.0,177400.0,172400.0,173750.0,308215.06148646,53689093487.082375
2021-11-16 09:00:00,173750.0,174050.0,155200.0,164200.0,391304.37025153,64328974987.12458
2021-11-17 09:00:00,164150.0,171450.0,160000.0,165500.0,293983.85898133,48713545371.64733
2021-11-18 09:00:00,165500.0,167450.0,151550.0,153650.0,314429.938509,50712693305.08097
2021-11-19 09:00:00,153450.0,164700.0,151500.0,162400.0,168798.8598928,26648500627.78846
2021-11-20 09:00:00,162450.0,164900.0,157150.0,163350.0,143620.42465896,23112387562.75101
2021-11-21 09:00:00,163500.0,175600.0,159500.0,162000.0,464539.20976347,78855580335.24918
2021-11-22 09:00:00,162150.0,164550.0,157650.0,160950.0,240258.14106666,38790087993.392136
2021-11-23 09:00:00,160950.0,173000.0,158950.0,169700.0,285826.98746743,47423232594.86599
2021-11-24 09:00:00,169600.0,181400.0,166000.0,175400.0,450308.37157114,78188407775.22952
2021-11-25 09:00:00,175400.0,180850.0,171000.0,172450.0,256287.0132092,44834406321.44918
2021-11-26 09:00:00,172300.0,174400.0,158900.0,160200.0,151831.36440639,25034659380.544777
2021-11-27 09:00:00,160450.0,165950.0,158300.0,163500.0,54438.53623491,8868643155.185745
2021-11-28 09:00:00,163500.0,170950.0,158900.0,168000.0,151828.3519037,25014196002.694336
2021-11-29 09:00:00,168000.0,173550.0,166800.0,168400.0,96436.64806103,16383856387.367231
2021-11-30 09:00:00,168400.0,173250.0,164450.0,169800.0,96808.42924697,16395428873.811556
2021-12-01 09:00:00,169850.0,177000.0,167300.0,168100.0,118993.65285542,20554630488.099384
2021-12-02 09:00:00,168100.0,168950.0,164200.0,168400.0,56751.80817386,9465292044.911049
2021-12-03 09:00:00,168400.0,176600.0,159950.0,161050.0,177199.41101437,30118716736.760136
2021-12-04 09:00:00,161050.0,161550.0,125900.0,148700.0,281096.03051014,40765881339.81612
2021-12-05 09:00:00,148700.0,153000.0,130900.0,134600.0,134704.05484713,19196975610.36619
2021-12-06 09:00:00,134600.0,135000.0,119050.0,131350.0,206604.34540453,26251178167.469414
2021-12-07 09:00:00,131350.0,136800.0,129700.0,131750.0,131701.90756246,17536969746.770836
2021-12-08 09:00:00,131750.0,168150.0,131750.0,139350.0,1489212.41210286,212973503355.0831
2021-12-09 09:00:00,139350.0,142600.0,128450.0,129300.0,294625.5471119,40580480779.472984
2021-12-10 09:00:00,129300.0,132700.0,123350.0,123700.0,122289.46283953,15685525812.073254
2021-12-11 09:00:00,123700.0,128950.0,121450.0,128350.0,64224.29759712,8097341415.902748
2021-12-12 09:00:00,128500.0,131000.0,126000.0,129150.0,47031.93060888,6029385997.839336
2021-12-13 09:00:00,129100.0,129950.0,115300.0,116650.0,101316.27231856,12328970108.950031
2021-12-14 09:00:00,116650.0,121250.0,113500.0,118950.0,117783.22971462,13808054254.49324
2021-12-15 09:00:00,119150.0,129550.0,114400.0,127150.0,134490.41121487,16332917297.025883
2021-12-16 09:00:00,127150.0,129200.0,122450.0,122650.0,68554.94676681,8666664387.92937
2021-12-17 09:00:00,122650.0,124100.0,115150.0,118600.0,93198.9689282,11142352252.114067
2021-12-18 09:00:00,118600.0,121350.0,116600.0,119900.0,42416.90438372,5065768033.052952
2021-12-19 09:00:00,120050.0,122250.0,118250.0,118950.0,43937.70672161,5287111832.046411
2021-12-20 09:00:00,118950.0,119400.0,112050.0,114600.0,63899.51730447,7347597762.383521
2021-12-21 09:00:00,114700.0,119900.0,113500.0,119250.0,70844.4370559,8305602591.682339
2021-12-22 09:00:00,119250.0,127500.0,118350.0,124850.0,98660.5010128,12051095834.452885
2021-12-23 09:00:00,124950.0,130500.0,123000.0,129950.0,94348.18583255,11939112779.658298
2021-12-24 09:00:00,129950.0,133700.0,127250.0,127650.0,85858.22723247,11205424114.7061
2021-12-25 09:00:00,127650.0,133450.0,126600.0,132050.0,75976.16643672,9895678597.969915
2021-12-26 09:00:00,132200.0,132400.0,128500.0,130100.0,42232.5394401,5496890858.23433
2021-12-27 09:00:00,130100.0,133950.0,128550.0,130100.0,67343.98513753,8847539051.664286
2021-12-28 09:00:00,130100.0,131400.0,121850.0,122200.0,87082.17600803,11007207118.829538
2021-12-29 09:00:00,122450.0,123700.0,114100.0,115200.0,73285.3724549,8679414720.198637
2021-12-30 09:00:00,115300.0,117450.0,113000.0,115450.0,38355.87797464,4429496477.551768
2021-12-31 09:00:00,115450.0,118750.0,112850.0,114250.0,46120.57633056,5354468607.271591
2022-01-01 09:00:00,114250.0,116100.0,112000.0,114550.0,50036.41754264,5701897303.652389
2022-01-02 09:00:00,114600.0,117600.0,113900.0,117100.0,84599.18195273,9751415350.783081
2022-01-03 09:00:00,117250.0,118950.0,113050.0,114950.0,94989.57774512,11053660101.634167
2022-01-04 09:00:00,115200.0,117550.0,112800.0,113500.0,149842.913573,17323502502.103565
2022-01-05 09:00:00,113450.0,115200.0,98000.0,100700.0,243456.24926564,25337669017.10784
2022-01-06 09:00:00,100750.0,100800.0,93670.0,97760.0,281668.00502067,27293302116.492897
2022-01-07 09:00:00,97760.0,97900.0,88000.0,90930.0,284120.11241638,25966877033.455578
2022-01-08 09:00:00,90960.0,93550.0,85220.0,88100.0,153522.90390379,13789355933.344099
2022-01-09 09:00:00,87950.0,91230.0,85550.0,88660.0,119987.19894339,10619835390.603643
2022-01-10 09:00:00,88660.0,90000.0,80340.0,83900.0,172129.48530647,14696581465.505424
2022-01-11 09:00:00,84000.0,89590.0,82530.0,89000.0,180195.88220389,15540319917.449337
2022-01-12 09:00:00,89000.0,96380.0,87910.0,94820.0,205778.10978763,19040246104.601734
2022-01-13 09:00:00,94920.0,95760.0,88980.0,89220.0,148855.52055698,13850193438.08649
2022-01-14 09:00:00,89220.0,91690.0,86500.0,89340.0,122868.45367828,10972106369.006767
2022-01-15 09:00:00,89380.0,92270.0,88850.0,91520.0,59849.67276771,5411025397.319422
2022-01-16 09:00:00,91500.0,106250.0,90500.0,97100.0,1314123.73364837,130645088985.82536
2022-01-17 09:00:00,97080.0,102200.0,91510.0,93150.0,1174994.10395416,115055220229.0321
2022-01-18 09:00:00,93150.0,94200.0,87500.0,89240.0,364402.71947531,33005540926.893177
2022-01-19 09:00:00,89340.0,89740.0,85180.0,86610.0,158267.73407858,13820609356.915146
2022-01-20 09:00:00,86670.0,91300.0,84130.0,84420.0,154838.04101281,13597976142.850424
2022-01-21 09:00:00,84410.0,84700.0,71290.0,72690.0,261595.99071764,20635784372.807564
2022-01-22 09:00:00,72690.0,73940.0,59260.0,62190.0,355351.66728622,23104333784.41025
2022-01-23 09:00:00,62190.0,66870.0,61430.0,66850.0,189564.29733895,12146718379.78743
2022-01-24 09:00:00,66850.0,66850.0,55100.0,62620.0,425450.68300526,25158333899.51275
2022-01-25 09:00:00,62580.0,63430.0,60100.0,61850.0,185248.10044831,11419613752.299541
2022-01-26 09:00:00,61890.0,67340.0,59680.0,60840.0,469847.45187545,29952981851.69696
2022-01-27 09:00:00,60840.0,62220.0,56200.0,58660.0,523608.64803402,30965677323.125698
2022-01-28 09:00:00,58630.0,59520.0,56000.0,58830.0,838050.59861599,48341421702.16593
2022-01-29 09:00:00,58890.0,62950.0,57730.0,61150.0,1654109.30822494,99607836593.36835
2022-01-30 09:00:00,61220.0,71280.0,60320.0,66630.0,3758483.21960623,250726661191.6889
2022-01-31 09:00:00,66680.0,70300.0,61840.0,64550.0,2691548.69231601,174269297768.95667
2022-02-01 09:00:00,64550.0,67450.0,63710.0,66000.0,1791087.30960835,117563797798.41257
2022-02-02 09:00:00,66000.0,66830.0,60270.0,60700.0,1634950.91306295,104525275015.71704
2022-02-03 09:00:00,60710.0,61120.0,57210.0,59450.0,1186375.74412187,69973285505.94955
2022-02-04 09:00:00,59460.0,62900.0,58350.0,62560.0,1323883.28937296,79753615251.27443
2022-02-05 09:00:00,62560.0,73250.0,61800.0,69730.0,4752632.01479903,325895506603.48486
2022-02-06 09:00:00,69730.0,84100.0,69730.0,83600.0,8812188.19730178,684609746340.1421
2022-02-07 09:00:00,83600.0,89950.0,81500.0,83760.0,5298763.8284671,449304909190.9115
2022-02-08 09:00:00,83760.0,84330.0,75410.0,81260.0,2779770.22061091,222112526011.84204
2022-02-09 09:00:00,81260.0,82190.0,77100.0,81540.0,1347470.0777521,107795140080.90205
2022-02-10 09:00:00,81540.0,82350.0,76360.0,77450.0,1550923.04141644,123570648485.47995
2022-02-11 09:00:00,77450.0,78900.0,69280.0,72290.0,1183891.65194474,89150482247.32533
2022-02-12 09:00:00,72290.0,74850.0,68940.0,72440.0,919342.64540839,66552563230.99244
2022-02-13 09:00:00,72440.0,74200.0,70070.0,71020.0,387704.89782952,28023856036.541733
2022-02-14 09:00:00,71130.0,71410.0,67400.0,69000.0,523767.249856,36220336926.329765
2022-02-15 09:00:00,69000.0,77000.0,69000.0,76430.0,989354.63457045,72404989382.26974
2022-02-16 09:00:00,76430.0,81310.0,75030.0,77120.0,1775105.02330598,139317217484.9885
2022-02-17 09:00:00,77150.0,78210.0,68450.0,68840.0,1229523.04698877,89768355469.35728
2022-02-18 09:00:00,68840.0,71390.0,66000.0,68200.0,950953.0098757,65530549197.026695
2022-02-19 09:00:00,68220.0,69830.0,65290.0,67090.0,495318.55273189,33380897975.798985
2022-02-20 09:00:00,67090.0,67290.0,61180.0,64030.0,916326.07967411,58005430478.79883
2022-02-21 09:00:00,63910.0,68710.0,58000.0,58270.0,1499696.15705703,97405315272.99878
2022-02-22 09:00:00,58270.0,62420.0,56450.0,62100.0,991279.44873417,59095590718.403465
2022-02-23 09:00:00,62120.0,64720.0,59450.0,59660.0,796268.33390977,49607794859.34537
2022-02-24 09:00:00,59660.0,60880.0,52210.0,59770.0,1657277.47441447,92668429431.99487
2022-02-25 09:00:00,59780.0,63240.0,56550.0,62260.0,1251875.62369595,75062652051.84465
2022-02-26 09:00:00,62260.0,64220.0,61000.0,61790.0,763992.43136621,47567979906.20431
2022-02-27 09:00:00,61790.0,63530.0,58000.0,59020.0,1215428.61177064,73795389986.54228
2022-02-28 09:00:00,59020.0,68340.0,57930.0,65690.0,1471620.9122869,91742183537.05252
2022-03-01 09:00:00,65660.0,74840.0,64720.0,69310.0,2984094.06875027,208426812653.35117
2022-03-02 09:00:00,69310.0,71500.0,66350.0,67500.0,1724072.05567401,118235634131.33514
2022-03-03 09:00:00,67510.0,68140.0,63600.0,65190.0,768838.66275822,50861445210.20733
2022-03-04 09:00:00,65190.0,65580.0,61020.0,61740.0,711115.74017822,44933355015.39008
2022-03-05 09:00:00,61750.0,65400.0,60470.0,64020.0,743773.29156157,47058405479.689
2022-03-06 09:00:00,64020.0,64710.0,60550.0,60780.0,550916.48306369,34293875541.069645
2022-03-07 09:00:00,60780.0,62080.0,57310.0,57810.0,925391.68193785,54871124458.13893
2022-03-08 09:00:00,57800.0,59090.0,57200.0,57910.0,790378.61109801,45987639511.31012
2022-03-09 09:00:00,57960.0,61060.0,57720.0,59940.0,962744.46913119,57624132996.004036
2022-03-10 09:00:00,59940.0,60370.0,56400.0,58020.0,930221.38997609,53739234879.48698
2022-03-11 09:00:00,58010.0,59880.0,56500.0,57340.0,589151.98493034,34267650556.971806
2022-03-12 09:00:00,57310.0,60560.0,57160.0,58240.0,624371.97422251,36834063565.854515
2022-03-13 09:00:00,58300.0,59850.0,56520.0,56770.0,421537.21972156,24591240556.22694
2022-03-14 09:00:00,56770.0,59790.0,56050.0,59320.0,475004.57971994,27539588277.40112
2022-03-15 09:00:00,59320.0,60480.0,57380.0,58090.0,338679.0148281,19820225243.554974
2022-03-16 09:00:00,58090.0,62500.0,57610.0,61830.0,1138529.73196559,68285338177.96257
2022-03-17 09:00:00,61830.0,62500.0,60450.0,61560.0,475369.94957949,29253758969.39152
2022-03-18 09:00:00,61560.0,62380.0,59940.0,61500.0,377157.79454198,22977240331.397617
2022-03-19 09:00:00,61480.0,65910.0,61140.0,63250.0,627865.47925232,39661645500.13496
2022-03-20 09:00:00,63250.0,63980.0,60380.0,61040.0,484936.30210342,30245263698.049942
2022-03-21 09:00:00,61040.0,63400.0,60500.0,61390.0,481460.04613578,29749618989.69029
2022-03-22 09:00:00,61390.0,64970.0,61000.0,63980.0,545373.33358993,34386518201.79195
2022-03-23 09:00:00,64000.0,71450.0,62310.0,70920.0,1229306.08089932,82647008431.45456
2022-03-24 09:00:00,70900.0,85530.0,70800.0,84680.0,6625312.79708537,517058305072.4038
2022-03-25 09:00:00,84650.0,90050.0,83240.0,86870.0,4452990.97483238,386808603087.0914
2022-03-26 09:00:00,86850.0,88500.0,80560.0,81150.0,2197946.91444055,183511219849.25494
2022-03-27 09:00:00,81150.0,82150.0,78010.0,81210.0,1626050.98597179,130053379260.2888
2022-03-28 09:00:00,81220.0,86000.0,79080.0,80280.0,1655291.77807641,135629798730.08093
2022-03-29 09:00:00,80290.0,85400.0,76860.0,77940.0,1885636.83026008,153227716918.1486
2022-03-30 09:00:00,77930.0,79750.0,75180.0,78150.0,1376320.27691723,106827844522.38509
2022-03-31 09:00:00,78150.0,81990.0,75910.0,77160.0,1433894.53220386,112852919407.91742
2022-04-01 09:00:00,77160.0,81300.0,74100.0,80220.0,909406.09862022,70655728081.24734
2022-04-02 09:00:00,80300.0,92300.0,79270.0,80490.0,5200502.41445006,451864098408.6501
2022-04-03 09:00:00,80490.0,85050.0,78770.0,81320.0,1388778.88224451,113200418586.68765
2022-04-04 09:00:00,81320.0,81900.0,76100.0,78220.0,753173.98108788,59576663717.69402
2022-04-05 09:00:00,78230.0,79800.0,76000.0,76420.0,564496.50675788,43976727442.7646
2022-04-06 09:00:00,76420.0,77110.0,65600.0,66080.0,1571266.35594256,112930397996.43643
2022-04-07 09:00:00,66080.0,69490.0,64350.0,68150.0,1133567.57947926,76266308635.34135
2022-04-08 09:00:00,68150.0,68920.0,63100.0,63920.0,978955.29932823,65367412483.17072
2022-04-09 09:00:00,63890.0,65690.0,63300.0,64700.0,440121.66955114,28389101261.367226
2022-04-10 09:00:00,64700.0,64880.0,61500.0,61770.0,436961.24641287,27653551679.000324
2022-04-11 09:00:00,61770.0,61910.0,56330.0,57200.0,903207.92742354,52930308444.00374
2022-04-12 09:00:00,57260.0,61370.0,56600.0,59720.0,1050878.69659309,62600401930.16413
2022-04-13 09:00:00,59750.0,61300.0,58730.0,61000.0,478635.01586998,28815642588.968575
2022-04-14 09:00:00,61000.0,62200.0,57940.0,58860.0,564184.06993217,33977879775.121704
2022-04-15 09:00:00,58860.0,62800.0,58840.0,60140.0,894933.25112311,54094047546.22046
2022-04-16 09:00:00,60090.0,61100.0,58810.0,59410.0,324440.56805177,19457392492.84553
2022-04-17 09:00:00,59410.0,60200.0,57120.0,57470.0,330141.57177439,19461115235.832405
2022-04-18 09:00:00,57470.0,58100.0,54210.0,57700.0,588155.47867475,32854899316.924232
2022-04-19 09:00:00,57700.0,59570.0,56570.0,58850.0,496748.96598508,28953667414.861637
2022-04-20 09:00:00,58800.0,59970.0,56570.0,57500.0,569358.06785371,33352326490.00315
2022-04-21 09:00:00,57590.0,59350.0,56200.0,56510.0,539917.26519545,31291657038.59841
2022-04-22 09:00:00,56510.0,58410.0,56360.0,57800.0,452585.04778781,26037057311.167076
2022-04-23 09:00:00,57800.0,57940.0,56700.0,57060.0,174048.75495431,9973094118.76109
2022-04-24 09:00:00,57060.0,57400.0,55850.0,55910.0,172688.97747728,9779119197.341988
2022-04-25 09:00:00,55910.0,56030.0,51110.0,53950.0,596752.83883742,31659674982.09374
2022-04-26 09:00:00,53950.0,54470.0,48850.0,49710.0,598945.36977318,31021111791.258022
2022-04-27 09:00:00,49710.0,50890.0,47590.0,49530.0,485838.05639558,24005100172.162025
2022-04-28 09:00:00,49530.0,50940.0,48180.0,48580.0,541966.88197259,26712757304.788803
2022-04-29 09:00:00,48580.0,49320.0,43670.0,44350.0,979181.16896656,44800922388.555145
2022-04-30 09:00:00,44370.0,44780.0,37240.0,38140.0,999258.90050857,41431765836.891304
2022-05-01 09:00:00,38150.0,41940.0,36000.0,40840.0,1995830.69142844,79472267806.78111
2022-05-02 09:00:00,40830.0,41490.0,38240.0,38900.0,778268.95811626,30810353868.223057
2022-05-03 09:00:00,38910.0,39590.0,37250.0,37790.0,652918.15142586,25206042531.177418
2022-05-04 09:00:00,37790.0,43080.0,36030.0,42540.0,1303859.42996385,51301770184.715416
2022-05-05 09:00:00,42540.0,44830.0,36810.0,37850.0,1673059.98994192,68722902397.95543
2022-05-06 09:00:00,37850.0,38160.0,35750.0,37350.0,701559.10171946,25895042344.511272
2022-05-07 09:00:00,37350.0,38450.0,35930.0,37550.0,581201.07746415,21740418587.22865
2022-05-08 09:00:00,37550.0,41310.0,36410.0,39970.0,2456578.2108619,96489277853.9693
2022-05-09 09:00:00,39970.0,41710.0,34470.0,34630.0,2776572.09248972,107555714368.88
2022-05-10 09:00:00,34590.0,37550.0,31980.0,32890.0,2522678.90320078,88238621107.91048
2022-05-11 09:00:00,32890.0,34520.0,24050.0,27260.0,4585397.47133719,136148041584.67886
2022-05-12 09:00:00,27260.0,33800.0,24180.0,26540.0,7201093.59962769,211632517099.9333
2022-05-13 09:00:00,26540.0,32980.0,26540.0,28360.0,5014025.99707256,148235835051.2528
2022-05-14 09:00:00,28350.0,30870.0,26600.0,29500.0,2351137.57628521,68056667038.91143
2022-05-15 09:00:00,29420.0,31340.0,28010.0,31310.0,1882260.39450306,55571547860.90398
2022-05-16 09:00:00,31310.0,31910.0,27390.0,27910.0,1580067.89878363,46117973679.359314
2022-05-17 09:00:00,27970.0,29400.0,27320.0,28870.0,1528625.18930347,43575556155.91291
2022-05-18 09:00:00,28870.0,29350.0,26750.0,27890.0,1922403.98753393,53813767056.74786
2022-05-19 09:00:00,27890.0,28450.0,25540.0,28030.0,3288075.08884187,88877312872.57468
2022-05-20 09:00:00,28010.0,28280.0,26280.0,26880.0,1876251.20372177,51495832112.105125
2022-05-21 09:00:00,26910.0,27450.0,26150.0,27150.0,920966.84607394,24662297662.168144
2022-05-22 09:00:00,27150.0,28060.0,26810.0,27920.0,1221828.29998686,33507532911.618492
2022-05-23 09:00:00,27910.0,30450.0,26500.0,27020.0,3462220.47048887,100835227507.85448
2022-05-24 09:00:00,27010.0,27790.0,25650.0,27190.0,1006049.22797865,26912104435.22679
2022-05-25 09:00:00,27190.0,27280.0,25970.0,26880.0,880806.10766698,23510779183.87972
2022-05-26 09:00:00,26880.0,28130.0,24110.0,25210.0,1628446.65688162,42882593912.230446
2022-05-27 09:00:00,25190.0,25580.0,22940.0,23600.0,1211702.12853395,28868557713.77673
2022-05-28 09:00:00,23560.0,23950.0,23030.0,23690.0,507806.01335504,11948115378.289045
2022-05-29 09:00:00,23680.0,23790.0,22550.0,23540.0,1037712.76928036,23988292925.967514
2022-05-30 09:00:00,23530.0,30670.0,23110.0,29890.0,4615475.45292902,125493257971.36087
2022-05-31 09:00:00,29890.0,35260.0,28500.0,30140.0,12892223.4441288,418009079914.22375
2022-06-01 09:00:00,30140.0,30250.0,26180.0,26630.0,4928454.23217426,139778079744.48535
2022-06-02 09:00:00,26650.0,27090.0,25080.0,26580.0,1976193.57278803,51058135681.38449
2022-06-03 09:00:00,26560.0,27140.0,24770.0,25460.0,1359191.1173576,35204381809.654655
2022-06-04 09:00:00,25480.0,27290.0,25460.0,26180.0,2570156.10932493,67568167713.78697
2022-06-05 09:00:00,26180.0,26290.0,25200.0,25570.0,974775.35116414,24867994662.211826
2022-06-06 09:00:00,25580.0,28700.0,25350.0,26070.0,3162026.32413556,85253508864.37537
2022-06-07 09:00:00,26080.0,26100.0,24400.0,25050.0,1608495.86294615,40234366046.53027
2022-06-08 09:00:00,25030.0,25360.0,24450.0,24880.0,1032650.90764525,25693576985.544815
2022-06-09 09:00:00,24850.0,25290.0,24560.0,24690.0,556015.70148661,13821522438.520306
2022-06-10 09:00:00,24680.0,24930.0,23100.0,23380.0,1085104.57292741,26075221173.19887
2022-06-11 09:00:00,23380.0,24270.0,20840.0,21400.0,1455807.33649185,32593795520.950092
2022-06-12 09:00:00,21410.0,21460.0,18860.0,18960.0,1766961.04832473,35282812728.280426
2022-06-13 09:00:00,18960.0,19300.0,16170.0,17570.0,3604884.21561739,62399841233.356964
2022-06-14 09:00:00,17560.0,19850.0,16160.0,18350.0,5009840.14285182,92512035675.74097
2022-06-15 09:00:00,18340.0,20500.0,16660.0,20400.0,3357993.92246119,61242369068.90102
2022-06-16 09:00:00,20420.0,21250.0,17460.0,17930.0,3125090.41582072,60108533317.550255
2022-06-17 09:00:00,17950.0,18590.0,17510.0,18350.0,1670730.70271405,30378233604.345726
2022-06-18 09:00:00,18360.0,18560.0,16200.0,17100.0,2108113.20628389,36253042475.256454
2022-06-19 09:00:00,17080.0,18410.0,16460.0,17880.0,1715432.39372832,29670377934.364033
2022-06-20 09:00:00,17880.0,19650.0,17010.0,18770.0,2359990.14705971,43332854141.4501
2022-06-21 09:00:00,18800.0,20760.0,18310.0,19410.0,2811013.12444487,54854975153.446556
2022-06-22 09:00:00,19400.0,19760.0,18160.0,18410.0,2040192.18453092,38426678377.89841
2022-06-23 09:00:00,18410.0,19300.0,18380.0,19090.0,1768012.90240143,33460794028.59349
2022-06-24 09:00:00,19110.0,23060.0,19060.0,22280.0,11166321.49373812,242068983915.79822
2022-06-25 09:00:00,22270.0,24200.0,21830.0,23090.0,9595586.42627359,222833421809.49847
2022-06-26 09:00:00,23070.0,23370.0,21060.0,21190.0,3351888.92340338,75374924664.16615
2022-06-27 09:00:00,21190.0,21870.0,20250.0,20750.0,2279814.33665688,48073299570.491714
2022-06-28 09:00:00,20750.0,21790.0,19890.0,20100.0,2142650.15669388,44156282390.90668
2022-06-29 09:00:00,20090.0,20800.0,19010.0,19540.0,1479432.47916442,29195891266.403675
2022-06-30 09:00:00,19530.0,19570.0,17630.0,19090.0,1547284.93597174,28518451399.6624
2022-07-01 09:00:00,19090.0,19560.0,18120.0,18670.0,1568413.22299677,29442389420.922108
2022-07-02 09:00:00,18680.0,18750.0,17950.0,18490.0,809428.14822324,14784594927.899773
2022-07-03 09:00:00,18490.0,19120.0,18010.0,18690.0,723703.00980068,13354550120.5185
2022-07-04 09:00:00,18700.0,19650.0,18150.0,19420.0,1657586.81687238,31273520874.71097
2022-07-05 09:00:00,19440.0,20390.0,18470.0,19080.0,2703413.90788854,52604727096.19579
2022-07-06 09:00:00,19070.0,19670.0,18500.0,19440.0,1503918.14767263,28681919391.408913
2022-07-07 09:00:00,19440.0,20180.0,19130.0,19950.0,1837517.54031027,36119842331.97109
2022-07-08 09:00:00,19960.0,20410.0,19110.0,19440.0,1735304.26143506,34219575567.018322
2022-07-09 09:00:00,19450.0,20340.0,19430.0,19790.0,2101019.65347163,42030631427.52683
2022-07-10 09:00:00,19790.0,19820.0,18750.0,18910.0,983069.39196131,18886048263.07535
2022-07-11 09:00:00,18940.0,19030.0,17670.0,17930.0,883271.51837766,16257337539.85668
2022-07-12 09:00:00,17930.0,17950.0,17100.0,17160.0,926532.44474202,16299906362.711382
2022-07-13 09:00:00,17160.0,17680.0,16430.0,17650.0,1209607.16428917,20730512317.557304
2022-07-14 09:00:00,17650.0,18470.0,17320.0,18380.0,1952163.14007214,34969028952.772255
2022-07-15 09:00:00,18380.0,18770.0,18210.0,18480.0,1655980.44232429,30540476457.885986
2022-07-16 09:00:00,18480.0,19020.0,18010.0,18860.0,988845.50760211,18311600120.307514
2022-07-17 09:00:00,18860.0,19830.0,18560.0,19190.0,2012509.75479735,38444772380.17208
2022-07-18 09:00:00,19170.0,21540.0,18950.0,21370.0,4208598.28035687,86130595618.43098
2022-07-19 09:00:00,21370.0,23000.0,20700.0,22130.0,5003991.95355974,109436518816.4823
2022-07-20 09:00:00,22130.0,23050.0,20310.0,20500.0,3072983.1061849,67493325049.04008
2022-07-21 09:00:00,20500.0,20970.0,19580.0,20720.0,1669006.303657,33837489752.95242
2022-07-22 09:00:00,20720.0,21790.0,20000.0,20380.0,2284456.6919368,48089252536.602905
2022-07-23 09:00:00,20350.0,24280.0,20120.0,24160.0,9846426.53203065,222166425497.58853
2022-07-24 09:00:00,24160.0,25000.0,22470.0,22830.0,6368845.26042849,151448227257.49423
2022-07-25 09:00:00,22810.0,23690.0,20540.0,20590.0,4436095.69107608,97311400532.89616
2022-07-26 09:00:00,20590.0,20980.0,19390.0,20170.0,2030630.55074511,40693911844.61341
2022-07-27 09:00:00,20170.0,22310.0,19720.0,22070.0,2650692.12441955,54864837779.70387
2022-07-28 09:00:00,22030.0,22860.0,21220.0,22510.0,3533338.45779766,77940878890.38873
2022-07-29 09:00:00,22500.0,25670.0,22440.0,24160.0,12507591.97918513,304558482382.6067
2022-07-30 09:00:00,24160.0,27170.0,24120.0,25270.0,11048099.29931141,284523641357.1652
2022-07-31 09:00:00,25270.0,25290.0,23740.0,23830.0,3796634.96274675,93363703856.49675
2022-08-01 09:00:00,23820.0,24540.0,23010.0,23620.0,2902940.48799557,68609013195.84707
2022-08-02 09:00:00,23610.0,23740.0,22080.0,23060.0,1979010.42136813,45220876979.75431
2022-08-03 09:00:00,23060.0,23940.0,22280.0,23170.0,1583011.39174528,36938633674.2977
2022-08-04 09:00:00,23170.0,24460.0,22900.0,23800.0,2453694.1659949,57805433260.1963
2022-08-05 09:00:00,23800.0,24490.0,23520.0,24380.0,2130009.77744868,51196075723.50417
2022-08-06 09:00:00,24370.0,24400.0,23800.0,23910.0,899204.56317969,21701869639.230667
2022-08-07 09:00:00,23910.0,25080.0,23730.0,24500.0,3371353.1073545,82571957384.6571
2022-08-08 09:00:00,24490.0,25450.0,24410.0,24670.0,2337310.13164645,58074320299.894035
2022-08-09 09:00:00,24670.0,24760.0,23160.0,23610.0,1879259.93399041,45149430283.500626
2022-08-10 09:00:00,23610.0,24580.0,22970.0,24440.0,1836273.42591042,43996935239.176544
2022-08-11 09:00:00,24440.0,25160.0,24260.0,24500.0,1995114.36775461,49314784146.733604
2022-08-12 09:00:00,24500.0,25070.0,24030.0,24740.0,1591317.77037986,39041506644.046036
2022-08-13 09:00:00,24730.0,26470.0,24540.0,25680.0,4432796.2585106,114277644474.5162
2022-08-14 09:00:00,25700.0,26580.0,24610.0,24940.0,2837497.98623215,72958126409.66835
2022-08-15 09:00:00,24930.0,25430.0,24150.0,24470.0,1609960.56342586,39852132654.11876
2022-08-16 09:00:00,24510.0,25450.0,23920.0,24200.0,1607036.62281932,39414557374.51532
2022-08-17 09:00:00,24200.0,24500.0,22800.0,23040.0,1740786.22747629,41117843238.64511
2022-08-18 09:00:00,23040.0,23260.0,22150.0,22220.0,1055585.14293031,24117988504.58647
2022-08-19 09:00:00,22210.0,22230.0,19200.0,19570.0,2890726.44481212,59363957421.44861
2022-08-20 09:00:00,19590.0,20280.0,18870.0,19660.0,1200084.81429351,23750387469.98518
2022-08-21 09:00:00,19640.0,19980.0,19210.0,19820.0,877117.74925165,17235729260.707127
2022-08-22 09:00:00,19830.0,19890.0,18610.0,19490.0,1194268.94815837,22855053427.721584
2022-08-23 09:00:00,19490.0,20230.0,18790.0,19970.0,1262071.31440112,24754775431.61822
2022-08-24 09:00:00,19970.0,20380.0,19510.0,19810.0,1133494.90073224,22592677672.372868
2022-08-25 09:00:00,19810.0,20250.0,19690.0,20010.0,832041.37078099,16586696529.288002
2022-08-26 09:00:00,20010.0,20180.0,18080.0,18400.0,1786970.98032202,34519586408.516556
2022-08-27 09:00:00,18400.0,19300.0,18000.0,19060.0,837114.73847386,15601754778.00518
2022-08-28 09:00:00,19060.0,19260.0,18190.0,18300.0,541386.568639,10236764584.086498
2022-08-29 09:00:00,18300.0,19090.0,18030.0,18950.0,713669.04561858,13221430416.84254
2022-08-30 09:00:00,18950.0,19310.0,18190.0,19080.0,849792.82133394,16029450490.59826
2022-08-31 09:00:00,19080.0,20030.0,19080.0,19410.0,1587259.58845602,31071616467.798546
2022-09-01 09:00:00,19400.0,19520.0,18700.0,19220.0,645354.76633939,12319901402.752485
2022-09-02 09:00:00,19220.0,19850.0,18920.0,19380.0,660665.82487042,12773985322.668987
2022-09-03 09:00:00,19390.0,21280.0,19270.0,20980.0,2981325.64121288,61450617171.95293
2022-09-04 09:00:00,20980.0,21330.0,19950.0,20080.0,2257695.18670192,46042298951.33674
2022-09-05 09:00:00,20070.0,20290.0,19150.0,19710.0,1400156.99667715,27542263047.67088
2022-09-06 09:00:00,19710.0,20000.0,18290.0,18450.0,1589669.4321088,30782027814.53598
2022-09-07 09:00:00,18450.0,19100.0,18090.0,18820.0,676875.06118939,12559403730.26343
2022-09-08 09:00:00,18820.0,19610.0,18650.0,19240.0,1057771.78844127,20202854303.09307
2022-09-09 09:00:00,19240.0,20880.0,19140.0,20200.0,3383676.66124579,68558572712.68234
2022-09-10 09:00:00,20200.0,20540.0,19700.0,20160.0,1193453.41160558,24013423707.532696
2022-09-11 09:00:00,20170.0,20280.0,19490.0,20020.0,835337.06981083,16661156833.817356
2022-09-12 09:00:00,20020.0,20490.0,19460.0,19660.0,1455051.65612163,29038551680.854816
2022-09-13 09:00:00,19660.0,19860.0,18380.0,18540.0,1786816.25988778,34097848556.937065
2022-09-14 09:00:00,18530.0,18830.0,18350.0,18770.0,730084.80005942,13599989221.11514
2022-09-15 09:00:00,18770.0,18820.0,18130.0,18320.0,736369.03129537,13594629011.15423
2022-09-16 09:00:00,18330.0,18370.0,17770.0,18120.0,744091.18738356,13451137756.173706
2022-09-17 09:00:00,18120.0,18500.0,18040.0,18400.0,403511.01525833,7351582353.814345
2022-09-18 09:00:00,18420.0,18670.0,16810.0,17090.0,825699.11886637,14701191594.07584
2022-09-19 09:00:00,17080.0,17440.0,16550.0,17350.0,884229.56893894,15038101564.496048
2022-09-20 09:00:00,17350.0,18480.0,17070.0,17550.0,2691212.71151649,47887392699.60067
2022-09-21 09:00:00,17580.0,18310.0,16820.0,16960.0,1300157.44114081,22590172869.67931
2022-09-22 09:00:00,16960.0,17720.0,16850.0,17580.0,1012516.84183389,17496779482.833652
2022-09-23 09:00:00,17570.0,19280.0,17470.0,18790.0,3112763.82754689,57123546964.55662
2022-09-24 09:00:00,18790.0,19690.0,18200.0,18320.0,2006239.81856081,38432113836.69097
2022-09-25 09:00:00,18320.0,18680.0,17700.0,17860.0,768273.01618255,14005877402.468765
2022-09-26 09:00:00,17850.0,17980.0,17470.0,17930.0,655256.60136377,11629849812.826338
2022-09-27 09:00:00,17920.0,18370.0,17510.0,17810.0,817024.7014665,14779486875.653723
2022-09-28 09:00:00,17810.0,18190.0,17150.0,17980.0,564382.76562174,9949954811.612715
2022-09-29 09:00:00,17980.0,18230.0,17610.0,18190.0,466367.56713885,8357371938.001231
2022-09-30 09:00:00,18180.0,18440.0,17930.0,18110.0,525400.25099781,9557739884.028904
2022-10-01 09:00:00,18110.0,18380.0,18010.0,18150.0,248502.49705798,4523344436.723718
2022-10-02 09:00:00,18130.0,18190.0,17570.0,17650.0,267339.61881702,4777855834.393062
2022-10-03 09:00:00,17660.0,18370.0,17500.0,18270.0,274287.48581063,4918656680.857236
2022-10-04 09:00:00,18290.0,18590.0,18170.0,18510.0,415349.42014762,7613514689.209946
2022-10-05 09:00:00,18510.0,18650.0,17960.0,18200.0,312747.91028797,5710415828.768453
2022-10-06 09:00:00,18200.0,18450.0,18010.0,18090.0,310100.06897473,5665666577.970327
2022-10-07 09:00:00,18060.0,18140.0,17660.0,17770.0,415209.85616247,7406933398.6044
2022-10-08 09:00:00,17760.0,17890.0,17600.0,17690.0,238994.9152489,4249561447.5873346
2022-10-09 09:00:00,17690.0,17890.0,17580.0,17690.0,206330.21057476,3659309619.478337
2022-10-10 09:00:00,17690.0,17970.0,17140.0,17140.0,327642.53357055,5755928184.578712
2022-10-11 09:00:00,17140.0,17180.0,16500.0,16620.0,508441.66171283,8513807875.761047
2022-10-12 09:00:00,16620.0,16810.0,16460.0,16580.0,300442.48641494,4987977700.244508
2022-10-13 09:00:00,16580.0,16590.0,14570.0,15930.0,1405599.68995628,21735337467.81018
2022-10-14 09:00:00,15920.0,16460.0,15340.0,15620.0,555651.8184086,8908062360.573866
2022-10-15 09:00:00,15610.0,15930.0,15510.0,15640.0,389077.72649276,6107961444.535648
2022-10-16 09:00:00,15640.0,16070.0,15620.0,15850.0,291045.57318962,4619014415.094041
2022-10-17 09:00:00,15860.0,16120.0,15620.0,16090.0,415663.67243438,6603569357.721313
2022-10-18 09:00:00,16070.0,16170.0,15510.0,15720.0,587760.61727259,9322647732.326717
2022-10-19 09:00:00,15720.0,15750.0,14610.0,14720.0,807410.04671651,12173339263.802595
2022-10-20 09:00:00,14700.0,14760.0,13730.0,13870.0,1640042.84680033,23346790961.905064
2022-10-21 09:00:00,13870.0,13880.0,12540.0,13090.0,5117261.25569984,66725328097.62381
2022-10-22 09:00:00,13090.0,13440.0,12720.0,12930.0,3798002.38644074,49437578157.187195
2022-10-23 09:00:00,12930.0,12990.0,12510.0,12930.0,2704526.62821917,34434814063.72624
2022-10-24 09:00:00,12930.0,12940.0,11840.0,12100.0,3651684.43915294,45007107570.62934
2022-10-25 09:00:00,12100.0,13470.0,11980.0,12840.0,11784001.06307961,151714045951.5582
2022-10-26 09:00:00,12830.0,13430.0,12710.0,12840.0,4242523.3379139,55089574992.682045
2022-10-27 09:00:00,12850.0,13430.0,12680.0,12720.0,3373782.76366817,43914630833.71283
2022-10-28 09:00:00,12710.0,12950.0,12340.0,12820.0,2137079.34620853,27025791770.554794
2022-10-29 09:00:00,12810.0,13260.0,12790.0,13020.0,2586492.58390462,33680942141.008266
2022-10-30 09:00:00,13030.0,14400.0,12810.0,13030.0,6548954.36662562,89455529663.28258
2022-10-31 09:00:00,13030.0,13070.0,12660.0,12960.0,2073308.66600787,26693948603.063683
2022-11-01 09:00:00,12950.0,12990.0,12680.0,12800.0,1115662.08773293,14345199770.639277
2022-11-02 09:00:00,12800.0,12850.0,12070.0,12320.0,1584886.26766478,19797160962.28118
2022-11-03 09:00:00,12320.0,12780.0,12240.0,12500.0,1171765.77965086,14689633302.892641
2022-11-04 09:00:00,12500.0,13950.0,12430.0,13450.0,2470340.3300032,32319672582.4551
2022-11-05 09:00:00,13450.0,16370.0,13440.0,14930.0,20616306.66442298,316332396410.3611
2022-11-06 09:00:00,14910.0,15310.0,13720.0,13870.0,4055376.57566965,59667068696.1034
2022-11-07 09:00:00,13870.0,14610.0,13450.0,13750.0,2787395.5653505,39100529237.89384
2022-11-08 09:00:00,13750.0,14500.0,10470.0,11500.0,6272100.85167431,81523010173.50502
2022-11-09 09:00:00,11470.0,11640.0,8260.0,8655.0,4729596.85250456,47853917643.24683
2022-11-10 09:00:00,8660.0,10510.0,8580.0,10370.0,6813591.97153857,67018407698.1654
2022-11-11 09:00:00,10370.0,10550.0,9145.0,9695.0,2408142.30176137,23642337941.627842
2022-11-12 09:00:00,9710.0,9765.0,8990.0,9095.0,1207004.68612306,11192965380.39802
2022-11-13 09:00:00,9095.0,13270.0,8565.0,9700.0,19517244.83509121,211512491838.5028
2022-11-14 09:00:00,9695.0,10560.0,9375.0,9935.0,16339902.36153442,162573055698.70245
2022-11-15 09:00:00,9935.0,10110.0,9690.0,9970.0,3522221.5667224,34943269129.36633
2022-11-16 09:00:00,9975.0,10020.0,9485.0,9750.0,2450357.26285004,24031744817.990078
2022-11-17 09:00:00,9745.0,10060.0,9550.0,9900.0,2700494.81739043,26563244744.25103
2022-11-18 09:00:00,9895.0,10010.0,9725.0,9950.0,1643073.7157394,16268045651.997208
2022-11-19 09:00:00,9950.0,9960.0,9615.0,9880.0,1390232.0256098,13602769772.408413
2022-11-20 09:00:00,9885.0,9920.0,9115.0,9205.0,2122407.01415182,20414467469.55233
2022-11-21 09:00:00,9205.0,9205.0,8635.0,8900.0,1955463.40760516,17407274364.781075
2022-11-22 09:00:00,8900.0,9800.0,8610.0,9545.0,4271373.62616731,39306846061.32714
2022-11-23 09:00:00,9545.0,9675.0,9325.0,9620.0,1916725.63091913,18237622488.797653
2022-11-24 09:00:00,9620.0,9630.0,8980.0,9285.0,1364997.89454642,12740057952.375053
2022-11-25 09:00:00,9285.0,9305.0,8950.0,9140.0,722666.18587843,6569998795.412569
2022-11-26 09:00:00,9140.0,9295.0,9075.0,9155.0,843713.50511805,7747147122.758076
2022-11-27 09:00:00,9150.0,9530.0,9085.0,9200.0,1990002.84553651,18602692404.039036
2022-11-28 09:00:00,9185.0,9455.0,8875.0,9050.0,1500143.99932106,13634225953.897203
2022-11-29 09:00:00,9045.0,9455.0,8910.0,9235.0,1079885.9931112,9968567733.68982
2022-11-30 09:00:00,9235.0,9540.0,9115.0,9490.0,1520108.75487007,14220048652.676605
2022-12-01 09:00:00,9490.0,9515.0,9195.0,9275.0,799496.26894161,7456427078.997418
2022-12-02 09:00:00,9275.0,9515.0,9040.0,9420.0,1425158.52569864,13251830320.771544
2022-12-03 09:00:00,9420.0,9440.0,9060.0,9110.0,601267.62235971,5562260160.460941
2022-12-04 09:00:00,9110.0,9300.0,9075.0,9215.0,620547.39250731,5676999648.729121
2022-12-05 09:00:00,9215.0,12770.0,9210.0,11800.0,32087526.48097316,355281609544.14606
2022-12-06 09:00:00,11810.0,12960.0,11020.0,11700.0,27628517.2347603,330377287681.2919
2022-12-07 09:00:00,11700.0,12320.0,10900.0,11310.0,15028090.43119063,175655343102.58377
2022-12-08 09:00:00,11310.0,11370.0,10620.0,11010.0,7514865.0434588,82640560531.05908
2022-12-09 09:00:00,10980.0,11070.0,10470.0,10680.0,2595413.22857889,27876654115.65844
2022-12-10 09:00:00,10680.0,11610.0,10480.0,11040.0,10324600.29090526,115518524479.90857
2022-12-11 09:00:00,11040.0,11120.0,10550.0,10710.0,3065734.01579364,33462009730.638348
2022-12-12 09:00:00,10710.0,10740.0,10000.0,10270.0,2302620.50212467,23639627502.35313
2022-12-13 09:00:00,10270.0,10290.0,9570.0,10050.0,3384318.84613086,33705834682.067326
2022-12-14 09:00:00,10050.0,10680.0,9850.0,10130.0,4208750.81141041,43514231123.25679
2022-12-15 09:00:00,10130.0,10200.0,9865.0,9895.0,1487229.96529633,14845312183.492289
2022-12-16 09:00:00,9885.0,10090.0,8710.0,8955.0,2626044.70479994,25026427796.9877
2022-12-17 09:00:00,8955.0,9255.0,8665.0,9200.0,2359764.04434064,21227274499.834282
2022-12-18 09:00:00,9195.0,9210.0,8965.0,9070.0,933470.14410715,8464054508.119469
2022-12-19 09:00:00,9070.0,9460.0,8370.0,8645.0,2881510.3840021,26079555221.22016
2022-12-20 09:00:00,8650.0,9145.0,8630.0,9065.0,2780166.04922758,24762929379.659786
2022-12-21 09:00:00,9070.0,9110.0,8810.0,8920.0,1329713.01965152,11890033888.279295
2022-12-22 09:00:00,8920.0,9645.0,8665.0,9160.0,5302857.11337248,48731308611.13351
2022-12-23 09:00:00,9160.0,9370.0,9055.0,9235.0,1900332.32558077,17408909674.516697
2022-12-24 09:00:00,9235.0,9345.0,9070.0,9125.0,930057.88935385,8545874228.117932
2022-12-25 09:00:00,9120.0,9180.0,8840.0,8935.0,935796.61839682,8419737430.922688
2022-12-26 09:00:00,8935.0,9015.0,8675.0,8850.0,1103546.64247478,9743915875.700348
2022-12-27 09:00:00,8850.0,8875.0,8425.0,8560.0,1147518.53136586,9891727059.64027
2022-12-28 09:00:00,8560.0,8605.0,7850.0,8015.0,2222878.6199162,18072004031.10128
2022-12-29 09:00:00,8010.0,8070.0,7480.0,7885.0,2443968.81542108,19151359289.25117
2022-12-30 09:00:00,7880.0,7895.0,7385.0,7605.0,2338484.0410167,17700890682.879627
2022-12-31 09:00:00,7605.0,7760.0,7520.0,7695.0,1191327.54344957,9113391778.448652
2023-01-01 09:00:00,7695.0,8250.0,7570.0,8035.0,1831029.67399517,14389377924.050756
2023-01-02 09:00:00,8035.0,8275.0,7745.0,8120.0,2252501.51553406,18156898443.41565
2023-01-03 09:00:00,8120.0,8400.0,8105.0,8340.0,3181960.3906249,26225535102.392284
2023-01-04 09:00:00,8335.0,8670.0,8300.0,8515.0,2745028.95772138,23327908774.42173
2023-01-05 09:00:00,8520.0,9175.0,8440.0,8665.0,6501148.47240976,57376288847.956085
2023-01-06 09:00:00,8650.0,8720.0,8225.0,8670.0,1895715.3241001,16075700922.796295
2023-01-07 09:00:00,8670.0,9085.0,8600.0,8780.0,3663570.06455664,32527852838.767715
2023-01-08 09:00:00,8780.0,9180.0,8580.0,9115.0,2215080.98261335,19600328828.009087
2023-01-09 09:00:00,9120.0,9870.0,9075.0,9230.0,4743737.15685104,44393433003.2628
2023-01-10 09:00:00,9230.0,9525.0,9000.0,9425.0,2229815.22496836,20724435247.659973
2023-01-11 09:00:00,9415.0,9455.0,9005.0,9415.0,1530854.866862,14107625189.145685
2023-01-12 09:00:00,9415.0,10300.0,9315.0,9970.0,9564573.42607183,94510324075.33461
2023-01-13 09:00:00,9975.0,11660.0,9775.0,11290.0,5999472.92489254,63230766170.81874
2023-01-14 09:00:00,11290.0,12690.0,10500.0,11560.0,13950329.49705895,161095836956.62653
2023-01-15 09:00:00,11550.0,11680.0,10750.0,11510.0,5160345.91950078,58019678835.47911
2023-01-16 09:00:00,11520.0,11790.0,10650.0,11160.0,4429972.71991157,50000967828.34402
2023-01-17 09:00:00,11160.0,11420.0,10740.0,10980.0,2809558.93958218,31261857586.52086
2023-01-18 09:00:00,10990.0,11180.0,9930.0,10010.0,3941048.9865284,41684492903.16771
2023-01-19 09:00:00,10000.0,10830.0,9995.0,10360.0,2649273.35780241,27280890390.05338
2023-01-20 09:00:00,10350.0,11280.0,10200.0,11220.0,2628555.7753387,28027369759.710144
2023-01-21 09:00:00,11220.0,12120.0,11000.0,11120.0,6261992.58003636,72474978233.37881
2023-01-22 09:00:00,11150.0,15930.0,11120.0,15890.0,41965809.74919267,568293375065.0511
2023-01-23 09:00:00,15900.0,17470.0,15000.0,15240.0,39879752.93328113,647741953664.5947
2023-01-24 09:00:00,15240.0,15670.0,13560.0,13950.0,14958027.03533299,222744972159.6682
2023-01-25 09:00:00,13940.0,15300.0,13530.0,14630.0,15432588.94126794,221460201270.21692
2023-01-26 09:00:00,14630.0,15610.0,14240.0,14870.0,14176036.56205463,212787800259.89572
2023-01-27 09:00:00,14870.0,15070.0,13800.0,14450.0,4685025.28191087,67154733993.628845
2023-01-28 09:00:00,14460.0,15470.0,14200.0,14460.0,7235620.43955865,107291182256.49023
2023-01-29 09:00:00,14460.0,15490.0,14220.0,15230.0,6950622.24179257,103823919525.28557
2023-01-30 09:00:00,15240.0,15450.0,13230.0,13720.0,5479562.38310028,78479594669.47083
2023-01-31 09:00:00,13720.0,13850.0,13060.0,13720.0,3053183.79974921,41101581981.306435
2023-02-01 09:00:00,13720.0,14310.0,12840.0,14240.0,3947099.75073719,53528541095.037384
2023-02-02 09:00:00,14250.0,14930.0,14000.0,14100.0,3371926.76369991,48398978831.44922
2023-02-03 09:00:00,14110.0,14600.0,13820.0,14370.0,2403348.11443521,33995080359.651253
2023-02-04 09:00:00,14380.0,14800.0,14130.0,14380.0,1826317.01996641,26267199856.88596
2023-02-05 09:00:00,14380.0,14940.0,13340.0,13800.0,3369570.13476045,47890175781.334564
2023-02-06 09:00:00,13810.0,14350.0,13540.0,13720.0,1913463.41510898,26509134786.37529
2023-02-07 09:00:00,13740.0,14830.0,13570.0,14790.0,2583389.75920005,36665030417.24046
2023-02-08 09:00:00,14790.0,15810.0,14450.0,15190.0,6623538.33734469,100100230208.7939
2023-02-09 09:00:00,15200.0,15950.0,13170.0,13320.0,6363629.66881282,92939066560.20415
2023-02-10 09:00:00,13320.0,13460.0,12780.0,13170.0,2918448.62661729,38244813222.1249
2023-02-11 09:00:00,13170.0,13550.0,13050.0,13430.0,1342496.35679721,17840823526.36913
2023-02-12 09:00:00,13420.0,13440.0,12640.0,12880.0,1413886.52836576,18591880432.308346
2023-02-13 09:00:00,12880.0,12930.0,11920.0,12470.0,2549841.597653,31527770662.501797
2023-02-14 09:00:00,12460.0,12950.0,12020.0,12930.0,2738590.78059966,34319769653.3918
2023-02-15 09:00:00,12930.0,13880.0,12680.0,13820.0,2647414.38422875,34837624719.09781
2023-02-16 09:00:00,13820.0,14350.0,13080.0,13120.0,3612578.13916156,50229972273.40815
2023-02-17 09:00:00,13140.0,13890.0,13010.0,13760.0,2025235.44236993,27392764872.262142
2023-02-18 09:00:00,13750.0,14750.0,13700.0,14070.0,4082675.77586776,58169408071.78381
2023-02-19 09:00:00,14090.0,14390.0,13820.0,14150.0,2851914.24530322,40260214601.70302
2023-02-20 09:00:00,14150.0,14640.0,13550.0,14430.0,3850329.33502657,55021898212.478645
2023-02-21 09:00:00,14440.0,14960.0,13720.0,14060.0,3903212.57195545,55997842005.34277
2023-02-22 09:00:00,14070.0,14130.0,13220.0,13850.0,2055709.88148186,27981113897.418884
2023-02-23 09:00:00,13850.0,14080.0,13480.0,13830.0,1987519.75481323,27430135369.276855
2023-02-24 09:00:00,13830.0,13870.0,13080.0,13370.0,1823094.63548878,24734947839.684856
2023-02-25 09:00:00,13360.0,13740.0,12710.0,13140.0,1689209.99131963,22235253837.613457
2023-02-26 09:00:00,13140.0,13320.0,12940.0,13290.0,704603.34079242,9248897239.479279
2023-02-27 09:00:00,13290.0,13600.0,13020.0,13300.0,1927800.8341414,25710678273.757263
2023-02-28 09:00:00,13300.0,13310.0,13080.0,13150.0,344152.07762814,4534694898.003827
