2020-06-04 09:00:00,2.7,3.15,2.69,3.05,587853687.2536236,1695306091.31686
2020-06-05 09:00:00,3.05,3.21,2.84,2.91,243729378.4942359,731078201.164366
2020-06-06 09:00:00,2.91,3.01,2.8,2.95,97258521.68494102,278420977.100086
2020-06-07 09:00:00,2.95,2.97,2.73,2.87,139779779.31370544,396611155.1434865
2020-06-08 09:00:00,2.87,2.94,2.79,2.86,134830317.78258845,388267904.46152633
2020-06-09 09:00:00,2.86,3.07,2.78,3.04,98582791.56259724,286574833.18456835
2020-06-10 09:00:00,3.04,3.15,2.96,3.06,131753954.33556071,402204404.0941008
2020-06-11 09:00:00,3.04,3.27,2.59,2.64,259166529.00517786,783416273.485317
2020-06-12 09:00:00,2.65,2.95,2.61,2.87,85882898.27933453,242465588.4991053
2020-06-13 09:00:00,2.89,3.05,2.81,2.98,89589493.35349117,263915746.6107489
2020-06-14 09:00:00,2.98,3.01,2.77,2.81,66531539.73586676,191822082.7405847
2020-06-15 09:00:00,2.81,2.86,2.46,2.75,194608466.2430151,506289949.3542301
2020-06-16 09:00:00,2.76,2.87,2.65,2.87,83078462.64700267,229519264.4446256
2020-06-17 09:00:00,2.87,3.04,2.8,2.94,95813812.8221256,276693802.30397266
2020-06-18 09:00:00,2.96,3.38,2.91,3.09,650440888.2106767,2043922094.2612455
2020-06-19 09:00:00,3.08,3.14,2.87,2.99,141398107.5102005,420142937.4841586
2020-06-20 09:00:00,2.99,4.24,2.99,3.77,2167329312.5448,8053988733.69123
2020-06-21 09:00:00,3.78,3.86,3.36,3.4,336519683.691637,1216218884.0035121
2020-06-22 09:00:00,3.41,3.8,3.24,3.38,392073277.8086067,1358100149.9716992
2020-06-23 09:00:00,3.36,3.9,3.24,3.61,461720674.0342357,1662795533.065221
2020-06-24 09:00:00,3.61,3.79,3.42,3.45,121264073.05927645,434653967.6258121
2020-06-25 09:00:00,3.44,3.81,3.26,3.58,236126798.58369803,842427429.3157219
2020-06-26 09:00:00,3.58,3.77,3.45,3.64,134381179.0676854,485446399.6465753
2020-06-27 09:00:00,3.58,3.65,3.34,3.42,84852497.13009474,295936621.16169876
2020-06-28 09:00:00,3.42,3.7,3.2,3.6,182241762.7848923,624159756.4093794
2020-06-29 09:00:00,3.61,4.48,3.49,3.93,831189558.8858932,3325632494.601589
2020-06-30 09:00:00,3.93,4.36,3.89,4.06,892847841.0332749,3651895991.4927897
2020-07-01 09:00:00,4.06,4.07,3.8,3.97,202811079.43039185,798675408.9433638
2020-07-02 09:00:00,3.99,4.17,3.71,3.84,194212908.20086494,781188645.4439489
2020-07-03 09:00:00,3.84,4.47,3.76,4.29,145567591.52533218,584165001.7458142
2020-07-04 09:00:00,4.26,4.52,4.01,4.38,185675139.6418949,798085923.0193446
2020-07-05 09:00:00,4.38,4.61,3.97,4.04,168741357.48971486,707635277.6651918
2020-07-06 09:00:00,4.04,4.25,3.92,4.08,118271082.14744708,477463414.1743626
2020-07-07 09:00:00,4.08,4.29,3.96,4.07,152911015.31712046,628876876.7081115
2020-07-08 09:00:00,4.08,4.18,3.9,4.11,142199810.2326788,569450152.6710252
2020-07-09 09:00:00,4.11,4.15,3.88,3.96,145727769.07590514,585017480.0024184
2020-07-10 09:00:00,3.96,5.1,3.81,4.92,379150908.895738,1701311165.7159314
2020-07-11 09:00:00,4.92,5.62,4.5,4.82,754175987.9332082,3825749483.9427238
2020-07-12 09:00:00,4.82,5.22,4.7,5.05,501577127.08095646,2491759976.890013
2020-07-13 09:00:00,5.04,6.8,4.61,5.99,1609349775.8070319,9382793873.97348
2020-07-14 09:00:00,5.99,8.04,5.95,7.68,3375007587.687681,23781786614.384373
2020-07-15 09:00:00,7.67,8.99,6.86,8.21,2086498107.267069,16359211959.783318
2020-07-16 09:00:00,8.22,8.35,6.85,7.02,921732473.7499111,6943977089.644443
2020-07-17 09:00:00,7.02,7.52,6.89,6.97,532382681.26420194,3826063867.5363045
2020-07-18 09:00:00,6.95,7.98,6.63,7.71,501286820.0483299,3688605142.3206315
2020-07-19 09:00:00,7.71,7.87,7.16,7.26,283835650.284272,2119699973.111546
2020-07-20 09:00:00,7.26,8.29,7.05,7.7,447997775.69184434,3451714402.1827273
2020-07-21 09:00:00,7.7,8.21,7.34,7.69,185183328.8818498,1426903255.6414137
2020-07-22 09:00:00,7.67,9.42,7.61,8.95,844358176.8590766,7451202212.687208
2020-07-23 09:00:00,8.95,9.23,8.46,8.72,425418002.52356064,3774526931.856258
2020-07-24 09:00:00,8.72,8.82,7.52,7.8,192154053.75685698,1583794540.4277062
2020-07-25 09:00:00,7.79,8.38,7.61,7.77,221171502.25521237,1770768329.5512772
2020-07-26 09:00:00,7.8,7.91,7.05,7.52,199642360.25723553,1484032822.7688193
2020-07-27 09:00:00,7.52,7.53,6.38,6.79,232480730.86779547,1632040514.4757156
2020-07-28 09:00:00,6.74,7.14,6.42,7.02,198010675.41235027,1342593608.9435532
2020-07-29 09:00:00,7.02,7.4,6.85,7.12,142748468.83107018,1021225162.1908199
2020-07-30 09:00:00,7.18,7.18,6.74,6.91,58599452.41945145,405915104.2291964
2020-07-31 09:00:00,6.91,7.9,6.7,6.9,338979730.01386696,2419793698.7742457
2020-08-01 09:00:00,6.89,6.97,6.35,6.5,149490897.0899614,993822947.232078
2020-08-02 09:00:00,6.55,6.55,5.73,6.11,147716716.60529697,922393653.5881696
2020-08-03 09:00:00,6.17,7.57,6.11,6.91,535063885.6657457,3763143042.6299953
2020-08-04 09:00:00,6.94,7.17,6.69,6.9,112028985.70387205,779472161.0039557
2020-08-05 09:00:00,6.9,7.9,6.68,7.84,93694395.75098917,670430733.3118646
2020-08-06 09:00:00,7.76,10.2,7.64,9.4,623430468.9688845,5454312485.440223
2020-08-07 09:00:00,9.39,10.0,8.36,9.63,541859347.2942657,4987840649.341756
2020-08-08 09:00:00,9.63,11.8,9.61,11.7,1446668297.5703423,15560982758.2337
2020-08-09 09:00:00,11.7,16.5,10.7,15.7,1489249056.1320488,18819472553.013035
2020-08-10 09:00:00,15.7,21.6,13.6,19.4,2617549345.8128095,47940124413.18874
2020-08-11 09:00:00,19.5,19.7,15.3,16.2,787450849.6295222,13463735363.694427
2020-08-12 09:00:00,16.1,18.6,14.4,17.2,1041102618.334261,17704919849.837273
2020-08-13 09:00:00,17.2,17.9,15.3,15.6,384642007.31701446,6349350385.5052805
2020-08-14 09:00:00,15.6,16.6,14.9,15.6,202785597.49813226,3152835686.2151327
2020-08-15 09:00:00,15.7,15.9,14.6,15.1,196379423.7982348,2971301436.846424
2020-08-16 09:00:00,15.0,18.0,14.8,16.4,580102103.1006567,9655291137.040775
2020-08-17 09:00:00,16.4,18.4,15.8,17.1,604126097.0304472,10542148846.527044
2020-08-18 09:00:00,17.2,17.9,15.5,16.0,226651090.741072,3818481825.4489007
2020-08-19 09:00:00,16.0,16.8,13.7,14.5,348226672.19986916,5422276084.408494
2020-08-20 09:00:00,14.4,15.4,14.0,15.1,208399427.11849898,3063730439.253408
2020-08-21 09:00:00,15.1,15.8,13.8,13.8,247591463.8668188,3707219145.7595506
2020-08-22 09:00:00,14.0,14.8,13.3,14.6,114554190.3265155,1620878374.4452827
2020-08-23 09:00:00,14.6,16.1,14.3,15.6,171656987.90437874,2611503909.638961
2020-08-24 09:00:00,15.5,16.6,15.3,16.1,106540833.015777,1704017177.9988997
2020-08-25 09:00:00,16.1,16.1,13.8,14.5,149544866.3146722,2208511689.8872123
2020-08-26 09:00:00,14.5,15.3,14.0,15.0,85889947.33108354,1243296612.7674754
2020-08-27 09:00:00,15.0,15.1,13.6,14.1,84976464.3691298,1225733381.8652287
2020-08-28 09:00:00,14.1,15.5,13.8,15.1,86193632.14239025,1272350016.737637
2020-08-29 09:00:00,14.9,15.9,14.8,15.3,93600247.36996746,1434935138.2642686
2020-08-30 09:00:00,15.3,17.3,14.8,17.3,153724528.77559668,2453073824.0602474
2020-08-31 09:00:00,17.3,17.4,15.6,15.9,328125573.93252236,5342093051.038323
2020-09-01 09:00:00,15.9,15.9,15.0,15.4,149086560.76043764,2288102635.9302025
2020-09-02 09:00:00,15.3,16.1,13.6,14.3,256755030.3861944,3807146474.2332487
2020-09-03 09:00:00,14.3,14.4,10.6,10.8,569893893.3341118,7004770173.423621
2020-09-04 09:00:00,10.8,11.2,9.6,10.9,443942649.0576362,4569139835.97313
2020-09-05 09:00:00,10.9,11.4,8.68,9.29,322032660.1303961,3272954892.5912523
2020-09-06 09:00:00,9.28,10.7,8.15,9.96,406354491.25264686,3873010157.1906767
2020-09-07 09:00:00,9.97,10.2,8.59,9.84,197502591.84775463,1866448861.823319
2020-09-08 09:00:00,9.87,10.1,8.81,9.07,237280112.9930242,2183663852.360793
2020-09-09 09:00:00,9.07,9.86,8.64,9.29,179801930.12857568,1659204346.0765264
2020-09-10 09:00:00,9.29,10.6,9.26,10.1,377567939.6383145,3781411339.993321
2020-09-11 09:00:00,10.1,10.4,9.5,9.9,153012408.1344351,1509043100.5285642
2020-09-12 09:00:00,9.9,10.2,9.61,9.97,91539350.78031974,905153596.0444504
2020-09-13 09:00:00,9.95,10.3,8.85,9.21,159776464.74518976,1536959302.9795723
2020-09-14 09:00:00,9.21,9.63,8.93,9.09,124660398.58072269,1149960864.915237
2020-09-15 09:00:00,9.12,9.12,8.11,8.18,145673070.34930527,1263237940.2730138
2020-09-16 09:00:00,8.17,8.19,7.48,7.84,171273303.23121703,1316674242.183996
2020-09-17 09:00:00,7.82,8.24,7.57,8.07,115894834.51405348,910029010.5796336
2020-09-18 09:00:00,8.07,8.08,7.23,7.36,122617815.21051139,945890154.9530016
2020-09-19 09:00:00,7.35,7.77,7.32,7.42,123510404.03730153,924624032.8527977
2020-09-20 09:00:00,7.42,7.65,7.1,7.23,135491069.30694482,1005085974.4866097
2020-09-21 09:00:00,7.22,7.32,5.97,6.18,235367567.72392324,1511073237.819577
2020-09-22 09:00:00,6.17,6.37,5.81,6.23,116162199.2716478,710028535.7668488
2020-09-23 09:00:00,6.25,6.29,5.27,5.44,98740830.53751104,575334123.2647046
2020-09-24 09:00:00,5.44,7.39,5.33,6.94,345586174.3334484,2202051293.0407944
2020-09-25 09:00:00,6.94,8.15,6.52,7.23,664697932.0217626,4898958689.685871
2020-09-26 09:00:00,7.23,8.68,7.14,8.16,1070631206.5700663,8680468125.308008
2020-09-27 09:00:00,8.16,8.73,7.65,8.02,553857037.8637693,4559988576.849597
2020-09-28 09:00:00,8.02,8.11,7.58,7.68,214515321.0103585,1678163610.4286523
2020-09-29 09:00:00,7.68,9.57,7.61,9.43,590770643.4569237,5071992706.702266
2020-09-30 09:00:00,9.43,9.7,8.72,9.1,359018624.0890523,3304024298.387327
2020-10-01 09:00:00,9.12,9.6,8.55,8.83,167551442.27281412,1531380052.9685311
2020-10-02 09:00:00,8.83,9.57,8.09,8.55,443884625.80568457,3961966288.1467524
2020-10-03 09:00:00,8.56,8.82,8.37,8.57,145884861.81386954,1257321037.2367423
2020-10-04 09:00:00,8.57,8.72,8.3,8.51,67719195.22059043,576115023.1125327
2020-10-05 09:00:00,8.51,8.53,8.02,8.23,125069884.3199349,1027846903.889959
2020-10-06 09:00:00,8.23,8.29,6.81,6.91,280741272.2739906,2077067556.603813
2020-10-07 09:00:00,6.91,7.33,6.43,7.31,294740724.02191854,2003891071.8503208
2020-10-08 09:00:00,7.31,8.65,6.88,7.65,775291544.6173412,5781641014.124694
2020-10-09 09:00:00,7.65,8.56,7.34,7.85,623326887.1810272,4895590622.727175
2020-10-10 09:00:00,7.86,8.07,7.73,7.9,137150803.0749354,1087369654.1601894
2020-10-11 09:00:00,7.93,7.93,7.46,7.58,139588464.87692514,1068546201.0152165
2020-10-12 09:00:00,7.6,8.77,7.53,8.15,318633586.58504313,2557128007.704544
2020-10-13 09:00:00,8.16,10.4,7.95,9.16,1562578401.0789561,14613256813.73302
2020-10-14 09:00:00,9.16,10.5,9.01,9.61,1419739558.811799,13906552326.872139
2020-10-15 09:00:00,9.6,9.8,8.7,8.94,687788612.4884996,6275754672.487806
2020-10-16 09:00:00,8.94,9.3,8.4,8.65,411303573.1341775,3645356966.8988237
2020-10-17 09:00:00,8.65,9.5,8.65,9.17,476554010.9439358,4353910315.9633465
2020-10-18 09:00:00,9.18,10.2,9.13,9.96,513056132.99875283,5010473855.825516
2020-10-19 09:00:00,9.96,9.99,9.23,9.4,313257457.5779002,2984045065.828456
2020-10-20 09:00:00,9.42,9.85,8.61,9.01,310834744.4087364,2884336973.5959573
2020-10-21 09:00:00,9.04,9.63,8.84,9.23,435910381.46445394,4036398126.7480373
2020-10-22 09:00:00,9.23,12.9,9.23,12.1,1027763876.7935305,11393058735.876938
2020-10-23 09:00:00,12.0,12.5,10.4,10.9,832733346.9398212,9298784723.449188
2020-10-24 09:00:00,11.0,11.9,10.7,11.0,321645886.81043345,3653218571.338904
2020-10-25 09:00:00,11.1,11.3,10.3,11.1,221110114.76651758,2373601778.14307
2020-10-26 09:00:00,11.1,11.1,9.93,10.5,158052605.88360664,1644593427.473989
2020-10-27 09:00:00,10.5,10.8,9.61,10.1,280247432.62354773,2801830135.2465606
2020-10-28 09:00:00,10.1,10.3,8.92,9.2,308926535.2705407,2923938245.160116
2020-10-29 09:00:00,9.17,9.18,8.18,8.36,262440814.6532489,2267238529.9406614
2020-10-30 09:00:00,8.36,8.48,7.3,7.83,492414603.80695707,3765915868.4699607
2020-10-31 09:00:00,7.83,8.45,7.64,8.12,428935288.98004794,3492334967.0227914
2020-11-01 09:00:00,8.12,8.29,7.9,8.26,171912650.076748,1388891221.2816916
2020-11-02 09:00:00,8.26,8.41,7.79,8.05,168314902.51790273,1372965089.0020828
2020-11-03 09:00:00,8.05,8.05,7.25,7.56,194862605.9465204,1455365190.4717884
2020-11-04 09:00:00,7.54,8.47,7.31,8.14,367395637.12473303,2873315711.59061
2020-11-05 09:00:00,8.14,9.83,8.14,9.59,1121868054.8204236,10311788091.193977
2020-11-06 09:00:00,9.59,10.5,9.33,10.3,541749416.7080452,5387961551.506684
2020-11-07 09:00:00,10.3,11.3,8.92,9.34,333261610.5310994,3436854885.6735597
2020-11-08 09:00:00,9.34,9.94,9.24,9.71,233688469.55496278,2248234876.960409
2020-11-09 09:00:00,9.71,9.93,9.0,9.44,234887215.77936706,2220052057.1152935
2020-11-10 09:00:00,9.44,10.4,9.21,10.4,306373782.3192189,2995554992.3448834
2020-11-11 09:00:00,10.4,10.5,9.42,9.52,240730777.51073664,2406357184.353598
2020-11-12 09:00:00,9.53,9.7,8.64,8.84,163768742.99382666,1497517236.5031278
2020-11-13 09:00:00,8.87,9.95,8.82,9.43,449254056.9134232,4264363092.293705
2020-11-14 09:00:00,9.43,9.62,9.03,9.58,198207871.0355412,1835785944.5881069
2020-11-15 09:00:00,9.57,9.6,8.96,9.14,168408860.54702285,1576755455.3297834
2020-11-16 09:00:00,9.13,9.32,9.0,9.22,157576362.12488696,1443929500.3574991
2020-11-17 09:00:00,9.22,9.44,9.08,9.28,169320723.4323692,1566957424.6725004
2020-11-18 09:00:00,9.28,9.4,8.6,8.99,228568080.06613743,2041078871.6664937
2020-11-19 09:00:00,9.0,9.44,8.56,9.31,183005223.79676425,1647650792.248805
2020-11-20 09:00:00,9.31,11.2,9.09,10.7,646062527.6875678,6703970555.556603
2020-11-21 09:00:00,10.8,11.9,9.94,10.3,528954535.2365199,5635713080.468674
2020-11-22 09:00:00,10.4,10.6,9.31,10.2,227369821.66525123,2273682971.4378767
2020-11-23 09:00:00,10.2,10.7,9.9,10.5,201234295.3097998,2083723483.449746
2020-11-24 09:00:00,10.4,12.0,10.3,11.2,274340989.74862,3006370662.9735274
2020-11-25 09:00:00,11.1,13.7,10.7,11.4,419394144.41018254,5096387617.204349
2020-11-26 09:00:00,11.5,11.9,9.03,10.0,285338697.8398375,2918541392.901687
2020-11-27 09:00:00,10.0,10.4,9.4,9.92,115812444.71127282,1148526786.65978
2020-11-28 09:00:00,9.92,10.7,9.63,10.5,193454343.2806354,1985561947.8380053
2020-11-29 09:00:00,10.5,10.6,10.1,10.3,103137554.07258613,1072013298.1801529
2020-11-30 09:00:00,10.4,10.6,9.95,10.5,156594190.86960864,1605592536.58756
2020-12-01 09:00:00,10.5,11.7,10.0,10.5,496110179.8317128,5326146377.2318125
2020-12-02 09:00:00,10.5,11.7,10.3,10.9,463361005.3340638,4997055504.996499
2020-12-03 09:00:00,10.9,11.0,10.4,10.6,162942232.87097666,1732365405.2903416
2020-12-04 09:00:00,10.6,10.8,9.75,9.86,226403187.51169205,2306629706.625018
2020-12-05 09:00:00,9.89,10.3,9.67,9.99,97109635.08841686,970023697.5716442
2020-12-06 09:00:00,10.0,10.1,9.7,9.83,79340325.26551807,782264882.9964232
2020-12-07 09:00:00,9.8,10.2,9.78,10.1,222600921.86643782,2225873398.003359
2020-12-08 09:00:00,10.1,10.1,9.1,9.13,153820891.00048316,1478924734.33146
2020-12-09 09:00:00,9.13,9.39,8.47,9.35,164373034.1036198,1483810029.7578518
2020-12-10 09:00:00,9.35,9.37,8.88,9.12,78172962.36252213,710812788.410498
2020-12-11 09:00:00,9.12,9.15,8.57,8.6,87087402.97684115,767726099.3615075
2020-12-12 09:00:00,8.61,9.68,8.61,9.23,178898422.54766387,1647571044.352213
2020-12-13 09:00:00,9.25,9.76,9.21,9.53,539439777.2105967,5137600055.538348
2020-12-14 09:00:00,9.51,9.61,9.15,9.45,147055672.84422854,1378227416.066714
2020-12-15 09:00:00,9.43,11.6,9.33,11.3,1840217943.2138252,20000401678.929306
2020-12-16 09:00:00,11.3,11.7,10.0,10.6,1010698549.0798283,10697428916.984772
2020-12-17 09:00:00,10.6,10.7,9.83,10.1,472706191.42068505,4817062172.121279
2020-12-18 09:00:00,10.0,14.0,9.89,12.1,5653965868.244053,68783178435.31168
2020-12-19 09:00:00,12.1,13.3,11.7,12.2,1946168816.4427595,23806959537.035603
2020-12-20 09:00:00,12.3,12.7,11.7,12.4,1250999551.373428,15267715488.7704
2020-12-21 09:00:00,12.5,13.4,10.8,12.5,1480076445.0269585,17996350940.21188
2020-12-22 09:00:00,12.5,13.0,11.0,12.1,1172479693.7305717,14207248638.187376
2020-12-23 09:00:00,12.1,12.1,9.68,10.2,777005403.5147066,8356246241.648285
2020-12-24 09:00:00,10.1,10.4,8.73,10.3,872922342.1295172,8307865301.003963
2020-12-25 09:00:00,10.4,10.4,9.18,9.67,556852256.795352,5461770113.685028
2020-12-26 09:00:00,9.67,9.75,9.18,9.41,472672381.96927404,4435394808.846103
2020-12-27 09:00:00,9.41,10.7,9.2,10.1,1038023536.1467117,10268138735.845573
2020-12-28 09:00:00,10.1,10.2,9.66,9.92,277374697.65197587,2742405407.324501
2020-12-29 09:00:00,9.94,10.1,9.23,9.5,248790339.8989893,2374492592.8467927
2020-12-30 09:00:00,9.5,9.52,9.05,9.17,167914434.87339127,1557002949.6559122
2020-12-31 09:00:00,9.17,9.86,8.89,9.73,273019615.0124149,2498267562.1959524
2021-01-01 09:00:00,9.79,10.1,9.25,9.82,477553569.8177658,4605177039.850606
2021-01-02 09:00:00,9.81,9.81,9.33,9.5,237629649.218263,2262303216.0117483
2021-01-03 09:00:00,9.49,9.85,9.21,9.8,429738756.9966084,4084828785.5793414
2021-01-04 09:00:00,9.81,10.4,8.98,9.57,435603532.24792427,4245742008.8863616
2021-01-05 09:00:00,9.56,9.7,9.1,9.54,282553498.699219,2670629326.105198
2021-01-06 09:00:00,9.55,10.3,9.47,10.2,556451131.5484929,5441407032.222496
2021-01-07 09:00:00,10.2,10.7,9.6,10.5,517315364.913445,5214106704.912502
2021-01-08 09:00:00,10.5,10.5,9.54,10.3,397291484.3006554,4009745005.8266845
2021-01-09 09:00:00,10.4,11.6,10.2,10.9,766912753.6786104,8360687156.169418
2021-01-10 09:00:00,10.9,11.3,9.65,10.4,617652648.241024,6479129739.224563
2021-01-11 09:00:00,10.4,10.5,8.34,9.34,365457742.6060861,3412601673.036299
2021-01-12 09:00:00,9.32,9.76,8.8,9.15,224647880.5898668,2081125702.168878
2021-01-13 09:00:00,9.18,9.69,8.88,9.57,152209271.34763783,1407971593.7878208
2021-01-14 09:00:00,9.56,9.69,9.2,9.61,236977428.5482429,2251257166.9821186
2021-01-15 09:00:00,9.61,9.95,9.12,9.87,274657279.47732633,2616255300.1423473
2021-01-16 09:00:00,9.88,10.4,9.68,10.0,338394279.22815925,3397581102.4650645
2021-01-17 09:00:00,10.0,11.4,9.5,10.6,518539609.0888419,5382425377.391181
2021-01-18 09:00:00,10.6,11.4,10.4,10.7,697371445.6490867,7594038903.989008
2021-01-19 09:00:00,10.6,10.7,10.2,10.4,233832223.79286492,2447134165.5782814
2021-01-20 09:00:00,10.4,16.8,9.8,14.9,2073644359.9303758,28800545100.890923
2021-01-21 09:00:00,15.0,15.7,11.5,11.8,3514501951.2963076,47229936579.00281
2021-01-22 09:00:00,11.8,12.6,9.97,12.0,1109137123.3300636,12438579377.741693
2021-01-23 09:00:00,12.0,12.1,10.8,11.6,498348584.0377396,5720252598.287533
2021-01-24 09:00:00,11.6,12.7,11.2,12.5,444411478.3743945,5248737881.34684
2021-01-25 09:00:00,12.5,12.9,11.8,12.1,433824576.13197505,5379010627.682006
2021-01-26 09:00:00,12.1,12.2,11.1,11.6,234349283.80046186,2715175209.8077736
2021-01-27 09:00:00,11.6,11.7,10.5,11.2,198318476.11516097,2214494568.110266
2021-01-28 09:00:00,11.2,15.1,11.0,13.1,737610836.7558402,9455338246.582388
2021-01-29 09:00:00,13.2,16.8,13.1,13.7,1804032579.277337,26498625434.255978
2021-01-30 09:00:00,13.8,14.7,12.8,13.0,342266426.4670097,4660354338.42642
2021-01-31 09:00:00,13.0,14.2,12.5,12.8,355435433.08401954,4730684496.7279625
2021-02-01 09:00:00,12.8,13.2,12.2,12.9,223545202.65563384,2824096492.150753
2021-02-02 09:00:00,12.9,14.4,12.8,13.8,231896625.56834546,3140254385.088754
2021-02-03 09:00:00,13.8,16.4,13.3,15.0,457086881.5831728,6798407816.324796
2021-02-04 09:00:00,15.0,24.4,14.5,18.1,2251457807.0130744,43525694314.17798
2021-02-05 09:00:00,18.2,19.8,17.4,18.3,990331382.1094369,18183825475.470016
2021-02-06 09:00:00,18.3,18.3,16.4,17.1,336545112.7683825,5782341056.7258
2021-02-07 09:00:00,17.1,19.5,15.8,18.7,572690504.4781243,10259020158.788725
2021-02-08 09:00:00,18.7,21.0,17.9,19.1,400589219.0503708,7717099880.693852
2021-02-09 09:00:00,19.1,22.7,19.0,20.9,847048361.9889597,17396270468.794586
2021-02-10 09:00:00,20.9,21.5,17.0,20.1,405689840.05122054,8227494566.04008
2021-02-11 09:00:00,20.1,23.9,19.1,23.1,382304867.5001242,8130252550.416946
2021-02-12 09:00:00,23.1,25.0,21.1,24.1,274598853.85551804,6415066478.757674
2021-02-13 09:00:00,24.1,29.7,24.0,26.5,732542924.1583033,19651919279.577335
2021-02-14 09:00:00,26.5,30.8,23.0,29.2,565082872.1006677,15441422776.072779
2021-02-15 09:00:00,29.2,33.0,24.9,28.8,806007655.2650307,24197419579.574467
2021-02-16 09:00:00,29.0,31.4,27.8,29.0,207369417.0261372,6132233997.175913
2021-02-17 09:00:00,29.1,29.9,26.2,28.6,300617676.79572946,8493279945.052306
2021-02-18 09:00:00,28.6,32.3,28.5,31.3,403928693.05931324,12408227628.773558
2021-02-19 09:00:00,31.3,38.0,30.0,33.0,612659817.0828325,19845579345.031986
2021-02-20 09:00:00,33.0,35.4,30.1,31.4,395454664.86030906,13197273235.02887
2021-02-21 09:00:00,31.4,32.7,29.8,32.2,243756038.49395296,7713815945.98373
2021-02-22 09:00:00,32.3,72.7,32.3,36.3,7333246187.445012,305547594347.88226
2021-02-23 09:00:00,36.2,36.4,20.5,27.5,1230714614.1978288,33981988209.29545
2021-02-24 09:00:00,27.5,33.9,25.0,32.2,991804437.0717942,28780168628.672318
2021-02-25 09:00:00,32.2,36.7,29.8,30.5,975890032.8515434,33073616558.33242
2021-02-26 09:00:00,30.5,32.1,27.2,30.7,552654865.8376716,16454361324.036661
2021-02-27 09:00:00,30.8,34.4,29.6,32.5,563924002.1934562,17895362670.2879
2021-02-28 09:00:00,32.6,41.4,27.5,30.2,1249234771.7363312,41466797969.36945
2021-03-01 09:00:00,30.1,34.2,29.3,34.2,541010756.1687759,17191992565.2853
2021-03-02 09:00:00,34.2,35.2,31.7,33.9,479094908.1462186,15854005224.704813
2021-03-03 09:00:00,33.9,37.7,32.7,37.2,871064122.3735484,30836437199.55943
2021-03-04 09:00:00,37.2,42.9,35.9,41.5,1459551542.6647193,57785145300.90449
2021-03-05 09:00:00,41.6,41.6,37.8,39.2,774711217.4210795,30308554074.199886
2021-03-06 09:00:00,39.2,40.1,35.3,38.1,523125542.4409054,19745956782.77167
2021-03-07 09:00:00,38.1,42.8,36.4,40.3,924867817.9060785,36745477908.591064
2021-03-08 09:00:00,40.3,45.8,38.3,44.4,1604452595.6540995,68270156555.17324
2021-03-09 09:00:00,44.5,47.8,43.5,46.8,1172854887.4537103,53153511324.5584
2021-03-10 09:00:00,46.8,53.0,41.0,47.8,1130347877.3516858,52130500975.700775
2021-03-11 09:00:00,47.9,53.4,46.5,51.3,1009377260.3784968,49999522842.732834
2021-03-12 09:00:00,51.3,83.8,51.1,72.2,4606614877.379092,308878320182.3205
2021-03-13 09:00:00,72.2,104.0,72.0,76.7,4401860981.108129,389136876726.4858
2021-03-14 09:00:00,76.7,87.5,68.1,78.9,1256979534.4411025,95476378122.23828
2021-03-15 09:00:00,79.0,87.4,68.9,80.1,1261228577.784556,99832931392.60672
2021-03-16 09:00:00,80.0,95.3,72.8,86.1,1391379805.6717,117177514656.63094
2021-03-17 09:00:00,86.3,86.6,69.0,80.5,766620401.801719,59691016616.240005
2021-03-18 09:00:00,80.6,82.5,75.5,77.7,455399105.15286,35333086436.71876
2021-03-19 09:00:00,77.5,88.0,75.3,86.9,1012216027.6489077,83487266972.9229
2021-03-20 09:00:00,87.0,101.0,78.6,81.4,1562447683.0268679,145754412123.04175
2021-03-21 09:00:00,81.4,93.3,79.0,88.6,691599018.4851867,59329088610.01901
2021-03-22 09:00:00,88.9,92.3,80.9,83.2,504018608.8309064,44294026171.485054
2021-03-23 09:00:00,83.2,148.0,80.9,123.0,3766967764.0453043,423400514055.4151
2021-03-24 09:00:00,123.0,129.0,101.0,105.0,1192362284.6669188,140700492470.71713
2021-03-25 09:00:00,106.0,156.0,97.3,144.0,3221164818.9018073,407891844665.1645
2021-03-26 09:00:00,145.0,184.0,136.0,160.0,2934039135.250197,454823214857.77924
2021-03-27 09:00:00,159.0,236.0,154.0,227.0,4012196579.991628,758956935326.5518
2021-03-28 09:00:00,227.0,285.0,198.0,201.0,2792334661.427337,640346689971.2986
2021-03-29 09:00:00,202.0,224.0,190.0,197.0,1306017766.3119645,267537218047.23154
2021-03-30 09:00:00,197.0,210.0,193.0,201.0,693409090.4589044,138670316511.7885
2021-03-31 09:00:00,200.0,200.0,182.0,192.0,458051084.85641325,87938416825.495
2021-04-01 09:00:00,192.0,219.0,188.0,200.0,985552647.8161757,196997946468.57278
2021-04-02 09:00:00,200.0,235.0,196.0,212.0,942432191.1146331,203819176646.48334
2021-04-03 09:00:00,213.0,227.0,189.0,193.0,651196728.2391429,138426855143.8238
2021-04-04 09:00:00,192.0,211.0,187.0,206.0,377064582.23080826,76343727796.7358
2021-04-05 09:00:00,205.0,218.0,198.0,209.0,531842292.98566663,110413892358.64119
2021-04-06 09:00:00,209.0,210.0,187.0,202.0,307379000.8794477,61281958485.15004
2021-04-07 09:00:00,202.0,204.0,117.0,177.0,433934631.9912374,75689037035.07903
2021-04-08 09:00:00,178.0,201.0,171.0,200.0,225002475.6930628,42593623663.43045
2021-04-09 09:00:00,200.0,219.0,187.0,206.0,313516331.64855707,64336330053.93016
2021-04-10 09:00:00,206.0,213.0,192.0,197.0,187957085.05813703,37886683792.21794
2021-04-11 09:00:00,197.0,198.0,179.0,192.0,137876557.25103682,26247831141.860878
2021-04-12 09:00:00,193.0,214.0,190.0,209.0,435149330.14319783,87896515097.40405
2021-04-13 09:00:00,209.0,216.0,195.0,209.0,374777898.57626337,76780296253.91594
2021-04-14 09:00:00,210.0,211.0,190.0,200.0,326853126.7322938,65665370323.584
2021-04-15 09:00:00,200.0,218.0,195.0,218.0,317701249.3471048,64865982126.60984
2021-04-16 09:00:00,218.0,275.0,202.0,240.0,1819261991.979991,426955627123.51764
2021-04-17 09:00:00,240.0,262.0,226.0,241.0,602959520.6294782,146221433053.65216
2021-04-18 09:00:00,242.0,251.0,200.0,222.0,523158368.48414785,114519003824.70178
2021-04-19 09:00:00,222.0,224.0,190.0,193.0,277499809.03622764,57978660373.81243
2021-04-20 09:00:00,193.0,197.0,166.0,191.0,311527795.72700757,56555917429.968575
2021-04-21 09:00:00,191.0,199.0,183.0,187.0,122858118.08886684,23560774511.170506
2021-04-22 09:00:00,187.0,192.0,142.0,152.0,184202674.2341376,31595841058.680492
2021-04-23 09:00:00,154.0,164.0,101.0,162.0,332983116.22219014,47449582452.34637
2021-04-24 09:00:00,164.0,166.0,150.0,152.0,74777663.48410535,11821154789.845766
2021-04-25 09:00:00,151.0,170.0,137.0,154.0,116394747.25484629,18078532787.583168
2021-04-26 09:00:00,154.0,174.0,150.0,172.0,136136875.53128344,22289881161.072918
2021-04-27 09:00:00,173.0,188.0,166.0,181.0,130336226.19641869,23222492725.356285
2021-04-28 09:00:00,181.0,214.0,179.0,202.0,833986541.0223082,165965477481.29318
2021-04-29 09:00:00,202.0,203.0,188.0,195.0,133454599.43088819,26119208674.447323
2021-04-30 09:00:00,195.0,210.0,192.0,209.0,108424877.8041225,21493191915.51701
2021-05-01 09:00:00,209.0,225.0,207.0,213.0,209016717.42305508,45012762912.926414
2021-05-02 09:00:00,212.0,213.0,200.0,208.0,78890234.05858786,16273469294.76897
2021-05-03 09:00:00,208.0,219.0,206.0,210.0,139102740.99401376,29449233575.537815
2021-05-04 09:00:00,209.0,228.0,191.0,194.0,318555772.099926,66497078132.3732
2021-05-05 09:00:00,193.0,202.0,191.0,196.0,134305798.34364948,26411102126.494328
2021-05-06 09:00:00,197.0,206.0,191.0,194.0,181100325.46668112,35992232488.05996
2021-05-07 09:00:00,195.0,202.0,186.0,195.0,188074049.70684615,36646422145.88565
2021-05-08 09:00:00,195.0,200.0,192.0,196.0,81162399.74336381,15899202773.653946
2021-05-09 09:00:00,197.0,198.0,191.0,195.0,76629844.45921183,14881655813.635748
2021-05-10 09:00:00,194.0,198.0,180.0,182.0,100251724.39003916,19259987016.07303
2021-05-11 09:00:00,182.0,195.0,176.0,195.0,86822532.73457885,16110191074.596933
2021-05-12 09:00:00,195.0,197.0,164.0,168.0,95514544.07664429,17942622752.41021
2021-05-13 09:00:00,169.0,187.0,154.0,171.0,144714089.81949458,24729131062.526413
2021-05-14 09:00:00,172.0,179.0,168.0,177.0,50576290.68821476,8763137570.672705
2021-05-15 09:00:00,177.0,179.0,164.0,167.0,53023687.31133568,9091679591.369858
2021-05-16 09:00:00,168.0,188.0,164.0,174.0,89311434.63094506,15814207715.60178
2021-05-17 09:00:00,174.0,176.0,150.0,165.0,51905250.43085854,8444668155.928829
2021-05-18 09:00:00,165.0,202.0,162.0,193.0,129098060.55625033,24001868120.179226
2021-05-19 09:00:00,194.0,202.0,94.3,150.0,216767358.1281572,35747260173.53382
2021-05-20 09:00:00,151.0,164.0,133.0,159.0,83389487.50016534,12511525135.317884
2021-05-21 09:00:00,159.0,178.0,139.0,160.0,164107746.04398018,26592506318.8691
2021-05-22 09:00:00,160.0,173.0,129.0,142.0,98746522.61635023,14455822335.537119
2021-05-23 09:00:00,142.0,145.0,99.5,125.0,109183143.38050382,13586016785.4606
2021-05-24 09:00:00,125.0,138.0,115.0,137.0,121280423.25419728,15547515445.129866
2021-05-25 09:00:00,137.0,144.0,124.0,131.0,78421076.56069279,10310270806.10334
2021-05-26 09:00:00,130.0,141.0,127.0,138.0,72134616.50207646,9683957302.690214
2021-05-27 09:00:00,137.0,142.0,129.0,133.0,88589782.33888431,11923833571.449081
2021-05-28 09:00:00,133.0,135.0,116.0,124.0,72254160.64211449,9003116950.753443
2021-05-29 09:00:00,123.0,126.0,110.0,117.0,35932479.79622027,4282109820.5621347
2021-05-30 09:00:00,117.0,126.0,107.0,121.0,56630093.213991,6745876928.438985
2021-05-31 09:00:00,122.0,127.0,115.0,124.0,36633752.58014875,4483838169.990535
2021-06-01 09:00:00,125.0,131.0,123.0,127.0,79069545.43154477,10047798917.263607
2021-06-02 09:00:00,126.0,128.0,123.0,126.0,52453243.66191566,6562028798.741356
2021-06-03 09:00:00,126.0,133.0,123.0,129.0,54965679.22429501,7081494032.654683
2021-06-04 09:00:00,130.0,130.0,116.0,119.0,48509263.83377345,5893528472.469172
2021-06-05 09:00:00,119.0,124.0,116.0,119.0,29752353.46960757,3549588968.9046783
2021-06-06 09:00:00,119.0,122.0,117.0,121.0,37596792.83076628,4485582022.064011
2021-06-07 09:00:00,121.0,123.0,108.0,110.0,56643384.87809909,6649011916.482863
2021-06-08 09:00:00,110.0,112.0,98.8,105.0,90631837.96514885,9387319007.406288
2021-06-09 09:00:00,104.0,111.0,99.2,110.0,49848388.12471838,5224192048.028225
2021-06-10 09:00:00,110.0,112.0,104.0,105.0,62909797.78936515,6780546583.326271
2021-06-11 09:00:00,105.0,107.0,94.2,96.0,110233627.05222753,11252729073.328384
2021-06-12 09:00:00,96.1,102.0,86.9,97.8,200423825.6755305,19207950632.401962
2021-06-13 09:00:00,97.9,101.0,91.8,101.0,50315964.24306595,4833280057.586568
2021-06-14 09:00:00,101.0,103.0,97.5,101.0,39500486.16516844,3952234159.0662203
2021-06-15 09:00:00,100.0,103.0,97.9,99.0,35702843.61868356,3563557671.530344
2021-06-16 09:00:00,99.3,101.0,92.8,94.2,70679920.68941475,6842462842.700587
2021-06-17 09:00:00,94.2,96.1,93.2,95.1,24666375.62922474,2330515023.15757
2021-06-18 09:00:00,95.1,95.1,85.0,87.1,32051898.47989323,2890665749.7540755
2021-06-19 09:00:00,87.4,88.0,84.5,85.1,16694700.86531131,1443965197.5037615
2021-06-20 09:00:00,85.1,86.5,79.2,85.8,33831115.93888256,2806505982.3995366
2021-06-21 09:00:00,85.9,86.4,66.0,66.8,49506729.42062548,3752343822.7705626
2021-06-22 09:00:00,67.5,73.5,55.5,63.7,72508602.56047916,4749881888.130022
2021-06-23 09:00:00,63.7,97.4,61.3,88.4,1189960189.502344,102109856864.93459
2021-06-24 09:00:00,88.4,100.0,85.9,90.1,411211026.7907027,37191296533.10152
2021-06-25 09:00:00,90.1,90.1,77.9,79.8,119754947.91289821,10142727582.199669
2021-06-26 09:00:00,79.8,82.0,75.2,80.2,38667894.50538603,3051577806.7951217
2021-06-27 09:00:00,80.1,82.3,77.2,82.1,27643442.51717398,2197526214.838943
2021-06-28 09:00:00,81.9,85.1,78.9,85.0,74949206.9229086,6167469760.392116
2021-06-29 09:00:00,85.0,95.5,83.5,91.8,231216428.53915596,20805075905.89417
2021-06-30 09:00:00,91.8,99.8,86.2,92.4,117807775.55978937,10772209095.36785
2021-07-01 09:00:00,92.4,92.5,84.9,88.5,68699340.11788382,6056867716.035062
2021-07-02 09:00:00,88.1,89.4,82.2,86.6,57933820.0024537,4942362374.336197
2021-07-03 09:00:00,86.7,88.1,83.8,87.2,43195291.19758718,3725422988.149489
2021-07-04 09:00:00,87.3,89.5,84.3,88.7,56852156.03162866,4959377377.127164
2021-07-05 09:00:00,88.7,88.8,82.4,86.7,81967387.88747557,7037066160.295126
2021-07-06 09:00:00,86.7,88.1,85.0,87.1,72332600.91037896,6263423610.907152
2021-07-07 09:00:00,87.1,97.6,85.0,92.1,228891522.82569376,20898603612.487343
2021-07-08 09:00:00,92.1,92.5,82.0,85.2,105397897.4725469,9122800258.32969
2021-07-09 09:00:00,85.2,85.2,78.9,84.7,41669801.91065267,3423056424.790355
2021-07-10 09:00:00,84.8,85.6,81.7,83.8,23140177.38715006,1939062025.4023755
2021-07-11 09:00:00,83.8,85.0,81.0,84.8,25542611.63311292,2132172889.0485773
2021-07-12 09:00:00,84.6,85.0,81.1,82.8,41758921.83733659,3482158869.737866
2021-07-13 09:00:00,83.1,83.5,79.5,81.0,33883642.22851256,2755550362.340262
2021-07-14 09:00:00,81.0,91.2,80.5,86.6,722606554.8286495,61963767021.81124
2021-07-15 09:00:00,86.9,86.9,79.7,80.6,117434110.98551045,9680121195.718466
2021-07-16 09:00:00,80.6,80.6,73.5,73.6,49828456.52430342,3825087147.0129366
2021-07-17 09:00:00,73.6,74.6,71.9,73.3,26158229.59688373,1906636794.5539699
2021-07-18 09:00:00,73.1,75.3,72.2,73.7,22183883.57957506,1640548629.8382158
2021-07-19 09:00:00,74.0,77.3,69.5,69.7,112974072.98452365,8421682820.124558
2021-07-20 09:00:00,69.7,70.7,62.1,65.5,94713060.69150944,6284591641.822614
2021-07-21 09:00:00,65.5,72.0,63.1,69.9,50581180.14645674,3455281489.372339
2021-07-22 09:00:00,69.9,72.3,68.8,71.8,41505094.14638764,2926140044.969103
2021-07-23 09:00:00,71.8,72.7,69.5,72.2,37474425.32920694,2672341763.0196943
2021-07-24 09:00:00,72.1,76.2,71.2,74.3,43938590.49865216,3224674983.505255
2021-07-25 09:00:00,74.4,74.5,71.7,74.1,31312782.01674644,2294162035.3134294
2021-07-26 09:00:00,74.2,103.0,73.5,83.8,1405181686.7539248,129204918572.9806
2021-07-27 09:00:00,84.0,104.0,77.2,96.8,672259228.1061887,62587913959.504425
2021-07-28 09:00:00,96.8,106.0,93.4,96.7,343917095.81621295,34023645606.035576
2021-07-29 09:00:00,96.7,101.0,92.6,95.8,160264803.95448598,15377572638.713703
2021-07-30 09:00:00,95.8,98.1,91.0,97.5,126803424.79811887,12075980596.358467
2021-07-31 09:00:00,97.4,99.3,94.4,98.3,78342093.89066285,7565648539.977129
2021-08-01 09:00:00,98.3,128.0,96.8,121.0,1107705042.790715,125180382673.50497
2021-08-02 09:00:00,121.0,123.0,105.0,115.0,795716189.2726344,89486819853.45274
2021-08-03 09:00:00,115.0,122.0,109.0,110.0,416549833.3432409,48344200925.456955
2021-08-04 09:00:00,111.0,115.0,107.0,112.0,240042188.72772375,26736970092.104286
2021-08-05 09:00:00,112.0,112.0,107.0,111.0,94714011.35459779,10404117308.705624
2021-08-06 09:00:00,112.0,114.0,109.0,112.0,179829188.33635065,20018305528.891712
2021-08-07 09:00:00,112.0,116.0,109.0,115.0,393349886.04971045,44629181976.61641
2021-08-08 09:00:00,115.0,116.0,107.0,109.0,131634425.40480518,14708358331.89441
2021-08-09 09:00:00,109.0,111.0,103.0,110.0,86024381.2985517,9258062575.579828
2021-08-10 09:00:00,110.0,115.0,107.0,110.0,191404074.69196624,21331826909.552868
2021-08-11 09:00:00,111.0,120.0,110.0,113.0,564829443.7621493,64987408277.65447
2021-08-12 09:00:00,113.0,118.0,107.0,110.0,168923618.2459048,19089147287.094574
2021-08-13 09:00:00,110.0,119.0,109.0,118.0,186711171.39703065,21518138928.366848
2021-08-14 09:00:00,118.0,126.0,115.0,121.0,405095518.50550884,48856539090.719894
2021-08-15 09:00:00,120.0,129.0,118.0,125.0,383954201.4199517,47480352559.372025
2021-08-16 09:00:00,125.0,128.0,119.0,119.0,149438031.60281366,18518403609.02459
2021-08-17 09:00:00,119.0,123.0,112.0,112.0,191535703.8436591,22816006922.68639
2021-08-18 09:00:00,113.0,121.0,106.0,115.0,428201317.9285272,49351572922.52495
2021-08-19 09:00:00,116.0,117.0,110.0,117.0,130774762.3904463,14853428608.124567
2021-08-20 09:00:00,116.0,121.0,114.0,120.0,84060388.00705424,9867391087.544641
2021-08-21 09:00:00,120.0,120.0,116.0,118.0,73879417.4932035,8738101288.557259
2021-08-22 09:00:00,118.0,121.0,114.0,118.0,76244816.13057913,8973805138.35178
2021-08-23 09:00:00,117.0,129.0,116.0,125.0,239310683.59621128,29572522037.019535
2021-08-24 09:00:00,125.0,129.0,115.0,116.0,195207532.5132217,23989571125.67074
2021-08-25 09:00:00,117.0,123.0,111.0,122.0,146881707.28618714,17204009893.915524
2021-08-26 09:00:00,122.0,138.0,120.0,122.0,673223289.7105353,85756146788.1528
2021-08-27 09:00:00,122.0,126.0,114.0,125.0,168843924.64557132,20227695098.496925
2021-08-28 09:00:00,125.0,135.0,122.0,131.0,178016020.58640456,22709185190.329113
2021-08-29 09:00:00,131.0,132.0,123.0,126.0,154992206.7991428,19569356422.132805
2021-08-30 09:00:00,127.0,127.0,119.0,121.0,115679936.13418247,14181117831.59252
2021-08-31 09:00:00,120.0,122.0,117.0,119.0,111297890.24059662,13274995945.339907
2021-09-01 09:00:00,120.0,125.0,117.0,122.0,165158697.25491542,20044698380.14321
2021-09-02 09:00:00,122.0,126.0,121.0,123.0,143034752.67300925,17631698729.382412
2021-09-03 09:00:00,123.0,127.0,121.0,125.0,139035295.84843627,17277732814.232815
2021-09-04 09:00:00,125.0,140.0,124.0,133.0,358785245.22314334,47449407934.21603
2021-09-05 09:00:00,133.0,154.0,129.0,140.0,638112269.6293641,90540640949.98833
2021-09-06 09:00:00,140.0,152.0,135.0,144.0,344934754.4668181,49887675285.016785
2021-09-07 09:00:00,143.0,146.0,105.0,120.0,362834408.5237122,46428131301.173584
2021-09-08 09:00:00,120.0,124.0,104.0,121.0,196071677.79184917,22410684022.075016
2021-09-09 09:00:00,121.0,127.0,118.0,124.0,199277144.84086612,24473899040.14155
2021-09-10 09:00:00,124.0,129.0,114.0,117.0,143847684.9908216,17591220983.32624
2021-09-11 09:00:00,117.0,123.0,114.0,120.0,74213229.9719219,8808161107.396566
2021-09-12 09:00:00,120.0,123.0,116.0,120.0,51889231.08959039,6211929971.724019
2021-09-13 09:00:00,120.0,121.0,110.0,115.0,79309290.75885393,9106920403.800108
2021-09-14 09:00:00,115.0,119.0,113.0,118.0,55540464.67585445,6493295514.6043415
2021-09-15 09:00:00,119.0,123.0,117.0,121.0,89557261.41752447,10745362399.926222
2021-09-16 09:00:00,120.0,121.0,116.0,119.0,72372898.0871333,8611039809.842524
2021-09-17 09:00:00,117.0,119.0,114.0,117.0,80261320.61988683,9408388523.24197
2021-09-18 09:00:00,117.0,120.0,115.0,117.0,39160998.9848556,4599468141.240936
2021-09-19 09:00:00,118.0,119.0,114.0,114.0,44937970.55534273,5227775994.548365
2021-09-20 09:00:00,115.0,115.0,98.0,101.0,105201422.399392,11102155181.637115
2021-09-21 09:00:00,101.0,106.0,94.5,95.7,110150432.41024476,11140695743.279623
2021-09-22 09:00:00,95.9,108.0,91.8,106.0,74534637.62554827,7491798318.493908
2021-09-23 09:00:00,106.0,108.0,100.0,107.0,71370134.40019429,7447383069.550696
2021-09-24 09:00:00,106.0,107.0,94.6,99.0,70775431.8845802,7049756037.873163
2021-09-25 09:00:00,99.1,102.0,96.8,99.0,46827532.02122363,4664894244.274844
2021-09-26 09:00:00,99.0,99.2,91.4,96.4,41905493.86171469,4014461740.3490286
2021-09-27 09:00:00,96.4,98.5,92.5,92.8,26303565.53328692,2532421662.033716
2021-09-28 09:00:00,92.8,96.9,90.5,90.8,53861748.75833685,5031591293.813468
2021-09-29 09:00:00,90.8,95.6,89.4,91.4,34896803.93502348,3235652390.1262784
2021-09-30 09:00:00,91.4,101.0,90.8,96.7,229945096.22214434,22104916339.753113
2021-10-01 09:00:00,96.8,104.0,96.2,103.0,147921968.18410528,14793306147.5637
2021-10-02 09:00:00,103.0,107.0,101.0,103.0,83687077.9884559,8673020046.56255
2021-10-03 09:00:00,104.0,107.0,102.0,105.0,77986090.96860689,8193144235.10542
2021-10-04 09:00:00,105.0,105.0,98.2,102.0,94046202.187093,9508300708.289965
2021-10-05 09:00:00,102.0,112.0,99.3,110.0,270803360.4533105,28374567902.687973
2021-10-06 09:00:00,110.0,112.0,103.0,108.0,213505131.07125905,23011758756.978508
2021-10-07 09:00:00,108.0,110.0,104.0,110.0,142407733.76933244,15171343718.942118
2021-10-08 09:00:00,110.0,118.0,108.0,115.0,256893784.37152326,29220270522.057255
2021-10-09 09:00:00,115.0,118.0,110.0,114.0,207409032.92676702,23690479810.09416
2021-10-10 09:00:00,113.0,116.0,111.0,113.0,118081117.20238751,13392119213.595648
2021-10-11 09:00:00,113.0,114.0,107.0,111.0,94930151.26608846,10536704447.722685
2021-10-12 09:00:00,110.0,110.0,100.0,106.0,121597652.28824215,12698538762.04747
2021-10-13 09:00:00,106.0,108.0,103.0,108.0,109647968.54919042,11597603337.671183
2021-10-14 09:00:00,107.0,114.0,106.0,112.0,127926791.4959323,14040822694.501482
2021-10-15 09:00:00,112.0,113.0,103.0,110.0,128867800.7016742,13894405188.65658
2021-10-16 09:00:00,110.0,114.0,109.0,111.0,69879757.92555134,7813133531.541071
2021-10-17 09:00:00,111.0,113.0,106.0,109.0,31910615.10428135,3526323869.9101257
2021-10-18 09:00:00,109.0,140.0,107.0,128.0,1029538251.1696434,131716580199.2378
2021-10-19 09:00:00,128.0,129.0,115.0,116.0,310165179.12676734,37757445858.94139
2021-10-20 09:00:00,117.0,121.0,116.0,119.0,261194388.47373465,31021938016.12411
2021-10-21 09:00:00,119.0,123.0,113.0,115.0,101644843.26320356,11996523317.93278
2021-10-22 09:00:00,116.0,118.0,113.0,115.0,59504420.58722813,6884173194.284954
2021-10-23 09:00:00,115.0,116.0,113.0,114.0,30687754.05551549,3514306349.7435484
2021-10-24 09:00:00,114.0,115.0,110.0,111.0,34824362.98405294,3926066933.7274003
2021-10-25 09:00:00,112.0,114.0,111.0,114.0,37111761.35235499,4197662085.475273
2021-10-26 09:00:00,113.0,114.0,111.0,112.0,31239680.6587113,3525193319.378564
2021-10-27 09:00:00,112.0,112.0,100.0,100.0,101827197.65859716,10709711142.880306
2021-10-28 09:00:00,100.0,114.0,98.8,106.0,143069079.4413266,14998322060.869295
2021-10-29 09:00:00,107.0,115.0,106.0,113.0,125311888.59164079,13958555880.521378
2021-10-30 09:00:00,113.0,138.0,109.0,119.0,298166826.1898244,37031197489.14936
2021-10-31 09:00:00,119.0,219.0,115.0,143.0,7583041025.622536,1373144891594.4285
2021-11-01 09:00:00,142.0,156.0,127.0,143.0,783155462.4186734,111837049217.21622
2021-11-02 09:00:00,143.0,196.0,143.0,163.0,1451131843.7895613,248303431182.53558
2021-11-03 09:00:00,163.0,164.0,143.0,152.0,179904843.59165242,27430578601.77526
2021-11-04 09:00:00,152.0,163.0,143.0,149.0,179677211.53298452,27073055224.156597
2021-11-05 09:00:00,150.0,169.0,149.0,155.0,433440981.2758278,68404678636.25515
2021-11-06 09:00:00,155.0,160.0,148.0,156.0,95928340.89388867,14716185098.4331
2021-11-07 09:00:00,156.0,166.0,153.0,155.0,181019505.74333215,28828017151.153057
2021-11-08 09:00:00,155.0,158.0,150.0,155.0,78178129.1183017,11915307790.384592
2021-11-09 09:00:00,155.0,161.0,149.0,155.0,121994990.6863495,18915249053.907833
2021-11-10 09:00:00,154.0,155.0,135.0,144.0,107607011.2162296,15922206198.933928
2021-11-11 09:00:00,144.0,149.0,141.0,147.0,63063710.15095354,9169347495.608406
2021-11-12 09:00:00,146.0,158.0,143.0,152.0,182557553.4356427,27543902275.97638
2021-11-13 09:00:00,151.0,163.0,149.0,150.0,198564705.4250479,30838910008.11988
2021-11-14 09:00:00,151.0,192.0,147.0,166.0,303550396.6791471,50372265715.319405
2021-11-15 09:00:00,166.0,183.0,163.0,165.0,552050084.7777736,95745745826.88962
2021-11-16 09:00:00,165.0,166.0,148.0,155.0,210572802.79694086,32777805467.822666
2021-11-17 09:00:00,155.0,167.0,154.0,161.0,257798537.4743947,41307876369.59986
2021-11-18 09:00:00,161.0,177.0,149.0,152.0,694058769.7582053,113759515898.42729
2021-11-19 09:00:00,152.0,163.0,142.0,160.0,405293165.32725286,62160392142.830345
2021-11-20 09:00:00,160.0,169.0,154.0,163.0,245191385.15930405,39754054164.34005
2021-11-21 09:00:00,163.0,169.0,157.0,159.0,171841937.3781839,27865318340.871117
2021-11-22 09:00:00,160.0,167.0,155.0,159.0,236953521.868503,37900672196.053116
2021-11-23 09:00:00,158.0,160.0,154.0,157.0,137341979.2552327,21560960848.76744
2021-11-24 09:00:00,156.0,158.0,147.0,151.0,182312335.72346255,27720182117.21004
2021-11-25 09:00:00,151.0,158.0,147.0,154.0,248999867.41311085,37853616730.12471
2021-11-26 09:00:00,155.0,248.0,153.0,227.0,2622111611.917572,513219751900.422
2021-11-27 09:00:00,226.0,280.0,209.0,221.0,2375406195.570736,567037700361.4525
2021-11-28 09:00:00,221.0,235.0,192.0,205.0,682935116.2706865,144048279539.56955
2021-11-29 09:00:00,205.0,214.0,195.0,199.0,410908990.1299798,83534721044.53995
2021-11-30 09:00:00,199.0,205.0,182.0,184.0,332453823.86069274,63385601574.59003
2021-12-01 09:00:00,184.0,190.0,179.0,183.0,159790775.33384848,29682634242.23127
2021-12-02 09:00:00,183.0,186.0,174.0,184.0,161481223.70783418,28775078276.995773
2021-12-03 09:00:00,185.0,185.0,167.0,169.0,175946078.8665595,30655259294.66918
2021-12-04 09:00:00,169.0,169.0,111.0,142.0,635415491.892895,88479089583.95184
2021-12-05 09:00:00,142.0,150.0,130.0,135.0,256824550.6178948,36277953202.675316
2021-12-06 09:00:00,135.0,140.0,120.0,137.0,224866860.77784455,28757352732.40029
2021-12-07 09:00:00,137.0,149.0,136.0,140.0,300685646.531953,43258844538.72569
2021-12-08 09:00:00,141.0,152.0,131.0,144.0,233265624.5397335,33315124915.714752
2021-12-09 09:00:00,144.0,147.0,133.0,134.0,117323270.42453845,16493169391.203724
2021-12-10 09:00:00,134.0,140.0,130.0,131.0,82291083.53787665,11056034795.779657
2021-12-11 09:00:00,131.0,133.0,128.0,132.0,45052103.82986543,5885652069.336567
2021-12-12 09:00:00,133.0,138.0,129.0,135.0,38251957.15677167,5053814499.994927
2021-12-13 09:00:00,135.0,137.0,120.0,120.0,82588415.73684782,10502091193.148764
2021-12-14 09:00:00,121.0,124.0,117.0,122.0,103619541.55862413,12497840256.96072
2021-12-15 09:00:00,123.0,131.0,115.0,127.0,79852726.65104108,9798351889.889793
2021-12-16 09:00:00,126.0,135.0,125.0,126.0,108347325.27711321,14005602673.221935
2021-12-17 09:00:00,125.0,134.0,123.0,128.0,178445342.7834008,22805910276.924793
2021-12-18 09:00:00,127.0,130.0,125.0,128.0,59723023.45278532,7645403908.157054
2021-12-19 09:00:00,128.0,129.0,125.0,126.0,68953053.32739154,8756988717.981874
2021-12-20 09:00:00,125.0,127.0,117.0,123.0,88894466.84828521,10834284198.65508
2021-12-21 09:00:00,122.0,129.0,121.0,128.0,78430175.88633727,9859871294.753977
2021-12-22 09:00:00,128.0,133.0,127.0,130.0,86523389.10230163,11254455003.02256
2021-12-23 09:00:00,131.0,143.0,129.0,139.0,130854853.38702282,17762738097.541527
2021-12-24 09:00:00,139.0,144.0,133.0,134.0,86212945.87960096,12027551492.731043
2021-12-25 09:00:00,134.0,138.0,134.0,136.0,50122106.29506659,6801522882.048528
2021-12-26 09:00:00,136.0,139.0,131.0,136.0,78181710.88738285,10554100630.749557
2021-12-27 09:00:00,137.0,144.0,136.0,140.0,108349478.74999548,15244067319.056334
2021-12-28 09:00:00,140.0,140.0,125.0,125.0,123723488.99748418,16356300802.108456
2021-12-29 09:00:00,126.0,129.0,119.0,122.0,97213823.00894691,12013246719.833511
2021-12-30 09:00:00,122.0,126.0,119.0,123.0,52524883.51902886,6439788931.181812
2021-12-31 09:00:00,123.0,126.0,120.0,123.0,49165165.52375858,6062221234.545659
2022-01-01 09:00:00,123.0,127.0,123.0,125.0,53594666.05252655,6693640660.476411
2022-01-02 09:00:00,125.0,141.0,124.0,140.0,175052911.15672767,23318834970.73455
2022-01-03 09:00:00,139.0,145.0,131.0,135.0,112327033.71922651,15503697469.87087
2022-01-04 09:00:00,135.0,141.0,131.0,134.0,110047961.97742821,15040730886.722965
2022-01-05 09:00:00,134.0,143.0,121.0,125.0,171357346.6097346,23080925102.63389
2022-01-06 09:00:00,125.0,127.0,119.0,125.0,86469773.41958123,10643743205.000929
2022-01-07 09:00:00,125.0,126.0,115.0,118.0,88108343.32853691,10461713140.090965
2022-01-08 09:00:00,118.0,120.0,112.0,115.0,58535394.7513489,6796220635.044704
2022-01-09 09:00:00,114.0,118.0,112.0,114.0,55445020.16775467,6379341093.562746
2022-01-10 09:00:00,114.0,116.0,101.0,107.0,131606218.96525417,14198303030.727674
2022-01-11 09:00:00,107.0,112.0,104.0,112.0,87160332.66672263,9336196999.044638
2022-01-12 09:00:00,112.0,120.0,110.0,119.0,69903662.19564167,7989882441.734728
2022-01-13 09:00:00,119.0,119.0,111.0,113.0,84487557.43938278,9771900698.10106
2022-01-14 09:00:00,113.0,115.0,109.0,114.0,69243034.95098712,7772431904.166149
2022-01-15 09:00:00,113.0,116.0,112.0,113.0,46140689.88932468,5240509821.3525915
2022-01-16 09:00:00,113.0,114.0,112.0,113.0,31546702.6585898,3563594588.000536
2022-01-17 09:00:00,113.0,113.0,107.0,109.0,41672651.32735382,4572076424.849358
2022-01-18 09:00:00,109.0,110.0,103.0,107.0,54646054.5936709,5781602413.689426
2022-01-19 09:00:00,107.0,110.0,102.0,103.0,62232535.89603563,6542941575.723162
2022-01-20 09:00:00,103.0,107.0,99.4,99.9,56524348.2626404,5822976128.756683
2022-01-21 09:00:00,99.9,101.0,86.9,90.7,79967940.48297668,7558469999.680024
2022-01-22 09:00:00,90.3,91.4,71.5,77.8,83866288.00936818,6672314131.410554
2022-01-23 09:00:00,77.6,82.0,75.7,79.7,57617824.53026798,4550596382.102435
2022-01-24 09:00:00,79.7,82.0,70.7,76.8,86047505.29354721,6454616926.489571
2022-01-25 09:00:00,76.6,78.7,74.2,77.1,37901689.83513409,2879169036.902177
2022-01-26 09:00:00,77.2,92.1,76.4,84.4,358734182.2458522,30550261085.94527
2022-01-27 09:00:00,84.4,94.8,82.8,88.5,353731808.94975346,31555748125.809647
2022-01-28 09:00:00,88.4,90.1,85.5,89.3,94772577.67349762,8324301422.065514
2022-01-29 09:00:00,89.2,91.5,87.1,90.0,95215299.31732327,8516998478.163089
2022-01-30 09:00:00,90.0,101.0,88.2,99.5,144154296.3370609,13649069702.268171
2022-01-31 09:00:00,99.3,101.0,94.0,97.8,151118483.1176578,14679698897.347338
2022-02-01 09:00:00,97.8,101.0,95.2,97.0,67601811.11889952,6607767640.795308
2022-02-02 09:00:00,97.0,101.0,90.9,91.3,132592278.887001,12887281326.58109
2022-02-03 09:00:00,91.3,101.0,89.8,93.2,212092756.931254,19848188156.93396
2022-02-04 09:00:00,93.2,102.0,93.0,101.0,499737786.2370156,48694878614.561775
2022-02-05 09:00:00,100.0,109.0,99.2,103.0,131344951.5339798,13682694679.433783
2022-02-06 09:00:00,104.0,108.0,103.0,107.0,89241397.7794157,9402841695.24546
2022-02-07 09:00:00,107.0,112.0,104.0,110.0,89601225.8348885,9681082054.36186
2022-02-08 09:00:00,109.0,111.0,100.0,106.0,142679326.60564357,15005913566.736855
2022-02-09 09:00:00,105.0,106.0,99.7,104.0,113395653.21932621,11590176081.331865
2022-02-10 09:00:00,104.0,105.0,96.7,102.0,126986557.40056466,12881835939.80031
2022-02-11 09:00:00,101.0,103.0,93.3,94.9,63801884.7625044,6332713605.688162
2022-02-12 09:00:00,94.9,96.9,91.7,93.3,53753767.31269099,5061050793.34805
2022-02-13 09:00:00,93.5,94.7,92.0,92.5,26595629.83140506,2482813965.8129845
2022-02-14 09:00:00,92.4,92.6,88.0,91.1,45848735.088131,4127269698.961922
2022-02-15 09:00:00,91.2,98.4,90.6,98.3,72925073.62351875,6971418488.232027
2022-02-16 09:00:00,98.4,102.0,96.5,98.3,117459208.65501791,11689772732.743961
2022-02-17 09:00:00,98.7,101.0,88.7,90.1,83926559.45334177,8009111674.444405
2022-02-18 09:00:00,90.1,92.2,86.8,88.1,38264039.28031467,3427415189.957655
2022-02-19 09:00:00,88.0,89.0,83.7,87.2,19973808.51796756,1731485737.7852697
2022-02-20 09:00:00,87.2,87.2,81.6,82.7,34063992.43843073,2842873457.2519755
2022-02-21 09:00:00,82.7,85.5,71.3,73.3,123016356.72859968,9808599068.644922
2022-02-22 09:00:00,73.5,76.3,70.7,76.2,57653649.41978706,4232583246.579781
2022-02-23 09:00:00,76.2,79.9,73.2,73.6,61772846.7420155,4750895680.210472
2022-02-24 09:00:00,73.6,74.8,63.4,74.0,110602283.63054508,7569796076.424759
2022-02-25 09:00:00,74.0,80.3,72.2,79.1,143803594.63298222,10978619495.968588
2022-02-26 09:00:00,79.1,83.5,79.0,81.2,106288630.64690351,8604511711.16924
2022-02-27 09:00:00,81.1,82.9,76.0,77.9,95221966.51627102,7573530548.119257
2022-02-28 09:00:00,77.9,90.1,76.0,86.8,151893879.7549006,12568454610.172256
2022-03-01 09:00:00,86.8,96.7,86.7,92.6,585996784.3802888,53988156529.04702
2022-03-02 09:00:00,92.7,92.7,87.0,88.3,87635104.20984142,7877854459.128829
2022-03-03 09:00:00,88.5,90.3,84.3,85.4,62616437.94859922,5475517402.495523
2022-03-04 09:00:00,85.3,87.1,79.3,79.9,96123559.03139098,8088249337.157253
2022-03-05 09:00:00,80.0,83.3,77.7,81.9,30522121.74023061,2464855864.6064243
2022-03-06 09:00:00,81.8,93.0,81.8,82.6,809647586.9918486,70045930855.2555
2022-03-07 09:00:00,82.7,91.9,78.4,84.9,482426373.7254745,41662755995.157875
2022-03-08 09:00:00,84.9,96.9,84.9,96.6,808445170.8847729,73202409488.20485
2022-03-09 09:00:00,96.6,97.7,92.0,94.4,340991087.43237406,32187703781.053932
2022-03-10 09:00:00,94.4,97.5,87.3,95.5,381802257.5434969,35043306952.56178
2022-03-11 09:00:00,95.6,95.7,88.4,88.6,216174007.0584209,19872926607.053425
2022-03-12 09:00:00,88.6,90.9,88.3,89.1,62475134.35554298,5594845584.069398
2022-03-13 09:00:00,89.1,89.7,84.6,84.7,44495617.23373484,3886069845.262725
2022-03-14 09:00:00,84.7,86.9,82.8,86.4,41105549.38801301,3480565574.745042
2022-03-15 09:00:00,86.6,93.0,83.6,89.1,371413587.6203032,33044266168.942333
2022-03-16 09:00:00,89.1,90.2,85.5,89.6,144613074.3435004,12740503476.393152
2022-03-17 09:00:00,89.6,90.2,87.3,88.4,66279337.14114779,5880996266.908817
2022-03-18 09:00:00,88.5,89.2,86.1,89.0,70451648.71719532,6162761087.103038
2022-03-19 09:00:00,89.1,92.8,88.2,90.3,115479730.97034395,10382229736.530254
2022-03-20 09:00:00,90.3,95.4,89.8,92.2,330455295.77819,30637523152.28623
2022-03-21 09:00:00,92.3,92.3,88.7,90.8,68216212.8655326,6179267241.581896
2022-03-22 09:00:00,90.9,93.8,90.4,92.4,76423098.58793773,7040536401.586677
2022-03-23 09:00:00,92.4,93.1,91.0,92.7,65821907.92763377,6056908459.234955
2022-03-24 09:00:00,92.7,97.2,92.6,96.2,236976324.800159,22450133868.382362
2022-03-25 09:00:00,96.2,102.0,94.0,97.0,337124158.4693678,33283167629.914654
2022-03-26 09:00:00,97.1,106.0,94.4,103.0,283226599.7869769,28419712484.171093
2022-03-27 09:00:00,104.0,106.0,99.4,104.0,264928483.00453717,27296258154.63288
2022-03-28 09:00:00,104.0,108.0,102.0,104.0,142114673.49647477,14994380014.231068
2022-03-29 09:00:00,104.0,110.0,101.0,106.0,204253288.21942514,21629791701.7732
2022-03-30 09:00:00,106.0,116.0,102.0,112.0,399514706.5004264,43664346865.05145
2022-03-31 09:00:00,111.0,118.0,107.0,116.0,317125130.9190384,35901018171.99227
2022-04-01 09:00:00,115.0,118.0,109.0,117.0,154711070.82380968,17547385297.13419
2022-04-02 09:00:00,116.0,125.0,115.0,119.0,195825727.89633656,23324596107.308662
2022-04-03 09:00:00,119.0,125.0,115.0,120.0,131267505.5006014,15654090740.021801
2022-04-04 09:00:00,120.0,120.0,107.0,112.0,144845118.49286905,16432506915.765795
2022-04-05 09:00:00,112.0,120.0,109.0,112.0,175057662.1122008,19856509459.051247
2022-04-06 09:00:00,113.0,116.0,95.0,95.9,243238474.32590485,25346754790.982285
2022-04-07 09:00:00,95.8,102.0,93.7,101.0,147148853.93018115,14513471585.62141
2022-04-08 09:00:00,100.0,102.0,95.1,96.4,91568032.80827937,9100697656.85861
2022-04-09 09:00:00,96.5,98.8,95.0,98.5,39933858.1922497,3873557220.4067397
2022-04-10 09:00:00,98.6,99.0,95.1,95.3,27464029.14987309,2667563085.349241
2022-04-11 09:00:00,95.3,96.1,85.1,86.6,74371167.35452788,6734706004.66874
2022-04-12 09:00:00,86.6,102.0,85.6,98.3,920765728.7205025,89522714410.56122
2022-04-13 09:00:00,98.3,101.0,94.9,98.9,191203155.34771433,18693581990.19059
2022-04-14 09:00:00,98.8,99.9,93.6,96.1,99345998.57894862,9653044949.831125
2022-04-15 09:00:00,96.1,96.8,93.1,95.2,42887479.73554627,4076280971.0613117
2022-04-16 09:00:00,95.2,96.7,93.6,95.2,29638348.09339295,2821142530.432203
2022-04-17 09:00:00,95.2,96.5,91.0,91.4,45676256.91276797,4325192667.968109
2022-04-18 09:00:00,91.4,94.9,87.4,93.1,148157305.8282753,13580905363.193275
2022-04-19 09:00:00,93.1,95.6,91.0,95.4,53501942.04426545,5014953818.322048
2022-04-20 09:00:00,95.4,97.2,93.2,96.0,106040405.20250759,10136382341.921825
2022-04-21 09:00:00,95.9,108.0,93.5,95.0,416437223.636016,41829407323.03702
2022-04-22 09:00:00,95.0,103.0,94.3,96.1,290265867.56459105,28706832514.047188
2022-04-23 09:00:00,96.2,96.4,93.4,94.4,51560504.91343036,4901827088.981423
2022-04-24 09:00:00,94.3,95.4,90.5,91.5,57447470.98322704,5349378279.8041315
2022-04-25 09:00:00,91.4,92.1,85.0,92.1,60331527.66359695,5333940661.336549
2022-04-26 09:00:00,92.1,92.9,85.7,86.3,57507881.28218462,5177471552.43365
2022-04-27 09:00:00,86.3,95.8,85.8,89.3,353127923.29165864,32123279921.22604
2022-04-28 09:00:00,89.3,90.9,87.5,89.6,59668808.09168396,5332167960.892084
2022-04-29 09:00:00,91.1,92.5,83.6,85.0,81181930.04679225,7178766083.277526
2022-04-30 09:00:00,85.0,86.7,77.5,78.6,39615442.80384667,3257786104.5521436
2022-05-01 09:00:00,78.8,82.7,75.7,81.7,81826584.2874017,6491525578.174589
2022-05-02 09:00:00,81.9,82.7,77.5,80.1,45193868.04296542,3647254731.055008
2022-05-03 09:00:00,80.2,81.6,77.7,78.9,41685996.78586525,3337666547.993061
2022-05-04 09:00:00,78.9,85.4,78.3,85.3,53338383.66085035,4341968519.873088
2022-05-05 09:00:00,85.2,87.4,77.1,78.9,110340824.8742868,9151453634.826841
2022-05-06 09:00:00,78.6,79.1,73.5,76.6,57721859.77943089,4369990553.849534
2022-05-07 09:00:00,76.7,76.7,71.8,73.4,34514171.62945984,2569777669.6669564
2022-05-08 09:00:00,73.4,74.0,70.7,71.3,27986268.94319029,2022847824.657422
2022-05-09 09:00:00,71.0,73.1,59.5,59.8,92796483.33629923,6151727425.480589
2022-05-10 09:00:00,59.9,67.5,56.5,61.0,137781018.4014982,8770325270.302694
2022-05-11 09:00:00,61.0,62.7,42.6,46.4,287349509.0559636,14589299890.653131
2022-05-12 09:00:00,46.4,48.7,34.9,42.8,259514769.78285924,10304971520.753992
2022-05-13 09:00:00,42.8,51.5,42.1,47.5,153698589.37681106,7335918340.530992
2022-05-14 09:00:00,47.7,52.3,45.8,52.0,167658610.2958179,8267510206.362478
2022-05-15 09:00:00,52.1,52.9,48.0,52.8,90754841.4803058,4614688783.637995
2022-05-16 09:00:00,52.9,52.9,48.4,49.9,82380213.6100747,4160876431.35901
2022-05-17 09:00:00,50.0,53.5,49.5,53.1,100494805.49930423,5163766856.229335
2022-05-18 09:00:00,53.2,53.5,45.7,45.9,120525594.66282222,6099867310.227794
2022-05-19 09:00:00,46.0,49.1,43.1,48.6,78026014.1030974,3611831596.3526077
2022-05-20 09:00:00,48.6,50.7,46.2,47.2,59434567.3664898,2861896143.4122415
2022-05-21 09:00:00,47.2,50.4,46.2,50.0,35596907.84445154,1722065555.8143322
2022-05-22 09:00:00,49.9,55.1,49.7,52.7,190064492.43746722,10044807116.182295
2022-05-23 09:00:00,52.6,54.6,48.6,49.6,74972964.9271339,3931134918.8396673
2022-05-24 09:00:00,49.6,51.0,47.1,50.6,58829204.0115232,2919779210.624976
2022-05-25 09:00:00,50.7,51.0,48.0,49.1,45776280.41104476,2256788809.039609
2022-05-26 09:00:00,49.2,50.4,44.4,46.3,67000342.33174739,3165300998.953197
2022-05-27 09:00:00,46.1,47.9,43.6,45.1,65032602.16779784,2988960119.9993176
2022-05-28 09:00:00,45.1,49.8,44.9,45.9,193542904.81429103,9109400434.190977
2022-05-29 09:00:00,46.0,46.7,44.3,46.7,25940648.08493167,1185172503.8365977
2022-05-30 09:00:00,46.7,49.7,45.8,49.4,48181683.54579776,2309552484.506419
2022-05-31 09:00:00,49.5,50.5,47.0,48.8,51728965.10999942,2536184499.07524
2022-06-01 09:00:00,49.0,52.4,46.1,47.2,249471032.5338888,12455161767.549776
2022-06-02 09:00:00,47.2,53.0,46.4,49.9,311580825.50762767,15541195350.982557
2022-06-03 09:00:00,49.9,50.1,46.9,48.3,77729172.80506237,3750666762.822243
2022-06-04 09:00:00,48.3,48.7,46.6,48.7,30742979.4592262,1467257170.3875594
2022-06-05 09:00:00,48.7,50.4,47.3,49.4,59520208.63518686,2891098895.0903187
2022-06-06 09:00:00,49.4,52.3,49.1,50.6,184789595.88778338,9394588246.998985
2022-06-07 09:00:00,50.5,51.7,46.8,49.6,110026652.51419933,5349919421.582749
2022-06-08 09:00:00,49.6,50.4,48.2,48.7,44220861.00398877,2172854506.91033
2022-06-09 09:00:00,48.6,49.7,47.5,48.0,41746104.6907165,2030602885.356105
2022-06-10 09:00:00,48.0,48.3,44.7,45.1,50300805.35830584,2324717711.9901867
2022-06-11 09:00:00,45.1,45.8,40.5,41.7,47221934.02596989,2049987913.587899
2022-06-12 09:00:00,41.8,42.0,37.5,38.1,59264132.54713797,2318992766.956125
2022-06-13 09:00:00,38.1,39.1,32.8,34.9,142965538.99164474,5024807173.405657
2022-06-14 09:00:00,34.8,35.8,31.0,34.2,90937731.9693057,3068665235.22243
2022-06-15 09:00:00,34.2,36.3,31.2,36.3,78783831.07566063,2610638619.214484
2022-06-16 09:00:00,36.4,36.8,33.2,33.8,145468659.23016122,5109894762.846211
2022-06-17 09:00:00,33.9,36.9,33.3,35.5,180645396.54595822,6406898879.171788
2022-06-18 09:00:00,35.5,37.3,31.3,33.2,179687661.3818378,6249564138.334789
2022-06-19 09:00:00,33.4,38.7,31.7,36.1,446361463.6178489,15829266962.630167
2022-06-20 09:00:00,35.9,40.2,35.1,37.8,604121328.4740695,22842389631.31754
2022-06-21 09:00:00,37.9,42.4,37.7,38.8,384887849.32220435,15326379253.135674
2022-06-22 09:00:00,38.8,39.1,36.4,38.4,123251371.28361829,4649491764.581412
2022-06-23 09:00:00,38.3,44.6,37.7,40.4,547842112.2682675,22271484156.509792
2022-06-24 09:00:00,40.5,43.2,39.3,41.3,487085316.46073574,19934977739.709335
2022-06-25 09:00:00,41.3,41.3,39.1,40.9,155271327.60467654,6280628956.193511
2022-06-26 09:00:00,40.9,41.2,39.0,39.1,97448624.61837873,3935687927.500283
2022-06-27 09:00:00,39.1,42.4,38.7,39.5,166115913.62416175,6670168632.270746
2022-06-28 09:00:00,39.5,40.3,37.2,37.4,161475510.86749637,6318615247.578484
2022-06-29 09:00:00,37.3,38.0,35.7,36.3,100603240.5400247,3695150981.8222857
2022-06-30 09:00:00,36.3,36.6,33.2,36.1,156739257.81883976,5474546269.475837
2022-07-01 09:00:00,36.1,36.8,34.5,36.0,68387320.83526804,2444572996.3415456
2022-07-02 09:00:00,36.0,37.9,35.6,36.8,114055347.54521315,4174564480.89837
2022-07-03 09:00:00,36.8,37.2,35.7,36.5,64244913.03052785,2336294774.0066476
2022-07-04 09:00:00,36.5,37.3,35.2,37.1,51280124.92346455,1859585472.4738793
2022-07-05 09:00:00,37.2,37.6,35.5,36.3,74226015.85905156,2723745521.6623187
2022-07-06 09:00:00,36.5,37.4,36.2,37.1,78404517.28225216,2894361496.5377903
2022-07-07 09:00:00,37.2,39.2,36.8,38.4,84317299.52792013,3191040842.953694
2022-07-08 09:00:00,38.4,38.8,37.3,37.8,94568322.57160063,3604265308.782211
2022-07-09 09:00:00,37.8,39.6,37.8,39.3,98389656.11762197,3818021404.1332645
2022-07-10 09:00:00,39.3,39.4,37.1,37.4,108049215.38844699,4117824441.2271852
2022-07-11 09:00:00,37.4,37.6,34.7,35.1,76943159.09027675,2785733621.357275
2022-07-12 09:00:00,35.0,36.2,34.3,34.4,110739696.61941484,3931909633.331304
2022-07-13 09:00:00,34.4,35.7,33.0,35.3,74900224.60833634,2566803869.0591717
2022-07-14 09:00:00,35.3,35.9,34.2,35.6,46565976.81637881,1636484765.7403116
2022-07-15 09:00:00,35.6,36.6,35.2,36.0,94264305.52999659,3383552711.0567904
2022-07-16 09:00:00,36.1,36.8,34.9,36.7,89281018.95603558,3208049039.5403824
2022-07-17 09:00:00,36.7,37.5,35.9,36.3,87590220.13036504,3208624513.2523775
2022-07-18 09:00:00,36.4,38.4,36.1,38.2,128576298.00993603,4825717926.796303
2022-07-19 09:00:00,38.2,44.4,37.3,41.3,636816076.8232024,26178689533.957893
2022-07-20 09:00:00,41.4,47.6,39.2,39.4,1223572611.9866018,53694719734.3095
2022-07-21 09:00:00,39.4,40.7,37.6,39.5,127756020.07063662,4999058114.544756
2022-07-22 09:00:00,39.4,40.4,37.8,38.4,93266459.41496763,3662213037.3139796
2022-07-23 09:00:00,38.4,38.9,37.3,38.4,61922570.76649328,2362765681.490652
2022-07-24 09:00:00,38.5,38.9,37.9,38.0,40395724.98867366,1551099808.1452465
2022-07-25 09:00:00,38.1,38.4,35.8,36.0,64404183.74812917,2376153634.6934695
2022-07-26 09:00:00,36.0,36.0,34.7,35.9,55331327.53402702,1949177868.649415
2022-07-27 09:00:00,35.9,37.8,35.4,37.7,66535373.74626563,2416874397.9220963
2022-07-28 09:00:00,37.7,39.8,37.3,39.2,96500617.2691843,3694189753.706216
2022-07-29 09:00:00,39.3,40.2,38.3,39.4,102477655.52748169,4041835445.9257717
2022-07-30 09:00:00,39.4,41.5,38.8,39.4,119660434.06371762,4792892493.961331
2022-07-31 09:00:00,39.5,43.7,39.2,40.1,333928056.5237988,13863582683.516562
2022-08-01 09:00:00,40.1,43.7,39.8,42.2,318808241.8455601,13355264660.694742
2022-08-02 09:00:00,42.4,45.9,39.5,42.4,342773520.8556896,14539677426.894482
2022-08-03 09:00:00,42.3,44.0,40.3,42.6,212569845.63132694,9048564936.359968
2022-08-04 09:00:00,42.6,44.4,42.1,43.2,229975820.07390994,9906741190.073967
2022-08-05 09:00:00,43.2,44.4,42.5,44.3,136545780.1312496,5938790321.208266
2022-08-06 09:00:00,44.4,44.6,43.2,43.6,85873248.09706801,3781632526.920884
2022-08-07 09:00:00,43.6,44.5,42.8,43.9,133727203.0799793,5844246291.379923
2022-08-08 09:00:00,44.0,45.0,43.1,44.0,132441442.4045436,5835049420.192528
2022-08-09 09:00:00,44.0,44.3,40.9,42.1,131610827.35325909,5634647791.717897
2022-08-10 09:00:00,42.2,47.3,41.2,46.7,499903366.2926366,22362584795.571117
2022-08-11 09:00:00,46.6,76.3,45.5,69.2,6676325376.619469,438791687984.6492
2022-08-12 09:00:00,69.2,74.2,63.6,64.3,3059800879.534757,206349247124.56598
2022-08-13 09:00:00,64.3,64.3,59.4,60.3,752961467.3897508,46221216408.30852
2022-08-14 09:00:00,60.2,71.1,59.2,65.0,3061090657.9437227,203065075054.3406
2022-08-15 09:00:00,65.0,68.8,60.1,65.5,2184542674.6600122,140976569415.28546
2022-08-16 09:00:00,65.5,72.0,62.8,68.8,2758127084.3781095,187386314349.8846
2022-08-17 09:00:00,68.8,71.4,62.6,63.1,1455878515.0734575,98642463723.33264
2022-08-18 09:00:00,63.2,65.9,60.7,60.9,667497819.368091,41954202034.71581
2022-08-19 09:00:00,61.0,63.9,52.2,52.9,954065056.9096557,55253691015.996414
2022-08-20 09:00:00,52.9,56.7,50.2,52.5,408365022.2697459,22131425781.47946
2022-08-21 09:00:00,52.6,53.2,51.1,52.4,177645577.7878122,9274790791.410267
2022-08-22 09:00:00,52.4,52.5,48.5,51.0,296411803.77159667,14805438336.458067
2022-08-23 09:00:00,50.8,51.2,48.5,51.1,230981438.24087733,11556203452.322311
2022-08-24 09:00:00,51.2,58.4,49.2,54.7,1488004198.3504498,82567565634.99408
2022-08-25 09:00:00,54.7,63.0,54.6,55.7,1597877042.7011805,91316859402.39397
2022-08-26 09:00:00,55.7,58.8,50.2,51.1,930035378.9591486,51626318112.79928
2022-08-27 09:00:00,51.1,52.6,48.8,49.7,183634933.89203802,9271419184.444292
2022-08-28 09:00:00,49.7,54.5,49.1,49.2,516420295.95307446,26795387755.92045
2022-08-29 09:00:00,49.2,51.3,48.6,50.5,227601540.6652192,11345648438.757696
2022-08-30 09:00:00,50.4,53.0,47.6,48.7,262765074.23749676,13184181641.287601
2022-08-31 09:00:00,48.8,50.1,48.3,48.7,178338115.52618384,8763688627.505493
2022-09-01 09:00:00,48.7,49.2,46.4,48.1,151597378.41988683,7217981588.9987135
2022-09-02 09:00:00,48.2,48.8,47.0,47.6,116561384.54086193,5580003183.1395235
2022-09-03 09:00:00,47.6,47.9,47.1,47.7,58132126.02871166,2760175934.004249
2022-09-04 09:00:00,47.7,51.2,47.6,49.4,263663292.70278502,12905305987.824617
2022-09-05 09:00:00,49.3,50.1,47.4,48.9,178517740.5091041,8660668404.571655
2022-09-06 09:00:00,49.1,51.8,46.4,46.8,395835622.2569485,19639768303.37155
2022-09-07 09:00:00,46.8,48.2,45.2,48.1,132141463.96809305,6153917855.410839
2022-09-08 09:00:00,48.1,52.3,46.7,49.7,382101590.4481835,18699496570.410275
2022-09-09 09:00:00,49.7,55.2,49.0,53.1,532081794.92045677,27590636105.429
2022-09-10 09:00:00,53.4,53.7,51.0,52.3,199798027.16251898,10435935547.500734
2022-09-11 09:00:00,52.2,53.2,50.6,52.4,226659544.33343485,11777860678.838816
2022-09-12 09:00:00,52.5,53.2,51.1,51.9,320033319.81309044,16707713549.28125
2022-09-13 09:00:00,51.9,53.0,47.2,47.5,366451502.217316,18521369888.26016
2022-09-14 09:00:00,47.5,48.8,46.7,48.3,166364827.29004967,7959580379.362808
2022-09-15 09:00:00,48.2,48.4,45.9,46.8,137427470.63557813,6467740447.306669
2022-09-16 09:00:00,46.7,47.8,46.0,46.6,152462329.46995038,7149380765.837294
2022-09-17 09:00:00,46.6,50.3,46.5,48.5,336948564.98212296,16257206697.306429
2022-09-18 09:00:00,48.5,48.6,42.2,43.7,196274359.48682657,9075427430.680737
2022-09-19 09:00:00,43.6,44.5,41.7,44.2,141658778.02687645,6079611052.0224695
2022-09-20 09:00:00,44.2,44.6,42.1,42.4,97078315.08734523,4193520418.4925714
2022-09-21 09:00:00,42.4,44.8,41.1,41.7,158842897.055389,6756778483.53544
2022-09-22 09:00:00,41.7,44.1,41.6,43.4,201557537.25314134,8671972072.75244
2022-09-23 09:00:00,43.4,44.8,42.1,43.9,158922662.78909814,6907683205.236403
2022-09-24 09:00:00,43.9,44.5,43.0,43.4,66029713.37240217,2896369388.5197663
2022-09-25 09:00:00,43.4,43.8,42.1,42.3,60321438.00260178,2598791967.113286
2022-09-26 09:00:00,42.3,46.2,41.9,44.1,198059339.00525612,8610034691.781376
2022-09-27 09:00:00,44.0,45.7,42.9,43.7,145078483.45092154,6461493491.739303
2022-09-28 09:00:00,43.6,44.3,41.9,43.7,65036115.64974633,2789160720.973457
2022-09-29 09:00:00,43.6,45.7,43.1,44.6,154462764.9415242,6826290274.774784
2022-09-30 09:00:00,44.5,44.8,43.3,43.8,82612196.97788695,3638206670.838425
2022-10-01 09:00:00,43.8,44.3,43.6,44.0,24042408.85101843,1057479795.8728975
2022-10-02 09:00:00,44.0,44.4,43.0,43.6,42018005.00537156,1838433234.0312767
2022-10-03 09:00:00,43.4,45.6,43.2,44.3,118587323.43973686,5262718111.42227
2022-10-04 09:00:00,44.1,44.9,43.6,44.5,58512894.32947006,2586826310.3709235
2022-10-05 09:00:00,44.4,44.7,43.3,44.0,49222829.11618952,2168157603.9658785
2022-10-06 09:00:00,44.1,44.7,43.4,44.0,45309044.53819923,1996416046.9082184
2022-10-07 09:00:00,44.0,44.0,42.4,43.3,105932964.83230981,4569433528.882117
2022-10-08 09:00:00,43.3,43.9,43.1,43.4,98194237.39492182,4264392421.4602365
2022-10-09 09:00:00,43.4,43.4,42.9,43.3,51902822.75949394,2239170898.9351687
2022-10-10 09:00:00,43.2,43.6,41.3,41.4,81947379.72874618,3500044692.479228
2022-10-11 09:00:00,41.5,41.5,40.1,40.6,50148542.88319233,2045361125.6846848
2022-10-12 09:00:00,40.6,40.9,39.7,40.0,38963293.10946402,1573061601.9998286
2022-10-13 09:00:00,40.0,40.2,36.1,39.2,116221016.80506259,4417705011.620722
2022-10-14 09:00:00,39.2,40.4,38.1,39.1,59411258.39687078,2348095443.1803765
2022-10-15 09:00:00,39.0,39.7,38.6,39.1,28424073.0859646,1114074141.1810672
2022-10-16 09:00:00,39.0,40.2,39.0,39.4,34720137.93478429,1377935591.139035
2022-10-17 09:00:00,39.4,40.7,38.8,40.6,61181972.02518977,2443315175.926296
2022-10-18 09:00:00,40.6,51.1,40.3,47.5,4343092115.415321,207742261468.17386
2022-10-19 09:00:00,47.4,47.9,42.7,43.0,1146250056.053938,50976042245.59568
2022-10-20 09:00:00,43.0,44.5,41.4,41.9,285186648.28473675,12301764347.603579
2022-10-21 09:00:00,41.8,41.9,39.3,40.9,116443281.98573527,4725193506.951778
2022-10-22 09:00:00,40.9,42.3,40.2,41.3,180019931.65480778,7430539155.389139
2022-10-23 09:00:00,41.3,41.5,40.0,41.2,91831445.6289754,3729861857.9547095
2022-10-24 09:00:00,41.1,41.2,40.0,40.3,76448961.98052447,3106076495.0623817
2022-10-25 09:00:00,40.3,41.2,39.8,40.5,103968006.9692478,4191872071.9556727
2022-10-26 09:00:00,40.4,41.6,40.3,41.0,98457385.31577529,4028058570.170397
2022-10-27 09:00:00,41.0,42.0,40.3,40.6,102708466.5360845,4230833206.7126794
2022-10-28 09:00:00,40.4,41.2,39.8,41.0,79266433.7529942,3190845448.878786
2022-10-29 09:00:00,41.0,42.5,41.0,41.6,193588884.7374086,8079957149.144306
2022-10-30 09:00:00,41.6,42.6,40.9,41.3,107245641.69450092,4475906480.190516
2022-10-31 09:00:00,41.3,42.2,39.9,41.3,178603801.21334207,7331119844.62122
2022-11-01 09:00:00,41.2,44.9,41.1,41.7,582755796.8568599,24902335492.105476
2022-11-02 09:00:00,41.7,42.6,39.9,40.5,315424476.1508163,12928623742.292444
2022-11-03 09:00:00,40.5,44.8,40.4,42.1,610334033.8423516,26070453523.654697
2022-11-04 09:00:00,42.2,44.5,42.0,44.5,281147692.68831336,12146486799.891817
2022-11-05 09:00:00,44.5,45.0,43.2,43.7,121610446.84689051,5361015722.861548
2022-11-06 09:00:00,43.7,44.0,41.3,41.5,84382944.60361914,3622060154.460855
2022-11-07 09:00:00,41.5,42.5,40.4,41.1,114213687.6011435,4738111954.511281
2022-11-08 09:00:00,41.0,41.3,33.0,35.3,245678695.9737229,9399234444.831112
2022-11-09 09:00:00,35.4,36.0,27.1,28.2,143543132.54820487,4529962155.776516
2022-11-10 09:00:00,28.1,32.7,27.8,32.5,151504205.27144656,4598993708.907619
2022-11-11 09:00:00,32.5,33.2,29.0,30.3,134224845.20982403,4156324194.65666
2022-11-12 09:00:00,30.3,30.3,28.2,28.8,69541851.29277588,2031243823.7671971
2022-11-13 09:00:00,28.7,36.9,27.0,28.0,925724479.4315985,30018497649.34386
2022-11-14 09:00:00,28.0,32.2,26.1,29.1,1075489858.833955,32186928906.621765
2022-11-15 09:00:00,29.1,30.2,28.2,29.6,206469771.55894804,6053057896.42866
2022-11-16 09:00:00,29.6,30.0,28.5,29.3,114131718.09336124,3349695801.7102857
2022-11-17 09:00:00,29.3,29.4,28.2,28.9,43879161.20974067,1265789916.6205215
2022-11-18 09:00:00,28.9,29.6,28.6,29.5,94675988.07318635,2754628345.1841636
2022-11-19 09:00:00,29.4,31.6,29.2,30.6,341884380.15478534,10327127622.482738
2022-11-20 09:00:00,30.6,32.4,28.3,28.8,365880049.09880835,11252910515.039707
2022-11-21 09:00:00,28.8,31.0,27.5,29.3,423315941.6008472,12426481702.505417
2022-11-22 09:00:00,29.5,30.8,28.4,30.4,230641851.90962023,6820901379.260798
2022-11-23 09:00:00,30.3,31.7,29.7,31.6,217806189.85517064,6710875218.432256
2022-11-24 09:00:00,31.6,36.7,30.6,32.3,1646629721.270435,55119883886.146385
2022-11-25 09:00:00,32.1,32.3,30.4,31.2,142818552.43919528,4437275506.549175
2022-11-26 09:00:00,31.2,31.7,30.7,31.3,96046100.20528162,3002291817.822156
2022-11-27 09:00:00,31.3,31.3,30.4,30.7,108424084.57873742,3355944531.091242
2022-11-28 09:00:00,30.6,30.8,29.2,29.7,89357920.16275465,2668519972.292009
2022-11-29 09:00:00,29.7,30.3,29.4,29.9,53014363.33678238,1588619532.2394156
2022-11-30 09:00:00,29.9,31.1,29.8,31.0,104962577.56216457,3190398283.2416415
2022-12-01 09:00:00,30.9,31.0,29.9,30.2,82030132.72540487,2499486456.549248
2022-12-02 09:00:00,30.3,30.4,28.1,29.5,306900574.4473081,8904973351.293955
2022-12-03 09:00:00,29.5,29.7,28.9,29.1,39932417.36489804,1168260711.2005317
2022-12-04 09:00:00,29.1,29.4,28.6,29.0,48216065.51622242,1397463346.1323545
2022-12-05 09:00:00,29.0,29.2,28.5,28.8,50899688.66051463,1472202780.0005355
2022-12-06 09:00:00,28.8,29.2,28.6,28.9,51642606.700513,1490106932.4618719
2022-12-07 09:00:00,28.9,29.1,27.4,27.7,93941102.84830064,2640283081.1087914
2022-12-08 09:00:00,27.8,28.2,27.6,28.2,49211379.06381394,1371379755.4352655
2022-12-09 09:00:00,28.0,28.3,27.8,28.1,59035535.07255235,1656515199.9406424
2022-12-10 09:00:00,28.0,29.1,27.9,28.7,129244710.62333137,3679048309.761367
2022-12-11 09:00:00,28.7,29.0,27.9,28.1,102306418.27081087,2917809577.3171887
2022-12-12 09:00:00,28.1,28.2,26.9,27.4,98118177.21806888,2681372314.0017834
2022-12-13 09:00:00,27.4,28.0,26.0,27.6,148052563.41949004,4012531096.62092
2022-12-14 09:00:00,27.5,28.1,27.0,27.3,103402758.63774765,2857623292.479357
2022-12-15 09:00:00,27.4,27.5,26.6,26.9,42215493.82615027,1140316925.727236
2022-12-16 09:00:00,26.9,27.0,24.1,24.6,72124060.79352441,1857649733.1273568
2022-12-17 09:00:00,24.6,24.7,23.0,24.4,60697620.80715252,1449015205.8588538
2022-12-18 09:00:00,24.4,24.4,23.9,24.1,29980046.01107195,723011316.4159205
2022-12-19 09:00:00,24.2,24.4,21.8,22.3,63408704.90532165,1470586989.6012933
2022-12-20 09:00:00,22.2,23.5,22.1,23.4,65121704.96668054,1485945414.0872142
2022-12-21 09:00:00,23.4,23.4,22.5,22.9,95466284.04723288,2186690271.0892444
2022-12-22 09:00:00,22.9,23.0,22.2,22.8,56390557.65752159,1277413195.0200086
2022-12-23 09:00:00,22.8,23.3,22.6,23.1,47857678.23792942,1095043343.7689412
2022-12-24 09:00:00,23.1,23.1,22.7,22.9,34759928.10480769,794512004.0853597
2022-12-25 09:00:00,22.9,23.6,22.1,22.4,78355756.83591367,1788952125.9437275
2022-12-26 09:00:00,22.3,22.4,21.4,21.7,47044981.40658976,1026506438.7640475
2022-12-27 09:00:00,21.7,22.5,20.7,21.1,108010436.17506224,2328684033.4591966
2022-12-28 09:00:00,21.1,21.2,19.3,19.5,89898030.34730265,1792448116.3266141
2022-12-29 09:00:00,19.4,19.6,18.7,19.1,89807350.57765041,1715636524.9314053
2022-12-30 09:00:00,19.1,19.9,18.5,19.5,132865993.11716308,2556455777.949572
2022-12-31 09:00:00,19.4,19.7,19.2,19.6,43448204.61798718,845102394.8213618
2023-01-01 09:00:00,19.6,20.1,19.4,19.8,31785935.09658183,626561581.9492053
2023-01-02 09:00:00,19.9,20.6,19.5,20.2,72085357.70382234,1447416306.0736613
2023-01-03 09:00:00,20.2,20.5,20.1,20.2,27124728.42334318,550079338.9673862
2023-01-04 09:00:00,20.2,21.3,20.2,20.9,80862239.56005217,1692036078.053911
2023-01-05 09:00:00,20.9,21.3,20.5,20.7,63826443.80861638,1334816741.7923322
2023-01-06 09:00:00,20.7,21.5,19.9,21.0,71757393.89553224,1479581606.609176
2023-01-07 09:00:00,21.1,21.3,20.8,20.9,28135398.02141525,592591949.4749845
2023-01-08 09:00:00,20.9,25.7,20.5,24.0,638877555.3774855,15172230877.832132
2023-01-09 09:00:00,24.0,28.3,23.3,25.0,1604899065.0573692,41614657826.24026
2023-01-10 09:00:00,25.0,27.0,24.7,25.4,545438149.7120315,14039587510.764318
2023-01-11 09:00:00,25.4,25.5,23.9,24.5,154892669.01723596,3794769314.5457497
2023-01-12 09:00:00,24.5,26.1,23.6,25.3,230239277.66361064,5693728809.3393135
2023-01-13 09:00:00,25.3,29.2,25.3,27.1,1275897949.2851865,34912521492.798515
2023-01-14 09:00:00,27.1,31.0,26.0,28.5,786053462.1155235,22550027715.70028
2023-01-15 09:00:00,28.6,29.1,26.9,28.6,210449665.95482886,5908821837.82281
2023-01-16 09:00:00,28.6,31.3,27.4,28.3,597091033.8853188,17661146837.311714
2023-01-17 09:00:00,28.3,30.9,28.1,28.7,671946940.5214498,19732818903.190617
2023-01-18 09:00:00,28.8,32.3,26.2,26.8,1034470575.7865912,30907149140.7892
2023-01-19 09:00:00,26.8,28.5,26.7,28.2,242236671.45035982,6743999808.280354
2023-01-20 09:00:00,28.2,30.3,27.9,29.9,463607324.686773,13552317987.426874
2023-01-21 09:00:00,30.0,32.1,29.6,30.0,601334571.0899171,18531787263.297787
2023-01-22 09:00:00,30.0,31.6,29.6,30.5,234070907.9258549,7187456535.220024
2023-01-23 09:00:00,30.5,34.0,30.4,33.3,529106271.413117,17083561003.11585
2023-01-24 09:00:00,33.3,39.6,32.0,33.8,1466745808.089831,52573384431.617775
2023-01-25 09:00:00,33.8,39.0,32.2,34.6,1164114448.9456968,40984516473.10777
2023-01-26 09:00:00,34.6,36.1,34.1,35.0,461177020.14317393,16177839939.218445
2023-01-27 09:00:00,35.0,36.2,33.4,35.2,415460066.1457634,14344426579.429396
2023-01-28 09:00:00,35.2,36.5,33.7,34.5,272395549.4506162,9621584938.62101
2023-01-29 09:00:00,34.4,34.7,33.8,34.5,109946639.05953914,3771166165.847682
2023-01-30 09:00:00,34.6,34.9,30.6,31.5,157485931.53408945,5168243375.68104
2023-01-31 09:00:00,31.6,32.5,30.9,32.4,109274533.08158179,3472712457.6957626
2023-02-01 09:00:00,32.4,37.0,32.1,35.1,1447651734.9864497,49967341232.62525
2023-02-02 09:00:00,35.1,36.2,34.0,34.5,406026379.36553234,14328245049.350971
2023-02-03 09:00:00,34.5,36.2,34.2,36.2,320305898.31458205,11220484435.173918
2023-02-04 09:00:00,36.2,37.6,35.3,36.7,306510128.9243398,11069018831.338358
2023-02-05 09:00:00,36.7,37.5,33.9,35.5,465804478.6009887,16682981701.076464
2023-02-06 09:00:00,35.4,39.8,34.7,37.0,638456955.7180401,23629594450.826298
2023-02-07 09:00:00,36.8,41.8,36.2,39.4,1640212742.2420397,64396359090.68341
2023-02-08 09:00:00,39.4,43.1,37.1,39.0,960771432.142998,39120800571.53186
2023-02-09 09:00:00,39.0,45.2,36.6,39.9,2324021210.636716,96196598658.11232
2023-02-10 09:00:00,39.9,44.8,37.7,39.1,1301589685.4145753,53906156826.464005
2023-02-11 09:00:00,39.0,39.3,37.9,39.0,188176347.60157436,7242259704.522249
2023-02-12 09:00:00,39.0,39.6,37.1,37.8,198193152.98188204,7686831106.137991
2023-02-13 09:00:00,37.8,38.8,34.2,36.3,341007806.0030102,12304890802.259453
2023-02-14 09:00:00,36.3,37.4,34.6,37.4,181934355.66615748,6530681061.046607
2023-02-15 09:00:00,37.4,42.8,36.7,41.7,534703091.42577666,21381597452.799816
2023-02-16 09:00:00,41.7,42.3,38.6,39.0,473686181.5226606,19358353097.806847
2023-02-17 09:00:00,39.1,42.3,38.5,41.8,437405494.6118601,17889978808.316887
2023-02-18 09:00:00,41.8,43.5,41.2,42.5,370707037.3659466,15780951796.631948
2023-02-19 09:00:00,42.5,42.8,41.0,41.9,181682694.39859277,7633642619.425264
2023-02-20 09:00:00,42.0,46.1,41.2,44.6,542042798.175204,23621608020.99622
2023-02-21 09:00:00,44.7,71.0,42.3,60.5,7295087214.427836,465542795614.1757
2023-02-22 09:00:00,60.5,69.6,57.7,64.4,7254316232.283199,460793422463.503
2023-02-23 09:00:00,64.3,72.0,62.0,62.4,3237778569.0752363,217445533622.00992
2023-02-24 09:00:00,62.5,63.2,56.0,57.5,1326358751.800225,80265631307.80782
2023-02-25 09:00:00,57.5,57.5,51.8,54.6,470265245.51106113,25322366647.914257
2023-02-26 09:00:00,54.6,59.8,53.7,57.1,1154454461.0867286,66130481660.67834
2023-02-27 09:00:00,57.1,61.1,55.4,56.3,1594415630.4533255,92631641776.67564
2023-02-28 09:00:00,56.4,58.8,55.6,56.1,483218414.876735,27569595834.331753
